merchant_id,cutoff_date,forward_churn_probability,forward_churn_prediction,forward_risk_level,operational_threshold,model_version
MRC000001,2026-08-31,0.946,1,CRITICAL,0.35,2.0-forward-looking
MRC000002,2026-08-31,0.0012,0,LOW,0.35,2.0-forward-looking
MRC000003,2026-08-31,0.1704,0,LOW,0.35,2.0-forward-looking
MRC000004,2026-08-31,0.0036,0,LOW,0.35,2.0-forward-looking
MRC000005,2026-08-31,0.3561,1,HIGH,0.35,2.0-forward-looking
MRC000006,2026-08-31,0.0026,0,LOW,0.35,2.0-forward-looking
MRC000007,2026-08-31,0.0944,0,LOW,0.35,2.0-forward-looking
MRC000008,2026-08-31,0.0434,0,LOW,0.35,2.0-forward-looking
MRC000009,2026-08-31,0.1363,0,LOW,0.35,2.0-forward-looking
MRC000010,2026-08-31,0.0026,0,LOW,0.35,2.0-forward-looking
MRC000011,2026-08-31,0.2224,0,MEDIUM,0.35,2.0-forward-looking
MRC000012,2026-08-31,0.7328,1,CRITICAL,0.35,2.0-forward-looking
MRC000013,2026-08-31,0.8154,1,CRITICAL,0.35,2.0-forward-looking
MRC000014,2026-08-31,0.0144,0,LOW,0.35,2.0-forward-looking
MRC000015,2026-08-31,0.0012,0,LOW,0.35,2.0-forward-looking
MRC000016,2026-08-31,0.2262,0,MEDIUM,0.35,2.0-forward-looking
MRC000017,2026-08-31,0.0012,0,LOW,0.35,2.0-forward-looking
MRC000018,2026-08-31,0.5991,1,HIGH,0.35,2.0-forward-looking
MRC000019,2026-08-31,0.2825,0,MEDIUM,0.35,2.0-forward-looking
MRC000020,2026-08-31,0.593,1,HIGH,0.35,2.0-forward-looking
MRC000021,2026-08-31,0.0012,0,LOW,0.35,2.0-forward-looking
MRC000022,2026-08-31,0.5903,1,HIGH,0.35,2.0-forward-looking
MRC000023,2026-08-31,0.6381,1,HIGH,0.35,2.0-forward-looking
MRC000024,2026-08-31,0.2977,0,MEDIUM,0.35,2.0-forward-looking
MRC000025,2026-08-31,0.0017,0,LOW,0.35,2.0-forward-looking
MRC000026,2026-08-31,0.0058,0,LOW,0.35,2.0-forward-looking
MRC000027,2026-08-31,0.6473,1,HIGH,0.35,2.0-forward-looking
MRC000028,2026-08-31,0.7712,1,CRITICAL,0.35,2.0-forward-looking
MRC000029,2026-08-31,0.0012,0,LOW,0.35,2.0-forward-looking
MRC000030,2026-08-31,0.594,1,HIGH,0.35,2.0-forward-looking
MRC000031,2026-08-31,0.0042,0,LOW,0.35,2.0-forward-looking
MRC000032,2026-08-31,0.0012,0,LOW,0.35,2.0-forward-looking
MRC000033,2026-08-31,0.9455,1,CRITICAL,0.35,2.0-forward-looking
MRC000034,2026-08-31,0.0012,0,LOW,0.35,2.0-forward-looking
MRC000035,2026-08-31,0.3267,0,MEDIUM,0.35,2.0-forward-looking
MRC000036,2026-08-31,0.641,1,HIGH,0.35,2.0-forward-looking
MRC000037,2026-08-31,0.0012,0,LOW,0.35,2.0-forward-looking
MRC000038,2026-08-31,0.0012,0,LOW,0.35,2.0-forward-looking
MRC000039,2026-08-31,0.5658,1,HIGH,0.35,2.0-forward-looking
MRC000040,2026-08-31,0.0012,0,LOW,0.35,2.0-forward-looking
MRC000041,2026-08-31,0.003,0,LOW,0.35,2.0-forward-looking
MRC000042,2026-08-31,0.0012,0,LOW,0.35,2.0-forward-looking
MRC000043,2026-08-31,0.0013,0,LOW,0.35,2.0-forward-looking
MRC000044,2026-08-31,0.3479,0,MEDIUM,0.35,2.0-forward-looking
MRC000045,2026-08-31,0.3926,1,HIGH,0.35,2.0-forward-looking
MRC000046,2026-08-31,0.675,1,CRITICAL,0.35,2.0-forward-looking
MRC000047,2026-08-31,0.1416,0,LOW,0.35,2.0-forward-looking
MRC000048,2026-08-31,0.5179,1,HIGH,0.35,2.0-forward-looking
MRC000049,2026-08-31,0.8267,1,CRITICAL,0.35,2.0-forward-looking
MRC000050,2026-08-31,0.1286,0,LOW,0.35,2.0-forward-looking
MRC000051,2026-08-31,0.7584,1,CRITICAL,0.35,2.0-forward-looking
MRC000052,2026-08-31,0.3502,1,HIGH,0.35,2.0-forward-looking
MRC000053,2026-08-31,0.1734,0,LOW,0.35,2.0-forward-looking
MRC000054,2026-08-31,0.113,0,LOW,0.35,2.0-forward-looking
MRC000055,2026-08-31,0.004,0,LOW,0.35,2.0-forward-looking
MRC000056,2026-08-31,0.0017,0,LOW,0.35,2.0-forward-looking
MRC000057,2026-08-31,0.0012,0,LOW,0.35,2.0-forward-looking
MRC000058,2026-08-31,0.5932,1,HIGH,0.35,2.0-forward-looking
MRC000059,2026-08-31,0.0027,0,LOW,0.35,2.0-forward-looking
MRC000060,2026-08-31,0.3003,0,MEDIUM,0.35,2.0-forward-looking
MRC000061,2026-08-31,0.1422,0,LOW,0.35,2.0-forward-looking
MRC000062,2026-08-31,0.6011,1,HIGH,0.35,2.0-forward-looking
MRC000063,2026-08-31,0.8553,1,CRITICAL,0.35,2.0-forward-looking
MRC000064,2026-08-31,0.4251,1,HIGH,0.35,2.0-forward-looking
MRC000065,2026-08-31,0.6555,1,CRITICAL,0.35,2.0-forward-looking
MRC000066,2026-08-31,0.2823,0,MEDIUM,0.35,2.0-forward-looking
MRC000067,2026-08-31,0.7782,1,CRITICAL,0.35,2.0-forward-looking
MRC000068,2026-08-31,0.6417,1,HIGH,0.35,2.0-forward-looking
MRC000069,2026-08-31,0.0012,0,LOW,0.35,2.0-forward-looking
MRC000070,2026-08-31,0.7095,1,CRITICAL,0.35,2.0-forward-looking
MRC000071,2026-08-31,0.0012,0,LOW,0.35,2.0-forward-looking
MRC000072,2026-08-31,0.3813,1,HIGH,0.35,2.0-forward-looking
MRC000073,2026-08-31,0.1597,0,LOW,0.35,2.0-forward-looking
MRC000074,2026-08-31,0.5024,1,HIGH,0.35,2.0-forward-looking
MRC000075,2026-08-31,0.8267,1,CRITICAL,0.35,2.0-forward-looking
MRC000076,2026-08-31,0.7413,1,CRITICAL,0.35,2.0-forward-looking
MRC000077,2026-08-31,0.531,1,HIGH,0.35,2.0-forward-looking
MRC000078,2026-08-31,0.7717,1,CRITICAL,0.35,2.0-forward-looking
MRC000079,2026-08-31,0.0046,0,LOW,0.35,2.0-forward-looking
MRC000080,2026-08-31,0.9343,1,CRITICAL,0.35,2.0-forward-looking
MRC000081,2026-08-31,0.0013,0,LOW,0.35,2.0-forward-looking
MRC000082,2026-08-31,0.0888,0,LOW,0.35,2.0-forward-looking
MRC000083,2026-08-31,0.0012,0,LOW,0.35,2.0-forward-looking
MRC000084,2026-08-31,0.0012,0,LOW,0.35,2.0-forward-looking
MRC000085,2026-08-31,0.0012,0,LOW,0.35,2.0-forward-looking
MRC000086,2026-08-31,0.1018,0,LOW,0.35,2.0-forward-looking
MRC000087,2026-08-31,0.0012,0,LOW,0.35,2.0-forward-looking
MRC000088,2026-08-31,0.6437,1,HIGH,0.35,2.0-forward-looking
MRC000089,2026-08-31,0.7924,1,CRITICAL,0.35,2.0-forward-looking
MRC000090,2026-08-31,0.0012,0,LOW,0.35,2.0-forward-looking
MRC000091,2026-08-31,0.0413,0,LOW,0.35,2.0-forward-looking
MRC000092,2026-08-31,0.941,1,CRITICAL,0.35,2.0-forward-looking
MRC000093,2026-08-31,0.8003,1,CRITICAL,0.35,2.0-forward-looking
MRC000094,2026-08-31,0.2693,0,MEDIUM,0.35,2.0-forward-looking
MRC000095,2026-08-31,0.4872,1,HIGH,0.35,2.0-forward-looking
MRC000096,2026-08-31,0.5736,1,HIGH,0.35,2.0-forward-looking
MRC000097,2026-08-31,0.0012,0,LOW,0.35,2.0-forward-looking
MRC000098,2026-08-31,0.0012,0,LOW,0.35,2.0-forward-looking
MRC000099,2026-08-31,0.2998,0,MEDIUM,0.35,2.0-forward-looking
MRC000100,2026-08-31,0.6624,1,CRITICAL,0.35,2.0-forward-looking
MRC000101,2026-08-31,0.1079,0,LOW,0.35,2.0-forward-looking
MRC000102,2026-08-31,0.6681,1,CRITICAL,0.35,2.0-forward-looking
MRC000103,2026-08-31,0.9398,1,CRITICAL,0.35,2.0-forward-looking
MRC000104,2026-08-31,0.7198,1,CRITICAL,0.35,2.0-forward-looking
MRC000105,2026-08-31,0.652,1,CRITICAL,0.35,2.0-forward-looking
MRC000106,2026-08-31,0.0033,0,LOW,0.35,2.0-forward-looking
MRC000107,2026-08-31,0.4457,1,HIGH,0.35,2.0-forward-looking
MRC000108,2026-08-31,0.0012,0,LOW,0.35,2.0-forward-looking
MRC000109,2026-08-31,0.0012,0,LOW,0.35,2.0-forward-looking
MRC000110,2026-08-31,0.0012,0,LOW,0.35,2.0-forward-looking
MRC000111,2026-08-31,0.066,0,LOW,0.35,2.0-forward-looking
MRC000112,2026-08-31,0.1363,0,LOW,0.35,2.0-forward-looking
MRC000113,2026-08-31,0.6643,1,CRITICAL,0.35,2.0-forward-looking
MRC000114,2026-08-31,0.7529,1,CRITICAL,0.35,2.0-forward-looking
MRC000115,2026-08-31,0.5191,1,HIGH,0.35,2.0-forward-looking
MRC000116,2026-08-31,0.0012,0,LOW,0.35,2.0-forward-looking
MRC000117,2026-08-31,0.6558,1,CRITICAL,0.35,2.0-forward-looking
MRC000118,2026-08-31,0.1638,0,LOW,0.35,2.0-forward-looking
MRC000119,2026-08-31,0.5742,1,HIGH,0.35,2.0-forward-looking
MRC000120,2026-08-31,0.8989,1,CRITICAL,0.35,2.0-forward-looking
MRC000121,2026-08-31,0.5234,1,HIGH,0.35,2.0-forward-looking
MRC000122,2026-08-31,0.0071,0,LOW,0.35,2.0-forward-looking
MRC000123,2026-08-31,0.5457,1,HIGH,0.35,2.0-forward-looking
MRC000124,2026-08-31,0.0012,0,LOW,0.35,2.0-forward-looking
MRC000125,2026-08-31,0.2995,0,MEDIUM,0.35,2.0-forward-looking
MRC000126,2026-08-31,0.8926,1,CRITICAL,0.35,2.0-forward-looking
MRC000127,2026-08-31,0.0012,0,LOW,0.35,2.0-forward-looking
MRC000128,2026-08-31,0.2405,0,MEDIUM,0.35,2.0-forward-looking
MRC000129,2026-08-31,0.0728,0,LOW,0.35,2.0-forward-looking
MRC000130,2026-08-31,0.0272,0,LOW,0.35,2.0-forward-looking
MRC000131,2026-08-31,0.6608,1,CRITICAL,0.35,2.0-forward-looking
MRC000132,2026-08-31,0.5633,1,HIGH,0.35,2.0-forward-looking
MRC000133,2026-08-31,0.0012,0,LOW,0.35,2.0-forward-looking
MRC000134,2026-08-31,0.0012,0,LOW,0.35,2.0-forward-looking
MRC000135,2026-08-31,0.1153,0,LOW,0.35,2.0-forward-looking
MRC000136,2026-08-31,0.8339,1,CRITICAL,0.35,2.0-forward-looking
MRC000137,2026-08-31,0.0012,0,LOW,0.35,2.0-forward-looking
MRC000138,2026-08-31,0.1672,0,LOW,0.35,2.0-forward-looking
MRC000139,2026-08-31,0.0747,0,LOW,0.35,2.0-forward-looking
MRC000140,2026-08-31,0.6745,1,CRITICAL,0.35,2.0-forward-looking
MRC000141,2026-08-31,0.0673,0,LOW,0.35,2.0-forward-looking
MRC000142,2026-08-31,0.7178,1,CRITICAL,0.35,2.0-forward-looking
MRC000143,2026-08-31,0.7808,1,CRITICAL,0.35,2.0-forward-looking
MRC000144,2026-08-31,0.4468,1,HIGH,0.35,2.0-forward-looking
MRC000145,2026-08-31,0.0012,0,LOW,0.35,2.0-forward-looking
MRC000146,2026-08-31,0.0788,0,LOW,0.35,2.0-forward-looking
MRC000147,2026-08-31,0.0037,0,LOW,0.35,2.0-forward-looking
MRC000148,2026-08-31,0.643,1,HIGH,0.35,2.0-forward-looking
MRC000149,2026-08-31,0.3555,1,HIGH,0.35,2.0-forward-looking
MRC000150,2026-08-31,0.0049,0,LOW,0.35,2.0-forward-looking
MRC000151,2026-08-31,0.0012,0,LOW,0.35,2.0-forward-looking
MRC000152,2026-08-31,0.7397,1,CRITICAL,0.35,2.0-forward-looking
MRC000153,2026-08-31,0.072,0,LOW,0.35,2.0-forward-looking
MRC000154,2026-08-31,0.6285,1,HIGH,0.35,2.0-forward-looking
MRC000155,2026-08-31,0.0012,0,LOW,0.35,2.0-forward-looking
MRC000156,2026-08-31,0.0012,0,LOW,0.35,2.0-forward-looking
MRC000157,2026-08-31,0.8781,1,CRITICAL,0.35,2.0-forward-looking
MRC000158,2026-08-31,0.714,1,CRITICAL,0.35,2.0-forward-looking
MRC000159,2026-08-31,0.1545,0,LOW,0.35,2.0-forward-looking
MRC000160,2026-08-31,0.1756,0,LOW,0.35,2.0-forward-looking
MRC000161,2026-08-31,0.0042,0,LOW,0.35,2.0-forward-looking
MRC000162,2026-08-31,0.059,0,LOW,0.35,2.0-forward-looking
MRC000163,2026-08-31,0.362,1,HIGH,0.35,2.0-forward-looking
MRC000164,2026-08-31,0.4429,1,HIGH,0.35,2.0-forward-looking
MRC000165,2026-08-31,0.7904,1,CRITICAL,0.35,2.0-forward-looking
MRC000166,2026-08-31,0.5569,1,HIGH,0.35,2.0-forward-looking
MRC000167,2026-08-31,0.576,1,HIGH,0.35,2.0-forward-looking
MRC000168,2026-08-31,0.072,0,LOW,0.35,2.0-forward-looking
MRC000169,2026-08-31,0.5033,1,HIGH,0.35,2.0-forward-looking
MRC000170,2026-08-31,0.663,1,CRITICAL,0.35,2.0-forward-looking
MRC000171,2026-08-31,0.8392,1,CRITICAL,0.35,2.0-forward-looking
MRC000172,2026-08-31,0.6604,1,CRITICAL,0.35,2.0-forward-looking
MRC000173,2026-08-31,0.1932,0,LOW,0.35,2.0-forward-looking
MRC000174,2026-08-31,0.6199,1,HIGH,0.35,2.0-forward-looking
MRC000175,2026-08-31,0.0012,0,LOW,0.35,2.0-forward-looking
MRC000176,2026-08-31,0.0015,0,LOW,0.35,2.0-forward-looking
MRC000177,2026-08-31,0.7971,1,CRITICAL,0.35,2.0-forward-looking
MRC000178,2026-08-31,0.0028,0,LOW,0.35,2.0-forward-looking
MRC000179,2026-08-31,0.0027,0,LOW,0.35,2.0-forward-looking
MRC000180,2026-08-31,0.0553,0,LOW,0.35,2.0-forward-looking
MRC000181,2026-08-31,0.0012,0,LOW,0.35,2.0-forward-looking
MRC000182,2026-08-31,0.3221,0,MEDIUM,0.35,2.0-forward-looking
MRC000183,2026-08-31,0.0318,0,LOW,0.35,2.0-forward-looking
MRC000184,2026-08-31,0.0705,0,LOW,0.35,2.0-forward-looking
MRC000185,2026-08-31,0.2579,0,MEDIUM,0.35,2.0-forward-looking
MRC000186,2026-08-31,0.2478,0,MEDIUM,0.35,2.0-forward-looking
MRC000187,2026-08-31,0.5815,1,HIGH,0.35,2.0-forward-looking
MRC000188,2026-08-31,0.1755,0,LOW,0.35,2.0-forward-looking
MRC000189,2026-08-31,0.317,0,MEDIUM,0.35,2.0-forward-looking
MRC000190,2026-08-31,0.7576,1,CRITICAL,0.35,2.0-forward-looking
MRC000191,2026-08-31,0.4923,1,HIGH,0.35,2.0-forward-looking
MRC000192,2026-08-31,0.2846,0,MEDIUM,0.35,2.0-forward-looking
MRC000193,2026-08-31,0.0012,0,LOW,0.35,2.0-forward-looking
MRC000194,2026-08-31,0.4705,1,HIGH,0.35,2.0-forward-looking
MRC000195,2026-08-31,0.0012,0,LOW,0.35,2.0-forward-looking
MRC000196,2026-08-31,0.1194,0,LOW,0.35,2.0-forward-looking
MRC000197,2026-08-31,0.1503,0,LOW,0.35,2.0-forward-looking
MRC000198,2026-08-31,0.0012,0,LOW,0.35,2.0-forward-looking
MRC000199,2026-08-31,0.0012,0,LOW,0.35,2.0-forward-looking
MRC000200,2026-08-31,0.0012,0,LOW,0.35,2.0-forward-looking
MRC000201,2026-08-31,0.352,1,HIGH,0.35,2.0-forward-looking
MRC000202,2026-08-31,0.023,0,LOW,0.35,2.0-forward-looking
MRC000203,2026-08-31,0.7745,1,CRITICAL,0.35,2.0-forward-looking
MRC000204,2026-08-31,0.0591,0,LOW,0.35,2.0-forward-looking
MRC000205,2026-08-31,0.0858,0,LOW,0.35,2.0-forward-looking
MRC000206,2026-08-31,0.79,1,CRITICAL,0.35,2.0-forward-looking
MRC000207,2026-08-31,0.8135,1,CRITICAL,0.35,2.0-forward-looking
MRC000208,2026-08-31,0.3471,0,MEDIUM,0.35,2.0-forward-looking
MRC000209,2026-08-31,0.0012,0,LOW,0.35,2.0-forward-looking
MRC000210,2026-08-31,0.0037,0,LOW,0.35,2.0-forward-looking
MRC000211,2026-08-31,0.0012,0,LOW,0.35,2.0-forward-looking
MRC000212,2026-08-31,0.8246,1,CRITICAL,0.35,2.0-forward-looking
MRC000213,2026-08-31,0.1192,0,LOW,0.35,2.0-forward-looking
MRC000214,2026-08-31,0.6659,1,CRITICAL,0.35,2.0-forward-looking
MRC000215,2026-08-31,0.2837,0,MEDIUM,0.35,2.0-forward-looking
MRC000216,2026-08-31,0.4245,1,HIGH,0.35,2.0-forward-looking
MRC000217,2026-08-31,0.6668,1,CRITICAL,0.35,2.0-forward-looking
MRC000218,2026-08-31,0.0012,0,LOW,0.35,2.0-forward-looking
MRC000219,2026-08-31,0.0426,0,LOW,0.35,2.0-forward-looking
MRC000220,2026-08-31,0.6827,1,CRITICAL,0.35,2.0-forward-looking
MRC000221,2026-08-31,0.665,1,CRITICAL,0.35,2.0-forward-looking
MRC000222,2026-08-31,0.6287,1,HIGH,0.35,2.0-forward-looking
MRC000223,2026-08-31,0.5899,1,HIGH,0.35,2.0-forward-looking
MRC000224,2026-08-31,0.2861,0,MEDIUM,0.35,2.0-forward-looking
MRC000225,2026-08-31,0.0044,0,LOW,0.35,2.0-forward-looking
MRC000226,2026-08-31,0.4907,1,HIGH,0.35,2.0-forward-looking
MRC000227,2026-08-31,0.0012,0,LOW,0.35,2.0-forward-looking
MRC000228,2026-08-31,0.0033,0,LOW,0.35,2.0-forward-looking
MRC000229,2026-08-31,0.0348,0,LOW,0.35,2.0-forward-looking
MRC000230,2026-08-31,0.6455,1,HIGH,0.35,2.0-forward-looking
MRC000231,2026-08-31,0.3635,1,HIGH,0.35,2.0-forward-looking
MRC000232,2026-08-31,0.0468,0,LOW,0.35,2.0-forward-looking
MRC000233,2026-08-31,0.4514,1,HIGH,0.35,2.0-forward-looking
MRC000234,2026-08-31,0.1024,0,LOW,0.35,2.0-forward-looking
MRC000235,2026-08-31,0.2795,0,MEDIUM,0.35,2.0-forward-looking
MRC000236,2026-08-31,0.2199,0,MEDIUM,0.35,2.0-forward-looking
MRC000237,2026-08-31,0.136,0,LOW,0.35,2.0-forward-looking
MRC000238,2026-08-31,0.5407,1,HIGH,0.35,2.0-forward-looking
MRC000239,2026-08-31,0.1328,0,LOW,0.35,2.0-forward-looking
MRC000240,2026-08-31,0.6365,1,HIGH,0.35,2.0-forward-looking
MRC000241,2026-08-31,0.7292,1,CRITICAL,0.35,2.0-forward-looking
MRC000242,2026-08-31,0.715,1,CRITICAL,0.35,2.0-forward-looking
MRC000243,2026-08-31,0.75,1,CRITICAL,0.35,2.0-forward-looking
MRC000244,2026-08-31,0.7378,1,CRITICAL,0.35,2.0-forward-looking
MRC000245,2026-08-31,0.0012,0,LOW,0.35,2.0-forward-looking
MRC000246,2026-08-31,0.7506,1,CRITICAL,0.35,2.0-forward-looking
MRC000247,2026-08-31,0.0012,0,LOW,0.35,2.0-forward-looking
MRC000248,2026-08-31,0.0012,0,LOW,0.35,2.0-forward-looking
MRC000249,2026-08-31,0.7531,1,CRITICAL,0.35,2.0-forward-looking
MRC000250,2026-08-31,0.0012,0,LOW,0.35,2.0-forward-looking
MRC000251,2026-08-31,0.7278,1,CRITICAL,0.35,2.0-forward-looking
MRC000252,2026-08-31,0.0015,0,LOW,0.35,2.0-forward-looking
MRC000253,2026-08-31,0.003,0,LOW,0.35,2.0-forward-looking
MRC000254,2026-08-31,0.0012,0,LOW,0.35,2.0-forward-looking
MRC000255,2026-08-31,0.6796,1,CRITICAL,0.35,2.0-forward-looking
MRC000256,2026-08-31,0.1302,0,LOW,0.35,2.0-forward-looking
MRC000257,2026-08-31,0.5002,1,HIGH,0.35,2.0-forward-looking
MRC000258,2026-08-31,0.3247,0,MEDIUM,0.35,2.0-forward-looking
MRC000259,2026-08-31,0.0012,0,LOW,0.35,2.0-forward-looking
MRC000260,2026-08-31,0.0012,0,LOW,0.35,2.0-forward-looking
MRC000261,2026-08-31,0.8897,1,CRITICAL,0.35,2.0-forward-looking
MRC000262,2026-08-31,0.0012,0,LOW,0.35,2.0-forward-looking
MRC000263,2026-08-31,0.0024,0,LOW,0.35,2.0-forward-looking
MRC000264,2026-08-31,0.6985,1,CRITICAL,0.35,2.0-forward-looking
MRC000265,2026-08-31,0.68,1,CRITICAL,0.35,2.0-forward-looking
MRC000266,2026-08-31,0.0012,0,LOW,0.35,2.0-forward-looking
MRC000267,2026-08-31,0.0012,0,LOW,0.35,2.0-forward-looking
MRC000268,2026-08-31,0.0012,0,LOW,0.35,2.0-forward-looking
MRC000269,2026-08-31,0.2717,0,MEDIUM,0.35,2.0-forward-looking
MRC000270,2026-08-31,0.0029,0,LOW,0.35,2.0-forward-looking
MRC000271,2026-08-31,0.0032,0,LOW,0.35,2.0-forward-looking
MRC000272,2026-08-31,0.5392,1,HIGH,0.35,2.0-forward-looking
MRC000273,2026-08-31,0.4148,1,HIGH,0.35,2.0-forward-looking
MRC000274,2026-08-31,0.0012,0,LOW,0.35,2.0-forward-looking
MRC000275,2026-08-31,0.0012,0,LOW,0.35,2.0-forward-looking
MRC000276,2026-08-31,0.0944,0,LOW,0.35,2.0-forward-looking
MRC000277,2026-08-31,0.8358,1,CRITICAL,0.35,2.0-forward-looking
MRC000278,2026-08-31,0.0012,0,LOW,0.35,2.0-forward-looking
MRC000279,2026-08-31,0.0012,0,LOW,0.35,2.0-forward-looking
MRC000280,2026-08-31,0.1278,0,LOW,0.35,2.0-forward-looking
MRC000281,2026-08-31,0.0012,0,LOW,0.35,2.0-forward-looking
MRC000282,2026-08-31,0.0028,0,LOW,0.35,2.0-forward-looking
MRC000283,2026-08-31,0.3695,1,HIGH,0.35,2.0-forward-looking
MRC000284,2026-08-31,0.556,1,HIGH,0.35,2.0-forward-looking
MRC000285,2026-08-31,0.8511,1,CRITICAL,0.35,2.0-forward-looking
MRC000286,2026-08-31,0.5366,1,HIGH,0.35,2.0-forward-looking
MRC000287,2026-08-31,0.5503,1,HIGH,0.35,2.0-forward-looking
MRC000288,2026-08-31,0.4548,1,HIGH,0.35,2.0-forward-looking
MRC000289,2026-08-31,0.6338,1,HIGH,0.35,2.0-forward-looking
MRC000290,2026-08-31,0.0168,0,LOW,0.35,2.0-forward-looking
MRC000291,2026-08-31,0.7603,1,CRITICAL,0.35,2.0-forward-looking
MRC000292,2026-08-31,0.6353,1,HIGH,0.35,2.0-forward-looking
MRC000293,2026-08-31,0.8153,1,CRITICAL,0.35,2.0-forward-looking
MRC000294,2026-08-31,0.0853,0,LOW,0.35,2.0-forward-looking
MRC000295,2026-08-31,0.5978,1,HIGH,0.35,2.0-forward-looking
MRC000296,2026-08-31,0.0037,0,LOW,0.35,2.0-forward-looking
MRC000297,2026-08-31,0.0012,0,LOW,0.35,2.0-forward-looking
MRC000298,2026-08-31,0.0012,0,LOW,0.35,2.0-forward-looking
MRC000299,2026-08-31,0.0033,0,LOW,0.35,2.0-forward-looking
MRC000300,2026-08-31,0.0532,0,LOW,0.35,2.0-forward-looking
MRC000301,2026-08-31,0.7131,1,CRITICAL,0.35,2.0-forward-looking
MRC000302,2026-08-31,0.0443,0,LOW,0.35,2.0-forward-looking
MRC000303,2026-08-31,0.0969,0,LOW,0.35,2.0-forward-looking
MRC000304,2026-08-31,0.0017,0,LOW,0.35,2.0-forward-looking
MRC000305,2026-08-31,0.5882,1,HIGH,0.35,2.0-forward-looking
MRC000306,2026-08-31,0.0615,0,LOW,0.35,2.0-forward-looking
MRC000307,2026-08-31,0.1492,0,LOW,0.35,2.0-forward-looking
MRC000308,2026-08-31,0.0012,0,LOW,0.35,2.0-forward-looking
MRC000309,2026-08-31,0.0012,0,LOW,0.35,2.0-forward-looking
MRC000310,2026-08-31,0.0012,0,LOW,0.35,2.0-forward-looking
MRC000311,2026-08-31,0.0012,0,LOW,0.35,2.0-forward-looking
MRC000312,2026-08-31,0.2667,0,MEDIUM,0.35,2.0-forward-looking
MRC000313,2026-08-31,0.0028,0,LOW,0.35,2.0-forward-looking
MRC000314,2026-08-31,0.6791,1,CRITICAL,0.35,2.0-forward-looking
MRC000315,2026-08-31,0.3151,0,MEDIUM,0.35,2.0-forward-looking
MRC000316,2026-08-31,0.0012,0,LOW,0.35,2.0-forward-looking
MRC000317,2026-08-31,0.0262,0,LOW,0.35,2.0-forward-looking
MRC000318,2026-08-31,0.1052,0,LOW,0.35,2.0-forward-looking
MRC000319,2026-08-31,0.0031,0,LOW,0.35,2.0-forward-looking
MRC000320,2026-08-31,0.331,0,MEDIUM,0.35,2.0-forward-looking
MRC000321,2026-08-31,0.8926,1,CRITICAL,0.35,2.0-forward-looking
MRC000322,2026-08-31,0.6293,1,HIGH,0.35,2.0-forward-looking
MRC000323,2026-08-31,0.0012,0,LOW,0.35,2.0-forward-looking
MRC000324,2026-08-31,0.1751,0,LOW,0.35,2.0-forward-looking
MRC000325,2026-08-31,0.2429,0,MEDIUM,0.35,2.0-forward-looking
MRC000326,2026-08-31,0.617,1,HIGH,0.35,2.0-forward-looking
MRC000327,2026-08-31,0.144,0,LOW,0.35,2.0-forward-looking
MRC000328,2026-08-31,0.3999,1,HIGH,0.35,2.0-forward-looking
MRC000329,2026-08-31,0.0012,0,LOW,0.35,2.0-forward-looking
MRC000330,2026-08-31,0.0032,0,LOW,0.35,2.0-forward-looking
MRC000331,2026-08-31,0.6719,1,CRITICAL,0.35,2.0-forward-looking
MRC000332,2026-08-31,0.037,0,LOW,0.35,2.0-forward-looking
MRC000333,2026-08-31,0.5531,1,HIGH,0.35,2.0-forward-looking
MRC000334,2026-08-31,0.3967,1,HIGH,0.35,2.0-forward-looking
MRC000335,2026-08-31,0.0012,0,LOW,0.35,2.0-forward-looking
MRC000336,2026-08-31,0.3995,1,HIGH,0.35,2.0-forward-looking
MRC000337,2026-08-31,0.0012,0,LOW,0.35,2.0-forward-looking
MRC000338,2026-08-31,0.0012,0,LOW,0.35,2.0-forward-looking
MRC000339,2026-08-31,0.1117,0,LOW,0.35,2.0-forward-looking
MRC000340,2026-08-31,0.5862,1,HIGH,0.35,2.0-forward-looking
MRC000341,2026-08-31,0.6203,1,HIGH,0.35,2.0-forward-looking
MRC000342,2026-08-31,0.6414,1,HIGH,0.35,2.0-forward-looking
MRC000343,2026-08-31,0.7619,1,CRITICAL,0.35,2.0-forward-looking
MRC000344,2026-08-31,0.0012,0,LOW,0.35,2.0-forward-looking
MRC000345,2026-08-31,0.0012,0,LOW,0.35,2.0-forward-looking
MRC000346,2026-08-31,0.8963,1,CRITICAL,0.35,2.0-forward-looking
MRC000347,2026-08-31,0.3111,0,MEDIUM,0.35,2.0-forward-looking
MRC000348,2026-08-31,0.6832,1,CRITICAL,0.35,2.0-forward-looking
MRC000349,2026-08-31,0.7918,1,CRITICAL,0.35,2.0-forward-looking
MRC000350,2026-08-31,0.0651,0,LOW,0.35,2.0-forward-looking
MRC000351,2026-08-31,0.5917,1,HIGH,0.35,2.0-forward-looking
MRC000352,2026-08-31,0.711,1,CRITICAL,0.35,2.0-forward-looking
MRC000353,2026-08-31,0.0012,0,LOW,0.35,2.0-forward-looking
MRC000354,2026-08-31,0.5962,1,HIGH,0.35,2.0-forward-looking
MRC000355,2026-08-31,0.2595,0,MEDIUM,0.35,2.0-forward-looking
MRC000356,2026-08-31,0.5606,1,HIGH,0.35,2.0-forward-looking
MRC000357,2026-08-31,0.0299,0,LOW,0.35,2.0-forward-looking
MRC000358,2026-08-31,0.0477,0,LOW,0.35,2.0-forward-looking
MRC000359,2026-08-31,0.6574,1,CRITICAL,0.35,2.0-forward-looking
MRC000360,2026-08-31,0.0029,0,LOW,0.35,2.0-forward-looking
MRC000361,2026-08-31,0.0012,0,LOW,0.35,2.0-forward-looking
MRC000362,2026-08-31,0.6049,1,HIGH,0.35,2.0-forward-looking
MRC000363,2026-08-31,0.7303,1,CRITICAL,0.35,2.0-forward-looking
MRC000364,2026-08-31,0.0012,0,LOW,0.35,2.0-forward-looking
MRC000365,2026-08-31,0.7062,1,CRITICAL,0.35,2.0-forward-looking
MRC000366,2026-08-31,0.2725,0,MEDIUM,0.35,2.0-forward-looking
MRC000367,2026-08-31,0.707,1,CRITICAL,0.35,2.0-forward-looking
MRC000368,2026-08-31,0.7985,1,CRITICAL,0.35,2.0-forward-looking
MRC000369,2026-08-31,0.6105,1,HIGH,0.35,2.0-forward-looking
MRC000370,2026-08-31,0.6407,1,HIGH,0.35,2.0-forward-looking
MRC000371,2026-08-31,0.0163,0,LOW,0.35,2.0-forward-looking
MRC000372,2026-08-31,0.004,0,LOW,0.35,2.0-forward-looking
MRC000373,2026-08-31,0.3512,1,HIGH,0.35,2.0-forward-looking
MRC000374,2026-08-31,0.0012,0,LOW,0.35,2.0-forward-looking
MRC000375,2026-08-31,0.3438,0,MEDIUM,0.35,2.0-forward-looking
MRC000376,2026-08-31,0.4019,1,HIGH,0.35,2.0-forward-looking
MRC000377,2026-08-31,0.0012,0,LOW,0.35,2.0-forward-looking
MRC000378,2026-08-31,0.0568,0,LOW,0.35,2.0-forward-looking
MRC000379,2026-08-31,0.066,0,LOW,0.35,2.0-forward-looking
MRC000380,2026-08-31,0.1102,0,LOW,0.35,2.0-forward-looking
MRC000381,2026-08-31,0.6267,1,HIGH,0.35,2.0-forward-looking
MRC000382,2026-08-31,0.4449,1,HIGH,0.35,2.0-forward-looking
MRC000383,2026-08-31,0.0012,0,LOW,0.35,2.0-forward-looking
MRC000384,2026-08-31,0.0012,0,LOW,0.35,2.0-forward-looking
MRC000385,2026-08-31,0.0186,0,LOW,0.35,2.0-forward-looking
MRC000386,2026-08-31,0.0012,0,LOW,0.35,2.0-forward-looking
MRC000387,2026-08-31,0.7531,1,CRITICAL,0.35,2.0-forward-looking
MRC000388,2026-08-31,0.8402,1,CRITICAL,0.35,2.0-forward-looking
MRC000389,2026-08-31,0.1772,0,LOW,0.35,2.0-forward-looking
MRC000390,2026-08-31,0.1005,0,LOW,0.35,2.0-forward-looking
MRC000391,2026-08-31,0.0094,0,LOW,0.35,2.0-forward-looking
MRC000392,2026-08-31,0.2285,0,MEDIUM,0.35,2.0-forward-looking
MRC000393,2026-08-31,0.83,1,CRITICAL,0.35,2.0-forward-looking
MRC000394,2026-08-31,0.6564,1,CRITICAL,0.35,2.0-forward-looking
MRC000395,2026-08-31,0.6735,1,CRITICAL,0.35,2.0-forward-looking
MRC000396,2026-08-31,0.9246,1,CRITICAL,0.35,2.0-forward-looking
MRC000397,2026-08-31,0.6499,1,HIGH,0.35,2.0-forward-looking
MRC000398,2026-08-31,0.5778,1,HIGH,0.35,2.0-forward-looking
MRC000399,2026-08-31,0.7423,1,CRITICAL,0.35,2.0-forward-looking
MRC000400,2026-08-31,0.3279,0,MEDIUM,0.35,2.0-forward-looking
MRC000401,2026-08-31,0.6588,1,CRITICAL,0.35,2.0-forward-looking
MRC000402,2026-08-31,0.2195,0,MEDIUM,0.35,2.0-forward-looking
MRC000403,2026-08-31,0.3122,0,MEDIUM,0.35,2.0-forward-looking
MRC000404,2026-08-31,0.0853,0,LOW,0.35,2.0-forward-looking
MRC000405,2026-08-31,0.1998,0,LOW,0.35,2.0-forward-looking
MRC000406,2026-08-31,0.0012,0,LOW,0.35,2.0-forward-looking
MRC000407,2026-08-31,0.2105,0,MEDIUM,0.35,2.0-forward-looking
MRC000408,2026-08-31,0.1654,0,LOW,0.35,2.0-forward-looking
MRC000409,2026-08-31,0.7531,1,CRITICAL,0.35,2.0-forward-looking
MRC000410,2026-08-31,0.5351,1,HIGH,0.35,2.0-forward-looking
MRC000411,2026-08-31,0.0012,0,LOW,0.35,2.0-forward-looking
MRC000412,2026-08-31,0.0012,0,LOW,0.35,2.0-forward-looking
MRC000413,2026-08-31,0.7308,1,CRITICAL,0.35,2.0-forward-looking
MRC000414,2026-08-31,0.5912,1,HIGH,0.35,2.0-forward-looking
MRC000415,2026-08-31,0.5968,1,HIGH,0.35,2.0-forward-looking
MRC000416,2026-08-31,0.7289,1,CRITICAL,0.35,2.0-forward-looking
MRC000417,2026-08-31,0.7611,1,CRITICAL,0.35,2.0-forward-looking
MRC000418,2026-08-31,0.075,0,LOW,0.35,2.0-forward-looking
MRC000419,2026-08-31,0.6748,1,CRITICAL,0.35,2.0-forward-looking
MRC000420,2026-08-31,0.1858,0,LOW,0.35,2.0-forward-looking
MRC000421,2026-08-31,0.0042,0,LOW,0.35,2.0-forward-looking
MRC000422,2026-08-31,0.0029,0,LOW,0.35,2.0-forward-looking
MRC000423,2026-08-31,0.3863,1,HIGH,0.35,2.0-forward-looking
MRC000424,2026-08-31,0.0012,0,LOW,0.35,2.0-forward-looking
MRC000425,2026-08-31,0.2032,0,MEDIUM,0.35,2.0-forward-looking
MRC000426,2026-08-31,0.0012,0,LOW,0.35,2.0-forward-looking
MRC000427,2026-08-31,0.6335,1,HIGH,0.35,2.0-forward-looking
MRC000428,2026-08-31,0.0012,0,LOW,0.35,2.0-forward-looking
MRC000429,2026-08-31,0.0849,0,LOW,0.35,2.0-forward-looking
MRC000430,2026-08-31,0.0012,0,LOW,0.35,2.0-forward-looking
MRC000431,2026-08-31,0.0015,0,LOW,0.35,2.0-forward-looking
MRC000432,2026-08-31,0.1125,0,LOW,0.35,2.0-forward-looking
MRC000433,2026-08-31,0.0052,0,LOW,0.35,2.0-forward-looking
MRC000434,2026-08-31,0.4746,1,HIGH,0.35,2.0-forward-looking
MRC000435,2026-08-31,0.6122,1,HIGH,0.35,2.0-forward-looking
MRC000436,2026-08-31,0.0032,0,LOW,0.35,2.0-forward-looking
MRC000437,2026-08-31,0.0032,0,LOW,0.35,2.0-forward-looking
MRC000438,2026-08-31,0.8505,1,CRITICAL,0.35,2.0-forward-looking
MRC000439,2026-08-31,0.3224,0,MEDIUM,0.35,2.0-forward-looking
MRC000440,2026-08-31,0.0037,0,LOW,0.35,2.0-forward-looking
MRC000441,2026-08-31,0.0012,0,LOW,0.35,2.0-forward-looking
MRC000442,2026-08-31,0.1639,0,LOW,0.35,2.0-forward-looking
MRC000443,2026-08-31,0.7971,1,CRITICAL,0.35,2.0-forward-looking
MRC000444,2026-08-31,0.7163,1,CRITICAL,0.35,2.0-forward-looking
MRC000445,2026-08-31,0.601,1,HIGH,0.35,2.0-forward-looking
MRC000446,2026-08-31,0.0012,0,LOW,0.35,2.0-forward-looking
MRC000447,2026-08-31,0.3407,0,MEDIUM,0.35,2.0-forward-looking
MRC000448,2026-08-31,0.0012,0,LOW,0.35,2.0-forward-looking
MRC000449,2026-08-31,0.8102,1,CRITICAL,0.35,2.0-forward-looking
MRC000450,2026-08-31,0.0012,0,LOW,0.35,2.0-forward-looking
MRC000451,2026-08-31,0.5148,1,HIGH,0.35,2.0-forward-looking
MRC000452,2026-08-31,0.4344,1,HIGH,0.35,2.0-forward-looking
MRC000453,2026-08-31,0.8863,1,CRITICAL,0.35,2.0-forward-looking
MRC000454,2026-08-31,0.0012,0,LOW,0.35,2.0-forward-looking
MRC000455,2026-08-31,0.5591,1,HIGH,0.35,2.0-forward-looking
MRC000456,2026-08-31,0.8475,1,CRITICAL,0.35,2.0-forward-looking
MRC000457,2026-08-31,0.627,1,HIGH,0.35,2.0-forward-looking
MRC000458,2026-08-31,0.4088,1,HIGH,0.35,2.0-forward-looking
MRC000459,2026-08-31,0.596,1,HIGH,0.35,2.0-forward-looking
MRC000460,2026-08-31,0.1512,0,LOW,0.35,2.0-forward-looking
MRC000461,2026-08-31,0.1487,0,LOW,0.35,2.0-forward-looking
MRC000462,2026-08-31,0.0012,0,LOW,0.35,2.0-forward-looking
MRC000463,2026-08-31,0.3702,1,HIGH,0.35,2.0-forward-looking
MRC000464,2026-08-31,0.0012,0,LOW,0.35,2.0-forward-looking
MRC000465,2026-08-31,0.6671,1,CRITICAL,0.35,2.0-forward-looking
MRC000466,2026-08-31,0.7697,1,CRITICAL,0.35,2.0-forward-looking
MRC000467,2026-08-31,0.735,1,CRITICAL,0.35,2.0-forward-looking
MRC000468,2026-08-31,0.9055,1,CRITICAL,0.35,2.0-forward-looking
MRC000469,2026-08-31,0.7325,1,CRITICAL,0.35,2.0-forward-looking
MRC000470,2026-08-31,0.2747,0,MEDIUM,0.35,2.0-forward-looking
MRC000471,2026-08-31,0.36,1,HIGH,0.35,2.0-forward-looking
MRC000472,2026-08-31,0.0319,0,LOW,0.35,2.0-forward-looking
MRC000473,2026-08-31,0.1541,0,LOW,0.35,2.0-forward-looking
MRC000474,2026-08-31,0.8814,1,CRITICAL,0.35,2.0-forward-looking
MRC000475,2026-08-31,0.0716,0,LOW,0.35,2.0-forward-looking
MRC000476,2026-08-31,0.7638,1,CRITICAL,0.35,2.0-forward-looking
MRC000477,2026-08-31,0.549,1,HIGH,0.35,2.0-forward-looking
MRC000478,2026-08-31,0.7531,1,CRITICAL,0.35,2.0-forward-looking
MRC000479,2026-08-31,0.0012,0,LOW,0.35,2.0-forward-looking
MRC000480,2026-08-31,0.8163,1,CRITICAL,0.35,2.0-forward-looking
MRC000481,2026-08-31,0.5962,1,HIGH,0.35,2.0-forward-looking
MRC000482,2026-08-31,0.7033,1,CRITICAL,0.35,2.0-forward-looking
MRC000483,2026-08-31,0.3862,1,HIGH,0.35,2.0-forward-looking
MRC000484,2026-08-31,0.3425,0,MEDIUM,0.35,2.0-forward-looking
MRC000485,2026-08-31,0.0012,0,LOW,0.35,2.0-forward-looking
MRC000486,2026-08-31,0.6096,1,HIGH,0.35,2.0-forward-looking
MRC000487,2026-08-31,0.0087,0,LOW,0.35,2.0-forward-looking
MRC000488,2026-08-31,0.0093,0,LOW,0.35,2.0-forward-looking
MRC000489,2026-08-31,0.564,1,HIGH,0.35,2.0-forward-looking
MRC000490,2026-08-31,0.1659,0,LOW,0.35,2.0-forward-looking
MRC000491,2026-08-31,0.0012,0,LOW,0.35,2.0-forward-looking
MRC000492,2026-08-31,0.0012,0,LOW,0.35,2.0-forward-looking
MRC000493,2026-08-31,0.0012,0,LOW,0.35,2.0-forward-looking
MRC000494,2026-08-31,0.0012,0,LOW,0.35,2.0-forward-looking
MRC000495,2026-08-31,0.0064,0,LOW,0.35,2.0-forward-looking
MRC000496,2026-08-31,0.0478,0,LOW,0.35,2.0-forward-looking
MRC000497,2026-08-31,0.1858,0,LOW,0.35,2.0-forward-looking
MRC000498,2026-08-31,0.0012,0,LOW,0.35,2.0-forward-looking
MRC000499,2026-08-31,0.1855,0,LOW,0.35,2.0-forward-looking
MRC000500,2026-08-31,0.6263,1,HIGH,0.35,2.0-forward-looking
MRC000501,2026-08-31,0.768,1,CRITICAL,0.35,2.0-forward-looking
MRC000502,2026-08-31,0.7265,1,CRITICAL,0.35,2.0-forward-looking
MRC000503,2026-08-31,0.0012,0,LOW,0.35,2.0-forward-looking
MRC000504,2026-08-31,0.0012,0,LOW,0.35,2.0-forward-looking
MRC000505,2026-08-31,0.0157,0,LOW,0.35,2.0-forward-looking
MRC000506,2026-08-31,0.1561,0,LOW,0.35,2.0-forward-looking
MRC000507,2026-08-31,0.8095,1,CRITICAL,0.35,2.0-forward-looking
MRC000508,2026-08-31,0.8234,1,CRITICAL,0.35,2.0-forward-looking
MRC000509,2026-08-31,0.9076,1,CRITICAL,0.35,2.0-forward-looking
MRC000510,2026-08-31,0.0564,0,LOW,0.35,2.0-forward-looking
MRC000511,2026-08-31,0.0346,0,LOW,0.35,2.0-forward-looking
MRC000512,2026-08-31,0.7637,1,CRITICAL,0.35,2.0-forward-looking
MRC000513,2026-08-31,0.0012,0,LOW,0.35,2.0-forward-looking
MRC000514,2026-08-31,0.0751,0,LOW,0.35,2.0-forward-looking
MRC000515,2026-08-31,0.9433,1,CRITICAL,0.35,2.0-forward-looking
MRC000516,2026-08-31,0.0012,0,LOW,0.35,2.0-forward-looking
MRC000517,2026-08-31,0.7469,1,CRITICAL,0.35,2.0-forward-looking
MRC000518,2026-08-31,0.101,0,LOW,0.35,2.0-forward-looking
MRC000519,2026-08-31,0.3568,1,HIGH,0.35,2.0-forward-looking
MRC000520,2026-08-31,0.3694,1,HIGH,0.35,2.0-forward-looking
MRC000521,2026-08-31,0.3067,0,MEDIUM,0.35,2.0-forward-looking
MRC000522,2026-08-31,0.0395,0,LOW,0.35,2.0-forward-looking
MRC000523,2026-08-31,0.7581,1,CRITICAL,0.35,2.0-forward-looking
MRC000524,2026-08-31,0.0012,0,LOW,0.35,2.0-forward-looking
MRC000525,2026-08-31,0.0012,0,LOW,0.35,2.0-forward-looking
MRC000526,2026-08-31,0.1341,0,LOW,0.35,2.0-forward-looking
MRC000527,2026-08-31,0.0038,0,LOW,0.35,2.0-forward-looking
MRC000528,2026-08-31,0.604,1,HIGH,0.35,2.0-forward-looking
MRC000529,2026-08-31,0.0026,0,LOW,0.35,2.0-forward-looking
MRC000530,2026-08-31,0.322,0,MEDIUM,0.35,2.0-forward-looking
MRC000531,2026-08-31,0.0639,0,LOW,0.35,2.0-forward-looking
MRC000532,2026-08-31,0.0503,0,LOW,0.35,2.0-forward-looking
MRC000533,2026-08-31,0.8965,1,CRITICAL,0.35,2.0-forward-looking
MRC000534,2026-08-31,0.8507,1,CRITICAL,0.35,2.0-forward-looking
MRC000535,2026-08-31,0.0012,0,LOW,0.35,2.0-forward-looking
MRC000536,2026-08-31,0.5693,1,HIGH,0.35,2.0-forward-looking
MRC000537,2026-08-31,0.0012,0,LOW,0.35,2.0-forward-looking
MRC000538,2026-08-31,0.0038,0,LOW,0.35,2.0-forward-looking
MRC000539,2026-08-31,0.6171,1,HIGH,0.35,2.0-forward-looking
MRC000540,2026-08-31,0.212,0,MEDIUM,0.35,2.0-forward-looking
MRC000541,2026-08-31,0.0012,0,LOW,0.35,2.0-forward-looking
MRC000542,2026-08-31,0.0012,0,LOW,0.35,2.0-forward-looking
MRC000543,2026-08-31,0.5986,1,HIGH,0.35,2.0-forward-looking
MRC000544,2026-08-31,0.0012,0,LOW,0.35,2.0-forward-looking
MRC000545,2026-08-31,0.0012,0,LOW,0.35,2.0-forward-looking
MRC000546,2026-08-31,0.0012,0,LOW,0.35,2.0-forward-looking
MRC000547,2026-08-31,0.4363,1,HIGH,0.35,2.0-forward-looking
MRC000548,2026-08-31,0.7046,1,CRITICAL,0.35,2.0-forward-looking
MRC000549,2026-08-31,0.7956,1,CRITICAL,0.35,2.0-forward-looking
MRC000550,2026-08-31,0.6222,1,HIGH,0.35,2.0-forward-looking
MRC000551,2026-08-31,0.0012,0,LOW,0.35,2.0-forward-looking
MRC000552,2026-08-31,0.1819,0,LOW,0.35,2.0-forward-looking
MRC000553,2026-08-31,0.7027,1,CRITICAL,0.35,2.0-forward-looking
MRC000554,2026-08-31,0.0012,0,LOW,0.35,2.0-forward-looking
MRC000555,2026-08-31,0.7717,1,CRITICAL,0.35,2.0-forward-looking
MRC000556,2026-08-31,0.581,1,HIGH,0.35,2.0-forward-looking
MRC000557,2026-08-31,0.0012,0,LOW,0.35,2.0-forward-looking
MRC000558,2026-08-31,0.9046,1,CRITICAL,0.35,2.0-forward-looking
MRC000559,2026-08-31,0.4984,1,HIGH,0.35,2.0-forward-looking
MRC000560,2026-08-31,0.3438,0,MEDIUM,0.35,2.0-forward-looking
MRC000561,2026-08-31,0.7318,1,CRITICAL,0.35,2.0-forward-looking
MRC000562,2026-08-31,0.7237,1,CRITICAL,0.35,2.0-forward-looking
MRC000563,2026-08-31,0.0138,0,LOW,0.35,2.0-forward-looking
MRC000564,2026-08-31,0.4858,1,HIGH,0.35,2.0-forward-looking
MRC000565,2026-08-31,0.0012,0,LOW,0.35,2.0-forward-looking
MRC000566,2026-08-31,0.076,0,LOW,0.35,2.0-forward-looking
MRC000567,2026-08-31,0.2928,0,MEDIUM,0.35,2.0-forward-looking
MRC000568,2026-08-31,0.78,1,CRITICAL,0.35,2.0-forward-looking
MRC000569,2026-08-31,0.0012,0,LOW,0.35,2.0-forward-looking
MRC000570,2026-08-31,0.005,0,LOW,0.35,2.0-forward-looking
MRC000571,2026-08-31,0.5833,1,HIGH,0.35,2.0-forward-looking
MRC000572,2026-08-31,0.7905,1,CRITICAL,0.35,2.0-forward-looking
MRC000573,2026-08-31,0.928,1,CRITICAL,0.35,2.0-forward-looking
MRC000574,2026-08-31,0.0139,0,LOW,0.35,2.0-forward-looking
MRC000575,2026-08-31,0.0034,0,LOW,0.35,2.0-forward-looking
MRC000576,2026-08-31,0.0012,0,LOW,0.35,2.0-forward-looking
MRC000577,2026-08-31,0.1028,0,LOW,0.35,2.0-forward-looking
MRC000578,2026-08-31,0.0038,0,LOW,0.35,2.0-forward-looking
MRC000579,2026-08-31,0.0012,0,LOW,0.35,2.0-forward-looking
MRC000580,2026-08-31,0.1683,0,LOW,0.35,2.0-forward-looking
MRC000581,2026-08-31,0.4409,1,HIGH,0.35,2.0-forward-looking
MRC000582,2026-08-31,0.5794,1,HIGH,0.35,2.0-forward-looking
MRC000583,2026-08-31,0.0012,0,LOW,0.35,2.0-forward-looking
MRC000584,2026-08-31,0.0012,0,LOW,0.35,2.0-forward-looking
MRC000585,2026-08-31,0.5824,1,HIGH,0.35,2.0-forward-looking
MRC000586,2026-08-31,0.5963,1,HIGH,0.35,2.0-forward-looking
MRC000587,2026-08-31,0.1114,0,LOW,0.35,2.0-forward-looking
MRC000588,2026-08-31,0.0012,0,LOW,0.35,2.0-forward-looking
MRC000589,2026-08-31,0.8102,1,CRITICAL,0.35,2.0-forward-looking
MRC000590,2026-08-31,0.6452,1,HIGH,0.35,2.0-forward-looking
MRC000591,2026-08-31,0.8008,1,CRITICAL,0.35,2.0-forward-looking
MRC000592,2026-08-31,0.6333,1,HIGH,0.35,2.0-forward-looking
MRC000593,2026-08-31,0.0748,0,LOW,0.35,2.0-forward-looking
MRC000594,2026-08-31,0.9143,1,CRITICAL,0.35,2.0-forward-looking
MRC000595,2026-08-31,0.0047,0,LOW,0.35,2.0-forward-looking
MRC000596,2026-08-31,0.0012,0,LOW,0.35,2.0-forward-looking
MRC000597,2026-08-31,0.0012,0,LOW,0.35,2.0-forward-looking
MRC000598,2026-08-31,0.0012,0,LOW,0.35,2.0-forward-looking
MRC000599,2026-08-31,0.6637,1,CRITICAL,0.35,2.0-forward-looking
MRC000600,2026-08-31,0.2865,0,MEDIUM,0.35,2.0-forward-looking
MRC000601,2026-08-31,0.0034,0,LOW,0.35,2.0-forward-looking
MRC000602,2026-08-31,0.5099,1,HIGH,0.35,2.0-forward-looking
MRC000603,2026-08-31,0.6414,1,HIGH,0.35,2.0-forward-looking
MRC000604,2026-08-31,0.0012,0,LOW,0.35,2.0-forward-looking
MRC000605,2026-08-31,0.2662,0,MEDIUM,0.35,2.0-forward-looking
MRC000606,2026-08-31,0.0027,0,LOW,0.35,2.0-forward-looking
MRC000607,2026-08-31,0.6694,1,CRITICAL,0.35,2.0-forward-looking
MRC000608,2026-08-31,0.0012,0,LOW,0.35,2.0-forward-looking
MRC000609,2026-08-31,0.8487,1,CRITICAL,0.35,2.0-forward-looking
MRC000610,2026-08-31,0.0051,0,LOW,0.35,2.0-forward-looking
MRC000611,2026-08-31,0.7547,1,CRITICAL,0.35,2.0-forward-looking
MRC000612,2026-08-31,0.2057,0,MEDIUM,0.35,2.0-forward-looking
MRC000613,2026-08-31,0.0043,0,LOW,0.35,2.0-forward-looking
MRC000614,2026-08-31,0.0012,0,LOW,0.35,2.0-forward-looking
MRC000615,2026-08-31,0.5963,1,HIGH,0.35,2.0-forward-looking
MRC000616,2026-08-31,0.0919,0,LOW,0.35,2.0-forward-looking
MRC000617,2026-08-31,0.0012,0,LOW,0.35,2.0-forward-looking
MRC000618,2026-08-31,0.6114,1,HIGH,0.35,2.0-forward-looking
MRC000619,2026-08-31,0.7659,1,CRITICAL,0.35,2.0-forward-looking
MRC000620,2026-08-31,0.7584,1,CRITICAL,0.35,2.0-forward-looking
MRC000621,2026-08-31,0.0012,0,LOW,0.35,2.0-forward-looking
MRC000622,2026-08-31,0.0012,0,LOW,0.35,2.0-forward-looking
MRC000623,2026-08-31,0.7324,1,CRITICAL,0.35,2.0-forward-looking
MRC000624,2026-08-31,0.7048,1,CRITICAL,0.35,2.0-forward-looking
MRC000625,2026-08-31,0.0012,0,LOW,0.35,2.0-forward-looking
MRC000626,2026-08-31,0.2684,0,MEDIUM,0.35,2.0-forward-looking
MRC000627,2026-08-31,0.2567,0,MEDIUM,0.35,2.0-forward-looking
MRC000628,2026-08-31,0.0012,0,LOW,0.35,2.0-forward-looking
MRC000629,2026-08-31,0.0012,0,LOW,0.35,2.0-forward-looking
MRC000630,2026-08-31,0.0012,0,LOW,0.35,2.0-forward-looking
MRC000631,2026-08-31,0.5359,1,HIGH,0.35,2.0-forward-looking
MRC000632,2026-08-31,0.5684,1,HIGH,0.35,2.0-forward-looking
MRC000633,2026-08-31,0.0012,0,LOW,0.35,2.0-forward-looking
MRC000634,2026-08-31,0.0108,0,LOW,0.35,2.0-forward-looking
MRC000635,2026-08-31,0.6789,1,CRITICAL,0.35,2.0-forward-looking
MRC000636,2026-08-31,0.7235,1,CRITICAL,0.35,2.0-forward-looking
MRC000637,2026-08-31,0.0012,0,LOW,0.35,2.0-forward-looking
MRC000638,2026-08-31,0.0013,0,LOW,0.35,2.0-forward-looking
MRC000639,2026-08-31,0.3704,1,HIGH,0.35,2.0-forward-looking
MRC000640,2026-08-31,0.5836,1,HIGH,0.35,2.0-forward-looking
MRC000641,2026-08-31,0.1705,0,LOW,0.35,2.0-forward-looking
MRC000642,2026-08-31,0.0012,0,LOW,0.35,2.0-forward-looking
MRC000643,2026-08-31,0.0012,0,LOW,0.35,2.0-forward-looking
MRC000644,2026-08-31,0.1862,0,LOW,0.35,2.0-forward-looking
MRC000645,2026-08-31,0.4941,1,HIGH,0.35,2.0-forward-looking
MRC000646,2026-08-31,0.003,0,LOW,0.35,2.0-forward-looking
MRC000647,2026-08-31,0.0012,0,LOW,0.35,2.0-forward-looking
MRC000648,2026-08-31,0.5897,1,HIGH,0.35,2.0-forward-looking
MRC000649,2026-08-31,0.1881,0,LOW,0.35,2.0-forward-looking
MRC000650,2026-08-31,0.0012,0,LOW,0.35,2.0-forward-looking
MRC000651,2026-08-31,0.3295,0,MEDIUM,0.35,2.0-forward-looking
MRC000652,2026-08-31,0.4874,1,HIGH,0.35,2.0-forward-looking
MRC000653,2026-08-31,0.589,1,HIGH,0.35,2.0-forward-looking
MRC000654,2026-08-31,0.0816,0,LOW,0.35,2.0-forward-looking
MRC000655,2026-08-31,0.5677,1,HIGH,0.35,2.0-forward-looking
MRC000656,2026-08-31,0.3168,0,MEDIUM,0.35,2.0-forward-looking
MRC000657,2026-08-31,0.137,0,LOW,0.35,2.0-forward-looking
MRC000658,2026-08-31,0.6181,1,HIGH,0.35,2.0-forward-looking
MRC000659,2026-08-31,0.8434,1,CRITICAL,0.35,2.0-forward-looking
MRC000660,2026-08-31,0.0685,0,LOW,0.35,2.0-forward-looking
MRC000661,2026-08-31,0.1391,0,LOW,0.35,2.0-forward-looking
MRC000662,2026-08-31,0.0202,0,LOW,0.35,2.0-forward-looking
MRC000663,2026-08-31,0.7257,1,CRITICAL,0.35,2.0-forward-looking
MRC000664,2026-08-31,0.3103,0,MEDIUM,0.35,2.0-forward-looking
MRC000665,2026-08-31,0.7244,1,CRITICAL,0.35,2.0-forward-looking
MRC000666,2026-08-31,0.5637,1,HIGH,0.35,2.0-forward-looking
MRC000667,2026-08-31,0.0012,0,LOW,0.35,2.0-forward-looking
MRC000668,2026-08-31,0.6633,1,CRITICAL,0.35,2.0-forward-looking
MRC000669,2026-08-31,0.6491,1,HIGH,0.35,2.0-forward-looking
MRC000670,2026-08-31,0.612,1,HIGH,0.35,2.0-forward-looking
MRC000671,2026-08-31,0.0986,0,LOW,0.35,2.0-forward-looking
MRC000672,2026-08-31,0.2279,0,MEDIUM,0.35,2.0-forward-looking
MRC000673,2026-08-31,0.0012,0,LOW,0.35,2.0-forward-looking
MRC000674,2026-08-31,0.6318,1,HIGH,0.35,2.0-forward-looking
MRC000675,2026-08-31,0.4914,1,HIGH,0.35,2.0-forward-looking
MRC000676,2026-08-31,0.5893,1,HIGH,0.35,2.0-forward-looking
MRC000677,2026-08-31,0.6885,1,CRITICAL,0.35,2.0-forward-looking
MRC000678,2026-08-31,0.6411,1,HIGH,0.35,2.0-forward-looking
MRC000679,2026-08-31,0.0012,0,LOW,0.35,2.0-forward-looking
MRC000680,2026-08-31,0.5136,1,HIGH,0.35,2.0-forward-looking
MRC000681,2026-08-31,0.0012,0,LOW,0.35,2.0-forward-looking
MRC000682,2026-08-31,0.5503,1,HIGH,0.35,2.0-forward-looking
MRC000683,2026-08-31,0.2428,0,MEDIUM,0.35,2.0-forward-looking
MRC000684,2026-08-31,0.7398,1,CRITICAL,0.35,2.0-forward-looking
MRC000685,2026-08-31,0.3572,1,HIGH,0.35,2.0-forward-looking
MRC000686,2026-08-31,0.0012,0,LOW,0.35,2.0-forward-looking
MRC000687,2026-08-31,0.0012,0,LOW,0.35,2.0-forward-looking
MRC000688,2026-08-31,0.0048,0,LOW,0.35,2.0-forward-looking
MRC000689,2026-08-31,0.5837,1,HIGH,0.35,2.0-forward-looking
MRC000690,2026-08-31,0.7689,1,CRITICAL,0.35,2.0-forward-looking
MRC000691,2026-08-31,0.6244,1,HIGH,0.35,2.0-forward-looking
MRC000692,2026-08-31,0.4224,1,HIGH,0.35,2.0-forward-looking
MRC000693,2026-08-31,0.3076,0,MEDIUM,0.35,2.0-forward-looking
MRC000694,2026-08-31,0.5769,1,HIGH,0.35,2.0-forward-looking
MRC000695,2026-08-31,0.1616,0,LOW,0.35,2.0-forward-looking
MRC000696,2026-08-31,0.7209,1,CRITICAL,0.35,2.0-forward-looking
MRC000697,2026-08-31,0.0248,0,LOW,0.35,2.0-forward-looking
MRC000698,2026-08-31,0.2999,0,MEDIUM,0.35,2.0-forward-looking
MRC000699,2026-08-31,0.195,0,LOW,0.35,2.0-forward-looking
MRC000700,2026-08-31,0.0012,0,LOW,0.35,2.0-forward-looking
MRC000701,2026-08-31,0.0012,0,LOW,0.35,2.0-forward-looking
MRC000702,2026-08-31,0.7911,1,CRITICAL,0.35,2.0-forward-looking
MRC000703,2026-08-31,0.0012,0,LOW,0.35,2.0-forward-looking
MRC000704,2026-08-31,0.8369,1,CRITICAL,0.35,2.0-forward-looking
MRC000705,2026-08-31,0.7507,1,CRITICAL,0.35,2.0-forward-looking
MRC000706,2026-08-31,0.0039,0,LOW,0.35,2.0-forward-looking
MRC000707,2026-08-31,0.0032,0,LOW,0.35,2.0-forward-looking
MRC000708,2026-08-31,0.4737,1,HIGH,0.35,2.0-forward-looking
MRC000709,2026-08-31,0.0012,0,LOW,0.35,2.0-forward-looking
MRC000710,2026-08-31,0.0856,0,LOW,0.35,2.0-forward-looking
MRC000711,2026-08-31,0.1267,0,LOW,0.35,2.0-forward-looking
MRC000712,2026-08-31,0.0032,0,LOW,0.35,2.0-forward-looking
MRC000713,2026-08-31,0.806,1,CRITICAL,0.35,2.0-forward-looking
MRC000714,2026-08-31,0.3274,0,MEDIUM,0.35,2.0-forward-looking
MRC000715,2026-08-31,0.1093,0,LOW,0.35,2.0-forward-looking
MRC000716,2026-08-31,0.0413,0,LOW,0.35,2.0-forward-looking
MRC000717,2026-08-31,0.3856,1,HIGH,0.35,2.0-forward-looking
MRC000718,2026-08-31,0.8307,1,CRITICAL,0.35,2.0-forward-looking
MRC000719,2026-08-31,0.8008,1,CRITICAL,0.35,2.0-forward-looking
MRC000720,2026-08-31,0.3455,0,MEDIUM,0.35,2.0-forward-looking
MRC000721,2026-08-31,0.2544,0,MEDIUM,0.35,2.0-forward-looking
MRC000722,2026-08-31,0.593,1,HIGH,0.35,2.0-forward-looking
MRC000723,2026-08-31,0.5999,1,HIGH,0.35,2.0-forward-looking
MRC000724,2026-08-31,0.1857,0,LOW,0.35,2.0-forward-looking
MRC000725,2026-08-31,0.0012,0,LOW,0.35,2.0-forward-looking
MRC000726,2026-08-31,0.042,0,LOW,0.35,2.0-forward-looking
MRC000727,2026-08-31,0.0012,0,LOW,0.35,2.0-forward-looking
MRC000728,2026-08-31,0.451,1,HIGH,0.35,2.0-forward-looking
MRC000729,2026-08-31,0.0143,0,LOW,0.35,2.0-forward-looking
MRC000730,2026-08-31,0.0012,0,LOW,0.35,2.0-forward-looking
MRC000731,2026-08-31,0.7116,1,CRITICAL,0.35,2.0-forward-looking
MRC000732,2026-08-31,0.6369,1,HIGH,0.35,2.0-forward-looking
MRC000733,2026-08-31,0.2034,0,MEDIUM,0.35,2.0-forward-looking
MRC000734,2026-08-31,0.0012,0,LOW,0.35,2.0-forward-looking
MRC000735,2026-08-31,0.0026,0,LOW,0.35,2.0-forward-looking
MRC000736,2026-08-31,0.0882,0,LOW,0.35,2.0-forward-looking
MRC000737,2026-08-31,0.7458,1,CRITICAL,0.35,2.0-forward-looking
MRC000738,2026-08-31,0.831,1,CRITICAL,0.35,2.0-forward-looking
MRC000739,2026-08-31,0.1036,0,LOW,0.35,2.0-forward-looking
MRC000740,2026-08-31,0.0399,0,LOW,0.35,2.0-forward-looking
MRC000741,2026-08-31,0.2634,0,MEDIUM,0.35,2.0-forward-looking
MRC000742,2026-08-31,0.4712,1,HIGH,0.35,2.0-forward-looking
MRC000743,2026-08-31,0.0012,0,LOW,0.35,2.0-forward-looking
MRC000744,2026-08-31,0.7949,1,CRITICAL,0.35,2.0-forward-looking
MRC000745,2026-08-31,0.7971,1,CRITICAL,0.35,2.0-forward-looking
MRC000746,2026-08-31,0.4884,1,HIGH,0.35,2.0-forward-looking
MRC000747,2026-08-31,0.7127,1,CRITICAL,0.35,2.0-forward-looking
MRC000748,2026-08-31,0.004,0,LOW,0.35,2.0-forward-looking
MRC000749,2026-08-31,0.7175,1,CRITICAL,0.35,2.0-forward-looking
MRC000750,2026-08-31,0.6112,1,HIGH,0.35,2.0-forward-looking
MRC000751,2026-08-31,0.1028,0,LOW,0.35,2.0-forward-looking
MRC000752,2026-08-31,0.0048,0,LOW,0.35,2.0-forward-looking
MRC000753,2026-08-31,0.5999,1,HIGH,0.35,2.0-forward-looking
MRC000754,2026-08-31,0.7698,1,CRITICAL,0.35,2.0-forward-looking
MRC000755,2026-08-31,0.8326,1,CRITICAL,0.35,2.0-forward-looking
MRC000756,2026-08-31,0.165,0,LOW,0.35,2.0-forward-looking
MRC000757,2026-08-31,0.4658,1,HIGH,0.35,2.0-forward-looking
MRC000758,2026-08-31,0.7606,1,CRITICAL,0.35,2.0-forward-looking
MRC000759,2026-08-31,0.0025,0,LOW,0.35,2.0-forward-looking
MRC000760,2026-08-31,0.1824,0,LOW,0.35,2.0-forward-looking
MRC000761,2026-08-31,0.152,0,LOW,0.35,2.0-forward-looking
MRC000762,2026-08-31,0.7088,1,CRITICAL,0.35,2.0-forward-looking
MRC000763,2026-08-31,0.6433,1,HIGH,0.35,2.0-forward-looking
MRC000764,2026-08-31,0.0012,0,LOW,0.35,2.0-forward-looking
MRC000765,2026-08-31,0.6408,1,HIGH,0.35,2.0-forward-looking
MRC000766,2026-08-31,0.8775,1,CRITICAL,0.35,2.0-forward-looking
MRC000767,2026-08-31,0.2271,0,MEDIUM,0.35,2.0-forward-looking
MRC000768,2026-08-31,0.4132,1,HIGH,0.35,2.0-forward-looking
MRC000769,2026-08-31,0.0012,0,LOW,0.35,2.0-forward-looking
MRC000770,2026-08-31,0.0013,0,LOW,0.35,2.0-forward-looking
MRC000771,2026-08-31,0.6167,1,HIGH,0.35,2.0-forward-looking
MRC000772,2026-08-31,0.0029,0,LOW,0.35,2.0-forward-looking
MRC000773,2026-08-31,0.0046,0,LOW,0.35,2.0-forward-looking
MRC000774,2026-08-31,0.7278,1,CRITICAL,0.35,2.0-forward-looking
MRC000775,2026-08-31,0.2136,0,MEDIUM,0.35,2.0-forward-looking
MRC000776,2026-08-31,0.0351,0,LOW,0.35,2.0-forward-looking
MRC000777,2026-08-31,0.0012,0,LOW,0.35,2.0-forward-looking
MRC000778,2026-08-31,0.6206,1,HIGH,0.35,2.0-forward-looking
MRC000779,2026-08-31,0.5266,1,HIGH,0.35,2.0-forward-looking
MRC000780,2026-08-31,0.1819,0,LOW,0.35,2.0-forward-looking
MRC000781,2026-08-31,0.559,1,HIGH,0.35,2.0-forward-looking
MRC000782,2026-08-31,0.3223,0,MEDIUM,0.35,2.0-forward-looking
MRC000783,2026-08-31,0.0021,0,LOW,0.35,2.0-forward-looking
MRC000784,2026-08-31,0.0997,0,LOW,0.35,2.0-forward-looking
MRC000785,2026-08-31,0.0012,0,LOW,0.35,2.0-forward-looking
MRC000786,2026-08-31,0.3694,1,HIGH,0.35,2.0-forward-looking
MRC000787,2026-08-31,0.0012,0,LOW,0.35,2.0-forward-looking
MRC000788,2026-08-31,0.5414,1,HIGH,0.35,2.0-forward-looking
MRC000789,2026-08-31,0.1307,0,LOW,0.35,2.0-forward-looking
MRC000790,2026-08-31,0.0012,0,LOW,0.35,2.0-forward-looking
MRC000791,2026-08-31,0.4079,1,HIGH,0.35,2.0-forward-looking
MRC000792,2026-08-31,0.5956,1,HIGH,0.35,2.0-forward-looking
MRC000793,2026-08-31,0.7943,1,CRITICAL,0.35,2.0-forward-looking
MRC000794,2026-08-31,0.1774,0,LOW,0.35,2.0-forward-looking
MRC000795,2026-08-31,0.0066,0,LOW,0.35,2.0-forward-looking
MRC000796,2026-08-31,0.6672,1,CRITICAL,0.35,2.0-forward-looking
MRC000797,2026-08-31,0.7113,1,CRITICAL,0.35,2.0-forward-looking
MRC000798,2026-08-31,0.0086,0,LOW,0.35,2.0-forward-looking
MRC000799,2026-08-31,0.3874,1,HIGH,0.35,2.0-forward-looking
MRC000800,2026-08-31,0.6408,1,HIGH,0.35,2.0-forward-looking
MRC000801,2026-08-31,0.0012,0,LOW,0.35,2.0-forward-looking
MRC000802,2026-08-31,0.7344,1,CRITICAL,0.35,2.0-forward-looking
MRC000803,2026-08-31,0.4493,1,HIGH,0.35,2.0-forward-looking
MRC000804,2026-08-31,0.0012,0,LOW,0.35,2.0-forward-looking
MRC000805,2026-08-31,0.5511,1,HIGH,0.35,2.0-forward-looking
MRC000806,2026-08-31,0.6781,1,CRITICAL,0.35,2.0-forward-looking
MRC000807,2026-08-31,0.0012,0,LOW,0.35,2.0-forward-looking
MRC000808,2026-08-31,0.4434,1,HIGH,0.35,2.0-forward-looking
MRC000809,2026-08-31,0.0043,0,LOW,0.35,2.0-forward-looking
MRC000810,2026-08-31,0.4279,1,HIGH,0.35,2.0-forward-looking
MRC000811,2026-08-31,0.0281,0,LOW,0.35,2.0-forward-looking
MRC000812,2026-08-31,0.6508,1,CRITICAL,0.35,2.0-forward-looking
MRC000813,2026-08-31,0.0261,0,LOW,0.35,2.0-forward-looking
MRC000814,2026-08-31,0.0113,0,LOW,0.35,2.0-forward-looking
MRC000815,2026-08-31,0.1313,0,LOW,0.35,2.0-forward-looking
MRC000816,2026-08-31,0.0012,0,LOW,0.35,2.0-forward-looking
MRC000817,2026-08-31,0.0024,0,LOW,0.35,2.0-forward-looking
MRC000818,2026-08-31,0.705,1,CRITICAL,0.35,2.0-forward-looking
MRC000819,2026-08-31,0.5648,1,HIGH,0.35,2.0-forward-looking
MRC000820,2026-08-31,0.5556,1,HIGH,0.35,2.0-forward-looking
MRC000821,2026-08-31,0.0012,0,LOW,0.35,2.0-forward-looking
MRC000822,2026-08-31,0.0204,0,LOW,0.35,2.0-forward-looking
MRC000823,2026-08-31,0.1312,0,LOW,0.35,2.0-forward-looking
MRC000824,2026-08-31,0.0012,0,LOW,0.35,2.0-forward-looking
MRC000825,2026-08-31,0.8746,1,CRITICAL,0.35,2.0-forward-looking
MRC000826,2026-08-31,0.1872,0,LOW,0.35,2.0-forward-looking
MRC000827,2026-08-31,0.6769,1,CRITICAL,0.35,2.0-forward-looking
MRC000828,2026-08-31,0.3743,1,HIGH,0.35,2.0-forward-looking
MRC000829,2026-08-31,0.3663,1,HIGH,0.35,2.0-forward-looking
MRC000830,2026-08-31,0.109,0,LOW,0.35,2.0-forward-looking
MRC000831,2026-08-31,0.5385,1,HIGH,0.35,2.0-forward-looking
MRC000832,2026-08-31,0.0012,0,LOW,0.35,2.0-forward-looking
MRC000833,2026-08-31,0.2061,0,MEDIUM,0.35,2.0-forward-looking
MRC000834,2026-08-31,0.6598,1,CRITICAL,0.35,2.0-forward-looking
MRC000835,2026-08-31,0.2842,0,MEDIUM,0.35,2.0-forward-looking
MRC000836,2026-08-31,0.3427,0,MEDIUM,0.35,2.0-forward-looking
MRC000837,2026-08-31,0.0012,0,LOW,0.35,2.0-forward-looking
MRC000838,2026-08-31,0.6611,1,CRITICAL,0.35,2.0-forward-looking
MRC000839,2026-08-31,0.0012,0,LOW,0.35,2.0-forward-looking
MRC000840,2026-08-31,0.7469,1,CRITICAL,0.35,2.0-forward-looking
MRC000841,2026-08-31,0.9016,1,CRITICAL,0.35,2.0-forward-looking
MRC000842,2026-08-31,0.8024,1,CRITICAL,0.35,2.0-forward-looking
MRC000843,2026-08-31,0.0012,0,LOW,0.35,2.0-forward-looking
MRC000844,2026-08-31,0.2975,0,MEDIUM,0.35,2.0-forward-looking
MRC000845,2026-08-31,0.2915,0,MEDIUM,0.35,2.0-forward-looking
MRC000846,2026-08-31,0.0032,0,LOW,0.35,2.0-forward-looking
MRC000847,2026-08-31,0.1033,0,LOW,0.35,2.0-forward-looking
MRC000848,2026-08-31,0.0012,0,LOW,0.35,2.0-forward-looking
MRC000849,2026-08-31,0.0416,0,LOW,0.35,2.0-forward-looking
MRC000850,2026-08-31,0.8054,1,CRITICAL,0.35,2.0-forward-looking
MRC000851,2026-08-31,0.0012,0,LOW,0.35,2.0-forward-looking
MRC000852,2026-08-31,0.0012,0,LOW,0.35,2.0-forward-looking
MRC000853,2026-08-31,0.0012,0,LOW,0.35,2.0-forward-looking
MRC000854,2026-08-31,0.3757,1,HIGH,0.35,2.0-forward-looking
MRC000855,2026-08-31,0.2897,0,MEDIUM,0.35,2.0-forward-looking
MRC000856,2026-08-31,0.5347,1,HIGH,0.35,2.0-forward-looking
MRC000857,2026-08-31,0.0012,0,LOW,0.35,2.0-forward-looking
MRC000858,2026-08-31,0.6469,1,HIGH,0.35,2.0-forward-looking
MRC000859,2026-08-31,0.6835,1,CRITICAL,0.35,2.0-forward-looking
MRC000860,2026-08-31,0.0012,0,LOW,0.35,2.0-forward-looking
MRC000861,2026-08-31,0.2251,0,MEDIUM,0.35,2.0-forward-looking
MRC000862,2026-08-31,0.7545,1,CRITICAL,0.35,2.0-forward-looking
MRC000863,2026-08-31,0.0467,0,LOW,0.35,2.0-forward-looking
MRC000864,2026-08-31,0.3568,1,HIGH,0.35,2.0-forward-looking
MRC000865,2026-08-31,0.0221,0,LOW,0.35,2.0-forward-looking
MRC000866,2026-08-31,0.895,1,CRITICAL,0.35,2.0-forward-looking
MRC000867,2026-08-31,0.1378,0,LOW,0.35,2.0-forward-looking
MRC000868,2026-08-31,0.4662,1,HIGH,0.35,2.0-forward-looking
MRC000869,2026-08-31,0.7556,1,CRITICAL,0.35,2.0-forward-looking
MRC000870,2026-08-31,0.6438,1,HIGH,0.35,2.0-forward-looking
MRC000871,2026-08-31,0.0211,0,LOW,0.35,2.0-forward-looking
MRC000872,2026-08-31,0.0242,0,LOW,0.35,2.0-forward-looking
MRC000873,2026-08-31,0.747,1,CRITICAL,0.35,2.0-forward-looking
MRC000874,2026-08-31,0.7994,1,CRITICAL,0.35,2.0-forward-looking
MRC000875,2026-08-31,0.1002,0,LOW,0.35,2.0-forward-looking
MRC000876,2026-08-31,0.7734,1,CRITICAL,0.35,2.0-forward-looking
MRC000877,2026-08-31,0.0012,0,LOW,0.35,2.0-forward-looking
MRC000878,2026-08-31,0.6118,1,HIGH,0.35,2.0-forward-looking
MRC000879,2026-08-31,0.1067,0,LOW,0.35,2.0-forward-looking
MRC000880,2026-08-31,0.0023,0,LOW,0.35,2.0-forward-looking
MRC000881,2026-08-31,0.8992,1,CRITICAL,0.35,2.0-forward-looking
MRC000882,2026-08-31,0.0012,0,LOW,0.35,2.0-forward-looking
MRC000883,2026-08-31,0.0012,0,LOW,0.35,2.0-forward-looking
MRC000884,2026-08-31,0.3692,1,HIGH,0.35,2.0-forward-looking
MRC000885,2026-08-31,0.0319,0,LOW,0.35,2.0-forward-looking
MRC000886,2026-08-31,0.177,0,LOW,0.35,2.0-forward-looking
MRC000887,2026-08-31,0.0028,0,LOW,0.35,2.0-forward-looking
MRC000888,2026-08-31,0.5502,1,HIGH,0.35,2.0-forward-looking
MRC000889,2026-08-31,0.0039,0,LOW,0.35,2.0-forward-looking
MRC000890,2026-08-31,0.5368,1,HIGH,0.35,2.0-forward-looking
MRC000891,2026-08-31,0.0961,0,LOW,0.35,2.0-forward-looking
MRC000892,2026-08-31,0.0012,0,LOW,0.35,2.0-forward-looking
MRC000893,2026-08-31,0.0012,0,LOW,0.35,2.0-forward-looking
MRC000894,2026-08-31,0.7249,1,CRITICAL,0.35,2.0-forward-looking
MRC000895,2026-08-31,0.1269,0,LOW,0.35,2.0-forward-looking
MRC000896,2026-08-31,0.4878,1,HIGH,0.35,2.0-forward-looking
MRC000897,2026-08-31,0.0062,0,LOW,0.35,2.0-forward-looking
MRC000898,2026-08-31,0.2151,0,MEDIUM,0.35,2.0-forward-looking
MRC000899,2026-08-31,0.0012,0,LOW,0.35,2.0-forward-looking
MRC000900,2026-08-31,0.5755,1,HIGH,0.35,2.0-forward-looking
MRC000901,2026-08-31,0.0012,0,LOW,0.35,2.0-forward-looking
MRC000902,2026-08-31,0.0012,0,LOW,0.35,2.0-forward-looking
MRC000903,2026-08-31,0.7972,1,CRITICAL,0.35,2.0-forward-looking
MRC000904,2026-08-31,0.0012,0,LOW,0.35,2.0-forward-looking
MRC000905,2026-08-31,0.7402,1,CRITICAL,0.35,2.0-forward-looking
MRC000906,2026-08-31,0.4913,1,HIGH,0.35,2.0-forward-looking
MRC000907,2026-08-31,0.8854,1,CRITICAL,0.35,2.0-forward-looking
MRC000908,2026-08-31,0.2974,0,MEDIUM,0.35,2.0-forward-looking
MRC000909,2026-08-31,0.6642,1,CRITICAL,0.35,2.0-forward-looking
MRC000910,2026-08-31,0.0012,0,LOW,0.35,2.0-forward-looking
MRC000911,2026-08-31,0.0012,0,LOW,0.35,2.0-forward-looking
MRC000912,2026-08-31,0.6108,1,HIGH,0.35,2.0-forward-looking
MRC000913,2026-08-31,0.9077,1,CRITICAL,0.35,2.0-forward-looking
MRC000914,2026-08-31,0.0031,0,LOW,0.35,2.0-forward-looking
MRC000915,2026-08-31,0.6344,1,HIGH,0.35,2.0-forward-looking
MRC000916,2026-08-31,0.0012,0,LOW,0.35,2.0-forward-looking
MRC000917,2026-08-31,0.3894,1,HIGH,0.35,2.0-forward-looking
MRC000918,2026-08-31,0.5449,1,HIGH,0.35,2.0-forward-looking
MRC000919,2026-08-31,0.6853,1,CRITICAL,0.35,2.0-forward-looking
MRC000920,2026-08-31,0.0033,0,LOW,0.35,2.0-forward-looking
MRC000921,2026-08-31,0.6155,1,HIGH,0.35,2.0-forward-looking
MRC000922,2026-08-31,0.0013,0,LOW,0.35,2.0-forward-looking
MRC000923,2026-08-31,0.6102,1,HIGH,0.35,2.0-forward-looking
MRC000924,2026-08-31,0.0015,0,LOW,0.35,2.0-forward-looking
MRC000925,2026-08-31,0.8853,1,CRITICAL,0.35,2.0-forward-looking
MRC000926,2026-08-31,0.572,1,HIGH,0.35,2.0-forward-looking
MRC000927,2026-08-31,0.0012,0,LOW,0.35,2.0-forward-looking
MRC000928,2026-08-31,0.6308,1,HIGH,0.35,2.0-forward-looking
MRC000929,2026-08-31,0.6991,1,CRITICAL,0.35,2.0-forward-looking
MRC000930,2026-08-31,0.5291,1,HIGH,0.35,2.0-forward-looking
MRC000931,2026-08-31,0.7328,1,CRITICAL,0.35,2.0-forward-looking
MRC000932,2026-08-31,0.066,0,LOW,0.35,2.0-forward-looking
MRC000933,2026-08-31,0.0766,0,LOW,0.35,2.0-forward-looking
MRC000934,2026-08-31,0.7306,1,CRITICAL,0.35,2.0-forward-looking
MRC000935,2026-08-31,0.0045,0,LOW,0.35,2.0-forward-looking
MRC000936,2026-08-31,0.0012,0,LOW,0.35,2.0-forward-looking
MRC000937,2026-08-31,0.5235,1,HIGH,0.35,2.0-forward-looking
MRC000938,2026-08-31,0.0138,0,LOW,0.35,2.0-forward-looking
MRC000939,2026-08-31,0.6003,1,HIGH,0.35,2.0-forward-looking
MRC000940,2026-08-31,0.2446,0,MEDIUM,0.35,2.0-forward-looking
MRC000941,2026-08-31,0.1298,0,LOW,0.35,2.0-forward-looking
MRC000942,2026-08-31,0.6637,1,CRITICAL,0.35,2.0-forward-looking
MRC000943,2026-08-31,0.0012,0,LOW,0.35,2.0-forward-looking
MRC000944,2026-08-31,0.2918,0,MEDIUM,0.35,2.0-forward-looking
MRC000945,2026-08-31,0.4669,1,HIGH,0.35,2.0-forward-looking
MRC000946,2026-08-31,0.5373,1,HIGH,0.35,2.0-forward-looking
MRC000947,2026-08-31,0.6493,1,HIGH,0.35,2.0-forward-looking
MRC000948,2026-08-31,0.7215,1,CRITICAL,0.35,2.0-forward-looking
MRC000949,2026-08-31,0.7055,1,CRITICAL,0.35,2.0-forward-looking
MRC000950,2026-08-31,0.7304,1,CRITICAL,0.35,2.0-forward-looking
MRC000951,2026-08-31,0.762,1,CRITICAL,0.35,2.0-forward-looking
MRC000952,2026-08-31,0.0012,0,LOW,0.35,2.0-forward-looking
MRC000953,2026-08-31,0.7997,1,CRITICAL,0.35,2.0-forward-looking
MRC000954,2026-08-31,0.6496,1,HIGH,0.35,2.0-forward-looking
MRC000955,2026-08-31,0.8607,1,CRITICAL,0.35,2.0-forward-looking
MRC000956,2026-08-31,0.643,1,HIGH,0.35,2.0-forward-looking
MRC000957,2026-08-31,0.0012,0,LOW,0.35,2.0-forward-looking
MRC000958,2026-08-31,0.0235,0,LOW,0.35,2.0-forward-looking
MRC000959,2026-08-31,0.0089,0,LOW,0.35,2.0-forward-looking
MRC000960,2026-08-31,0.0081,0,LOW,0.35,2.0-forward-looking
MRC000961,2026-08-31,0.3323,0,MEDIUM,0.35,2.0-forward-looking
MRC000962,2026-08-31,0.0012,0,LOW,0.35,2.0-forward-looking
MRC000963,2026-08-31,0.715,1,CRITICAL,0.35,2.0-forward-looking
MRC000964,2026-08-31,0.6402,1,HIGH,0.35,2.0-forward-looking
MRC000965,2026-08-31,0.643,1,HIGH,0.35,2.0-forward-looking
MRC000966,2026-08-31,0.1809,0,LOW,0.35,2.0-forward-looking
MRC000967,2026-08-31,0.1426,0,LOW,0.35,2.0-forward-looking
MRC000968,2026-08-31,0.0045,0,LOW,0.35,2.0-forward-looking
MRC000969,2026-08-31,0.2551,0,MEDIUM,0.35,2.0-forward-looking
MRC000970,2026-08-31,0.3038,0,MEDIUM,0.35,2.0-forward-looking
MRC000971,2026-08-31,0.0012,0,LOW,0.35,2.0-forward-looking
MRC000972,2026-08-31,0.1505,0,LOW,0.35,2.0-forward-looking
MRC000973,2026-08-31,0.066,0,LOW,0.35,2.0-forward-looking
MRC000974,2026-08-31,0.7314,1,CRITICAL,0.35,2.0-forward-looking
MRC000975,2026-08-31,0.0012,0,LOW,0.35,2.0-forward-looking
MRC000976,2026-08-31,0.6639,1,CRITICAL,0.35,2.0-forward-looking
MRC000977,2026-08-31,0.5034,1,HIGH,0.35,2.0-forward-looking
MRC000978,2026-08-31,0.4514,1,HIGH,0.35,2.0-forward-looking
MRC000979,2026-08-31,0.0012,0,LOW,0.35,2.0-forward-looking
MRC000980,2026-08-31,0.6395,1,HIGH,0.35,2.0-forward-looking
MRC000981,2026-08-31,0.0012,0,LOW,0.35,2.0-forward-looking
MRC000982,2026-08-31,0.1739,0,LOW,0.35,2.0-forward-looking
MRC000983,2026-08-31,0.824,1,CRITICAL,0.35,2.0-forward-looking
MRC000984,2026-08-31,0.3707,1,HIGH,0.35,2.0-forward-looking
MRC000985,2026-08-31,0.8338,1,CRITICAL,0.35,2.0-forward-looking
MRC000986,2026-08-31,0.0588,0,LOW,0.35,2.0-forward-looking
MRC000987,2026-08-31,0.0012,0,LOW,0.35,2.0-forward-looking
MRC000988,2026-08-31,0.0012,0,LOW,0.35,2.0-forward-looking
MRC000989,2026-08-31,0.6433,1,HIGH,0.35,2.0-forward-looking
MRC000990,2026-08-31,0.3082,0,MEDIUM,0.35,2.0-forward-looking
MRC000991,2026-08-31,0.3116,0,MEDIUM,0.35,2.0-forward-looking
MRC000992,2026-08-31,0.4143,1,HIGH,0.35,2.0-forward-looking
MRC000993,2026-08-31,0.0012,0,LOW,0.35,2.0-forward-looking
MRC000994,2026-08-31,0.0953,0,LOW,0.35,2.0-forward-looking
MRC000995,2026-08-31,0.8068,1,CRITICAL,0.35,2.0-forward-looking
MRC000996,2026-08-31,0.6268,1,HIGH,0.35,2.0-forward-looking
MRC000997,2026-08-31,0.5458,1,HIGH,0.35,2.0-forward-looking
MRC000998,2026-08-31,0.2266,0,MEDIUM,0.35,2.0-forward-looking
MRC000999,2026-08-31,0.8932,1,CRITICAL,0.35,2.0-forward-looking
MRC001000,2026-08-31,0.487,1,HIGH,0.35,2.0-forward-looking
MRC001001,2026-08-31,0.0012,0,LOW,0.35,2.0-forward-looking
MRC001002,2026-08-31,0.1704,0,LOW,0.35,2.0-forward-looking
MRC001003,2026-08-31,0.2812,0,MEDIUM,0.35,2.0-forward-looking
MRC001004,2026-08-31,0.0012,0,LOW,0.35,2.0-forward-looking
MRC001005,2026-08-31,0.7249,1,CRITICAL,0.35,2.0-forward-looking
MRC001006,2026-08-31,0.0919,0,LOW,0.35,2.0-forward-looking
MRC001007,2026-08-31,0.7992,1,CRITICAL,0.35,2.0-forward-looking
MRC001008,2026-08-31,0.0741,0,LOW,0.35,2.0-forward-looking
MRC001009,2026-08-31,0.7091,1,CRITICAL,0.35,2.0-forward-looking
MRC001010,2026-08-31,0.1037,0,LOW,0.35,2.0-forward-looking
MRC001011,2026-08-31,0.0012,0,LOW,0.35,2.0-forward-looking
MRC001012,2026-08-31,0.3241,0,MEDIUM,0.35,2.0-forward-looking
MRC001013,2026-08-31,0.9409,1,CRITICAL,0.35,2.0-forward-looking
MRC001014,2026-08-31,0.0342,0,LOW,0.35,2.0-forward-looking
MRC001015,2026-08-31,0.0012,0,LOW,0.35,2.0-forward-looking
MRC001016,2026-08-31,0.0028,0,LOW,0.35,2.0-forward-looking
MRC001017,2026-08-31,0.0012,0,LOW,0.35,2.0-forward-looking
MRC001018,2026-08-31,0.0012,0,LOW,0.35,2.0-forward-looking
MRC001019,2026-08-31,0.4254,1,HIGH,0.35,2.0-forward-looking
MRC001020,2026-08-31,0.2681,0,MEDIUM,0.35,2.0-forward-looking
MRC001021,2026-08-31,0.5165,1,HIGH,0.35,2.0-forward-looking
MRC001022,2026-08-31,0.7904,1,CRITICAL,0.35,2.0-forward-looking
MRC001023,2026-08-31,0.2162,0,MEDIUM,0.35,2.0-forward-looking
MRC001024,2026-08-31,0.8748,1,CRITICAL,0.35,2.0-forward-looking
MRC001025,2026-08-31,0.6286,1,HIGH,0.35,2.0-forward-looking
MRC001026,2026-08-31,0.0012,0,LOW,0.35,2.0-forward-looking
MRC001027,2026-08-31,0.341,0,MEDIUM,0.35,2.0-forward-looking
MRC001028,2026-08-31,0.003,0,LOW,0.35,2.0-forward-looking
MRC001029,2026-08-31,0.6003,1,HIGH,0.35,2.0-forward-looking
MRC001030,2026-08-31,0.4152,1,HIGH,0.35,2.0-forward-looking
MRC001031,2026-08-31,0.8377,1,CRITICAL,0.35,2.0-forward-looking
MRC001032,2026-08-31,0.7706,1,CRITICAL,0.35,2.0-forward-looking
MRC001033,2026-08-31,0.0012,0,LOW,0.35,2.0-forward-looking
MRC001034,2026-08-31,0.3793,1,HIGH,0.35,2.0-forward-looking
MRC001035,2026-08-31,0.6311,1,HIGH,0.35,2.0-forward-looking
MRC001036,2026-08-31,0.2942,0,MEDIUM,0.35,2.0-forward-looking
MRC001037,2026-08-31,0.5679,1,HIGH,0.35,2.0-forward-looking
MRC001038,2026-08-31,0.0524,0,LOW,0.35,2.0-forward-looking
MRC001039,2026-08-31,0.0046,0,LOW,0.35,2.0-forward-looking
MRC001040,2026-08-31,0.6405,1,HIGH,0.35,2.0-forward-looking
MRC001041,2026-08-31,0.622,1,HIGH,0.35,2.0-forward-looking
MRC001042,2026-08-31,0.0615,0,LOW,0.35,2.0-forward-looking
MRC001043,2026-08-31,0.0012,0,LOW,0.35,2.0-forward-looking
MRC001044,2026-08-31,0.3594,1,HIGH,0.35,2.0-forward-looking
MRC001045,2026-08-31,0.6023,1,HIGH,0.35,2.0-forward-looking
MRC001046,2026-08-31,0.2903,0,MEDIUM,0.35,2.0-forward-looking
MRC001047,2026-08-31,0.3155,0,MEDIUM,0.35,2.0-forward-looking
MRC001048,2026-08-31,0.9143,1,CRITICAL,0.35,2.0-forward-looking
MRC001049,2026-08-31,0.4693,1,HIGH,0.35,2.0-forward-looking
MRC001050,2026-08-31,0.3414,0,MEDIUM,0.35,2.0-forward-looking
MRC001051,2026-08-31,0.0505,0,LOW,0.35,2.0-forward-looking
MRC001052,2026-08-31,0.3413,0,MEDIUM,0.35,2.0-forward-looking
MRC001053,2026-08-31,0.0012,0,LOW,0.35,2.0-forward-looking
MRC001054,2026-08-31,0.7298,1,CRITICAL,0.35,2.0-forward-looking
MRC001055,2026-08-31,0.8038,1,CRITICAL,0.35,2.0-forward-looking
MRC001056,2026-08-31,0.8106,1,CRITICAL,0.35,2.0-forward-looking
MRC001057,2026-08-31,0.2579,0,MEDIUM,0.35,2.0-forward-looking
MRC001058,2026-08-31,0.5136,1,HIGH,0.35,2.0-forward-looking
MRC001059,2026-08-31,0.6924,1,CRITICAL,0.35,2.0-forward-looking
MRC001060,2026-08-31,0.766,1,CRITICAL,0.35,2.0-forward-looking
MRC001061,2026-08-31,0.7486,1,CRITICAL,0.35,2.0-forward-looking
MRC001062,2026-08-31,0.1438,0,LOW,0.35,2.0-forward-looking
MRC001063,2026-08-31,0.5052,1,HIGH,0.35,2.0-forward-looking
MRC001064,2026-08-31,0.7387,1,CRITICAL,0.35,2.0-forward-looking
MRC001065,2026-08-31,0.0394,0,LOW,0.35,2.0-forward-looking
MRC001066,2026-08-31,0.0012,0,LOW,0.35,2.0-forward-looking
MRC001067,2026-08-31,0.074,0,LOW,0.35,2.0-forward-looking
MRC001068,2026-08-31,0.3634,1,HIGH,0.35,2.0-forward-looking
MRC001069,2026-08-31,0.0764,0,LOW,0.35,2.0-forward-looking
MRC001070,2026-08-31,0.9431,1,CRITICAL,0.35,2.0-forward-looking
MRC001071,2026-08-31,0.0012,0,LOW,0.35,2.0-forward-looking
MRC001072,2026-08-31,0.0012,0,LOW,0.35,2.0-forward-looking
MRC001073,2026-08-31,0.0012,0,LOW,0.35,2.0-forward-looking
MRC001074,2026-08-31,0.4351,1,HIGH,0.35,2.0-forward-looking
MRC001075,2026-08-31,0.5727,1,HIGH,0.35,2.0-forward-looking
MRC001076,2026-08-31,0.0012,0,LOW,0.35,2.0-forward-looking
MRC001077,2026-08-31,0.1281,0,LOW,0.35,2.0-forward-looking
MRC001078,2026-08-31,0.0032,0,LOW,0.35,2.0-forward-looking
MRC001079,2026-08-31,0.7994,1,CRITICAL,0.35,2.0-forward-looking
MRC001080,2026-08-31,0.0032,0,LOW,0.35,2.0-forward-looking
MRC001081,2026-08-31,0.7079,1,CRITICAL,0.35,2.0-forward-looking
MRC001082,2026-08-31,0.8183,1,CRITICAL,0.35,2.0-forward-looking
MRC001083,2026-08-31,0.4073,1,HIGH,0.35,2.0-forward-looking
MRC001084,2026-08-31,0.0012,0,LOW,0.35,2.0-forward-looking
MRC001085,2026-08-31,0.0551,0,LOW,0.35,2.0-forward-looking
MRC001086,2026-08-31,0.9427,1,CRITICAL,0.35,2.0-forward-looking
MRC001087,2026-08-31,0.1103,0,LOW,0.35,2.0-forward-looking
MRC001088,2026-08-31,0.0012,0,LOW,0.35,2.0-forward-looking
MRC001089,2026-08-31,0.234,0,MEDIUM,0.35,2.0-forward-looking
MRC001090,2026-08-31,0.7265,1,CRITICAL,0.35,2.0-forward-looking
MRC001091,2026-08-31,0.0012,0,LOW,0.35,2.0-forward-looking
MRC001092,2026-08-31,0.2819,0,MEDIUM,0.35,2.0-forward-looking
MRC001093,2026-08-31,0.0024,0,LOW,0.35,2.0-forward-looking
MRC001094,2026-08-31,0.7012,1,CRITICAL,0.35,2.0-forward-looking
MRC001095,2026-08-31,0.7083,1,CRITICAL,0.35,2.0-forward-looking
MRC001096,2026-08-31,0.0107,0,LOW,0.35,2.0-forward-looking
MRC001097,2026-08-31,0.0029,0,LOW,0.35,2.0-forward-looking
MRC001098,2026-08-31,0.0182,0,LOW,0.35,2.0-forward-looking
MRC001099,2026-08-31,0.175,0,LOW,0.35,2.0-forward-looking
MRC001100,2026-08-31,0.5364,1,HIGH,0.35,2.0-forward-looking
MRC001101,2026-08-31,0.9042,1,CRITICAL,0.35,2.0-forward-looking
MRC001102,2026-08-31,0.7141,1,CRITICAL,0.35,2.0-forward-looking
MRC001103,2026-08-31,0.1043,0,LOW,0.35,2.0-forward-looking
MRC001104,2026-08-31,0.0012,0,LOW,0.35,2.0-forward-looking
MRC001105,2026-08-31,0.2781,0,MEDIUM,0.35,2.0-forward-looking
MRC001106,2026-08-31,0.338,0,MEDIUM,0.35,2.0-forward-looking
MRC001107,2026-08-31,0.7371,1,CRITICAL,0.35,2.0-forward-looking
MRC001108,2026-08-31,0.0017,0,LOW,0.35,2.0-forward-looking
MRC001109,2026-08-31,0.0459,0,LOW,0.35,2.0-forward-looking
MRC001110,2026-08-31,0.0476,0,LOW,0.35,2.0-forward-looking
MRC001111,2026-08-31,0.0012,0,LOW,0.35,2.0-forward-looking
MRC001112,2026-08-31,0.0012,0,LOW,0.35,2.0-forward-looking
MRC001113,2026-08-31,0.9099,1,CRITICAL,0.35,2.0-forward-looking
MRC001114,2026-08-31,0.7117,1,CRITICAL,0.35,2.0-forward-looking
MRC001115,2026-08-31,0.2562,0,MEDIUM,0.35,2.0-forward-looking
MRC001116,2026-08-31,0.8871,1,CRITICAL,0.35,2.0-forward-looking
MRC001117,2026-08-31,0.7788,1,CRITICAL,0.35,2.0-forward-looking
MRC001118,2026-08-31,0.0058,0,LOW,0.35,2.0-forward-looking
MRC001119,2026-08-31,0.5628,1,HIGH,0.35,2.0-forward-looking
MRC001120,2026-08-31,0.0311,0,LOW,0.35,2.0-forward-looking
MRC001121,2026-08-31,0.5258,1,HIGH,0.35,2.0-forward-looking
MRC001122,2026-08-31,0.1795,0,LOW,0.35,2.0-forward-looking
MRC001123,2026-08-31,0.1495,0,LOW,0.35,2.0-forward-looking
MRC001124,2026-08-31,0.0012,0,LOW,0.35,2.0-forward-looking
MRC001125,2026-08-31,0.0012,0,LOW,0.35,2.0-forward-looking
MRC001126,2026-08-31,0.5923,1,HIGH,0.35,2.0-forward-looking
MRC001127,2026-08-31,0.0026,0,LOW,0.35,2.0-forward-looking
MRC001128,2026-08-31,0.0073,0,LOW,0.35,2.0-forward-looking
MRC001129,2026-08-31,0.3466,0,MEDIUM,0.35,2.0-forward-looking
MRC001130,2026-08-31,0.0043,0,LOW,0.35,2.0-forward-looking
MRC001131,2026-08-31,0.0021,0,LOW,0.35,2.0-forward-looking
MRC001132,2026-08-31,0.904,1,CRITICAL,0.35,2.0-forward-looking
MRC001133,2026-08-31,0.6108,1,HIGH,0.35,2.0-forward-looking
MRC001134,2026-08-31,0.2968,0,MEDIUM,0.35,2.0-forward-looking
MRC001135,2026-08-31,0.6783,1,CRITICAL,0.35,2.0-forward-looking
MRC001136,2026-08-31,0.7546,1,CRITICAL,0.35,2.0-forward-looking
MRC001137,2026-08-31,0.6427,1,HIGH,0.35,2.0-forward-looking
MRC001138,2026-08-31,0.0094,0,LOW,0.35,2.0-forward-looking
MRC001139,2026-08-31,0.0154,0,LOW,0.35,2.0-forward-looking
MRC001140,2026-08-31,0.1751,0,LOW,0.35,2.0-forward-looking
MRC001141,2026-08-31,0.4287,1,HIGH,0.35,2.0-forward-looking
MRC001142,2026-08-31,0.0013,0,LOW,0.35,2.0-forward-looking
MRC001143,2026-08-31,0.7997,1,CRITICAL,0.35,2.0-forward-looking
MRC001144,2026-08-31,0.2068,0,MEDIUM,0.35,2.0-forward-looking
MRC001145,2026-08-31,0.609,1,HIGH,0.35,2.0-forward-looking
MRC001146,2026-08-31,0.6252,1,HIGH,0.35,2.0-forward-looking
MRC001147,2026-08-31,0.0012,0,LOW,0.35,2.0-forward-looking
MRC001148,2026-08-31,0.751,1,CRITICAL,0.35,2.0-forward-looking
MRC001149,2026-08-31,0.0039,0,LOW,0.35,2.0-forward-looking
MRC001150,2026-08-31,0.3774,1,HIGH,0.35,2.0-forward-looking
MRC001151,2026-08-31,0.0012,0,LOW,0.35,2.0-forward-looking
MRC001152,2026-08-31,0.8353,1,CRITICAL,0.35,2.0-forward-looking
MRC001153,2026-08-31,0.0012,0,LOW,0.35,2.0-forward-looking
MRC001154,2026-08-31,0.0039,0,LOW,0.35,2.0-forward-looking
MRC001155,2026-08-31,0.8065,1,CRITICAL,0.35,2.0-forward-looking
MRC001156,2026-08-31,0.5373,1,HIGH,0.35,2.0-forward-looking
MRC001157,2026-08-31,0.0012,0,LOW,0.35,2.0-forward-looking
MRC001158,2026-08-31,0.0012,0,LOW,0.35,2.0-forward-looking
MRC001159,2026-08-31,0.0056,0,LOW,0.35,2.0-forward-looking
MRC001160,2026-08-31,0.4838,1,HIGH,0.35,2.0-forward-looking
MRC001161,2026-08-31,0.5814,1,HIGH,0.35,2.0-forward-looking
MRC001162,2026-08-31,0.3779,1,HIGH,0.35,2.0-forward-looking
MRC001163,2026-08-31,0.1801,0,LOW,0.35,2.0-forward-looking
MRC001164,2026-08-31,0.6044,1,HIGH,0.35,2.0-forward-looking
MRC001165,2026-08-31,0.4246,1,HIGH,0.35,2.0-forward-looking
MRC001166,2026-08-31,0.0012,0,LOW,0.35,2.0-forward-looking
MRC001167,2026-08-31,0.0012,0,LOW,0.35,2.0-forward-looking
MRC001168,2026-08-31,0.0029,0,LOW,0.35,2.0-forward-looking
MRC001169,2026-08-31,0.3995,1,HIGH,0.35,2.0-forward-looking
MRC001170,2026-08-31,0.862,1,CRITICAL,0.35,2.0-forward-looking
MRC001171,2026-08-31,0.0012,0,LOW,0.35,2.0-forward-looking
MRC001172,2026-08-31,0.0012,0,LOW,0.35,2.0-forward-looking
MRC001173,2026-08-31,0.0012,0,LOW,0.35,2.0-forward-looking
MRC001174,2026-08-31,0.0567,0,LOW,0.35,2.0-forward-looking
MRC001175,2026-08-31,0.1306,0,LOW,0.35,2.0-forward-looking
MRC001176,2026-08-31,0.2966,0,MEDIUM,0.35,2.0-forward-looking
MRC001177,2026-08-31,0.0012,0,LOW,0.35,2.0-forward-looking
MRC001178,2026-08-31,0.164,0,LOW,0.35,2.0-forward-looking
MRC001179,2026-08-31,0.0298,0,LOW,0.35,2.0-forward-looking
MRC001180,2026-08-31,0.6476,1,HIGH,0.35,2.0-forward-looking
MRC001181,2026-08-31,0.0012,0,LOW,0.35,2.0-forward-looking
MRC001182,2026-08-31,0.5836,1,HIGH,0.35,2.0-forward-looking
MRC001183,2026-08-31,0.7995,1,CRITICAL,0.35,2.0-forward-looking
MRC001184,2026-08-31,0.1641,0,LOW,0.35,2.0-forward-looking
MRC001185,2026-08-31,0.196,0,LOW,0.35,2.0-forward-looking
MRC001186,2026-08-31,0.0012,0,LOW,0.35,2.0-forward-looking
MRC001187,2026-08-31,0.0032,0,LOW,0.35,2.0-forward-looking
MRC001188,2026-08-31,0.7112,1,CRITICAL,0.35,2.0-forward-looking
MRC001189,2026-08-31,0.6892,1,CRITICAL,0.35,2.0-forward-looking
MRC001190,2026-08-31,0.7022,1,CRITICAL,0.35,2.0-forward-looking
MRC001191,2026-08-31,0.0029,0,LOW,0.35,2.0-forward-looking
MRC001192,2026-08-31,0.0012,0,LOW,0.35,2.0-forward-looking
MRC001193,2026-08-31,0.5678,1,HIGH,0.35,2.0-forward-looking
MRC001194,2026-08-31,0.0037,0,LOW,0.35,2.0-forward-looking
MRC001195,2026-08-31,0.4105,1,HIGH,0.35,2.0-forward-looking
MRC001196,2026-08-31,0.3589,1,HIGH,0.35,2.0-forward-looking
MRC001197,2026-08-31,0.7891,1,CRITICAL,0.35,2.0-forward-looking
MRC001198,2026-08-31,0.0035,0,LOW,0.35,2.0-forward-looking
MRC001199,2026-08-31,0.1988,0,LOW,0.35,2.0-forward-looking
MRC001200,2026-08-31,0.6342,1,HIGH,0.35,2.0-forward-looking
MRC001201,2026-08-31,0.1568,0,LOW,0.35,2.0-forward-looking
MRC001202,2026-08-31,0.0012,0,LOW,0.35,2.0-forward-looking
MRC001203,2026-08-31,0.5236,1,HIGH,0.35,2.0-forward-looking
MRC001204,2026-08-31,0.6366,1,HIGH,0.35,2.0-forward-looking
MRC001205,2026-08-31,0.0207,0,LOW,0.35,2.0-forward-looking
MRC001206,2026-08-31,0.5679,1,HIGH,0.35,2.0-forward-looking
MRC001207,2026-08-31,0.5531,1,HIGH,0.35,2.0-forward-looking
MRC001208,2026-08-31,0.4224,1,HIGH,0.35,2.0-forward-looking
MRC001209,2026-08-31,0.2827,0,MEDIUM,0.35,2.0-forward-looking
MRC001210,2026-08-31,0.6577,1,CRITICAL,0.35,2.0-forward-looking
MRC001211,2026-08-31,0.264,0,MEDIUM,0.35,2.0-forward-looking
MRC001212,2026-08-31,0.0012,0,LOW,0.35,2.0-forward-looking
MRC001213,2026-08-31,0.1911,0,LOW,0.35,2.0-forward-looking
MRC001214,2026-08-31,0.6816,1,CRITICAL,0.35,2.0-forward-looking
MRC001215,2026-08-31,0.5996,1,HIGH,0.35,2.0-forward-looking
MRC001216,2026-08-31,0.0012,0,LOW,0.35,2.0-forward-looking
MRC001217,2026-08-31,0.5856,1,HIGH,0.35,2.0-forward-looking
MRC001218,2026-08-31,0.626,1,HIGH,0.35,2.0-forward-looking
MRC001219,2026-08-31,0.184,0,LOW,0.35,2.0-forward-looking
MRC001220,2026-08-31,0.0836,0,LOW,0.35,2.0-forward-looking
MRC001221,2026-08-31,0.1599,0,LOW,0.35,2.0-forward-looking
MRC001222,2026-08-31,0.8524,1,CRITICAL,0.35,2.0-forward-looking
MRC001223,2026-08-31,0.2863,0,MEDIUM,0.35,2.0-forward-looking
MRC001224,2026-08-31,0.3328,0,MEDIUM,0.35,2.0-forward-looking
MRC001225,2026-08-31,0.0031,0,LOW,0.35,2.0-forward-looking
MRC001226,2026-08-31,0.6252,1,HIGH,0.35,2.0-forward-looking
MRC001227,2026-08-31,0.0283,0,LOW,0.35,2.0-forward-looking
MRC001228,2026-08-31,0.0041,0,LOW,0.35,2.0-forward-looking
MRC001229,2026-08-31,0.6528,1,CRITICAL,0.35,2.0-forward-looking
MRC001230,2026-08-31,0.4183,1,HIGH,0.35,2.0-forward-looking
MRC001231,2026-08-31,0.1569,0,LOW,0.35,2.0-forward-looking
MRC001232,2026-08-31,0.62,1,HIGH,0.35,2.0-forward-looking
MRC001233,2026-08-31,0.4225,1,HIGH,0.35,2.0-forward-looking
MRC001234,2026-08-31,0.8858,1,CRITICAL,0.35,2.0-forward-looking
MRC001235,2026-08-31,0.5974,1,HIGH,0.35,2.0-forward-looking
MRC001236,2026-08-31,0.7889,1,CRITICAL,0.35,2.0-forward-looking
MRC001237,2026-08-31,0.0013,0,LOW,0.35,2.0-forward-looking
MRC001238,2026-08-31,0.793,1,CRITICAL,0.35,2.0-forward-looking
MRC001239,2026-08-31,0.8127,1,CRITICAL,0.35,2.0-forward-looking
MRC001240,2026-08-31,0.5342,1,HIGH,0.35,2.0-forward-looking
MRC001241,2026-08-31,0.0038,0,LOW,0.35,2.0-forward-looking
MRC001242,2026-08-31,0.0012,0,LOW,0.35,2.0-forward-looking
MRC001243,2026-08-31,0.6373,1,HIGH,0.35,2.0-forward-looking
MRC001244,2026-08-31,0.0012,0,LOW,0.35,2.0-forward-looking
MRC001245,2026-08-31,0.2864,0,MEDIUM,0.35,2.0-forward-looking
MRC001246,2026-08-31,0.1584,0,LOW,0.35,2.0-forward-looking
MRC001247,2026-08-31,0.2031,0,MEDIUM,0.35,2.0-forward-looking
MRC001248,2026-08-31,0.8654,1,CRITICAL,0.35,2.0-forward-looking
MRC001249,2026-08-31,0.3388,0,MEDIUM,0.35,2.0-forward-looking
MRC001250,2026-08-31,0.0044,0,LOW,0.35,2.0-forward-looking
MRC001251,2026-08-31,0.4599,1,HIGH,0.35,2.0-forward-looking
MRC001252,2026-08-31,0.0603,0,LOW,0.35,2.0-forward-looking
MRC001253,2026-08-31,0.7916,1,CRITICAL,0.35,2.0-forward-looking
MRC001254,2026-08-31,0.0291,0,LOW,0.35,2.0-forward-looking
MRC001255,2026-08-31,0.0012,0,LOW,0.35,2.0-forward-looking
MRC001256,2026-08-31,0.4439,1,HIGH,0.35,2.0-forward-looking
MRC001257,2026-08-31,0.9022,1,CRITICAL,0.35,2.0-forward-looking
MRC001258,2026-08-31,0.751,1,CRITICAL,0.35,2.0-forward-looking
MRC001259,2026-08-31,0.0234,0,LOW,0.35,2.0-forward-looking
MRC001260,2026-08-31,0.0012,0,LOW,0.35,2.0-forward-looking
MRC001261,2026-08-31,0.1381,0,LOW,0.35,2.0-forward-looking
MRC001262,2026-08-31,0.6141,1,HIGH,0.35,2.0-forward-looking
MRC001263,2026-08-31,0.9381,1,CRITICAL,0.35,2.0-forward-looking
MRC001264,2026-08-31,0.0447,0,LOW,0.35,2.0-forward-looking
MRC001265,2026-08-31,0.7395,1,CRITICAL,0.35,2.0-forward-looking
MRC001266,2026-08-31,0.3485,0,MEDIUM,0.35,2.0-forward-looking
MRC001267,2026-08-31,0.0012,0,LOW,0.35,2.0-forward-looking
MRC001268,2026-08-31,0.8804,1,CRITICAL,0.35,2.0-forward-looking
MRC001269,2026-08-31,0.6202,1,HIGH,0.35,2.0-forward-looking
MRC001270,2026-08-31,0.0051,0,LOW,0.35,2.0-forward-looking
MRC001271,2026-08-31,0.7008,1,CRITICAL,0.35,2.0-forward-looking
MRC001272,2026-08-31,0.3136,0,MEDIUM,0.35,2.0-forward-looking
MRC001273,2026-08-31,0.1183,0,LOW,0.35,2.0-forward-looking
MRC001274,2026-08-31,0.4796,1,HIGH,0.35,2.0-forward-looking
MRC001275,2026-08-31,0.7319,1,CRITICAL,0.35,2.0-forward-looking
MRC001276,2026-08-31,0.5349,1,HIGH,0.35,2.0-forward-looking
MRC001277,2026-08-31,0.5964,1,HIGH,0.35,2.0-forward-looking
MRC001278,2026-08-31,0.1361,0,LOW,0.35,2.0-forward-looking
MRC001279,2026-08-31,0.0363,0,LOW,0.35,2.0-forward-looking
MRC001280,2026-08-31,0.6672,1,CRITICAL,0.35,2.0-forward-looking
MRC001281,2026-08-31,0.1048,0,LOW,0.35,2.0-forward-looking
MRC001282,2026-08-31,0.0012,0,LOW,0.35,2.0-forward-looking
MRC001283,2026-08-31,0.1574,0,LOW,0.35,2.0-forward-looking
MRC001284,2026-08-31,0.2474,0,MEDIUM,0.35,2.0-forward-looking
MRC001285,2026-08-31,0.6306,1,HIGH,0.35,2.0-forward-looking
MRC001286,2026-08-31,0.4166,1,HIGH,0.35,2.0-forward-looking
MRC001287,2026-08-31,0.6315,1,HIGH,0.35,2.0-forward-looking
MRC001288,2026-08-31,0.2953,0,MEDIUM,0.35,2.0-forward-looking
MRC001289,2026-08-31,0.0909,0,LOW,0.35,2.0-forward-looking
MRC001290,2026-08-31,0.7423,1,CRITICAL,0.35,2.0-forward-looking
MRC001291,2026-08-31,0.5902,1,HIGH,0.35,2.0-forward-looking
MRC001292,2026-08-31,0.2942,0,MEDIUM,0.35,2.0-forward-looking
MRC001293,2026-08-31,0.0012,0,LOW,0.35,2.0-forward-looking
MRC001294,2026-08-31,0.0114,0,LOW,0.35,2.0-forward-looking
MRC001295,2026-08-31,0.3386,0,MEDIUM,0.35,2.0-forward-looking
MRC001296,2026-08-31,0.0024,0,LOW,0.35,2.0-forward-looking
MRC001297,2026-08-31,0.7459,1,CRITICAL,0.35,2.0-forward-looking
MRC001298,2026-08-31,0.0013,0,LOW,0.35,2.0-forward-looking
MRC001299,2026-08-31,0.3259,0,MEDIUM,0.35,2.0-forward-looking
MRC001300,2026-08-31,0.5905,1,HIGH,0.35,2.0-forward-looking
MRC001301,2026-08-31,0.6583,1,CRITICAL,0.35,2.0-forward-looking
MRC001302,2026-08-31,0.2893,0,MEDIUM,0.35,2.0-forward-looking
MRC001303,2026-08-31,0.7321,1,CRITICAL,0.35,2.0-forward-looking
MRC001304,2026-08-31,0.758,1,CRITICAL,0.35,2.0-forward-looking
MRC001305,2026-08-31,0.5421,1,HIGH,0.35,2.0-forward-looking
MRC001306,2026-08-31,0.7827,1,CRITICAL,0.35,2.0-forward-looking
MRC001307,2026-08-31,0.7468,1,CRITICAL,0.35,2.0-forward-looking
MRC001308,2026-08-31,0.0033,0,LOW,0.35,2.0-forward-looking
MRC001309,2026-08-31,0.0012,0,LOW,0.35,2.0-forward-looking
MRC001310,2026-08-31,0.0012,0,LOW,0.35,2.0-forward-looking
MRC001311,2026-08-31,0.0012,0,LOW,0.35,2.0-forward-looking
MRC001312,2026-08-31,0.5068,1,HIGH,0.35,2.0-forward-looking
MRC001313,2026-08-31,0.0012,0,LOW,0.35,2.0-forward-looking
MRC001314,2026-08-31,0.1737,0,LOW,0.35,2.0-forward-looking
MRC001315,2026-08-31,0.4572,1,HIGH,0.35,2.0-forward-looking
MRC001316,2026-08-31,0.0499,0,LOW,0.35,2.0-forward-looking
MRC001317,2026-08-31,0.0045,0,LOW,0.35,2.0-forward-looking
MRC001318,2026-08-31,0.0012,0,LOW,0.35,2.0-forward-looking
MRC001319,2026-08-31,0.0032,0,LOW,0.35,2.0-forward-looking
MRC001320,2026-08-31,0.6237,1,HIGH,0.35,2.0-forward-looking
MRC001321,2026-08-31,0.0067,0,LOW,0.35,2.0-forward-looking
MRC001322,2026-08-31,0.4036,1,HIGH,0.35,2.0-forward-looking
MRC001323,2026-08-31,0.0361,0,LOW,0.35,2.0-forward-looking
MRC001324,2026-08-31,0.0035,0,LOW,0.35,2.0-forward-looking
MRC001325,2026-08-31,0.6124,1,HIGH,0.35,2.0-forward-looking
MRC001326,2026-08-31,0.8076,1,CRITICAL,0.35,2.0-forward-looking
MRC001327,2026-08-31,0.0086,0,LOW,0.35,2.0-forward-looking
MRC001328,2026-08-31,0.0047,0,LOW,0.35,2.0-forward-looking
MRC001329,2026-08-31,0.7292,1,CRITICAL,0.35,2.0-forward-looking
MRC001330,2026-08-31,0.0816,0,LOW,0.35,2.0-forward-looking
MRC001331,2026-08-31,0.0012,0,LOW,0.35,2.0-forward-looking
MRC001332,2026-08-31,0.2282,0,MEDIUM,0.35,2.0-forward-looking
MRC001333,2026-08-31,0.7559,1,CRITICAL,0.35,2.0-forward-looking
MRC001334,2026-08-31,0.6897,1,CRITICAL,0.35,2.0-forward-looking
MRC001335,2026-08-31,0.3003,0,MEDIUM,0.35,2.0-forward-looking
MRC001336,2026-08-31,0.0012,0,LOW,0.35,2.0-forward-looking
MRC001337,2026-08-31,0.7324,1,CRITICAL,0.35,2.0-forward-looking
MRC001338,2026-08-31,0.0635,0,LOW,0.35,2.0-forward-looking
MRC001339,2026-08-31,0.7344,1,CRITICAL,0.35,2.0-forward-looking
MRC001340,2026-08-31,0.7835,1,CRITICAL,0.35,2.0-forward-looking
MRC001341,2026-08-31,0.8169,1,CRITICAL,0.35,2.0-forward-looking
MRC001342,2026-08-31,0.24,0,MEDIUM,0.35,2.0-forward-looking
MRC001343,2026-08-31,0.549,1,HIGH,0.35,2.0-forward-looking
MRC001344,2026-08-31,0.0012,0,LOW,0.35,2.0-forward-looking
MRC001345,2026-08-31,0.442,1,HIGH,0.35,2.0-forward-looking
MRC001346,2026-08-31,0.1328,0,LOW,0.35,2.0-forward-looking
MRC001347,2026-08-31,0.6361,1,HIGH,0.35,2.0-forward-looking
MRC001348,2026-08-31,0.4163,1,HIGH,0.35,2.0-forward-looking
MRC001349,2026-08-31,0.0012,0,LOW,0.35,2.0-forward-looking
MRC001350,2026-08-31,0.6603,1,CRITICAL,0.35,2.0-forward-looking
MRC001351,2026-08-31,0.1307,0,LOW,0.35,2.0-forward-looking
MRC001352,2026-08-31,0.7164,1,CRITICAL,0.35,2.0-forward-looking
MRC001353,2026-08-31,0.0015,0,LOW,0.35,2.0-forward-looking
MRC001354,2026-08-31,0.2561,0,MEDIUM,0.35,2.0-forward-looking
MRC001355,2026-08-31,0.681,1,CRITICAL,0.35,2.0-forward-looking
MRC001356,2026-08-31,0.7888,1,CRITICAL,0.35,2.0-forward-looking
MRC001357,2026-08-31,0.0051,0,LOW,0.35,2.0-forward-looking
MRC001358,2026-08-31,0.7409,1,CRITICAL,0.35,2.0-forward-looking
MRC001359,2026-08-31,0.1867,0,LOW,0.35,2.0-forward-looking
MRC001360,2026-08-31,0.6152,1,HIGH,0.35,2.0-forward-looking
MRC001361,2026-08-31,0.1106,0,LOW,0.35,2.0-forward-looking
MRC001362,2026-08-31,0.5079,1,HIGH,0.35,2.0-forward-looking
MRC001363,2026-08-31,0.6988,1,CRITICAL,0.35,2.0-forward-looking
MRC001364,2026-08-31,0.6672,1,CRITICAL,0.35,2.0-forward-looking
MRC001365,2026-08-31,0.0503,0,LOW,0.35,2.0-forward-looking
MRC001366,2026-08-31,0.6178,1,HIGH,0.35,2.0-forward-looking
MRC001367,2026-08-31,0.0012,0,LOW,0.35,2.0-forward-looking
MRC001368,2026-08-31,0.3779,1,HIGH,0.35,2.0-forward-looking
MRC001369,2026-08-31,0.3549,1,HIGH,0.35,2.0-forward-looking
MRC001370,2026-08-31,0.0533,0,LOW,0.35,2.0-forward-looking
MRC001371,2026-08-31,0.7485,1,CRITICAL,0.35,2.0-forward-looking
MRC001372,2026-08-31,0.8079,1,CRITICAL,0.35,2.0-forward-looking
MRC001373,2026-08-31,0.0016,0,LOW,0.35,2.0-forward-looking
MRC001374,2026-08-31,0.601,1,HIGH,0.35,2.0-forward-looking
MRC001375,2026-08-31,0.0643,0,LOW,0.35,2.0-forward-looking
MRC001376,2026-08-31,0.1506,0,LOW,0.35,2.0-forward-looking
MRC001377,2026-08-31,0.3859,1,HIGH,0.35,2.0-forward-looking
MRC001378,2026-08-31,0.0012,0,LOW,0.35,2.0-forward-looking
MRC001379,2026-08-31,0.0015,0,LOW,0.35,2.0-forward-looking
MRC001380,2026-08-31,0.0028,0,LOW,0.35,2.0-forward-looking
MRC001381,2026-08-31,0.0031,0,LOW,0.35,2.0-forward-looking
MRC001382,2026-08-31,0.0012,0,LOW,0.35,2.0-forward-looking
MRC001383,2026-08-31,0.8183,1,CRITICAL,0.35,2.0-forward-looking
MRC001384,2026-08-31,0.1963,0,LOW,0.35,2.0-forward-looking
MRC001385,2026-08-31,0.3946,1,HIGH,0.35,2.0-forward-looking
MRC001386,2026-08-31,0.0012,0,LOW,0.35,2.0-forward-looking
MRC001387,2026-08-31,0.0012,0,LOW,0.35,2.0-forward-looking
MRC001388,2026-08-31,0.8125,1,CRITICAL,0.35,2.0-forward-looking
MRC001389,2026-08-31,0.6034,1,HIGH,0.35,2.0-forward-looking
MRC001390,2026-08-31,0.7181,1,CRITICAL,0.35,2.0-forward-looking
MRC001391,2026-08-31,0.5512,1,HIGH,0.35,2.0-forward-looking
MRC001392,2026-08-31,0.0012,0,LOW,0.35,2.0-forward-looking
MRC001393,2026-08-31,0.0012,0,LOW,0.35,2.0-forward-looking
MRC001394,2026-08-31,0.0771,0,LOW,0.35,2.0-forward-looking
MRC001395,2026-08-31,0.7421,1,CRITICAL,0.35,2.0-forward-looking
MRC001396,2026-08-31,0.2199,0,MEDIUM,0.35,2.0-forward-looking
MRC001397,2026-08-31,0.0012,0,LOW,0.35,2.0-forward-looking
MRC001398,2026-08-31,0.0012,0,LOW,0.35,2.0-forward-looking
MRC001399,2026-08-31,0.7855,1,CRITICAL,0.35,2.0-forward-looking
MRC001400,2026-08-31,0.0012,0,LOW,0.35,2.0-forward-looking
MRC001401,2026-08-31,0.1928,0,LOW,0.35,2.0-forward-looking
MRC001402,2026-08-31,0.0012,0,LOW,0.35,2.0-forward-looking
MRC001403,2026-08-31,0.1184,0,LOW,0.35,2.0-forward-looking
MRC001404,2026-08-31,0.0012,0,LOW,0.35,2.0-forward-looking
MRC001405,2026-08-31,0.5952,1,HIGH,0.35,2.0-forward-looking
MRC001406,2026-08-31,0.4987,1,HIGH,0.35,2.0-forward-looking
MRC001407,2026-08-31,0.0909,0,LOW,0.35,2.0-forward-looking
MRC001408,2026-08-31,0.0012,0,LOW,0.35,2.0-forward-looking
MRC001409,2026-08-31,0.2625,0,MEDIUM,0.35,2.0-forward-looking
MRC001410,2026-08-31,0.8023,1,CRITICAL,0.35,2.0-forward-looking
MRC001411,2026-08-31,0.2432,0,MEDIUM,0.35,2.0-forward-looking
MRC001412,2026-08-31,0.2034,0,MEDIUM,0.35,2.0-forward-looking
MRC001413,2026-08-31,0.0097,0,LOW,0.35,2.0-forward-looking
MRC001414,2026-08-31,0.404,1,HIGH,0.35,2.0-forward-looking
MRC001415,2026-08-31,0.0015,0,LOW,0.35,2.0-forward-looking
MRC001416,2026-08-31,0.8915,1,CRITICAL,0.35,2.0-forward-looking
MRC001417,2026-08-31,0.1922,0,LOW,0.35,2.0-forward-looking
MRC001418,2026-08-31,0.2017,0,MEDIUM,0.35,2.0-forward-looking
MRC001419,2026-08-31,0.0012,0,LOW,0.35,2.0-forward-looking
MRC001420,2026-08-31,0.1292,0,LOW,0.35,2.0-forward-looking
MRC001421,2026-08-31,0.1031,0,LOW,0.35,2.0-forward-looking
MRC001422,2026-08-31,0.1821,0,LOW,0.35,2.0-forward-looking
MRC001423,2026-08-31,0.1542,0,LOW,0.35,2.0-forward-looking
MRC001424,2026-08-31,0.0012,0,LOW,0.35,2.0-forward-looking
MRC001425,2026-08-31,0.7391,1,CRITICAL,0.35,2.0-forward-looking
MRC001426,2026-08-31,0.8156,1,CRITICAL,0.35,2.0-forward-looking
MRC001427,2026-08-31,0.0012,0,LOW,0.35,2.0-forward-looking
MRC001428,2026-08-31,0.4463,1,HIGH,0.35,2.0-forward-looking
MRC001429,2026-08-31,0.0678,0,LOW,0.35,2.0-forward-looking
MRC001430,2026-08-31,0.1005,0,LOW,0.35,2.0-forward-looking
MRC001431,2026-08-31,0.0048,0,LOW,0.35,2.0-forward-looking
MRC001432,2026-08-31,0.0075,0,LOW,0.35,2.0-forward-looking
MRC001433,2026-08-31,0.5909,1,HIGH,0.35,2.0-forward-looking
MRC001434,2026-08-31,0.037,0,LOW,0.35,2.0-forward-looking
MRC001435,2026-08-31,0.4331,1,HIGH,0.35,2.0-forward-looking
MRC001436,2026-08-31,0.0641,0,LOW,0.35,2.0-forward-looking
MRC001437,2026-08-31,0.5018,1,HIGH,0.35,2.0-forward-looking
MRC001438,2026-08-31,0.3133,0,MEDIUM,0.35,2.0-forward-looking
MRC001439,2026-08-31,0.0052,0,LOW,0.35,2.0-forward-looking
MRC001440,2026-08-31,0.0028,0,LOW,0.35,2.0-forward-looking
MRC001441,2026-08-31,0.0012,0,LOW,0.35,2.0-forward-looking
MRC001442,2026-08-31,0.8827,1,CRITICAL,0.35,2.0-forward-looking
MRC001443,2026-08-31,0.0192,0,LOW,0.35,2.0-forward-looking
MRC001444,2026-08-31,0.2458,0,MEDIUM,0.35,2.0-forward-looking
MRC001445,2026-08-31,0.5725,1,HIGH,0.35,2.0-forward-looking
MRC001446,2026-08-31,0.907,1,CRITICAL,0.35,2.0-forward-looking
MRC001447,2026-08-31,0.3587,1,HIGH,0.35,2.0-forward-looking
MRC001448,2026-08-31,0.3916,1,HIGH,0.35,2.0-forward-looking
MRC001449,2026-08-31,0.7408,1,CRITICAL,0.35,2.0-forward-looking
MRC001450,2026-08-31,0.5397,1,HIGH,0.35,2.0-forward-looking
MRC001451,2026-08-31,0.0012,0,LOW,0.35,2.0-forward-looking
MRC001452,2026-08-31,0.0012,0,LOW,0.35,2.0-forward-looking
MRC001453,2026-08-31,0.1444,0,LOW,0.35,2.0-forward-looking
MRC001454,2026-08-31,0.6709,1,CRITICAL,0.35,2.0-forward-looking
MRC001455,2026-08-31,0.0785,0,LOW,0.35,2.0-forward-looking
MRC001456,2026-08-31,0.8024,1,CRITICAL,0.35,2.0-forward-looking
MRC001457,2026-08-31,0.2386,0,MEDIUM,0.35,2.0-forward-looking
MRC001458,2026-08-31,0.3803,1,HIGH,0.35,2.0-forward-looking
MRC001459,2026-08-31,0.6492,1,HIGH,0.35,2.0-forward-looking
MRC001460,2026-08-31,0.2231,0,MEDIUM,0.35,2.0-forward-looking
MRC001461,2026-08-31,0.8873,1,CRITICAL,0.35,2.0-forward-looking
MRC001462,2026-08-31,0.1301,0,LOW,0.35,2.0-forward-looking
MRC001463,2026-08-31,0.0012,0,LOW,0.35,2.0-forward-looking
MRC001464,2026-08-31,0.2179,0,MEDIUM,0.35,2.0-forward-looking
MRC001465,2026-08-31,0.0639,0,LOW,0.35,2.0-forward-looking
MRC001466,2026-08-31,0.7831,1,CRITICAL,0.35,2.0-forward-looking
MRC001467,2026-08-31,0.6215,1,HIGH,0.35,2.0-forward-looking
MRC001468,2026-08-31,0.8866,1,CRITICAL,0.35,2.0-forward-looking
MRC001469,2026-08-31,0.0012,0,LOW,0.35,2.0-forward-looking
MRC001470,2026-08-31,0.7544,1,CRITICAL,0.35,2.0-forward-looking
MRC001471,2026-08-31,0.6041,1,HIGH,0.35,2.0-forward-looking
MRC001472,2026-08-31,0.0224,0,LOW,0.35,2.0-forward-looking
MRC001473,2026-08-31,0.1998,0,LOW,0.35,2.0-forward-looking
MRC001474,2026-08-31,0.2164,0,MEDIUM,0.35,2.0-forward-looking
MRC001475,2026-08-31,0.3586,1,HIGH,0.35,2.0-forward-looking
MRC001476,2026-08-31,0.6248,1,HIGH,0.35,2.0-forward-looking
MRC001477,2026-08-31,0.0012,0,LOW,0.35,2.0-forward-looking
MRC001478,2026-08-31,0.2723,0,MEDIUM,0.35,2.0-forward-looking
MRC001479,2026-08-31,0.4051,1,HIGH,0.35,2.0-forward-looking
MRC001480,2026-08-31,0.0012,0,LOW,0.35,2.0-forward-looking
MRC001481,2026-08-31,0.179,0,LOW,0.35,2.0-forward-looking
MRC001482,2026-08-31,0.4203,1,HIGH,0.35,2.0-forward-looking
MRC001483,2026-08-31,0.0012,0,LOW,0.35,2.0-forward-looking
MRC001484,2026-08-31,0.3685,1,HIGH,0.35,2.0-forward-looking
MRC001485,2026-08-31,0.654,1,CRITICAL,0.35,2.0-forward-looking
MRC001486,2026-08-31,0.082,0,LOW,0.35,2.0-forward-looking
MRC001487,2026-08-31,0.3987,1,HIGH,0.35,2.0-forward-looking
MRC001488,2026-08-31,0.5618,1,HIGH,0.35,2.0-forward-looking
MRC001489,2026-08-31,0.7901,1,CRITICAL,0.35,2.0-forward-looking
MRC001490,2026-08-31,0.5286,1,HIGH,0.35,2.0-forward-looking
MRC001491,2026-08-31,0.8557,1,CRITICAL,0.35,2.0-forward-looking
MRC001492,2026-08-31,0.6163,1,HIGH,0.35,2.0-forward-looking
MRC001493,2026-08-31,0.0292,0,LOW,0.35,2.0-forward-looking
MRC001494,2026-08-31,0.3474,0,MEDIUM,0.35,2.0-forward-looking
MRC001495,2026-08-31,0.003,0,LOW,0.35,2.0-forward-looking
MRC001496,2026-08-31,0.0477,0,LOW,0.35,2.0-forward-looking
MRC001497,2026-08-31,0.8231,1,CRITICAL,0.35,2.0-forward-looking
MRC001498,2026-08-31,0.0013,0,LOW,0.35,2.0-forward-looking
MRC001499,2026-08-31,0.2336,0,MEDIUM,0.35,2.0-forward-looking
MRC001500,2026-08-31,0.0012,0,LOW,0.35,2.0-forward-looking
MRC001501,2026-08-31,0.5774,1,HIGH,0.35,2.0-forward-looking
MRC001502,2026-08-31,0.8024,1,CRITICAL,0.35,2.0-forward-looking
MRC001503,2026-08-31,0.0105,0,LOW,0.35,2.0-forward-looking
MRC001504,2026-08-31,0.0031,0,LOW,0.35,2.0-forward-looking
MRC001505,2026-08-31,0.0292,0,LOW,0.35,2.0-forward-looking
MRC001506,2026-08-31,0.14,0,LOW,0.35,2.0-forward-looking
MRC001507,2026-08-31,0.0012,0,LOW,0.35,2.0-forward-looking
MRC001508,2026-08-31,0.2011,0,MEDIUM,0.35,2.0-forward-looking
MRC001509,2026-08-31,0.0012,0,LOW,0.35,2.0-forward-looking
MRC001510,2026-08-31,0.5288,1,HIGH,0.35,2.0-forward-looking
MRC001511,2026-08-31,0.0864,0,LOW,0.35,2.0-forward-looking
MRC001512,2026-08-31,0.1472,0,LOW,0.35,2.0-forward-looking
MRC001513,2026-08-31,0.0012,0,LOW,0.35,2.0-forward-looking
MRC001514,2026-08-31,0.0027,0,LOW,0.35,2.0-forward-looking
MRC001515,2026-08-31,0.9202,1,CRITICAL,0.35,2.0-forward-looking
MRC001516,2026-08-31,0.0954,0,LOW,0.35,2.0-forward-looking
MRC001517,2026-08-31,0.5217,1,HIGH,0.35,2.0-forward-looking
MRC001518,2026-08-31,0.5431,1,HIGH,0.35,2.0-forward-looking
MRC001519,2026-08-31,0.4164,1,HIGH,0.35,2.0-forward-looking
MRC001520,2026-08-31,0.0012,0,LOW,0.35,2.0-forward-looking
MRC001521,2026-08-31,0.0784,0,LOW,0.35,2.0-forward-looking
MRC001522,2026-08-31,0.2219,0,MEDIUM,0.35,2.0-forward-looking
MRC001523,2026-08-31,0.7348,1,CRITICAL,0.35,2.0-forward-looking
MRC001524,2026-08-31,0.0012,0,LOW,0.35,2.0-forward-looking
MRC001525,2026-08-31,0.205,0,MEDIUM,0.35,2.0-forward-looking
MRC001526,2026-08-31,0.163,0,LOW,0.35,2.0-forward-looking
MRC001527,2026-08-31,0.0012,0,LOW,0.35,2.0-forward-looking
MRC001528,2026-08-31,0.6065,1,HIGH,0.35,2.0-forward-looking
MRC001529,2026-08-31,0.6588,1,CRITICAL,0.35,2.0-forward-looking
MRC001530,2026-08-31,0.6464,1,HIGH,0.35,2.0-forward-looking
MRC001531,2026-08-31,0.8359,1,CRITICAL,0.35,2.0-forward-looking
MRC001532,2026-08-31,0.6106,1,HIGH,0.35,2.0-forward-looking
MRC001533,2026-08-31,0.1143,0,LOW,0.35,2.0-forward-looking
MRC001534,2026-08-31,0.1077,0,LOW,0.35,2.0-forward-looking
MRC001535,2026-08-31,0.5367,1,HIGH,0.35,2.0-forward-looking
MRC001536,2026-08-31,0.6494,1,HIGH,0.35,2.0-forward-looking
MRC001537,2026-08-31,0.0152,0,LOW,0.35,2.0-forward-looking
MRC001538,2026-08-31,0.8172,1,CRITICAL,0.35,2.0-forward-looking
MRC001539,2026-08-31,0.427,1,HIGH,0.35,2.0-forward-looking
MRC001540,2026-08-31,0.0498,0,LOW,0.35,2.0-forward-looking
MRC001541,2026-08-31,0.2615,0,MEDIUM,0.35,2.0-forward-looking
MRC001542,2026-08-31,0.5266,1,HIGH,0.35,2.0-forward-looking
MRC001543,2026-08-31,0.557,1,HIGH,0.35,2.0-forward-looking
MRC001544,2026-08-31,0.4226,1,HIGH,0.35,2.0-forward-looking
MRC001545,2026-08-31,0.0012,0,LOW,0.35,2.0-forward-looking
MRC001546,2026-08-31,0.7298,1,CRITICAL,0.35,2.0-forward-looking
MRC001547,2026-08-31,0.0012,0,LOW,0.35,2.0-forward-looking
MRC001548,2026-08-31,0.0012,0,LOW,0.35,2.0-forward-looking
MRC001549,2026-08-31,0.8017,1,CRITICAL,0.35,2.0-forward-looking
MRC001550,2026-08-31,0.3119,0,MEDIUM,0.35,2.0-forward-looking
MRC001551,2026-08-31,0.6654,1,CRITICAL,0.35,2.0-forward-looking
MRC001552,2026-08-31,0.904,1,CRITICAL,0.35,2.0-forward-looking
MRC001553,2026-08-31,0.039,0,LOW,0.35,2.0-forward-looking
MRC001554,2026-08-31,0.0028,0,LOW,0.35,2.0-forward-looking
MRC001555,2026-08-31,0.0012,0,LOW,0.35,2.0-forward-looking
MRC001556,2026-08-31,0.6503,1,CRITICAL,0.35,2.0-forward-looking
MRC001557,2026-08-31,0.0833,0,LOW,0.35,2.0-forward-looking
MRC001558,2026-08-31,0.7734,1,CRITICAL,0.35,2.0-forward-looking
MRC001559,2026-08-31,0.0706,0,LOW,0.35,2.0-forward-looking
MRC001560,2026-08-31,0.5263,1,HIGH,0.35,2.0-forward-looking
MRC001561,2026-08-31,0.0012,0,LOW,0.35,2.0-forward-looking
MRC001562,2026-08-31,0.6794,1,CRITICAL,0.35,2.0-forward-looking
MRC001563,2026-08-31,0.3312,0,MEDIUM,0.35,2.0-forward-looking
MRC001564,2026-08-31,0.0799,0,LOW,0.35,2.0-forward-looking
MRC001565,2026-08-31,0.3502,1,HIGH,0.35,2.0-forward-looking
MRC001566,2026-08-31,0.7385,1,CRITICAL,0.35,2.0-forward-looking
MRC001567,2026-08-31,0.089,0,LOW,0.35,2.0-forward-looking
MRC001568,2026-08-31,0.7158,1,CRITICAL,0.35,2.0-forward-looking
MRC001569,2026-08-31,0.0406,0,LOW,0.35,2.0-forward-looking
MRC001570,2026-08-31,0.0023,0,LOW,0.35,2.0-forward-looking
MRC001571,2026-08-31,0.1075,0,LOW,0.35,2.0-forward-looking
MRC001572,2026-08-31,0.5949,1,HIGH,0.35,2.0-forward-looking
MRC001573,2026-08-31,0.6608,1,CRITICAL,0.35,2.0-forward-looking
MRC001574,2026-08-31,0.2977,0,MEDIUM,0.35,2.0-forward-looking
MRC001575,2026-08-31,0.5663,1,HIGH,0.35,2.0-forward-looking
MRC001576,2026-08-31,0.8026,1,CRITICAL,0.35,2.0-forward-looking
MRC001577,2026-08-31,0.0012,0,LOW,0.35,2.0-forward-looking
MRC001578,2026-08-31,0.0012,0,LOW,0.35,2.0-forward-looking
MRC001579,2026-08-31,0.2131,0,MEDIUM,0.35,2.0-forward-looking
MRC001580,2026-08-31,0.0061,0,LOW,0.35,2.0-forward-looking
MRC001581,2026-08-31,0.0012,0,LOW,0.35,2.0-forward-looking
MRC001582,2026-08-31,0.2483,0,MEDIUM,0.35,2.0-forward-looking
MRC001583,2026-08-31,0.7871,1,CRITICAL,0.35,2.0-forward-looking
MRC001584,2026-08-31,0.0012,0,LOW,0.35,2.0-forward-looking
MRC001585,2026-08-31,0.2626,0,MEDIUM,0.35,2.0-forward-looking
MRC001586,2026-08-31,0.3072,0,MEDIUM,0.35,2.0-forward-looking
MRC001587,2026-08-31,0.1424,0,LOW,0.35,2.0-forward-looking
MRC001588,2026-08-31,0.6454,1,HIGH,0.35,2.0-forward-looking
MRC001589,2026-08-31,0.0012,0,LOW,0.35,2.0-forward-looking
MRC001590,2026-08-31,0.4611,1,HIGH,0.35,2.0-forward-looking
MRC001591,2026-08-31,0.2244,0,MEDIUM,0.35,2.0-forward-looking
MRC001592,2026-08-31,0.0012,0,LOW,0.35,2.0-forward-looking
MRC001593,2026-08-31,0.0012,0,LOW,0.35,2.0-forward-looking
MRC001594,2026-08-31,0.0015,0,LOW,0.35,2.0-forward-looking
MRC001595,2026-08-31,0.3545,1,HIGH,0.35,2.0-forward-looking
MRC001596,2026-08-31,0.3389,0,MEDIUM,0.35,2.0-forward-looking
MRC001597,2026-08-31,0.7911,1,CRITICAL,0.35,2.0-forward-looking
MRC001598,2026-08-31,0.1839,0,LOW,0.35,2.0-forward-looking
MRC001599,2026-08-31,0.4563,1,HIGH,0.35,2.0-forward-looking
MRC001600,2026-08-31,0.0786,0,LOW,0.35,2.0-forward-looking
MRC001601,2026-08-31,0.0012,0,LOW,0.35,2.0-forward-looking
MRC001602,2026-08-31,0.0277,0,LOW,0.35,2.0-forward-looking
MRC001603,2026-08-31,0.0012,0,LOW,0.35,2.0-forward-looking
MRC001604,2026-08-31,0.0597,0,LOW,0.35,2.0-forward-looking
MRC001605,2026-08-31,0.0091,0,LOW,0.35,2.0-forward-looking
MRC001606,2026-08-31,0.0548,0,LOW,0.35,2.0-forward-looking
MRC001607,2026-08-31,0.0012,0,LOW,0.35,2.0-forward-looking
MRC001608,2026-08-31,0.0012,0,LOW,0.35,2.0-forward-looking
MRC001609,2026-08-31,0.0591,0,LOW,0.35,2.0-forward-looking
MRC001610,2026-08-31,0.757,1,CRITICAL,0.35,2.0-forward-looking
MRC001611,2026-08-31,0.0029,0,LOW,0.35,2.0-forward-looking
MRC001612,2026-08-31,0.0538,0,LOW,0.35,2.0-forward-looking
MRC001613,2026-08-31,0.1103,0,LOW,0.35,2.0-forward-looking
MRC001614,2026-08-31,0.0451,0,LOW,0.35,2.0-forward-looking
MRC001615,2026-08-31,0.0423,0,LOW,0.35,2.0-forward-looking
MRC001616,2026-08-31,0.0012,0,LOW,0.35,2.0-forward-looking
MRC001617,2026-08-31,0.3429,0,MEDIUM,0.35,2.0-forward-looking
MRC001618,2026-08-31,0.0381,0,LOW,0.35,2.0-forward-looking
MRC001619,2026-08-31,0.5425,1,HIGH,0.35,2.0-forward-looking
MRC001620,2026-08-31,0.0029,0,LOW,0.35,2.0-forward-looking
MRC001621,2026-08-31,0.245,0,MEDIUM,0.35,2.0-forward-looking
MRC001622,2026-08-31,0.684,1,CRITICAL,0.35,2.0-forward-looking
MRC001623,2026-08-31,0.3339,0,MEDIUM,0.35,2.0-forward-looking
MRC001624,2026-08-31,0.2567,0,MEDIUM,0.35,2.0-forward-looking
MRC001625,2026-08-31,0.4568,1,HIGH,0.35,2.0-forward-looking
MRC001626,2026-08-31,0.8233,1,CRITICAL,0.35,2.0-forward-looking
MRC001627,2026-08-31,0.6137,1,HIGH,0.35,2.0-forward-looking
MRC001628,2026-08-31,0.8893,1,CRITICAL,0.35,2.0-forward-looking
MRC001629,2026-08-31,0.045,0,LOW,0.35,2.0-forward-looking
MRC001630,2026-08-31,0.3032,0,MEDIUM,0.35,2.0-forward-looking
MRC001631,2026-08-31,0.9179,1,CRITICAL,0.35,2.0-forward-looking
MRC001632,2026-08-31,0.8276,1,CRITICAL,0.35,2.0-forward-looking
MRC001633,2026-08-31,0.1179,0,LOW,0.35,2.0-forward-looking
MRC001634,2026-08-31,0.7971,1,CRITICAL,0.35,2.0-forward-looking
MRC001635,2026-08-31,0.0012,0,LOW,0.35,2.0-forward-looking
MRC001636,2026-08-31,0.8979,1,CRITICAL,0.35,2.0-forward-looking
MRC001637,2026-08-31,0.8806,1,CRITICAL,0.35,2.0-forward-looking
MRC001638,2026-08-31,0.7976,1,CRITICAL,0.35,2.0-forward-looking
MRC001639,2026-08-31,0.0012,0,LOW,0.35,2.0-forward-looking
MRC001640,2026-08-31,0.0012,0,LOW,0.35,2.0-forward-looking
MRC001641,2026-08-31,0.0046,0,LOW,0.35,2.0-forward-looking
MRC001642,2026-08-31,0.7997,1,CRITICAL,0.35,2.0-forward-looking
MRC001643,2026-08-31,0.5299,1,HIGH,0.35,2.0-forward-looking
MRC001644,2026-08-31,0.6172,1,HIGH,0.35,2.0-forward-looking
MRC001645,2026-08-31,0.0038,0,LOW,0.35,2.0-forward-looking
MRC001646,2026-08-31,0.0784,0,LOW,0.35,2.0-forward-looking
MRC001647,2026-08-31,0.7162,1,CRITICAL,0.35,2.0-forward-looking
MRC001648,2026-08-31,0.0012,0,LOW,0.35,2.0-forward-looking
MRC001649,2026-08-31,0.0012,0,LOW,0.35,2.0-forward-looking
MRC001650,2026-08-31,0.2212,0,MEDIUM,0.35,2.0-forward-looking
MRC001651,2026-08-31,0.0045,0,LOW,0.35,2.0-forward-looking
MRC001652,2026-08-31,0.8047,1,CRITICAL,0.35,2.0-forward-looking
MRC001653,2026-08-31,0.6851,1,CRITICAL,0.35,2.0-forward-looking
MRC001654,2026-08-31,0.8403,1,CRITICAL,0.35,2.0-forward-looking
MRC001655,2026-08-31,0.2193,0,MEDIUM,0.35,2.0-forward-looking
MRC001656,2026-08-31,0.1162,0,LOW,0.35,2.0-forward-looking
MRC001657,2026-08-31,0.0012,0,LOW,0.35,2.0-forward-looking
MRC001658,2026-08-31,0.1812,0,LOW,0.35,2.0-forward-looking
MRC001659,2026-08-31,0.0012,0,LOW,0.35,2.0-forward-looking
MRC001660,2026-08-31,0.0031,0,LOW,0.35,2.0-forward-looking
MRC001661,2026-08-31,0.2488,0,MEDIUM,0.35,2.0-forward-looking
MRC001662,2026-08-31,0.5243,1,HIGH,0.35,2.0-forward-looking
MRC001663,2026-08-31,0.7905,1,CRITICAL,0.35,2.0-forward-looking
MRC001664,2026-08-31,0.0012,0,LOW,0.35,2.0-forward-looking
MRC001665,2026-08-31,0.7614,1,CRITICAL,0.35,2.0-forward-looking
MRC001666,2026-08-31,0.9067,1,CRITICAL,0.35,2.0-forward-looking
MRC001667,2026-08-31,0.1687,0,LOW,0.35,2.0-forward-looking
MRC001668,2026-08-31,0.5503,1,HIGH,0.35,2.0-forward-looking
MRC001669,2026-08-31,0.1647,0,LOW,0.35,2.0-forward-looking
MRC001670,2026-08-31,0.4209,1,HIGH,0.35,2.0-forward-looking
MRC001671,2026-08-31,0.0012,0,LOW,0.35,2.0-forward-looking
MRC001672,2026-08-31,0.0027,0,LOW,0.35,2.0-forward-looking
MRC001673,2026-08-31,0.0074,0,LOW,0.35,2.0-forward-looking
MRC001674,2026-08-31,0.5086,1,HIGH,0.35,2.0-forward-looking
MRC001675,2026-08-31,0.8937,1,CRITICAL,0.35,2.0-forward-looking
MRC001676,2026-08-31,0.6217,1,HIGH,0.35,2.0-forward-looking
MRC001677,2026-08-31,0.6817,1,CRITICAL,0.35,2.0-forward-looking
MRC001678,2026-08-31,0.0012,0,LOW,0.35,2.0-forward-looking
MRC001679,2026-08-31,0.2979,0,MEDIUM,0.35,2.0-forward-looking
MRC001680,2026-08-31,0.1659,0,LOW,0.35,2.0-forward-looking
MRC001681,2026-08-31,0.0012,0,LOW,0.35,2.0-forward-looking
MRC001682,2026-08-31,0.3594,1,HIGH,0.35,2.0-forward-looking
MRC001683,2026-08-31,0.6593,1,CRITICAL,0.35,2.0-forward-looking
MRC001684,2026-08-31,0.0012,0,LOW,0.35,2.0-forward-looking
MRC001685,2026-08-31,0.4598,1,HIGH,0.35,2.0-forward-looking
MRC001686,2026-08-31,0.0691,0,LOW,0.35,2.0-forward-looking
MRC001687,2026-08-31,0.0027,0,LOW,0.35,2.0-forward-looking
MRC001688,2026-08-31,0.7683,1,CRITICAL,0.35,2.0-forward-looking
MRC001689,2026-08-31,0.0643,0,LOW,0.35,2.0-forward-looking
MRC001690,2026-08-31,0.0012,0,LOW,0.35,2.0-forward-looking
MRC001691,2026-08-31,0.3823,1,HIGH,0.35,2.0-forward-looking
MRC001692,2026-08-31,0.0012,0,LOW,0.35,2.0-forward-looking
MRC001693,2026-08-31,0.7417,1,CRITICAL,0.35,2.0-forward-looking
MRC001694,2026-08-31,0.0012,0,LOW,0.35,2.0-forward-looking
MRC001695,2026-08-31,0.5728,1,HIGH,0.35,2.0-forward-looking
MRC001696,2026-08-31,0.3259,0,MEDIUM,0.35,2.0-forward-looking
MRC001697,2026-08-31,0.0012,0,LOW,0.35,2.0-forward-looking
MRC001698,2026-08-31,0.0012,0,LOW,0.35,2.0-forward-looking
MRC001699,2026-08-31,0.0149,0,LOW,0.35,2.0-forward-looking
MRC001700,2026-08-31,0.7044,1,CRITICAL,0.35,2.0-forward-looking
MRC001701,2026-08-31,0.0482,0,LOW,0.35,2.0-forward-looking
MRC001702,2026-08-31,0.1964,0,LOW,0.35,2.0-forward-looking
MRC001703,2026-08-31,0.7966,1,CRITICAL,0.35,2.0-forward-looking
MRC001704,2026-08-31,0.0037,0,LOW,0.35,2.0-forward-looking
MRC001705,2026-08-31,0.2465,0,MEDIUM,0.35,2.0-forward-looking
MRC001706,2026-08-31,0.7456,1,CRITICAL,0.35,2.0-forward-looking
MRC001707,2026-08-31,0.6801,1,CRITICAL,0.35,2.0-forward-looking
MRC001708,2026-08-31,0.0012,0,LOW,0.35,2.0-forward-looking
MRC001709,2026-08-31,0.5725,1,HIGH,0.35,2.0-forward-looking
MRC001710,2026-08-31,0.7572,1,CRITICAL,0.35,2.0-forward-looking
MRC001711,2026-08-31,0.1802,0,LOW,0.35,2.0-forward-looking
MRC001712,2026-08-31,0.0012,0,LOW,0.35,2.0-forward-looking
MRC001713,2026-08-31,0.8518,1,CRITICAL,0.35,2.0-forward-looking
MRC001714,2026-08-31,0.5676,1,HIGH,0.35,2.0-forward-looking
MRC001715,2026-08-31,0.5397,1,HIGH,0.35,2.0-forward-looking
MRC001716,2026-08-31,0.5228,1,HIGH,0.35,2.0-forward-looking
MRC001717,2026-08-31,0.1006,0,LOW,0.35,2.0-forward-looking
MRC001718,2026-08-31,0.6886,1,CRITICAL,0.35,2.0-forward-looking
MRC001719,2026-08-31,0.0012,0,LOW,0.35,2.0-forward-looking
MRC001720,2026-08-31,0.267,0,MEDIUM,0.35,2.0-forward-looking
MRC001721,2026-08-31,0.7325,1,CRITICAL,0.35,2.0-forward-looking
MRC001722,2026-08-31,0.8005,1,CRITICAL,0.35,2.0-forward-looking
MRC001723,2026-08-31,0.5498,1,HIGH,0.35,2.0-forward-looking
MRC001724,2026-08-31,0.4658,1,HIGH,0.35,2.0-forward-looking
MRC001725,2026-08-31,0.0505,0,LOW,0.35,2.0-forward-looking
MRC001726,2026-08-31,0.6323,1,HIGH,0.35,2.0-forward-looking
MRC001727,2026-08-31,0.2608,0,MEDIUM,0.35,2.0-forward-looking
MRC001728,2026-08-31,0.6355,1,HIGH,0.35,2.0-forward-looking
MRC001729,2026-08-31,0.8477,1,CRITICAL,0.35,2.0-forward-looking
MRC001730,2026-08-31,0.0031,0,LOW,0.35,2.0-forward-looking
MRC001731,2026-08-31,0.0012,0,LOW,0.35,2.0-forward-looking
MRC001732,2026-08-31,0.0012,0,LOW,0.35,2.0-forward-looking
MRC001733,2026-08-31,0.7669,1,CRITICAL,0.35,2.0-forward-looking
MRC001734,2026-08-31,0.5557,1,HIGH,0.35,2.0-forward-looking
MRC001735,2026-08-31,0.0012,0,LOW,0.35,2.0-forward-looking
MRC001736,2026-08-31,0.548,1,HIGH,0.35,2.0-forward-looking
MRC001737,2026-08-31,0.7486,1,CRITICAL,0.35,2.0-forward-looking
MRC001738,2026-08-31,0.0012,0,LOW,0.35,2.0-forward-looking
MRC001739,2026-08-31,0.3651,1,HIGH,0.35,2.0-forward-looking
MRC001740,2026-08-31,0.0036,0,LOW,0.35,2.0-forward-looking
MRC001741,2026-08-31,0.6598,1,CRITICAL,0.35,2.0-forward-looking
MRC001742,2026-08-31,0.5786,1,HIGH,0.35,2.0-forward-looking
MRC001743,2026-08-31,0.0301,0,LOW,0.35,2.0-forward-looking
MRC001744,2026-08-31,0.666,1,CRITICAL,0.35,2.0-forward-looking
MRC001745,2026-08-31,0.0031,0,LOW,0.35,2.0-forward-looking
MRC001746,2026-08-31,0.6457,1,HIGH,0.35,2.0-forward-looking
MRC001747,2026-08-31,0.1266,0,LOW,0.35,2.0-forward-looking
MRC001748,2026-08-31,0.0012,0,LOW,0.35,2.0-forward-looking
MRC001749,2026-08-31,0.7485,1,CRITICAL,0.35,2.0-forward-looking
MRC001750,2026-08-31,0.1969,0,LOW,0.35,2.0-forward-looking
MRC001751,2026-08-31,0.0029,0,LOW,0.35,2.0-forward-looking
MRC001752,2026-08-31,0.0053,0,LOW,0.35,2.0-forward-looking
MRC001753,2026-08-31,0.0644,0,LOW,0.35,2.0-forward-looking
MRC001754,2026-08-31,0.7632,1,CRITICAL,0.35,2.0-forward-looking
MRC001755,2026-08-31,0.1098,0,LOW,0.35,2.0-forward-looking
MRC001756,2026-08-31,0.5809,1,HIGH,0.35,2.0-forward-looking
MRC001757,2026-08-31,0.9125,1,CRITICAL,0.35,2.0-forward-looking
MRC001758,2026-08-31,0.0038,0,LOW,0.35,2.0-forward-looking
MRC001759,2026-08-31,0.6361,1,HIGH,0.35,2.0-forward-looking
MRC001760,2026-08-31,0.618,1,HIGH,0.35,2.0-forward-looking
MRC001761,2026-08-31,0.5401,1,HIGH,0.35,2.0-forward-looking
MRC001762,2026-08-31,0.6002,1,HIGH,0.35,2.0-forward-looking
MRC001763,2026-08-31,0.6729,1,CRITICAL,0.35,2.0-forward-looking
MRC001764,2026-08-31,0.875,1,CRITICAL,0.35,2.0-forward-looking
MRC001765,2026-08-31,0.0428,0,LOW,0.35,2.0-forward-looking
MRC001766,2026-08-31,0.0012,0,LOW,0.35,2.0-forward-looking
MRC001767,2026-08-31,0.2925,0,MEDIUM,0.35,2.0-forward-looking
MRC001768,2026-08-31,0.7918,1,CRITICAL,0.35,2.0-forward-looking
MRC001769,2026-08-31,0.5842,1,HIGH,0.35,2.0-forward-looking
MRC001770,2026-08-31,0.0363,0,LOW,0.35,2.0-forward-looking
MRC001771,2026-08-31,0.9172,1,CRITICAL,0.35,2.0-forward-looking
MRC001772,2026-08-31,0.6709,1,CRITICAL,0.35,2.0-forward-looking
MRC001773,2026-08-31,0.7888,1,CRITICAL,0.35,2.0-forward-looking
MRC001774,2026-08-31,0.1858,0,LOW,0.35,2.0-forward-looking
MRC001775,2026-08-31,0.0015,0,LOW,0.35,2.0-forward-looking
MRC001776,2026-08-31,0.6842,1,CRITICAL,0.35,2.0-forward-looking
MRC001777,2026-08-31,0.0028,0,LOW,0.35,2.0-forward-looking
MRC001778,2026-08-31,0.7365,1,CRITICAL,0.35,2.0-forward-looking
MRC001779,2026-08-31,0.7486,1,CRITICAL,0.35,2.0-forward-looking
MRC001780,2026-08-31,0.0012,0,LOW,0.35,2.0-forward-looking
MRC001781,2026-08-31,0.0012,0,LOW,0.35,2.0-forward-looking
MRC001782,2026-08-31,0.04,0,LOW,0.35,2.0-forward-looking
MRC001783,2026-08-31,0.0046,0,LOW,0.35,2.0-forward-looking
MRC001784,2026-08-31,0.0637,0,LOW,0.35,2.0-forward-looking
MRC001785,2026-08-31,0.2037,0,MEDIUM,0.35,2.0-forward-looking
MRC001786,2026-08-31,0.0202,0,LOW,0.35,2.0-forward-looking
MRC001787,2026-08-31,0.0962,0,LOW,0.35,2.0-forward-looking
MRC001788,2026-08-31,0.0012,0,LOW,0.35,2.0-forward-looking
MRC001789,2026-08-31,0.0678,0,LOW,0.35,2.0-forward-looking
MRC001790,2026-08-31,0.1734,0,LOW,0.35,2.0-forward-looking
MRC001791,2026-08-31,0.6489,1,HIGH,0.35,2.0-forward-looking
MRC001792,2026-08-31,0.0012,0,LOW,0.35,2.0-forward-looking
MRC001793,2026-08-31,0.0012,0,LOW,0.35,2.0-forward-looking
MRC001794,2026-08-31,0.0012,0,LOW,0.35,2.0-forward-looking
MRC001795,2026-08-31,0.0079,0,LOW,0.35,2.0-forward-looking
MRC001796,2026-08-31,0.0075,0,LOW,0.35,2.0-forward-looking
MRC001797,2026-08-31,0.0016,0,LOW,0.35,2.0-forward-looking
MRC001798,2026-08-31,0.0012,0,LOW,0.35,2.0-forward-looking
MRC001799,2026-08-31,0.619,1,HIGH,0.35,2.0-forward-looking
MRC001800,2026-08-31,0.0012,0,LOW,0.35,2.0-forward-looking
MRC001801,2026-08-31,0.8455,1,CRITICAL,0.35,2.0-forward-looking
MRC001802,2026-08-31,0.0012,0,LOW,0.35,2.0-forward-looking
MRC001803,2026-08-31,0.5691,1,HIGH,0.35,2.0-forward-looking
MRC001804,2026-08-31,0.0736,0,LOW,0.35,2.0-forward-looking
MRC001805,2026-08-31,0.9053,1,CRITICAL,0.35,2.0-forward-looking
MRC001806,2026-08-31,0.2204,0,MEDIUM,0.35,2.0-forward-looking
MRC001807,2026-08-31,0.119,0,LOW,0.35,2.0-forward-looking
MRC001808,2026-08-31,0.0722,0,LOW,0.35,2.0-forward-looking
MRC001809,2026-08-31,0.2644,0,MEDIUM,0.35,2.0-forward-looking
MRC001810,2026-08-31,0.8422,1,CRITICAL,0.35,2.0-forward-looking
MRC001811,2026-08-31,0.6836,1,CRITICAL,0.35,2.0-forward-looking
MRC001812,2026-08-31,0.6253,1,HIGH,0.35,2.0-forward-looking
MRC001813,2026-08-31,0.0036,0,LOW,0.35,2.0-forward-looking
MRC001814,2026-08-31,0.2495,0,MEDIUM,0.35,2.0-forward-looking
MRC001815,2026-08-31,0.8923,1,CRITICAL,0.35,2.0-forward-looking
MRC001816,2026-08-31,0.1853,0,LOW,0.35,2.0-forward-looking
MRC001817,2026-08-31,0.0853,0,LOW,0.35,2.0-forward-looking
MRC001818,2026-08-31,0.0012,0,LOW,0.35,2.0-forward-looking
MRC001819,2026-08-31,0.0034,0,LOW,0.35,2.0-forward-looking
MRC001820,2026-08-31,0.6534,1,CRITICAL,0.35,2.0-forward-looking
MRC001821,2026-08-31,0.0015,0,LOW,0.35,2.0-forward-looking
MRC001822,2026-08-31,0.7521,1,CRITICAL,0.35,2.0-forward-looking
MRC001823,2026-08-31,0.1963,0,LOW,0.35,2.0-forward-looking
MRC001824,2026-08-31,0.103,0,LOW,0.35,2.0-forward-looking
MRC001825,2026-08-31,0.0028,0,LOW,0.35,2.0-forward-looking
MRC001826,2026-08-31,0.0012,0,LOW,0.35,2.0-forward-looking
MRC001827,2026-08-31,0.0012,0,LOW,0.35,2.0-forward-looking
MRC001828,2026-08-31,0.7736,1,CRITICAL,0.35,2.0-forward-looking
MRC001829,2026-08-31,0.051,0,LOW,0.35,2.0-forward-looking
MRC001830,2026-08-31,0.1104,0,LOW,0.35,2.0-forward-looking
MRC001831,2026-08-31,0.5384,1,HIGH,0.35,2.0-forward-looking
MRC001832,2026-08-31,0.6388,1,HIGH,0.35,2.0-forward-looking
MRC001833,2026-08-31,0.0012,0,LOW,0.35,2.0-forward-looking
MRC001834,2026-08-31,0.0012,0,LOW,0.35,2.0-forward-looking
MRC001835,2026-08-31,0.0012,0,LOW,0.35,2.0-forward-looking
MRC001836,2026-08-31,0.6108,1,HIGH,0.35,2.0-forward-looking
MRC001837,2026-08-31,0.42,1,HIGH,0.35,2.0-forward-looking
MRC001838,2026-08-31,0.0179,0,LOW,0.35,2.0-forward-looking
MRC001839,2026-08-31,0.0032,0,LOW,0.35,2.0-forward-looking
MRC001840,2026-08-31,0.5247,1,HIGH,0.35,2.0-forward-looking
MRC001841,2026-08-31,0.0012,0,LOW,0.35,2.0-forward-looking
MRC001842,2026-08-31,0.0556,0,LOW,0.35,2.0-forward-looking
MRC001843,2026-08-31,0.8072,1,CRITICAL,0.35,2.0-forward-looking
MRC001844,2026-08-31,0.1456,0,LOW,0.35,2.0-forward-looking
MRC001845,2026-08-31,0.0012,0,LOW,0.35,2.0-forward-looking
MRC001846,2026-08-31,0.3812,1,HIGH,0.35,2.0-forward-looking
MRC001847,2026-08-31,0.6933,1,CRITICAL,0.35,2.0-forward-looking
MRC001848,2026-08-31,0.6418,1,HIGH,0.35,2.0-forward-looking
MRC001849,2026-08-31,0.0488,0,LOW,0.35,2.0-forward-looking
MRC001850,2026-08-31,0.6006,1,HIGH,0.35,2.0-forward-looking
MRC001851,2026-08-31,0.0056,0,LOW,0.35,2.0-forward-looking
MRC001852,2026-08-31,0.0012,0,LOW,0.35,2.0-forward-looking
MRC001853,2026-08-31,0.3614,1,HIGH,0.35,2.0-forward-looking
MRC001854,2026-08-31,0.4063,1,HIGH,0.35,2.0-forward-looking
MRC001855,2026-08-31,0.2185,0,MEDIUM,0.35,2.0-forward-looking
MRC001856,2026-08-31,0.1173,0,LOW,0.35,2.0-forward-looking
MRC001857,2026-08-31,0.4219,1,HIGH,0.35,2.0-forward-looking
MRC001858,2026-08-31,0.2198,0,MEDIUM,0.35,2.0-forward-looking
MRC001859,2026-08-31,0.2119,0,MEDIUM,0.35,2.0-forward-looking
MRC001860,2026-08-31,0.0012,0,LOW,0.35,2.0-forward-looking
MRC001861,2026-08-31,0.0036,0,LOW,0.35,2.0-forward-looking
MRC001862,2026-08-31,0.0012,0,LOW,0.35,2.0-forward-looking
MRC001863,2026-08-31,0.7174,1,CRITICAL,0.35,2.0-forward-looking
MRC001864,2026-08-31,0.3984,1,HIGH,0.35,2.0-forward-looking
MRC001865,2026-08-31,0.0012,0,LOW,0.35,2.0-forward-looking
MRC001866,2026-08-31,0.6965,1,CRITICAL,0.35,2.0-forward-looking
MRC001867,2026-08-31,0.5803,1,HIGH,0.35,2.0-forward-looking
MRC001868,2026-08-31,0.4425,1,HIGH,0.35,2.0-forward-looking
MRC001869,2026-08-31,0.0012,0,LOW,0.35,2.0-forward-looking
MRC001870,2026-08-31,0.8084,1,CRITICAL,0.35,2.0-forward-looking
MRC001871,2026-08-31,0.0422,0,LOW,0.35,2.0-forward-looking
MRC001872,2026-08-31,0.0012,0,LOW,0.35,2.0-forward-looking
MRC001873,2026-08-31,0.5888,1,HIGH,0.35,2.0-forward-looking
MRC001874,2026-08-31,0.4629,1,HIGH,0.35,2.0-forward-looking
MRC001875,2026-08-31,0.7196,1,CRITICAL,0.35,2.0-forward-looking
MRC001876,2026-08-31,0.0035,0,LOW,0.35,2.0-forward-looking
MRC001877,2026-08-31,0.0012,0,LOW,0.35,2.0-forward-looking
MRC001878,2026-08-31,0.4505,1,HIGH,0.35,2.0-forward-looking
MRC001879,2026-08-31,0.5031,1,HIGH,0.35,2.0-forward-looking
MRC001880,2026-08-31,0.0012,0,LOW,0.35,2.0-forward-looking
MRC001881,2026-08-31,0.6345,1,HIGH,0.35,2.0-forward-looking
MRC001882,2026-08-31,0.9013,1,CRITICAL,0.35,2.0-forward-looking
MRC001883,2026-08-31,0.0012,0,LOW,0.35,2.0-forward-looking
MRC001884,2026-08-31,0.1126,0,LOW,0.35,2.0-forward-looking
MRC001885,2026-08-31,0.0787,0,LOW,0.35,2.0-forward-looking
MRC001886,2026-08-31,0.0012,0,LOW,0.35,2.0-forward-looking
MRC001887,2026-08-31,0.7904,1,CRITICAL,0.35,2.0-forward-looking
MRC001888,2026-08-31,0.2373,0,MEDIUM,0.35,2.0-forward-looking
MRC001889,2026-08-31,0.7139,1,CRITICAL,0.35,2.0-forward-looking
MRC001890,2026-08-31,0.0072,0,LOW,0.35,2.0-forward-looking
MRC001891,2026-08-31,0.7795,1,CRITICAL,0.35,2.0-forward-looking
MRC001892,2026-08-31,0.7407,1,CRITICAL,0.35,2.0-forward-looking
MRC001893,2026-08-31,0.0031,0,LOW,0.35,2.0-forward-looking
MRC001894,2026-08-31,0.3909,1,HIGH,0.35,2.0-forward-looking
MRC001895,2026-08-31,0.8177,1,CRITICAL,0.35,2.0-forward-looking
MRC001896,2026-08-31,0.6777,1,CRITICAL,0.35,2.0-forward-looking
MRC001897,2026-08-31,0.1581,0,LOW,0.35,2.0-forward-looking
MRC001898,2026-08-31,0.8163,1,CRITICAL,0.35,2.0-forward-looking
MRC001899,2026-08-31,0.2052,0,MEDIUM,0.35,2.0-forward-looking
MRC001900,2026-08-31,0.0012,0,LOW,0.35,2.0-forward-looking
MRC001901,2026-08-31,0.0512,0,LOW,0.35,2.0-forward-looking
MRC001902,2026-08-31,0.1208,0,LOW,0.35,2.0-forward-looking
MRC001903,2026-08-31,0.0551,0,LOW,0.35,2.0-forward-looking
MRC001904,2026-08-31,0.7971,1,CRITICAL,0.35,2.0-forward-looking
MRC001905,2026-08-31,0.0688,0,LOW,0.35,2.0-forward-looking
MRC001906,2026-08-31,0.7003,1,CRITICAL,0.35,2.0-forward-looking
MRC001907,2026-08-31,0.8605,1,CRITICAL,0.35,2.0-forward-looking
MRC001908,2026-08-31,0.1644,0,LOW,0.35,2.0-forward-looking
MRC001909,2026-08-31,0.9012,1,CRITICAL,0.35,2.0-forward-looking
MRC001910,2026-08-31,0.8268,1,CRITICAL,0.35,2.0-forward-looking
MRC001911,2026-08-31,0.5212,1,HIGH,0.35,2.0-forward-looking
MRC001912,2026-08-31,0.6449,1,HIGH,0.35,2.0-forward-looking
MRC001913,2026-08-31,0.0012,0,LOW,0.35,2.0-forward-looking
MRC001914,2026-08-31,0.0012,0,LOW,0.35,2.0-forward-looking
MRC001915,2026-08-31,0.2661,0,MEDIUM,0.35,2.0-forward-looking
MRC001916,2026-08-31,0.374,1,HIGH,0.35,2.0-forward-looking
MRC001917,2026-08-31,0.6585,1,CRITICAL,0.35,2.0-forward-looking
MRC001918,2026-08-31,0.0012,0,LOW,0.35,2.0-forward-looking
MRC001919,2026-08-31,0.8913,1,CRITICAL,0.35,2.0-forward-looking
MRC001920,2026-08-31,0.148,0,LOW,0.35,2.0-forward-looking
MRC001921,2026-08-31,0.6166,1,HIGH,0.35,2.0-forward-looking
MRC001922,2026-08-31,0.3027,0,MEDIUM,0.35,2.0-forward-looking
MRC001923,2026-08-31,0.0031,0,LOW,0.35,2.0-forward-looking
MRC001924,2026-08-31,0.0048,0,LOW,0.35,2.0-forward-looking
MRC001925,2026-08-31,0.0013,0,LOW,0.35,2.0-forward-looking
MRC001926,2026-08-31,0.9453,1,CRITICAL,0.35,2.0-forward-looking
MRC001927,2026-08-31,0.0012,0,LOW,0.35,2.0-forward-looking
MRC001928,2026-08-31,0.2181,0,MEDIUM,0.35,2.0-forward-looking
MRC001929,2026-08-31,0.4692,1,HIGH,0.35,2.0-forward-looking
MRC001930,2026-08-31,0.0012,0,LOW,0.35,2.0-forward-looking
MRC001931,2026-08-31,0.0226,0,LOW,0.35,2.0-forward-looking
MRC001932,2026-08-31,0.428,1,HIGH,0.35,2.0-forward-looking
MRC001933,2026-08-31,0.0012,0,LOW,0.35,2.0-forward-looking
MRC001934,2026-08-31,0.2439,0,MEDIUM,0.35,2.0-forward-looking
MRC001935,2026-08-31,0.7199,1,CRITICAL,0.35,2.0-forward-looking
MRC001936,2026-08-31,0.5285,1,HIGH,0.35,2.0-forward-looking
MRC001937,2026-08-31,0.5535,1,HIGH,0.35,2.0-forward-looking
MRC001938,2026-08-31,0.6352,1,HIGH,0.35,2.0-forward-looking
MRC001939,2026-08-31,0.1734,0,LOW,0.35,2.0-forward-looking
MRC001940,2026-08-31,0.0012,0,LOW,0.35,2.0-forward-looking
MRC001941,2026-08-31,0.1388,0,LOW,0.35,2.0-forward-looking
MRC001942,2026-08-31,0.0012,0,LOW,0.35,2.0-forward-looking
MRC001943,2026-08-31,0.5863,1,HIGH,0.35,2.0-forward-looking
MRC001944,2026-08-31,0.0012,0,LOW,0.35,2.0-forward-looking
MRC001945,2026-08-31,0.0012,0,LOW,0.35,2.0-forward-looking
MRC001946,2026-08-31,0.0012,0,LOW,0.35,2.0-forward-looking
MRC001947,2026-08-31,0.0012,0,LOW,0.35,2.0-forward-looking
MRC001948,2026-08-31,0.7029,1,CRITICAL,0.35,2.0-forward-looking
MRC001949,2026-08-31,0.0857,0,LOW,0.35,2.0-forward-looking
MRC001950,2026-08-31,0.3519,1,HIGH,0.35,2.0-forward-looking
MRC001951,2026-08-31,0.2751,0,MEDIUM,0.35,2.0-forward-looking
MRC001952,2026-08-31,0.5627,1,HIGH,0.35,2.0-forward-looking
MRC001953,2026-08-31,0.7949,1,CRITICAL,0.35,2.0-forward-looking
MRC001954,2026-08-31,0.622,1,HIGH,0.35,2.0-forward-looking
MRC001955,2026-08-31,0.1305,0,LOW,0.35,2.0-forward-looking
MRC001956,2026-08-31,0.0338,0,LOW,0.35,2.0-forward-looking
MRC001957,2026-08-31,0.7331,1,CRITICAL,0.35,2.0-forward-looking
MRC001958,2026-08-31,0.5795,1,HIGH,0.35,2.0-forward-looking
MRC001959,2026-08-31,0.5018,1,HIGH,0.35,2.0-forward-looking
MRC001960,2026-08-31,0.6738,1,CRITICAL,0.35,2.0-forward-looking
MRC001961,2026-08-31,0.0785,0,LOW,0.35,2.0-forward-looking
MRC001962,2026-08-31,0.0578,0,LOW,0.35,2.0-forward-looking
MRC001963,2026-08-31,0.0012,0,LOW,0.35,2.0-forward-looking
MRC001964,2026-08-31,0.6112,1,HIGH,0.35,2.0-forward-looking
MRC001965,2026-08-31,0.0976,0,LOW,0.35,2.0-forward-looking
MRC001966,2026-08-31,0.0012,0,LOW,0.35,2.0-forward-looking
MRC001967,2026-08-31,0.6518,1,CRITICAL,0.35,2.0-forward-looking
MRC001968,2026-08-31,0.0012,0,LOW,0.35,2.0-forward-looking
MRC001969,2026-08-31,0.4967,1,HIGH,0.35,2.0-forward-looking
MRC001970,2026-08-31,0.1446,0,LOW,0.35,2.0-forward-looking
MRC001971,2026-08-31,0.3383,0,MEDIUM,0.35,2.0-forward-looking
MRC001972,2026-08-31,0.0972,0,LOW,0.35,2.0-forward-looking
MRC001973,2026-08-31,0.0012,0,LOW,0.35,2.0-forward-looking
MRC001974,2026-08-31,0.0566,0,LOW,0.35,2.0-forward-looking
MRC001975,2026-08-31,0.0013,0,LOW,0.35,2.0-forward-looking
MRC001976,2026-08-31,0.6534,1,CRITICAL,0.35,2.0-forward-looking
MRC001977,2026-08-31,0.5518,1,HIGH,0.35,2.0-forward-looking
MRC001978,2026-08-31,0.1758,0,LOW,0.35,2.0-forward-looking
MRC001979,2026-08-31,0.3667,1,HIGH,0.35,2.0-forward-looking
MRC001980,2026-08-31,0.6254,1,HIGH,0.35,2.0-forward-looking
MRC001981,2026-08-31,0.331,0,MEDIUM,0.35,2.0-forward-looking
MRC001982,2026-08-31,0.1699,0,LOW,0.35,2.0-forward-looking
MRC001983,2026-08-31,0.0057,0,LOW,0.35,2.0-forward-looking
MRC001984,2026-08-31,0.0012,0,LOW,0.35,2.0-forward-looking
MRC001985,2026-08-31,0.0012,0,LOW,0.35,2.0-forward-looking
MRC001986,2026-08-31,0.5322,1,HIGH,0.35,2.0-forward-looking
MRC001987,2026-08-31,0.9045,1,CRITICAL,0.35,2.0-forward-looking
MRC001988,2026-08-31,0.0027,0,LOW,0.35,2.0-forward-looking
MRC001989,2026-08-31,0.1766,0,LOW,0.35,2.0-forward-looking
MRC001990,2026-08-31,0.357,1,HIGH,0.35,2.0-forward-looking
MRC001991,2026-08-31,0.722,1,CRITICAL,0.35,2.0-forward-looking
MRC001992,2026-08-31,0.561,1,HIGH,0.35,2.0-forward-looking
MRC001993,2026-08-31,0.1197,0,LOW,0.35,2.0-forward-looking
MRC001994,2026-08-31,0.7263,1,CRITICAL,0.35,2.0-forward-looking
MRC001995,2026-08-31,0.9442,1,CRITICAL,0.35,2.0-forward-looking
MRC001996,2026-08-31,0.0017,0,LOW,0.35,2.0-forward-looking
MRC001997,2026-08-31,0.5956,1,HIGH,0.35,2.0-forward-looking
MRC001998,2026-08-31,0.0276,0,LOW,0.35,2.0-forward-looking
MRC001999,2026-08-31,0.0012,0,LOW,0.35,2.0-forward-looking
MRC002000,2026-08-31,0.7715,1,CRITICAL,0.35,2.0-forward-looking
MRC002001,2026-08-31,0.66,1,CRITICAL,0.35,2.0-forward-looking
MRC002002,2026-08-31,0.6741,1,CRITICAL,0.35,2.0-forward-looking
MRC002003,2026-08-31,0.6318,1,HIGH,0.35,2.0-forward-looking
MRC002004,2026-08-31,0.0745,0,LOW,0.35,2.0-forward-looking
MRC002005,2026-08-31,0.0432,0,LOW,0.35,2.0-forward-looking
MRC002006,2026-08-31,0.1116,0,LOW,0.35,2.0-forward-looking
MRC002007,2026-08-31,0.3142,0,MEDIUM,0.35,2.0-forward-looking
MRC002008,2026-08-31,0.0012,0,LOW,0.35,2.0-forward-looking
MRC002009,2026-08-31,0.0404,0,LOW,0.35,2.0-forward-looking
MRC002010,2026-08-31,0.7744,1,CRITICAL,0.35,2.0-forward-looking
MRC002011,2026-08-31,0.0043,0,LOW,0.35,2.0-forward-looking
MRC002012,2026-08-31,0.6875,1,CRITICAL,0.35,2.0-forward-looking
MRC002013,2026-08-31,0.0012,0,LOW,0.35,2.0-forward-looking
MRC002014,2026-08-31,0.1036,0,LOW,0.35,2.0-forward-looking
MRC002015,2026-08-31,0.6122,1,HIGH,0.35,2.0-forward-looking
MRC002016,2026-08-31,0.2238,0,MEDIUM,0.35,2.0-forward-looking
MRC002017,2026-08-31,0.0012,0,LOW,0.35,2.0-forward-looking
MRC002018,2026-08-31,0.3533,1,HIGH,0.35,2.0-forward-looking
MRC002019,2026-08-31,0.2096,0,MEDIUM,0.35,2.0-forward-looking
MRC002020,2026-08-31,0.0058,0,LOW,0.35,2.0-forward-looking
MRC002021,2026-08-31,0.2829,0,MEDIUM,0.35,2.0-forward-looking
MRC002022,2026-08-31,0.2664,0,MEDIUM,0.35,2.0-forward-looking
MRC002023,2026-08-31,0.343,0,MEDIUM,0.35,2.0-forward-looking
MRC002024,2026-08-31,0.7985,1,CRITICAL,0.35,2.0-forward-looking
MRC002025,2026-08-31,0.2967,0,MEDIUM,0.35,2.0-forward-looking
MRC002026,2026-08-31,0.8825,1,CRITICAL,0.35,2.0-forward-looking
MRC002027,2026-08-31,0.434,1,HIGH,0.35,2.0-forward-looking
MRC002028,2026-08-31,0.8044,1,CRITICAL,0.35,2.0-forward-looking
MRC002029,2026-08-31,0.0613,0,LOW,0.35,2.0-forward-looking
MRC002030,2026-08-31,0.0013,0,LOW,0.35,2.0-forward-looking
MRC002031,2026-08-31,0.0012,0,LOW,0.35,2.0-forward-looking
MRC002032,2026-08-31,0.6173,1,HIGH,0.35,2.0-forward-looking
MRC002033,2026-08-31,0.6204,1,HIGH,0.35,2.0-forward-looking
MRC002034,2026-08-31,0.0012,0,LOW,0.35,2.0-forward-looking
MRC002035,2026-08-31,0.0028,0,LOW,0.35,2.0-forward-looking
MRC002036,2026-08-31,0.4531,1,HIGH,0.35,2.0-forward-looking
MRC002037,2026-08-31,0.8186,1,CRITICAL,0.35,2.0-forward-looking
MRC002038,2026-08-31,0.4942,1,HIGH,0.35,2.0-forward-looking
MRC002039,2026-08-31,0.7529,1,CRITICAL,0.35,2.0-forward-looking
MRC002040,2026-08-31,0.0843,0,LOW,0.35,2.0-forward-looking
MRC002041,2026-08-31,0.0043,0,LOW,0.35,2.0-forward-looking
MRC002042,2026-08-31,0.6219,1,HIGH,0.35,2.0-forward-looking
MRC002043,2026-08-31,0.8082,1,CRITICAL,0.35,2.0-forward-looking
MRC002044,2026-08-31,0.0012,0,LOW,0.35,2.0-forward-looking
MRC002045,2026-08-31,0.0104,0,LOW,0.35,2.0-forward-looking
MRC002046,2026-08-31,0.0059,0,LOW,0.35,2.0-forward-looking
MRC002047,2026-08-31,0.8068,1,CRITICAL,0.35,2.0-forward-looking
MRC002048,2026-08-31,0.8195,1,CRITICAL,0.35,2.0-forward-looking
MRC002049,2026-08-31,0.069,0,LOW,0.35,2.0-forward-looking
MRC002050,2026-08-31,0.0012,0,LOW,0.35,2.0-forward-looking
MRC002051,2026-08-31,0.8004,1,CRITICAL,0.35,2.0-forward-looking
MRC002052,2026-08-31,0.2521,0,MEDIUM,0.35,2.0-forward-looking
MRC002053,2026-08-31,0.685,1,CRITICAL,0.35,2.0-forward-looking
MRC002054,2026-08-31,0.2912,0,MEDIUM,0.35,2.0-forward-looking
MRC002055,2026-08-31,0.4561,1,HIGH,0.35,2.0-forward-looking
MRC002056,2026-08-31,0.0281,0,LOW,0.35,2.0-forward-looking
MRC002057,2026-08-31,0.7818,1,CRITICAL,0.35,2.0-forward-looking
MRC002058,2026-08-31,0.0012,0,LOW,0.35,2.0-forward-looking
MRC002059,2026-08-31,0.1612,0,LOW,0.35,2.0-forward-looking
MRC002060,2026-08-31,0.0012,0,LOW,0.35,2.0-forward-looking
MRC002061,2026-08-31,0.0027,0,LOW,0.35,2.0-forward-looking
MRC002062,2026-08-31,0.1908,0,LOW,0.35,2.0-forward-looking
MRC002063,2026-08-31,0.0012,0,LOW,0.35,2.0-forward-looking
MRC002064,2026-08-31,0.5967,1,HIGH,0.35,2.0-forward-looking
MRC002065,2026-08-31,0.1235,0,LOW,0.35,2.0-forward-looking
MRC002066,2026-08-31,0.7309,1,CRITICAL,0.35,2.0-forward-looking
MRC002067,2026-08-31,0.4739,1,HIGH,0.35,2.0-forward-looking
MRC002068,2026-08-31,0.0012,0,LOW,0.35,2.0-forward-looking
MRC002069,2026-08-31,0.0012,0,LOW,0.35,2.0-forward-looking
MRC002070,2026-08-31,0.6753,1,CRITICAL,0.35,2.0-forward-looking
MRC002071,2026-08-31,0.6585,1,CRITICAL,0.35,2.0-forward-looking
MRC002072,2026-08-31,0.0298,0,LOW,0.35,2.0-forward-looking
MRC002073,2026-08-31,0.3647,1,HIGH,0.35,2.0-forward-looking
MRC002074,2026-08-31,0.496,1,HIGH,0.35,2.0-forward-looking
MRC002075,2026-08-31,0.0012,0,LOW,0.35,2.0-forward-looking
MRC002076,2026-08-31,0.0012,0,LOW,0.35,2.0-forward-looking
MRC002077,2026-08-31,0.0012,0,LOW,0.35,2.0-forward-looking
MRC002078,2026-08-31,0.185,0,LOW,0.35,2.0-forward-looking
MRC002079,2026-08-31,0.0012,0,LOW,0.35,2.0-forward-looking
MRC002080,2026-08-31,0.4014,1,HIGH,0.35,2.0-forward-looking
MRC002081,2026-08-31,0.764,1,CRITICAL,0.35,2.0-forward-looking
MRC002082,2026-08-31,0.8136,1,CRITICAL,0.35,2.0-forward-looking
MRC002083,2026-08-31,0.556,1,HIGH,0.35,2.0-forward-looking
MRC002084,2026-08-31,0.9056,1,CRITICAL,0.35,2.0-forward-looking
MRC002085,2026-08-31,0.0593,0,LOW,0.35,2.0-forward-looking
MRC002086,2026-08-31,0.4787,1,HIGH,0.35,2.0-forward-looking
MRC002087,2026-08-31,0.7615,1,CRITICAL,0.35,2.0-forward-looking
MRC002088,2026-08-31,0.719,1,CRITICAL,0.35,2.0-forward-looking
MRC002089,2026-08-31,0.0187,0,LOW,0.35,2.0-forward-looking
MRC002090,2026-08-31,0.0886,0,LOW,0.35,2.0-forward-looking
MRC002091,2026-08-31,0.0257,0,LOW,0.35,2.0-forward-looking
MRC002092,2026-08-31,0.1002,0,LOW,0.35,2.0-forward-looking
MRC002093,2026-08-31,0.6677,1,CRITICAL,0.35,2.0-forward-looking
MRC002094,2026-08-31,0.0012,0,LOW,0.35,2.0-forward-looking
MRC002095,2026-08-31,0.7619,1,CRITICAL,0.35,2.0-forward-looking
MRC002096,2026-08-31,0.3963,1,HIGH,0.35,2.0-forward-looking
MRC002097,2026-08-31,0.0012,0,LOW,0.35,2.0-forward-looking
MRC002098,2026-08-31,0.0013,0,LOW,0.35,2.0-forward-looking
MRC002099,2026-08-31,0.3147,0,MEDIUM,0.35,2.0-forward-looking
MRC002100,2026-08-31,0.5648,1,HIGH,0.35,2.0-forward-looking
MRC002101,2026-08-31,0.5479,1,HIGH,0.35,2.0-forward-looking
MRC002102,2026-08-31,0.7349,1,CRITICAL,0.35,2.0-forward-looking
MRC002103,2026-08-31,0.0012,0,LOW,0.35,2.0-forward-looking
MRC002104,2026-08-31,0.554,1,HIGH,0.35,2.0-forward-looking
MRC002105,2026-08-31,0.0012,0,LOW,0.35,2.0-forward-looking
MRC002106,2026-08-31,0.4504,1,HIGH,0.35,2.0-forward-looking
MRC002107,2026-08-31,0.0012,0,LOW,0.35,2.0-forward-looking
MRC002108,2026-08-31,0.1141,0,LOW,0.35,2.0-forward-looking
MRC002109,2026-08-31,0.0028,0,LOW,0.35,2.0-forward-looking
MRC002110,2026-08-31,0.2757,0,MEDIUM,0.35,2.0-forward-looking
MRC002111,2026-08-31,0.6551,1,CRITICAL,0.35,2.0-forward-looking
MRC002112,2026-08-31,0.2721,0,MEDIUM,0.35,2.0-forward-looking
MRC002113,2026-08-31,0.6412,1,HIGH,0.35,2.0-forward-looking
MRC002114,2026-08-31,0.4002,1,HIGH,0.35,2.0-forward-looking
MRC002115,2026-08-31,0.8552,1,CRITICAL,0.35,2.0-forward-looking
MRC002116,2026-08-31,0.6858,1,CRITICAL,0.35,2.0-forward-looking
MRC002117,2026-08-31,0.0299,0,LOW,0.35,2.0-forward-looking
MRC002118,2026-08-31,0.2805,0,MEDIUM,0.35,2.0-forward-looking
MRC002119,2026-08-31,0.5065,1,HIGH,0.35,2.0-forward-looking
MRC002120,2026-08-31,0.0783,0,LOW,0.35,2.0-forward-looking
MRC002121,2026-08-31,0.4584,1,HIGH,0.35,2.0-forward-looking
MRC002122,2026-08-31,0.0012,0,LOW,0.35,2.0-forward-looking
MRC002123,2026-08-31,0.0102,0,LOW,0.35,2.0-forward-looking
MRC002124,2026-08-31,0.5842,1,HIGH,0.35,2.0-forward-looking
MRC002125,2026-08-31,0.0576,0,LOW,0.35,2.0-forward-looking
MRC002126,2026-08-31,0.0037,0,LOW,0.35,2.0-forward-looking
MRC002127,2026-08-31,0.6066,1,HIGH,0.35,2.0-forward-looking
MRC002128,2026-08-31,0.609,1,HIGH,0.35,2.0-forward-looking
MRC002129,2026-08-31,0.637,1,HIGH,0.35,2.0-forward-looking
MRC002130,2026-08-31,0.121,0,LOW,0.35,2.0-forward-looking
MRC002131,2026-08-31,0.0605,0,LOW,0.35,2.0-forward-looking
MRC002132,2026-08-31,0.6553,1,CRITICAL,0.35,2.0-forward-looking
MRC002133,2026-08-31,0.1161,0,LOW,0.35,2.0-forward-looking
MRC002134,2026-08-31,0.729,1,CRITICAL,0.35,2.0-forward-looking
MRC002135,2026-08-31,0.1036,0,LOW,0.35,2.0-forward-looking
MRC002136,2026-08-31,0.2661,0,MEDIUM,0.35,2.0-forward-looking
MRC002137,2026-08-31,0.3926,1,HIGH,0.35,2.0-forward-looking
MRC002138,2026-08-31,0.0012,0,LOW,0.35,2.0-forward-looking
MRC002139,2026-08-31,0.0012,0,LOW,0.35,2.0-forward-looking
MRC002140,2026-08-31,0.0807,0,LOW,0.35,2.0-forward-looking
MRC002141,2026-08-31,0.822,1,CRITICAL,0.35,2.0-forward-looking
MRC002142,2026-08-31,0.7359,1,CRITICAL,0.35,2.0-forward-looking
MRC002143,2026-08-31,0.7411,1,CRITICAL,0.35,2.0-forward-looking
MRC002144,2026-08-31,0.3939,1,HIGH,0.35,2.0-forward-looking
MRC002145,2026-08-31,0.0032,0,LOW,0.35,2.0-forward-looking
MRC002146,2026-08-31,0.0012,0,LOW,0.35,2.0-forward-looking
MRC002147,2026-08-31,0.3854,1,HIGH,0.35,2.0-forward-looking
MRC002148,2026-08-31,0.0012,0,LOW,0.35,2.0-forward-looking
MRC002149,2026-08-31,0.0012,0,LOW,0.35,2.0-forward-looking
MRC002150,2026-08-31,0.59,1,HIGH,0.35,2.0-forward-looking
MRC002151,2026-08-31,0.6768,1,CRITICAL,0.35,2.0-forward-looking
MRC002152,2026-08-31,0.0232,0,LOW,0.35,2.0-forward-looking
MRC002153,2026-08-31,0.5139,1,HIGH,0.35,2.0-forward-looking
MRC002154,2026-08-31,0.6351,1,HIGH,0.35,2.0-forward-looking
MRC002155,2026-08-31,0.1842,0,LOW,0.35,2.0-forward-looking
MRC002156,2026-08-31,0.2133,0,MEDIUM,0.35,2.0-forward-looking
MRC002157,2026-08-31,0.8435,1,CRITICAL,0.35,2.0-forward-looking
MRC002158,2026-08-31,0.7712,1,CRITICAL,0.35,2.0-forward-looking
MRC002159,2026-08-31,0.0743,0,LOW,0.35,2.0-forward-looking
MRC002160,2026-08-31,0.4036,1,HIGH,0.35,2.0-forward-looking
MRC002161,2026-08-31,0.8422,1,CRITICAL,0.35,2.0-forward-looking
MRC002162,2026-08-31,0.7257,1,CRITICAL,0.35,2.0-forward-looking
MRC002163,2026-08-31,0.0012,0,LOW,0.35,2.0-forward-looking
MRC002164,2026-08-31,0.0012,0,LOW,0.35,2.0-forward-looking
MRC002165,2026-08-31,0.2516,0,MEDIUM,0.35,2.0-forward-looking
MRC002166,2026-08-31,0.7171,1,CRITICAL,0.35,2.0-forward-looking
MRC002167,2026-08-31,0.0012,0,LOW,0.35,2.0-forward-looking
MRC002168,2026-08-31,0.0315,0,LOW,0.35,2.0-forward-looking
MRC002169,2026-08-31,0.488,1,HIGH,0.35,2.0-forward-looking
MRC002170,2026-08-31,0.0012,0,LOW,0.35,2.0-forward-looking
MRC002171,2026-08-31,0.5964,1,HIGH,0.35,2.0-forward-looking
MRC002172,2026-08-31,0.7589,1,CRITICAL,0.35,2.0-forward-looking
MRC002173,2026-08-31,0.0393,0,LOW,0.35,2.0-forward-looking
MRC002174,2026-08-31,0.194,0,LOW,0.35,2.0-forward-looking
MRC002175,2026-08-31,0.003,0,LOW,0.35,2.0-forward-looking
MRC002176,2026-08-31,0.0012,0,LOW,0.35,2.0-forward-looking
MRC002177,2026-08-31,0.7188,1,CRITICAL,0.35,2.0-forward-looking
MRC002178,2026-08-31,0.3836,1,HIGH,0.35,2.0-forward-looking
MRC002179,2026-08-31,0.0012,0,LOW,0.35,2.0-forward-looking
MRC002180,2026-08-31,0.69,1,CRITICAL,0.35,2.0-forward-looking
MRC002181,2026-08-31,0.7966,1,CRITICAL,0.35,2.0-forward-looking
MRC002182,2026-08-31,0.7982,1,CRITICAL,0.35,2.0-forward-looking
MRC002183,2026-08-31,0.3472,0,MEDIUM,0.35,2.0-forward-looking
MRC002184,2026-08-31,0.0027,0,LOW,0.35,2.0-forward-looking
MRC002185,2026-08-31,0.003,0,LOW,0.35,2.0-forward-looking
MRC002186,2026-08-31,0.6924,1,CRITICAL,0.35,2.0-forward-looking
MRC002187,2026-08-31,0.6404,1,HIGH,0.35,2.0-forward-looking
MRC002188,2026-08-31,0.4053,1,HIGH,0.35,2.0-forward-looking
MRC002189,2026-08-31,0.2736,0,MEDIUM,0.35,2.0-forward-looking
MRC002190,2026-08-31,0.5773,1,HIGH,0.35,2.0-forward-looking
MRC002191,2026-08-31,0.5536,1,HIGH,0.35,2.0-forward-looking
MRC002192,2026-08-31,0.6581,1,CRITICAL,0.35,2.0-forward-looking
MRC002193,2026-08-31,0.7565,1,CRITICAL,0.35,2.0-forward-looking
MRC002194,2026-08-31,0.0012,0,LOW,0.35,2.0-forward-looking
MRC002195,2026-08-31,0.1027,0,LOW,0.35,2.0-forward-looking
MRC002196,2026-08-31,0.0012,0,LOW,0.35,2.0-forward-looking
MRC002197,2026-08-31,0.7699,1,CRITICAL,0.35,2.0-forward-looking
MRC002198,2026-08-31,0.4519,1,HIGH,0.35,2.0-forward-looking
MRC002199,2026-08-31,0.0012,0,LOW,0.35,2.0-forward-looking
MRC002200,2026-08-31,0.0012,0,LOW,0.35,2.0-forward-looking
MRC002201,2026-08-31,0.0061,0,LOW,0.35,2.0-forward-looking
MRC002202,2026-08-31,0.1,0,LOW,0.35,2.0-forward-looking
MRC002203,2026-08-31,0.6721,1,CRITICAL,0.35,2.0-forward-looking
MRC002204,2026-08-31,0.4353,1,HIGH,0.35,2.0-forward-looking
MRC002205,2026-08-31,0.9372,1,CRITICAL,0.35,2.0-forward-looking
MRC002206,2026-08-31,0.6554,1,CRITICAL,0.35,2.0-forward-looking
MRC002207,2026-08-31,0.0012,0,LOW,0.35,2.0-forward-looking
MRC002208,2026-08-31,0.6769,1,CRITICAL,0.35,2.0-forward-looking
MRC002209,2026-08-31,0.7995,1,CRITICAL,0.35,2.0-forward-looking
MRC002210,2026-08-31,0.0012,0,LOW,0.35,2.0-forward-looking
MRC002211,2026-08-31,0.1972,0,LOW,0.35,2.0-forward-looking
MRC002212,2026-08-31,0.0012,0,LOW,0.35,2.0-forward-looking
MRC002213,2026-08-31,0.75,1,CRITICAL,0.35,2.0-forward-looking
MRC002214,2026-08-31,0.367,1,HIGH,0.35,2.0-forward-looking
MRC002215,2026-08-31,0.0012,0,LOW,0.35,2.0-forward-looking
MRC002216,2026-08-31,0.818,1,CRITICAL,0.35,2.0-forward-looking
MRC002217,2026-08-31,0.4053,1,HIGH,0.35,2.0-forward-looking
MRC002218,2026-08-31,0.3432,0,MEDIUM,0.35,2.0-forward-looking
MRC002219,2026-08-31,0.6543,1,CRITICAL,0.35,2.0-forward-looking
MRC002220,2026-08-31,0.216,0,MEDIUM,0.35,2.0-forward-looking
MRC002221,2026-08-31,0.0137,0,LOW,0.35,2.0-forward-looking
MRC002222,2026-08-31,0.0012,0,LOW,0.35,2.0-forward-looking
MRC002223,2026-08-31,0.0012,0,LOW,0.35,2.0-forward-looking
MRC002224,2026-08-31,0.0012,0,LOW,0.35,2.0-forward-looking
MRC002225,2026-08-31,0.0682,0,LOW,0.35,2.0-forward-looking
MRC002226,2026-08-31,0.5321,1,HIGH,0.35,2.0-forward-looking
MRC002227,2026-08-31,0.2167,0,MEDIUM,0.35,2.0-forward-looking
MRC002228,2026-08-31,0.0541,0,LOW,0.35,2.0-forward-looking
MRC002229,2026-08-31,0.7487,1,CRITICAL,0.35,2.0-forward-looking
MRC002230,2026-08-31,0.508,1,HIGH,0.35,2.0-forward-looking
MRC002231,2026-08-31,0.0012,0,LOW,0.35,2.0-forward-looking
MRC002232,2026-08-31,0.73,1,CRITICAL,0.35,2.0-forward-looking
MRC002233,2026-08-31,0.6416,1,HIGH,0.35,2.0-forward-looking
MRC002234,2026-08-31,0.5529,1,HIGH,0.35,2.0-forward-looking
MRC002235,2026-08-31,0.263,0,MEDIUM,0.35,2.0-forward-looking
MRC002236,2026-08-31,0.0012,0,LOW,0.35,2.0-forward-looking
MRC002237,2026-08-31,0.5876,1,HIGH,0.35,2.0-forward-looking
MRC002238,2026-08-31,0.0603,0,LOW,0.35,2.0-forward-looking
MRC002239,2026-08-31,0.64,1,HIGH,0.35,2.0-forward-looking
MRC002240,2026-08-31,0.566,1,HIGH,0.35,2.0-forward-looking
MRC002241,2026-08-31,0.1467,0,LOW,0.35,2.0-forward-looking
MRC002242,2026-08-31,0.352,1,HIGH,0.35,2.0-forward-looking
MRC002243,2026-08-31,0.0012,0,LOW,0.35,2.0-forward-looking
MRC002244,2026-08-31,0.009,0,LOW,0.35,2.0-forward-looking
MRC002245,2026-08-31,0.6098,1,HIGH,0.35,2.0-forward-looking
MRC002246,2026-08-31,0.0012,0,LOW,0.35,2.0-forward-looking
MRC002247,2026-08-31,0.0098,0,LOW,0.35,2.0-forward-looking
MRC002248,2026-08-31,0.4851,1,HIGH,0.35,2.0-forward-looking
MRC002249,2026-08-31,0.0793,0,LOW,0.35,2.0-forward-looking
MRC002250,2026-08-31,0.4047,1,HIGH,0.35,2.0-forward-looking
MRC002251,2026-08-31,0.591,1,HIGH,0.35,2.0-forward-looking
MRC002252,2026-08-31,0.8434,1,CRITICAL,0.35,2.0-forward-looking
MRC002253,2026-08-31,0.0629,0,LOW,0.35,2.0-forward-looking
MRC002254,2026-08-31,0.3417,0,MEDIUM,0.35,2.0-forward-looking
MRC002255,2026-08-31,0.0424,0,LOW,0.35,2.0-forward-looking
MRC002256,2026-08-31,0.6838,1,CRITICAL,0.35,2.0-forward-looking
MRC002257,2026-08-31,0.7752,1,CRITICAL,0.35,2.0-forward-looking
MRC002258,2026-08-31,0.0012,0,LOW,0.35,2.0-forward-looking
MRC002259,2026-08-31,0.5935,1,HIGH,0.35,2.0-forward-looking
MRC002260,2026-08-31,0.0012,0,LOW,0.35,2.0-forward-looking
MRC002261,2026-08-31,0.0308,0,LOW,0.35,2.0-forward-looking
MRC002262,2026-08-31,0.0012,0,LOW,0.35,2.0-forward-looking
MRC002263,2026-08-31,0.0031,0,LOW,0.35,2.0-forward-looking
MRC002264,2026-08-31,0.1011,0,LOW,0.35,2.0-forward-looking
MRC002265,2026-08-31,0.0012,0,LOW,0.35,2.0-forward-looking
MRC002266,2026-08-31,0.1397,0,LOW,0.35,2.0-forward-looking
MRC002267,2026-08-31,0.8377,1,CRITICAL,0.35,2.0-forward-looking
MRC002268,2026-08-31,0.3055,0,MEDIUM,0.35,2.0-forward-looking
MRC002269,2026-08-31,0.0012,0,LOW,0.35,2.0-forward-looking
MRC002270,2026-08-31,0.908,1,CRITICAL,0.35,2.0-forward-looking
MRC002271,2026-08-31,0.003,0,LOW,0.35,2.0-forward-looking
MRC002272,2026-08-31,0.7327,1,CRITICAL,0.35,2.0-forward-looking
MRC002273,2026-08-31,0.68,1,CRITICAL,0.35,2.0-forward-looking
MRC002274,2026-08-31,0.2283,0,MEDIUM,0.35,2.0-forward-looking
MRC002275,2026-08-31,0.0561,0,LOW,0.35,2.0-forward-looking
MRC002276,2026-08-31,0.1582,0,LOW,0.35,2.0-forward-looking
MRC002277,2026-08-31,0.0012,0,LOW,0.35,2.0-forward-looking
MRC002278,2026-08-31,0.0012,0,LOW,0.35,2.0-forward-looking
MRC002279,2026-08-31,0.3399,0,MEDIUM,0.35,2.0-forward-looking
MRC002280,2026-08-31,0.0012,0,LOW,0.35,2.0-forward-looking
MRC002281,2026-08-31,0.8131,1,CRITICAL,0.35,2.0-forward-looking
MRC002282,2026-08-31,0.7924,1,CRITICAL,0.35,2.0-forward-looking
MRC002283,2026-08-31,0.4548,1,HIGH,0.35,2.0-forward-looking
MRC002284,2026-08-31,0.0012,0,LOW,0.35,2.0-forward-looking
MRC002285,2026-08-31,0.8171,1,CRITICAL,0.35,2.0-forward-looking
MRC002286,2026-08-31,0.9381,1,CRITICAL,0.35,2.0-forward-looking
MRC002287,2026-08-31,0.2734,0,MEDIUM,0.35,2.0-forward-looking
MRC002288,2026-08-31,0.646,1,HIGH,0.35,2.0-forward-looking
MRC002289,2026-08-31,0.2462,0,MEDIUM,0.35,2.0-forward-looking
MRC002290,2026-08-31,0.6717,1,CRITICAL,0.35,2.0-forward-looking
MRC002291,2026-08-31,0.5756,1,HIGH,0.35,2.0-forward-looking
MRC002292,2026-08-31,0.0012,0,LOW,0.35,2.0-forward-looking
MRC002293,2026-08-31,0.0012,0,LOW,0.35,2.0-forward-looking
MRC002294,2026-08-31,0.0044,0,LOW,0.35,2.0-forward-looking
MRC002295,2026-08-31,0.0982,0,LOW,0.35,2.0-forward-looking
MRC002296,2026-08-31,0.0017,0,LOW,0.35,2.0-forward-looking
MRC002297,2026-08-31,0.1207,0,LOW,0.35,2.0-forward-looking
MRC002298,2026-08-31,0.0012,0,LOW,0.35,2.0-forward-looking
MRC002299,2026-08-31,0.0244,0,LOW,0.35,2.0-forward-looking
MRC002300,2026-08-31,0.704,1,CRITICAL,0.35,2.0-forward-looking
MRC002301,2026-08-31,0.0071,0,LOW,0.35,2.0-forward-looking
MRC002302,2026-08-31,0.1955,0,LOW,0.35,2.0-forward-looking
MRC002303,2026-08-31,0.1112,0,LOW,0.35,2.0-forward-looking
MRC002304,2026-08-31,0.7279,1,CRITICAL,0.35,2.0-forward-looking
MRC002305,2026-08-31,0.7586,1,CRITICAL,0.35,2.0-forward-looking
MRC002306,2026-08-31,0.9485,1,CRITICAL,0.35,2.0-forward-looking
MRC002307,2026-08-31,0.0773,0,LOW,0.35,2.0-forward-looking
MRC002308,2026-08-31,0.0024,0,LOW,0.35,2.0-forward-looking
MRC002309,2026-08-31,0.0028,0,LOW,0.35,2.0-forward-looking
MRC002310,2026-08-31,0.9056,1,CRITICAL,0.35,2.0-forward-looking
MRC002311,2026-08-31,0.1811,0,LOW,0.35,2.0-forward-looking
MRC002312,2026-08-31,0.4268,1,HIGH,0.35,2.0-forward-looking
MRC002313,2026-08-31,0.0032,0,LOW,0.35,2.0-forward-looking
MRC002314,2026-08-31,0.7634,1,CRITICAL,0.35,2.0-forward-looking
MRC002315,2026-08-31,0.241,0,MEDIUM,0.35,2.0-forward-looking
MRC002316,2026-08-31,0.774,1,CRITICAL,0.35,2.0-forward-looking
MRC002317,2026-08-31,0.7099,1,CRITICAL,0.35,2.0-forward-looking
MRC002318,2026-08-31,0.2715,0,MEDIUM,0.35,2.0-forward-looking
MRC002319,2026-08-31,0.0956,0,LOW,0.35,2.0-forward-looking
MRC002320,2026-08-31,0.908,1,CRITICAL,0.35,2.0-forward-looking
MRC002321,2026-08-31,0.203,0,MEDIUM,0.35,2.0-forward-looking
MRC002322,2026-08-31,0.1749,0,LOW,0.35,2.0-forward-looking
MRC002323,2026-08-31,0.0012,0,LOW,0.35,2.0-forward-looking
MRC002324,2026-08-31,0.784,1,CRITICAL,0.35,2.0-forward-looking
MRC002325,2026-08-31,0.1033,0,LOW,0.35,2.0-forward-looking
MRC002326,2026-08-31,0.4977,1,HIGH,0.35,2.0-forward-looking
MRC002327,2026-08-31,0.2119,0,MEDIUM,0.35,2.0-forward-looking
MRC002328,2026-08-31,0.631,1,HIGH,0.35,2.0-forward-looking
MRC002329,2026-08-31,0.6927,1,CRITICAL,0.35,2.0-forward-looking
MRC002330,2026-08-31,0.2312,0,MEDIUM,0.35,2.0-forward-looking
MRC002331,2026-08-31,0.0012,0,LOW,0.35,2.0-forward-looking
MRC002332,2026-08-31,0.4195,1,HIGH,0.35,2.0-forward-looking
MRC002333,2026-08-31,0.8422,1,CRITICAL,0.35,2.0-forward-looking
MRC002334,2026-08-31,0.1088,0,LOW,0.35,2.0-forward-looking
MRC002335,2026-08-31,0.2293,0,MEDIUM,0.35,2.0-forward-looking
MRC002336,2026-08-31,0.1092,0,LOW,0.35,2.0-forward-looking
MRC002337,2026-08-31,0.1578,0,LOW,0.35,2.0-forward-looking
MRC002338,2026-08-31,0.6224,1,HIGH,0.35,2.0-forward-looking
MRC002339,2026-08-31,0.7594,1,CRITICAL,0.35,2.0-forward-looking
MRC002340,2026-08-31,0.0012,0,LOW,0.35,2.0-forward-looking
MRC002341,2026-08-31,0.415,1,HIGH,0.35,2.0-forward-looking
MRC002342,2026-08-31,0.0017,0,LOW,0.35,2.0-forward-looking
MRC002343,2026-08-31,0.0036,0,LOW,0.35,2.0-forward-looking
MRC002344,2026-08-31,0.003,0,LOW,0.35,2.0-forward-looking
MRC002345,2026-08-31,0.8309,1,CRITICAL,0.35,2.0-forward-looking
MRC002346,2026-08-31,0.3412,0,MEDIUM,0.35,2.0-forward-looking
MRC002347,2026-08-31,0.0012,0,LOW,0.35,2.0-forward-looking
MRC002348,2026-08-31,0.0059,0,LOW,0.35,2.0-forward-looking
MRC002349,2026-08-31,0.132,0,LOW,0.35,2.0-forward-looking
MRC002350,2026-08-31,0.8232,1,CRITICAL,0.35,2.0-forward-looking
MRC002351,2026-08-31,0.6679,1,CRITICAL,0.35,2.0-forward-looking
MRC002352,2026-08-31,0.4002,1,HIGH,0.35,2.0-forward-looking
MRC002353,2026-08-31,0.2701,0,MEDIUM,0.35,2.0-forward-looking
MRC002354,2026-08-31,0.0012,0,LOW,0.35,2.0-forward-looking
MRC002355,2026-08-31,0.6094,1,HIGH,0.35,2.0-forward-looking
MRC002356,2026-08-31,0.7983,1,CRITICAL,0.35,2.0-forward-looking
MRC002357,2026-08-31,0.6095,1,HIGH,0.35,2.0-forward-looking
MRC002358,2026-08-31,0.4492,1,HIGH,0.35,2.0-forward-looking
MRC002359,2026-08-31,0.4605,1,HIGH,0.35,2.0-forward-looking
MRC002360,2026-08-31,0.0012,0,LOW,0.35,2.0-forward-looking
MRC002361,2026-08-31,0.0338,0,LOW,0.35,2.0-forward-looking
MRC002362,2026-08-31,0.6769,1,CRITICAL,0.35,2.0-forward-looking
MRC002363,2026-08-31,0.7995,1,CRITICAL,0.35,2.0-forward-looking
MRC002364,2026-08-31,0.5136,1,HIGH,0.35,2.0-forward-looking
MRC002365,2026-08-31,0.6301,1,HIGH,0.35,2.0-forward-looking
MRC002366,2026-08-31,0.0038,0,LOW,0.35,2.0-forward-looking
MRC002367,2026-08-31,0.0012,0,LOW,0.35,2.0-forward-looking
MRC002368,2026-08-31,0.0012,0,LOW,0.35,2.0-forward-looking
MRC002369,2026-08-31,0.2253,0,MEDIUM,0.35,2.0-forward-looking
MRC002370,2026-08-31,0.0049,0,LOW,0.35,2.0-forward-looking
MRC002371,2026-08-31,0.2193,0,MEDIUM,0.35,2.0-forward-looking
MRC002372,2026-08-31,0.6934,1,CRITICAL,0.35,2.0-forward-looking
MRC002373,2026-08-31,0.6445,1,HIGH,0.35,2.0-forward-looking
MRC002374,2026-08-31,0.0212,0,LOW,0.35,2.0-forward-looking
MRC002375,2026-08-31,0.7922,1,CRITICAL,0.35,2.0-forward-looking
MRC002376,2026-08-31,0.6013,1,HIGH,0.35,2.0-forward-looking
MRC002377,2026-08-31,0.6142,1,HIGH,0.35,2.0-forward-looking
MRC002378,2026-08-31,0.0272,0,LOW,0.35,2.0-forward-looking
MRC002379,2026-08-31,0.0047,0,LOW,0.35,2.0-forward-looking
MRC002380,2026-08-31,0.0436,0,LOW,0.35,2.0-forward-looking
MRC002381,2026-08-31,0.7257,1,CRITICAL,0.35,2.0-forward-looking
MRC002382,2026-08-31,0.8746,1,CRITICAL,0.35,2.0-forward-looking
MRC002383,2026-08-31,0.0062,0,LOW,0.35,2.0-forward-looking
MRC002384,2026-08-31,0.0784,0,LOW,0.35,2.0-forward-looking
MRC002385,2026-08-31,0.3635,1,HIGH,0.35,2.0-forward-looking
MRC002386,2026-08-31,0.0114,0,LOW,0.35,2.0-forward-looking
MRC002387,2026-08-31,0.6541,1,CRITICAL,0.35,2.0-forward-looking
MRC002388,2026-08-31,0.751,1,CRITICAL,0.35,2.0-forward-looking
MRC002389,2026-08-31,0.527,1,HIGH,0.35,2.0-forward-looking
MRC002390,2026-08-31,0.5488,1,HIGH,0.35,2.0-forward-looking
MRC002391,2026-08-31,0.0037,0,LOW,0.35,2.0-forward-looking
MRC002392,2026-08-31,0.0012,0,LOW,0.35,2.0-forward-looking
MRC002393,2026-08-31,0.0052,0,LOW,0.35,2.0-forward-looking
MRC002394,2026-08-31,0.0055,0,LOW,0.35,2.0-forward-looking
MRC002395,2026-08-31,0.4823,1,HIGH,0.35,2.0-forward-looking
MRC002396,2026-08-31,0.3861,1,HIGH,0.35,2.0-forward-looking
MRC002397,2026-08-31,0.0012,0,LOW,0.35,2.0-forward-looking
MRC002398,2026-08-31,0.5137,1,HIGH,0.35,2.0-forward-looking
MRC002399,2026-08-31,0.0519,0,LOW,0.35,2.0-forward-looking
MRC002400,2026-08-31,0.0509,0,LOW,0.35,2.0-forward-looking
MRC002401,2026-08-31,0.5196,1,HIGH,0.35,2.0-forward-looking
MRC002402,2026-08-31,0.2106,0,MEDIUM,0.35,2.0-forward-looking
MRC002403,2026-08-31,0.7648,1,CRITICAL,0.35,2.0-forward-looking
MRC002404,2026-08-31,0.0012,0,LOW,0.35,2.0-forward-looking
MRC002405,2026-08-31,0.6586,1,CRITICAL,0.35,2.0-forward-looking
MRC002406,2026-08-31,0.0765,0,LOW,0.35,2.0-forward-looking
MRC002407,2026-08-31,0.1153,0,LOW,0.35,2.0-forward-looking
MRC002408,2026-08-31,0.0566,0,LOW,0.35,2.0-forward-looking
MRC002409,2026-08-31,0.0012,0,LOW,0.35,2.0-forward-looking
MRC002410,2026-08-31,0.2479,0,MEDIUM,0.35,2.0-forward-looking
MRC002411,2026-08-31,0.0012,0,LOW,0.35,2.0-forward-looking
MRC002412,2026-08-31,0.3955,1,HIGH,0.35,2.0-forward-looking
MRC002413,2026-08-31,0.018,0,LOW,0.35,2.0-forward-looking
MRC002414,2026-08-31,0.6013,1,HIGH,0.35,2.0-forward-looking
MRC002415,2026-08-31,0.0032,0,LOW,0.35,2.0-forward-looking
MRC002416,2026-08-31,0.729,1,CRITICAL,0.35,2.0-forward-looking
MRC002417,2026-08-31,0.5222,1,HIGH,0.35,2.0-forward-looking
MRC002418,2026-08-31,0.1153,0,LOW,0.35,2.0-forward-looking
MRC002419,2026-08-31,0.0036,0,LOW,0.35,2.0-forward-looking
MRC002420,2026-08-31,0.0503,0,LOW,0.35,2.0-forward-looking
MRC002421,2026-08-31,0.0012,0,LOW,0.35,2.0-forward-looking
MRC002422,2026-08-31,0.3106,0,MEDIUM,0.35,2.0-forward-looking
MRC002423,2026-08-31,0.2794,0,MEDIUM,0.35,2.0-forward-looking
MRC002424,2026-08-31,0.0027,0,LOW,0.35,2.0-forward-looking
MRC002425,2026-08-31,0.0617,0,LOW,0.35,2.0-forward-looking
MRC002426,2026-08-31,0.3923,1,HIGH,0.35,2.0-forward-looking
MRC002427,2026-08-31,0.2214,0,MEDIUM,0.35,2.0-forward-looking
MRC002428,2026-08-31,0.1593,0,LOW,0.35,2.0-forward-looking
MRC002429,2026-08-31,0.0012,0,LOW,0.35,2.0-forward-looking
MRC002430,2026-08-31,0.5806,1,HIGH,0.35,2.0-forward-looking
MRC002431,2026-08-31,0.3503,1,HIGH,0.35,2.0-forward-looking
MRC002432,2026-08-31,0.6333,1,HIGH,0.35,2.0-forward-looking
MRC002433,2026-08-31,0.7673,1,CRITICAL,0.35,2.0-forward-looking
MRC002434,2026-08-31,0.8934,1,CRITICAL,0.35,2.0-forward-looking
MRC002435,2026-08-31,0.4622,1,HIGH,0.35,2.0-forward-looking
MRC002436,2026-08-31,0.6048,1,HIGH,0.35,2.0-forward-looking
MRC002437,2026-08-31,0.6007,1,HIGH,0.35,2.0-forward-looking
MRC002438,2026-08-31,0.6953,1,CRITICAL,0.35,2.0-forward-looking
MRC002439,2026-08-31,0.2963,0,MEDIUM,0.35,2.0-forward-looking
MRC002440,2026-08-31,0.0387,0,LOW,0.35,2.0-forward-looking
MRC002441,2026-08-31,0.0242,0,LOW,0.35,2.0-forward-looking
MRC002442,2026-08-31,0.5271,1,HIGH,0.35,2.0-forward-looking
MRC002443,2026-08-31,0.2858,0,MEDIUM,0.35,2.0-forward-looking
MRC002444,2026-08-31,0.6156,1,HIGH,0.35,2.0-forward-looking
MRC002445,2026-08-31,0.3527,1,HIGH,0.35,2.0-forward-looking
MRC002446,2026-08-31,0.4972,1,HIGH,0.35,2.0-forward-looking
MRC002447,2026-08-31,0.9062,1,CRITICAL,0.35,2.0-forward-looking
MRC002448,2026-08-31,0.0012,0,LOW,0.35,2.0-forward-looking
MRC002449,2026-08-31,0.3233,0,MEDIUM,0.35,2.0-forward-looking
MRC002450,2026-08-31,0.7182,1,CRITICAL,0.35,2.0-forward-looking
MRC002451,2026-08-31,0.0297,0,LOW,0.35,2.0-forward-looking
MRC002452,2026-08-31,0.0012,0,LOW,0.35,2.0-forward-looking
MRC002453,2026-08-31,0.0012,0,LOW,0.35,2.0-forward-looking
MRC002454,2026-08-31,0.0535,0,LOW,0.35,2.0-forward-looking
MRC002455,2026-08-31,0.7933,1,CRITICAL,0.35,2.0-forward-looking
MRC002456,2026-08-31,0.6484,1,HIGH,0.35,2.0-forward-looking
MRC002457,2026-08-31,0.8012,1,CRITICAL,0.35,2.0-forward-looking
MRC002458,2026-08-31,0.4798,1,HIGH,0.35,2.0-forward-looking
MRC002459,2026-08-31,0.0026,0,LOW,0.35,2.0-forward-looking
MRC002460,2026-08-31,0.0012,0,LOW,0.35,2.0-forward-looking
MRC002461,2026-08-31,0.0012,0,LOW,0.35,2.0-forward-looking
MRC002462,2026-08-31,0.3405,0,MEDIUM,0.35,2.0-forward-looking
MRC002463,2026-08-31,0.1118,0,LOW,0.35,2.0-forward-looking
MRC002464,2026-08-31,0.0043,0,LOW,0.35,2.0-forward-looking
MRC002465,2026-08-31,0.8624,1,CRITICAL,0.35,2.0-forward-looking
MRC002466,2026-08-31,0.141,0,LOW,0.35,2.0-forward-looking
MRC002467,2026-08-31,0.0012,0,LOW,0.35,2.0-forward-looking
MRC002468,2026-08-31,0.7137,1,CRITICAL,0.35,2.0-forward-looking
MRC002469,2026-08-31,0.7995,1,CRITICAL,0.35,2.0-forward-looking
MRC002470,2026-08-31,0.7903,1,CRITICAL,0.35,2.0-forward-looking
MRC002471,2026-08-31,0.9122,1,CRITICAL,0.35,2.0-forward-looking
MRC002472,2026-08-31,0.556,1,HIGH,0.35,2.0-forward-looking
MRC002473,2026-08-31,0.7991,1,CRITICAL,0.35,2.0-forward-looking
MRC002474,2026-08-31,0.0012,0,LOW,0.35,2.0-forward-looking
MRC002475,2026-08-31,0.0285,0,LOW,0.35,2.0-forward-looking
MRC002476,2026-08-31,0.3637,1,HIGH,0.35,2.0-forward-looking
MRC002477,2026-08-31,0.0015,0,LOW,0.35,2.0-forward-looking
MRC002478,2026-08-31,0.4525,1,HIGH,0.35,2.0-forward-looking
MRC002479,2026-08-31,0.3085,0,MEDIUM,0.35,2.0-forward-looking
MRC002480,2026-08-31,0.0012,0,LOW,0.35,2.0-forward-looking
MRC002481,2026-08-31,0.0113,0,LOW,0.35,2.0-forward-looking
MRC002482,2026-08-31,0.0528,0,LOW,0.35,2.0-forward-looking
MRC002483,2026-08-31,0.6085,1,HIGH,0.35,2.0-forward-looking
MRC002484,2026-08-31,0.5942,1,HIGH,0.35,2.0-forward-looking
MRC002485,2026-08-31,0.7318,1,CRITICAL,0.35,2.0-forward-looking
MRC002486,2026-08-31,0.0012,0,LOW,0.35,2.0-forward-looking
MRC002487,2026-08-31,0.8449,1,CRITICAL,0.35,2.0-forward-looking
MRC002488,2026-08-31,0.0012,0,LOW,0.35,2.0-forward-looking
MRC002489,2026-08-31,0.0708,0,LOW,0.35,2.0-forward-looking
MRC002490,2026-08-31,0.8764,1,CRITICAL,0.35,2.0-forward-looking
MRC002491,2026-08-31,0.0013,0,LOW,0.35,2.0-forward-looking
MRC002492,2026-08-31,0.2202,0,MEDIUM,0.35,2.0-forward-looking
MRC002493,2026-08-31,0.8449,1,CRITICAL,0.35,2.0-forward-looking
MRC002494,2026-08-31,0.0134,0,LOW,0.35,2.0-forward-looking
MRC002495,2026-08-31,0.6203,1,HIGH,0.35,2.0-forward-looking
MRC002496,2026-08-31,0.6769,1,CRITICAL,0.35,2.0-forward-looking
MRC002497,2026-08-31,0.4285,1,HIGH,0.35,2.0-forward-looking
MRC002498,2026-08-31,0.1181,0,LOW,0.35,2.0-forward-looking
MRC002499,2026-08-31,0.9056,1,CRITICAL,0.35,2.0-forward-looking
MRC002500,2026-08-31,0.0012,0,LOW,0.35,2.0-forward-looking
MRC002501,2026-08-31,0.0012,0,LOW,0.35,2.0-forward-looking
MRC002502,2026-08-31,0.1017,0,LOW,0.35,2.0-forward-looking
MRC002503,2026-08-31,0.5884,1,HIGH,0.35,2.0-forward-looking
MRC002504,2026-08-31,0.527,1,HIGH,0.35,2.0-forward-looking
MRC002505,2026-08-31,0.4336,1,HIGH,0.35,2.0-forward-looking
MRC002506,2026-08-31,0.7901,1,CRITICAL,0.35,2.0-forward-looking
MRC002507,2026-08-31,0.0012,0,LOW,0.35,2.0-forward-looking
MRC002508,2026-08-31,0.0067,0,LOW,0.35,2.0-forward-looking
MRC002509,2026-08-31,0.6069,1,HIGH,0.35,2.0-forward-looking
MRC002510,2026-08-31,0.669,1,CRITICAL,0.35,2.0-forward-looking
MRC002511,2026-08-31,0.8422,1,CRITICAL,0.35,2.0-forward-looking
MRC002512,2026-08-31,0.716,1,CRITICAL,0.35,2.0-forward-looking
MRC002513,2026-08-31,0.0275,0,LOW,0.35,2.0-forward-looking
MRC002514,2026-08-31,0.0646,0,LOW,0.35,2.0-forward-looking
MRC002515,2026-08-31,0.1857,0,LOW,0.35,2.0-forward-looking
MRC002516,2026-08-31,0.2253,0,MEDIUM,0.35,2.0-forward-looking
MRC002517,2026-08-31,0.6251,1,HIGH,0.35,2.0-forward-looking
MRC002518,2026-08-31,0.0012,0,LOW,0.35,2.0-forward-looking
MRC002519,2026-08-31,0.4781,1,HIGH,0.35,2.0-forward-looking
MRC002520,2026-08-31,0.0062,0,LOW,0.35,2.0-forward-looking
MRC002521,2026-08-31,0.8132,1,CRITICAL,0.35,2.0-forward-looking
MRC002522,2026-08-31,0.0036,0,LOW,0.35,2.0-forward-looking
MRC002523,2026-08-31,0.0012,0,LOW,0.35,2.0-forward-looking
MRC002524,2026-08-31,0.6672,1,CRITICAL,0.35,2.0-forward-looking
MRC002525,2026-08-31,0.6735,1,CRITICAL,0.35,2.0-forward-looking
MRC002526,2026-08-31,0.6912,1,CRITICAL,0.35,2.0-forward-looking
MRC002527,2026-08-31,0.8025,1,CRITICAL,0.35,2.0-forward-looking
MRC002528,2026-08-31,0.084,0,LOW,0.35,2.0-forward-looking
MRC002529,2026-08-31,0.8124,1,CRITICAL,0.35,2.0-forward-looking
MRC002530,2026-08-31,0.0053,0,LOW,0.35,2.0-forward-looking
MRC002531,2026-08-31,0.0012,0,LOW,0.35,2.0-forward-looking
MRC002532,2026-08-31,0.5971,1,HIGH,0.35,2.0-forward-looking
MRC002533,2026-08-31,0.1339,0,LOW,0.35,2.0-forward-looking
MRC002534,2026-08-31,0.0754,0,LOW,0.35,2.0-forward-looking
MRC002535,2026-08-31,0.0684,0,LOW,0.35,2.0-forward-looking
MRC002536,2026-08-31,0.0012,0,LOW,0.35,2.0-forward-looking
MRC002537,2026-08-31,0.0769,0,LOW,0.35,2.0-forward-looking
MRC002538,2026-08-31,0.0489,0,LOW,0.35,2.0-forward-looking
MRC002539,2026-08-31,0.6674,1,CRITICAL,0.35,2.0-forward-looking
MRC002540,2026-08-31,0.0012,0,LOW,0.35,2.0-forward-looking
MRC002541,2026-08-31,0.8528,1,CRITICAL,0.35,2.0-forward-looking
MRC002542,2026-08-31,0.5502,1,HIGH,0.35,2.0-forward-looking
MRC002543,2026-08-31,0.0363,0,LOW,0.35,2.0-forward-looking
MRC002544,2026-08-31,0.0012,0,LOW,0.35,2.0-forward-looking
MRC002545,2026-08-31,0.0026,0,LOW,0.35,2.0-forward-looking
MRC002546,2026-08-31,0.4529,1,HIGH,0.35,2.0-forward-looking
MRC002547,2026-08-31,0.8117,1,CRITICAL,0.35,2.0-forward-looking
MRC002548,2026-08-31,0.0012,0,LOW,0.35,2.0-forward-looking
MRC002549,2026-08-31,0.5157,1,HIGH,0.35,2.0-forward-looking
MRC002550,2026-08-31,0.4664,1,HIGH,0.35,2.0-forward-looking
MRC002551,2026-08-31,0.0456,0,LOW,0.35,2.0-forward-looking
MRC002552,2026-08-31,0.5074,1,HIGH,0.35,2.0-forward-looking
MRC002553,2026-08-31,0.5206,1,HIGH,0.35,2.0-forward-looking
MRC002554,2026-08-31,0.6385,1,HIGH,0.35,2.0-forward-looking
MRC002555,2026-08-31,0.7681,1,CRITICAL,0.35,2.0-forward-looking
MRC002556,2026-08-31,0.6179,1,HIGH,0.35,2.0-forward-looking
MRC002557,2026-08-31,0.7428,1,CRITICAL,0.35,2.0-forward-looking
MRC002558,2026-08-31,0.5114,1,HIGH,0.35,2.0-forward-looking
MRC002559,2026-08-31,0.3979,1,HIGH,0.35,2.0-forward-looking
MRC002560,2026-08-31,0.6672,1,CRITICAL,0.35,2.0-forward-looking
MRC002561,2026-08-31,0.0012,0,LOW,0.35,2.0-forward-looking
MRC002562,2026-08-31,0.1911,0,LOW,0.35,2.0-forward-looking
MRC002563,2026-08-31,0.3411,0,MEDIUM,0.35,2.0-forward-looking
MRC002564,2026-08-31,0.4906,1,HIGH,0.35,2.0-forward-looking
MRC002565,2026-08-31,0.2902,0,MEDIUM,0.35,2.0-forward-looking
MRC002566,2026-08-31,0.0012,0,LOW,0.35,2.0-forward-looking
MRC002567,2026-08-31,0.0226,0,LOW,0.35,2.0-forward-looking
MRC002568,2026-08-31,0.0012,0,LOW,0.35,2.0-forward-looking
MRC002569,2026-08-31,0.2478,0,MEDIUM,0.35,2.0-forward-looking
MRC002570,2026-08-31,0.0012,0,LOW,0.35,2.0-forward-looking
MRC002571,2026-08-31,0.6901,1,CRITICAL,0.35,2.0-forward-looking
MRC002572,2026-08-31,0.9182,1,CRITICAL,0.35,2.0-forward-looking
MRC002573,2026-08-31,0.4994,1,HIGH,0.35,2.0-forward-looking
MRC002574,2026-08-31,0.1534,0,LOW,0.35,2.0-forward-looking
MRC002575,2026-08-31,0.0012,0,LOW,0.35,2.0-forward-looking
MRC002576,2026-08-31,0.7649,1,CRITICAL,0.35,2.0-forward-looking
MRC002577,2026-08-31,0.2972,0,MEDIUM,0.35,2.0-forward-looking
MRC002578,2026-08-31,0.6298,1,HIGH,0.35,2.0-forward-looking
MRC002579,2026-08-31,0.0012,0,LOW,0.35,2.0-forward-looking
MRC002580,2026-08-31,0.0012,0,LOW,0.35,2.0-forward-looking
MRC002581,2026-08-31,0.3252,0,MEDIUM,0.35,2.0-forward-looking
MRC002582,2026-08-31,0.5465,1,HIGH,0.35,2.0-forward-looking
MRC002583,2026-08-31,0.8382,1,CRITICAL,0.35,2.0-forward-looking
MRC002584,2026-08-31,0.1879,0,LOW,0.35,2.0-forward-looking
MRC002585,2026-08-31,0.6067,1,HIGH,0.35,2.0-forward-looking
MRC002586,2026-08-31,0.7118,1,CRITICAL,0.35,2.0-forward-looking
MRC002587,2026-08-31,0.3649,1,HIGH,0.35,2.0-forward-looking
MRC002588,2026-08-31,0.8043,1,CRITICAL,0.35,2.0-forward-looking
MRC002589,2026-08-31,0.0031,0,LOW,0.35,2.0-forward-looking
MRC002590,2026-08-31,0.5918,1,HIGH,0.35,2.0-forward-looking
MRC002591,2026-08-31,0.8084,1,CRITICAL,0.35,2.0-forward-looking
MRC002592,2026-08-31,0.5252,1,HIGH,0.35,2.0-forward-looking
MRC002593,2026-08-31,0.7116,1,CRITICAL,0.35,2.0-forward-looking
MRC002594,2026-08-31,0.0134,0,LOW,0.35,2.0-forward-looking
MRC002595,2026-08-31,0.0012,0,LOW,0.35,2.0-forward-looking
MRC002596,2026-08-31,0.0012,0,LOW,0.35,2.0-forward-looking
MRC002597,2026-08-31,0.0027,0,LOW,0.35,2.0-forward-looking
MRC002598,2026-08-31,0.0479,0,LOW,0.35,2.0-forward-looking
MRC002599,2026-08-31,0.6823,1,CRITICAL,0.35,2.0-forward-looking
MRC002600,2026-08-31,0.7586,1,CRITICAL,0.35,2.0-forward-looking
MRC002601,2026-08-31,0.1257,0,LOW,0.35,2.0-forward-looking
MRC002602,2026-08-31,0.6317,1,HIGH,0.35,2.0-forward-looking
MRC002603,2026-08-31,0.0026,0,LOW,0.35,2.0-forward-looking
MRC002604,2026-08-31,0.6331,1,HIGH,0.35,2.0-forward-looking
MRC002605,2026-08-31,0.0012,0,LOW,0.35,2.0-forward-looking
MRC002606,2026-08-31,0.8561,1,CRITICAL,0.35,2.0-forward-looking
MRC002607,2026-08-31,0.1416,0,LOW,0.35,2.0-forward-looking
MRC002608,2026-08-31,0.0668,0,LOW,0.35,2.0-forward-looking
MRC002609,2026-08-31,0.2163,0,MEDIUM,0.35,2.0-forward-looking
MRC002610,2026-08-31,0.1971,0,LOW,0.35,2.0-forward-looking
MRC002611,2026-08-31,0.6598,1,CRITICAL,0.35,2.0-forward-looking
MRC002612,2026-08-31,0.0086,0,LOW,0.35,2.0-forward-looking
MRC002613,2026-08-31,0.5655,1,HIGH,0.35,2.0-forward-looking
MRC002614,2026-08-31,0.8422,1,CRITICAL,0.35,2.0-forward-looking
MRC002615,2026-08-31,0.6032,1,HIGH,0.35,2.0-forward-looking
MRC002616,2026-08-31,0.0012,0,LOW,0.35,2.0-forward-looking
MRC002617,2026-08-31,0.617,1,HIGH,0.35,2.0-forward-looking
MRC002618,2026-08-31,0.9028,1,CRITICAL,0.35,2.0-forward-looking
MRC002619,2026-08-31,0.6713,1,CRITICAL,0.35,2.0-forward-looking
MRC002620,2026-08-31,0.3901,1,HIGH,0.35,2.0-forward-looking
MRC002621,2026-08-31,0.2317,0,MEDIUM,0.35,2.0-forward-looking
MRC002622,2026-08-31,0.0027,0,LOW,0.35,2.0-forward-looking
MRC002623,2026-08-31,0.0015,0,LOW,0.35,2.0-forward-looking
MRC002624,2026-08-31,0.6348,1,HIGH,0.35,2.0-forward-looking
MRC002625,2026-08-31,0.5608,1,HIGH,0.35,2.0-forward-looking
MRC002626,2026-08-31,0.888,1,CRITICAL,0.35,2.0-forward-looking
MRC002627,2026-08-31,0.0039,0,LOW,0.35,2.0-forward-looking
MRC002628,2026-08-31,0.4617,1,HIGH,0.35,2.0-forward-looking
MRC002629,2026-08-31,0.6345,1,HIGH,0.35,2.0-forward-looking
MRC002630,2026-08-31,0.0012,0,LOW,0.35,2.0-forward-looking
MRC002631,2026-08-31,0.7089,1,CRITICAL,0.35,2.0-forward-looking
MRC002632,2026-08-31,0.7213,1,CRITICAL,0.35,2.0-forward-looking
MRC002633,2026-08-31,0.8899,1,CRITICAL,0.35,2.0-forward-looking
MRC002634,2026-08-31,0.0012,0,LOW,0.35,2.0-forward-looking
MRC002635,2026-08-31,0.0012,0,LOW,0.35,2.0-forward-looking
MRC002636,2026-08-31,0.3599,1,HIGH,0.35,2.0-forward-looking
MRC002637,2026-08-31,0.6377,1,HIGH,0.35,2.0-forward-looking
MRC002638,2026-08-31,0.0012,0,LOW,0.35,2.0-forward-looking
MRC002639,2026-08-31,0.0012,0,LOW,0.35,2.0-forward-looking
MRC002640,2026-08-31,0.7555,1,CRITICAL,0.35,2.0-forward-looking
MRC002641,2026-08-31,0.597,1,HIGH,0.35,2.0-forward-looking
MRC002642,2026-08-31,0.0012,0,LOW,0.35,2.0-forward-looking
MRC002643,2026-08-31,0.4646,1,HIGH,0.35,2.0-forward-looking
MRC002644,2026-08-31,0.6966,1,CRITICAL,0.35,2.0-forward-looking
MRC002645,2026-08-31,0.874,1,CRITICAL,0.35,2.0-forward-looking
MRC002646,2026-08-31,0.415,1,HIGH,0.35,2.0-forward-looking
MRC002647,2026-08-31,0.6005,1,HIGH,0.35,2.0-forward-looking
MRC002648,2026-08-31,0.0012,0,LOW,0.35,2.0-forward-looking
MRC002649,2026-08-31,0.7526,1,CRITICAL,0.35,2.0-forward-looking
MRC002650,2026-08-31,0.0012,0,LOW,0.35,2.0-forward-looking
MRC002651,2026-08-31,0.6364,1,HIGH,0.35,2.0-forward-looking
MRC002652,2026-08-31,0.3103,0,MEDIUM,0.35,2.0-forward-looking
MRC002653,2026-08-31,0.0026,0,LOW,0.35,2.0-forward-looking
MRC002654,2026-08-31,0.1696,0,LOW,0.35,2.0-forward-looking
MRC002655,2026-08-31,0.7524,1,CRITICAL,0.35,2.0-forward-looking
MRC002656,2026-08-31,0.7022,1,CRITICAL,0.35,2.0-forward-looking
MRC002657,2026-08-31,0.202,0,MEDIUM,0.35,2.0-forward-looking
MRC002658,2026-08-31,0.5161,1,HIGH,0.35,2.0-forward-looking
MRC002659,2026-08-31,0.0012,0,LOW,0.35,2.0-forward-looking
MRC002660,2026-08-31,0.2129,0,MEDIUM,0.35,2.0-forward-looking
MRC002661,2026-08-31,0.7662,1,CRITICAL,0.35,2.0-forward-looking
MRC002662,2026-08-31,0.1347,0,LOW,0.35,2.0-forward-looking
MRC002663,2026-08-31,0.2783,0,MEDIUM,0.35,2.0-forward-looking
MRC002664,2026-08-31,0.7883,1,CRITICAL,0.35,2.0-forward-looking
MRC002665,2026-08-31,0.6376,1,HIGH,0.35,2.0-forward-looking
MRC002666,2026-08-31,0.0538,0,LOW,0.35,2.0-forward-looking
MRC002667,2026-08-31,0.4456,1,HIGH,0.35,2.0-forward-looking
MRC002668,2026-08-31,0.3409,0,MEDIUM,0.35,2.0-forward-looking
MRC002669,2026-08-31,0.0012,0,LOW,0.35,2.0-forward-looking
MRC002670,2026-08-31,0.8494,1,CRITICAL,0.35,2.0-forward-looking
MRC002671,2026-08-31,0.6655,1,CRITICAL,0.35,2.0-forward-looking
MRC002672,2026-08-31,0.8908,1,CRITICAL,0.35,2.0-forward-looking
MRC002673,2026-08-31,0.6115,1,HIGH,0.35,2.0-forward-looking
MRC002674,2026-08-31,0.6068,1,HIGH,0.35,2.0-forward-looking
MRC002675,2026-08-31,0.4143,1,HIGH,0.35,2.0-forward-looking
MRC002676,2026-08-31,0.5517,1,HIGH,0.35,2.0-forward-looking
MRC002677,2026-08-31,0.1246,0,LOW,0.35,2.0-forward-looking
MRC002678,2026-08-31,0.0012,0,LOW,0.35,2.0-forward-looking
MRC002679,2026-08-31,0.3652,1,HIGH,0.35,2.0-forward-looking
MRC002680,2026-08-31,0.5486,1,HIGH,0.35,2.0-forward-looking
MRC002681,2026-08-31,0.7518,1,CRITICAL,0.35,2.0-forward-looking
MRC002682,2026-08-31,0.0027,0,LOW,0.35,2.0-forward-looking
MRC002683,2026-08-31,0.138,0,LOW,0.35,2.0-forward-looking
MRC002684,2026-08-31,0.5569,1,HIGH,0.35,2.0-forward-looking
MRC002685,2026-08-31,0.0012,0,LOW,0.35,2.0-forward-looking
MRC002686,2026-08-31,0.5827,1,HIGH,0.35,2.0-forward-looking
MRC002687,2026-08-31,0.7072,1,CRITICAL,0.35,2.0-forward-looking
MRC002688,2026-08-31,0.7945,1,CRITICAL,0.35,2.0-forward-looking
MRC002689,2026-08-31,0.378,1,HIGH,0.35,2.0-forward-looking
MRC002690,2026-08-31,0.7044,1,CRITICAL,0.35,2.0-forward-looking
MRC002691,2026-08-31,0.6825,1,CRITICAL,0.35,2.0-forward-looking
MRC002692,2026-08-31,0.0012,0,LOW,0.35,2.0-forward-looking
MRC002693,2026-08-31,0.0017,0,LOW,0.35,2.0-forward-looking
MRC002694,2026-08-31,0.8926,1,CRITICAL,0.35,2.0-forward-looking
MRC002695,2026-08-31,0.3218,0,MEDIUM,0.35,2.0-forward-looking
MRC002696,2026-08-31,0.6103,1,HIGH,0.35,2.0-forward-looking
MRC002697,2026-08-31,0.0077,0,LOW,0.35,2.0-forward-looking
MRC002698,2026-08-31,0.2163,0,MEDIUM,0.35,2.0-forward-looking
MRC002699,2026-08-31,0.3739,1,HIGH,0.35,2.0-forward-looking
MRC002700,2026-08-31,0.0025,0,LOW,0.35,2.0-forward-looking
MRC002701,2026-08-31,0.0012,0,LOW,0.35,2.0-forward-looking
MRC002702,2026-08-31,0.0012,0,LOW,0.35,2.0-forward-looking
MRC002703,2026-08-31,0.2915,0,MEDIUM,0.35,2.0-forward-looking
MRC002704,2026-08-31,0.9272,1,CRITICAL,0.35,2.0-forward-looking
MRC002705,2026-08-31,0.0012,0,LOW,0.35,2.0-forward-looking
MRC002706,2026-08-31,0.0866,0,LOW,0.35,2.0-forward-looking
MRC002707,2026-08-31,0.002,0,LOW,0.35,2.0-forward-looking
MRC002708,2026-08-31,0.7262,1,CRITICAL,0.35,2.0-forward-looking
MRC002709,2026-08-31,0.6108,1,HIGH,0.35,2.0-forward-looking
MRC002710,2026-08-31,0.4112,1,HIGH,0.35,2.0-forward-looking
MRC002711,2026-08-31,0.5944,1,HIGH,0.35,2.0-forward-looking
MRC002712,2026-08-31,0.136,0,LOW,0.35,2.0-forward-looking
MRC002713,2026-08-31,0.0012,0,LOW,0.35,2.0-forward-looking
MRC002714,2026-08-31,0.0012,0,LOW,0.35,2.0-forward-looking
MRC002715,2026-08-31,0.0211,0,LOW,0.35,2.0-forward-looking
MRC002716,2026-08-31,0.6297,1,HIGH,0.35,2.0-forward-looking
MRC002717,2026-08-31,0.0465,0,LOW,0.35,2.0-forward-looking
MRC002718,2026-08-31,0.0012,0,LOW,0.35,2.0-forward-looking
MRC002719,2026-08-31,0.0012,0,LOW,0.35,2.0-forward-looking
MRC002720,2026-08-31,0.7934,1,CRITICAL,0.35,2.0-forward-looking
MRC002721,2026-08-31,0.7217,1,CRITICAL,0.35,2.0-forward-looking
MRC002722,2026-08-31,0.3372,0,MEDIUM,0.35,2.0-forward-looking
MRC002723,2026-08-31,0.8824,1,CRITICAL,0.35,2.0-forward-looking
MRC002724,2026-08-31,0.7587,1,CRITICAL,0.35,2.0-forward-looking
MRC002725,2026-08-31,0.7911,1,CRITICAL,0.35,2.0-forward-looking
MRC002726,2026-08-31,0.0117,0,LOW,0.35,2.0-forward-looking
MRC002727,2026-08-31,0.4722,1,HIGH,0.35,2.0-forward-looking
MRC002728,2026-08-31,0.0012,0,LOW,0.35,2.0-forward-looking
MRC002729,2026-08-31,0.684,1,CRITICAL,0.35,2.0-forward-looking
MRC002730,2026-08-31,0.6823,1,CRITICAL,0.35,2.0-forward-looking
MRC002731,2026-08-31,0.0543,0,LOW,0.35,2.0-forward-looking
MRC002732,2026-08-31,0.7497,1,CRITICAL,0.35,2.0-forward-looking
MRC002733,2026-08-31,0.7229,1,CRITICAL,0.35,2.0-forward-looking
MRC002734,2026-08-31,0.0012,0,LOW,0.35,2.0-forward-looking
MRC002735,2026-08-31,0.3468,0,MEDIUM,0.35,2.0-forward-looking
MRC002736,2026-08-31,0.6508,1,CRITICAL,0.35,2.0-forward-looking
MRC002737,2026-08-31,0.2547,0,MEDIUM,0.35,2.0-forward-looking
MRC002738,2026-08-31,0.3264,0,MEDIUM,0.35,2.0-forward-looking
MRC002739,2026-08-31,0.1645,0,LOW,0.35,2.0-forward-looking
MRC002740,2026-08-31,0.5629,1,HIGH,0.35,2.0-forward-looking
MRC002741,2026-08-31,0.3847,1,HIGH,0.35,2.0-forward-looking
MRC002742,2026-08-31,0.0012,0,LOW,0.35,2.0-forward-looking
MRC002743,2026-08-31,0.0012,0,LOW,0.35,2.0-forward-looking
MRC002744,2026-08-31,0.7211,1,CRITICAL,0.35,2.0-forward-looking
MRC002745,2026-08-31,0.0759,0,LOW,0.35,2.0-forward-looking
MRC002746,2026-08-31,0.6971,1,CRITICAL,0.35,2.0-forward-looking
MRC002747,2026-08-31,0.6342,1,HIGH,0.35,2.0-forward-looking
MRC002748,2026-08-31,0.5624,1,HIGH,0.35,2.0-forward-looking
MRC002749,2026-08-31,0.0013,0,LOW,0.35,2.0-forward-looking
MRC002750,2026-08-31,0.0029,0,LOW,0.35,2.0-forward-looking
MRC002751,2026-08-31,0.0012,0,LOW,0.35,2.0-forward-looking
MRC002752,2026-08-31,0.5584,1,HIGH,0.35,2.0-forward-looking
MRC002753,2026-08-31,0.9193,1,CRITICAL,0.35,2.0-forward-looking
MRC002754,2026-08-31,0.0012,0,LOW,0.35,2.0-forward-looking
MRC002755,2026-08-31,0.0904,0,LOW,0.35,2.0-forward-looking
MRC002756,2026-08-31,0.416,1,HIGH,0.35,2.0-forward-looking
MRC002757,2026-08-31,0.1974,0,LOW,0.35,2.0-forward-looking
MRC002758,2026-08-31,0.788,1,CRITICAL,0.35,2.0-forward-looking
MRC002759,2026-08-31,0.3033,0,MEDIUM,0.35,2.0-forward-looking
MRC002760,2026-08-31,0.2178,0,MEDIUM,0.35,2.0-forward-looking
MRC002761,2026-08-31,0.0012,0,LOW,0.35,2.0-forward-looking
MRC002762,2026-08-31,0.0062,0,LOW,0.35,2.0-forward-looking
MRC002763,2026-08-31,0.0012,0,LOW,0.35,2.0-forward-looking
MRC002764,2026-08-31,0.2268,0,MEDIUM,0.35,2.0-forward-looking
MRC002765,2026-08-31,0.0012,0,LOW,0.35,2.0-forward-looking
MRC002766,2026-08-31,0.0012,0,LOW,0.35,2.0-forward-looking
MRC002767,2026-08-31,0.2191,0,MEDIUM,0.35,2.0-forward-looking
MRC002768,2026-08-31,0.6586,1,CRITICAL,0.35,2.0-forward-looking
MRC002769,2026-08-31,0.7971,1,CRITICAL,0.35,2.0-forward-looking
MRC002770,2026-08-31,0.0222,0,LOW,0.35,2.0-forward-looking
MRC002771,2026-08-31,0.5723,1,HIGH,0.35,2.0-forward-looking
MRC002772,2026-08-31,0.1576,0,LOW,0.35,2.0-forward-looking
MRC002773,2026-08-31,0.6332,1,HIGH,0.35,2.0-forward-looking
MRC002774,2026-08-31,0.5184,1,HIGH,0.35,2.0-forward-looking
MRC002775,2026-08-31,0.769,1,CRITICAL,0.35,2.0-forward-looking
MRC002776,2026-08-31,0.1108,0,LOW,0.35,2.0-forward-looking
MRC002777,2026-08-31,0.4547,1,HIGH,0.35,2.0-forward-looking
MRC002778,2026-08-31,0.6651,1,CRITICAL,0.35,2.0-forward-looking
MRC002779,2026-08-31,0.7537,1,CRITICAL,0.35,2.0-forward-looking
MRC002780,2026-08-31,0.0012,0,LOW,0.35,2.0-forward-looking
MRC002781,2026-08-31,0.0013,0,LOW,0.35,2.0-forward-looking
MRC002782,2026-08-31,0.0012,0,LOW,0.35,2.0-forward-looking
MRC002783,2026-08-31,0.0028,0,LOW,0.35,2.0-forward-looking
MRC002784,2026-08-31,0.0197,0,LOW,0.35,2.0-forward-looking
MRC002785,2026-08-31,0.5569,1,HIGH,0.35,2.0-forward-looking
MRC002786,2026-08-31,0.0012,0,LOW,0.35,2.0-forward-looking
MRC002787,2026-08-31,0.0012,0,LOW,0.35,2.0-forward-looking
MRC002788,2026-08-31,0.2799,0,MEDIUM,0.35,2.0-forward-looking
MRC002789,2026-08-31,0.0032,0,LOW,0.35,2.0-forward-looking
MRC002790,2026-08-31,0.7541,1,CRITICAL,0.35,2.0-forward-looking
MRC002791,2026-08-31,0.0728,0,LOW,0.35,2.0-forward-looking
MRC002792,2026-08-31,0.0012,0,LOW,0.35,2.0-forward-looking
MRC002793,2026-08-31,0.0012,0,LOW,0.35,2.0-forward-looking
MRC002794,2026-08-31,0.7631,1,CRITICAL,0.35,2.0-forward-looking
MRC002795,2026-08-31,0.0553,0,LOW,0.35,2.0-forward-looking
MRC002796,2026-08-31,0.0012,0,LOW,0.35,2.0-forward-looking
MRC002797,2026-08-31,0.0031,0,LOW,0.35,2.0-forward-looking
MRC002798,2026-08-31,0.087,0,LOW,0.35,2.0-forward-looking
MRC002799,2026-08-31,0.4356,1,HIGH,0.35,2.0-forward-looking
MRC002800,2026-08-31,0.4647,1,HIGH,0.35,2.0-forward-looking
MRC002801,2026-08-31,0.59,1,HIGH,0.35,2.0-forward-looking
MRC002802,2026-08-31,0.7138,1,CRITICAL,0.35,2.0-forward-looking
MRC002803,2026-08-31,0.0012,0,LOW,0.35,2.0-forward-looking
MRC002804,2026-08-31,0.365,1,HIGH,0.35,2.0-forward-looking
MRC002805,2026-08-31,0.0012,0,LOW,0.35,2.0-forward-looking
MRC002806,2026-08-31,0.0026,0,LOW,0.35,2.0-forward-looking
MRC002807,2026-08-31,0.0012,0,LOW,0.35,2.0-forward-looking
MRC002808,2026-08-31,0.0012,0,LOW,0.35,2.0-forward-looking
MRC002809,2026-08-31,0.0012,0,LOW,0.35,2.0-forward-looking
MRC002810,2026-08-31,0.0397,0,LOW,0.35,2.0-forward-looking
MRC002811,2026-08-31,0.4728,1,HIGH,0.35,2.0-forward-looking
MRC002812,2026-08-31,0.4605,1,HIGH,0.35,2.0-forward-looking
MRC002813,2026-08-31,0.2129,0,MEDIUM,0.35,2.0-forward-looking
MRC002814,2026-08-31,0.0016,0,LOW,0.35,2.0-forward-looking
MRC002815,2026-08-31,0.0012,0,LOW,0.35,2.0-forward-looking
MRC002816,2026-08-31,0.7053,1,CRITICAL,0.35,2.0-forward-looking
MRC002817,2026-08-31,0.4346,1,HIGH,0.35,2.0-forward-looking
MRC002818,2026-08-31,0.3213,0,MEDIUM,0.35,2.0-forward-looking
MRC002819,2026-08-31,0.0012,0,LOW,0.35,2.0-forward-looking
MRC002820,2026-08-31,0.5186,1,HIGH,0.35,2.0-forward-looking
MRC002821,2026-08-31,0.2699,0,MEDIUM,0.35,2.0-forward-looking
MRC002822,2026-08-31,0.4028,1,HIGH,0.35,2.0-forward-looking
MRC002823,2026-08-31,0.069,0,LOW,0.35,2.0-forward-looking
MRC002824,2026-08-31,0.7864,1,CRITICAL,0.35,2.0-forward-looking
MRC002825,2026-08-31,0.8803,1,CRITICAL,0.35,2.0-forward-looking
MRC002826,2026-08-31,0.3377,0,MEDIUM,0.35,2.0-forward-looking
MRC002827,2026-08-31,0.2735,0,MEDIUM,0.35,2.0-forward-looking
MRC002828,2026-08-31,0.5799,1,HIGH,0.35,2.0-forward-looking
MRC002829,2026-08-31,0.0012,0,LOW,0.35,2.0-forward-looking
MRC002830,2026-08-31,0.6139,1,HIGH,0.35,2.0-forward-looking
MRC002831,2026-08-31,0.3829,1,HIGH,0.35,2.0-forward-looking
MRC002832,2026-08-31,0.7103,1,CRITICAL,0.35,2.0-forward-looking
MRC002833,2026-08-31,0.1367,0,LOW,0.35,2.0-forward-looking
MRC002834,2026-08-31,0.2911,0,MEDIUM,0.35,2.0-forward-looking
MRC002835,2026-08-31,0.0012,0,LOW,0.35,2.0-forward-looking
MRC002836,2026-08-31,0.1639,0,LOW,0.35,2.0-forward-looking
MRC002837,2026-08-31,0.0031,0,LOW,0.35,2.0-forward-looking
MRC002838,2026-08-31,0.7679,1,CRITICAL,0.35,2.0-forward-looking
MRC002839,2026-08-31,0.0015,0,LOW,0.35,2.0-forward-looking
MRC002840,2026-08-31,0.0012,0,LOW,0.35,2.0-forward-looking
MRC002841,2026-08-31,0.5699,1,HIGH,0.35,2.0-forward-looking
MRC002842,2026-08-31,0.1474,0,LOW,0.35,2.0-forward-looking
MRC002843,2026-08-31,0.372,1,HIGH,0.35,2.0-forward-looking
MRC002844,2026-08-31,0.0461,0,LOW,0.35,2.0-forward-looking
MRC002845,2026-08-31,0.1805,0,LOW,0.35,2.0-forward-looking
MRC002846,2026-08-31,0.9345,1,CRITICAL,0.35,2.0-forward-looking
MRC002847,2026-08-31,0.0915,0,LOW,0.35,2.0-forward-looking
MRC002848,2026-08-31,0.0012,0,LOW,0.35,2.0-forward-looking
MRC002849,2026-08-31,0.0013,0,LOW,0.35,2.0-forward-looking
MRC002850,2026-08-31,0.8449,1,CRITICAL,0.35,2.0-forward-looking
MRC002851,2026-08-31,0.5887,1,HIGH,0.35,2.0-forward-looking
MRC002852,2026-08-31,0.6135,1,HIGH,0.35,2.0-forward-looking
MRC002853,2026-08-31,0.9476,1,CRITICAL,0.35,2.0-forward-looking
MRC002854,2026-08-31,0.615,1,HIGH,0.35,2.0-forward-looking
MRC002855,2026-08-31,0.6121,1,HIGH,0.35,2.0-forward-looking
MRC002856,2026-08-31,0.3649,1,HIGH,0.35,2.0-forward-looking
MRC002857,2026-08-31,0.9053,1,CRITICAL,0.35,2.0-forward-looking
MRC002858,2026-08-31,0.6989,1,CRITICAL,0.35,2.0-forward-looking
MRC002859,2026-08-31,0.4944,1,HIGH,0.35,2.0-forward-looking
MRC002860,2026-08-31,0.0012,0,LOW,0.35,2.0-forward-looking
MRC002861,2026-08-31,0.0012,0,LOW,0.35,2.0-forward-looking
MRC002862,2026-08-31,0.1967,0,LOW,0.35,2.0-forward-looking
MRC002863,2026-08-31,0.9041,1,CRITICAL,0.35,2.0-forward-looking
MRC002864,2026-08-31,0.7678,1,CRITICAL,0.35,2.0-forward-looking
MRC002865,2026-08-31,0.3331,0,MEDIUM,0.35,2.0-forward-looking
MRC002866,2026-08-31,0.8686,1,CRITICAL,0.35,2.0-forward-looking
MRC002867,2026-08-31,0.0012,0,LOW,0.35,2.0-forward-looking
MRC002868,2026-08-31,0.3942,1,HIGH,0.35,2.0-forward-looking
MRC002869,2026-08-31,0.598,1,HIGH,0.35,2.0-forward-looking
MRC002870,2026-08-31,0.6289,1,HIGH,0.35,2.0-forward-looking
MRC002871,2026-08-31,0.0012,0,LOW,0.35,2.0-forward-looking
MRC002872,2026-08-31,0.6579,1,CRITICAL,0.35,2.0-forward-looking
MRC002873,2026-08-31,0.3043,0,MEDIUM,0.35,2.0-forward-looking
MRC002874,2026-08-31,0.6428,1,HIGH,0.35,2.0-forward-looking
MRC002875,2026-08-31,0.761,1,CRITICAL,0.35,2.0-forward-looking
MRC002876,2026-08-31,0.2258,0,MEDIUM,0.35,2.0-forward-looking
MRC002877,2026-08-31,0.4913,1,HIGH,0.35,2.0-forward-looking
MRC002878,2026-08-31,0.7195,1,CRITICAL,0.35,2.0-forward-looking
MRC002879,2026-08-31,0.17,0,LOW,0.35,2.0-forward-looking
MRC002880,2026-08-31,0.0167,0,LOW,0.35,2.0-forward-looking
MRC002881,2026-08-31,0.2227,0,MEDIUM,0.35,2.0-forward-looking
MRC002882,2026-08-31,0.6668,1,CRITICAL,0.35,2.0-forward-looking
MRC002883,2026-08-31,0.1424,0,LOW,0.35,2.0-forward-looking
MRC002884,2026-08-31,0.5651,1,HIGH,0.35,2.0-forward-looking
MRC002885,2026-08-31,0.797,1,CRITICAL,0.35,2.0-forward-looking
MRC002886,2026-08-31,0.4262,1,HIGH,0.35,2.0-forward-looking
MRC002887,2026-08-31,0.7186,1,CRITICAL,0.35,2.0-forward-looking
MRC002888,2026-08-31,0.5564,1,HIGH,0.35,2.0-forward-looking
MRC002889,2026-08-31,0.6411,1,HIGH,0.35,2.0-forward-looking
MRC002890,2026-08-31,0.4589,1,HIGH,0.35,2.0-forward-looking
MRC002891,2026-08-31,0.0012,0,LOW,0.35,2.0-forward-looking
MRC002892,2026-08-31,0.0672,0,LOW,0.35,2.0-forward-looking
MRC002893,2026-08-31,0.7911,1,CRITICAL,0.35,2.0-forward-looking
MRC002894,2026-08-31,0.664,1,CRITICAL,0.35,2.0-forward-looking
MRC002895,2026-08-31,0.3124,0,MEDIUM,0.35,2.0-forward-looking
MRC002896,2026-08-31,0.428,1,HIGH,0.35,2.0-forward-looking
MRC002897,2026-08-31,0.4708,1,HIGH,0.35,2.0-forward-looking
MRC002898,2026-08-31,0.2443,0,MEDIUM,0.35,2.0-forward-looking
MRC002899,2026-08-31,0.1884,0,LOW,0.35,2.0-forward-looking
MRC002900,2026-08-31,0.5978,1,HIGH,0.35,2.0-forward-looking
MRC002901,2026-08-31,0.3589,1,HIGH,0.35,2.0-forward-looking
MRC002902,2026-08-31,0.723,1,CRITICAL,0.35,2.0-forward-looking
MRC002903,2026-08-31,0.0012,0,LOW,0.35,2.0-forward-looking
MRC002904,2026-08-31,0.1424,0,LOW,0.35,2.0-forward-looking
MRC002905,2026-08-31,0.2951,0,MEDIUM,0.35,2.0-forward-looking
MRC002906,2026-08-31,0.0012,0,LOW,0.35,2.0-forward-looking
MRC002907,2026-08-31,0.3993,1,HIGH,0.35,2.0-forward-looking
MRC002908,2026-08-31,0.8403,1,CRITICAL,0.35,2.0-forward-looking
MRC002909,2026-08-31,0.1332,0,LOW,0.35,2.0-forward-looking
MRC002910,2026-08-31,0.2074,0,MEDIUM,0.35,2.0-forward-looking
MRC002911,2026-08-31,0.0012,0,LOW,0.35,2.0-forward-looking
MRC002912,2026-08-31,0.0037,0,LOW,0.35,2.0-forward-looking
MRC002913,2026-08-31,0.0012,0,LOW,0.35,2.0-forward-looking
MRC002914,2026-08-31,0.0027,0,LOW,0.35,2.0-forward-looking
MRC002915,2026-08-31,0.6192,1,HIGH,0.35,2.0-forward-looking
MRC002916,2026-08-31,0.8582,1,CRITICAL,0.35,2.0-forward-looking
MRC002917,2026-08-31,0.7526,1,CRITICAL,0.35,2.0-forward-looking
MRC002918,2026-08-31,0.0029,0,LOW,0.35,2.0-forward-looking
MRC002919,2026-08-31,0.0012,0,LOW,0.35,2.0-forward-looking
MRC002920,2026-08-31,0.0012,0,LOW,0.35,2.0-forward-looking
MRC002921,2026-08-31,0.0033,0,LOW,0.35,2.0-forward-looking
MRC002922,2026-08-31,0.0012,0,LOW,0.35,2.0-forward-looking
MRC002923,2026-08-31,0.5729,1,HIGH,0.35,2.0-forward-looking
MRC002924,2026-08-31,0.7248,1,CRITICAL,0.35,2.0-forward-looking
MRC002925,2026-08-31,0.509,1,HIGH,0.35,2.0-forward-looking
MRC002926,2026-08-31,0.0012,0,LOW,0.35,2.0-forward-looking
MRC002927,2026-08-31,0.7461,1,CRITICAL,0.35,2.0-forward-looking
MRC002928,2026-08-31,0.8734,1,CRITICAL,0.35,2.0-forward-looking
MRC002929,2026-08-31,0.1176,0,LOW,0.35,2.0-forward-looking
MRC002930,2026-08-31,0.0012,0,LOW,0.35,2.0-forward-looking
MRC002931,2026-08-31,0.8984,1,CRITICAL,0.35,2.0-forward-looking
MRC002932,2026-08-31,0.0076,0,LOW,0.35,2.0-forward-looking
MRC002933,2026-08-31,0.4828,1,HIGH,0.35,2.0-forward-looking
MRC002934,2026-08-31,0.0012,0,LOW,0.35,2.0-forward-looking
MRC002935,2026-08-31,0.7265,1,CRITICAL,0.35,2.0-forward-looking
MRC002936,2026-08-31,0.7187,1,CRITICAL,0.35,2.0-forward-looking
MRC002937,2026-08-31,0.0202,0,LOW,0.35,2.0-forward-looking
MRC002938,2026-08-31,0.0012,0,LOW,0.35,2.0-forward-looking
MRC002939,2026-08-31,0.0012,0,LOW,0.35,2.0-forward-looking
MRC002940,2026-08-31,0.0012,0,LOW,0.35,2.0-forward-looking
MRC002941,2026-08-31,0.6749,1,CRITICAL,0.35,2.0-forward-looking
MRC002942,2026-08-31,0.5635,1,HIGH,0.35,2.0-forward-looking
MRC002943,2026-08-31,0.279,0,MEDIUM,0.35,2.0-forward-looking
MRC002944,2026-08-31,0.5614,1,HIGH,0.35,2.0-forward-looking
MRC002945,2026-08-31,0.1386,0,LOW,0.35,2.0-forward-looking
MRC002946,2026-08-31,0.5998,1,HIGH,0.35,2.0-forward-looking
MRC002947,2026-08-31,0.0012,0,LOW,0.35,2.0-forward-looking
MRC002948,2026-08-31,0.0031,0,LOW,0.35,2.0-forward-looking
MRC002949,2026-08-31,0.0012,0,LOW,0.35,2.0-forward-looking
MRC002950,2026-08-31,0.8512,1,CRITICAL,0.35,2.0-forward-looking
MRC002951,2026-08-31,0.466,1,HIGH,0.35,2.0-forward-looking
MRC002952,2026-08-31,0.0196,0,LOW,0.35,2.0-forward-looking
MRC002953,2026-08-31,0.2827,0,MEDIUM,0.35,2.0-forward-looking
MRC002954,2026-08-31,0.6158,1,HIGH,0.35,2.0-forward-looking
MRC002955,2026-08-31,0.5048,1,HIGH,0.35,2.0-forward-looking
MRC002956,2026-08-31,0.1532,0,LOW,0.35,2.0-forward-looking
MRC002957,2026-08-31,0.0359,0,LOW,0.35,2.0-forward-looking
MRC002958,2026-08-31,0.3162,0,MEDIUM,0.35,2.0-forward-looking
MRC002959,2026-08-31,0.5664,1,HIGH,0.35,2.0-forward-looking
MRC002960,2026-08-31,0.7793,1,CRITICAL,0.35,2.0-forward-looking
MRC002961,2026-08-31,0.0034,0,LOW,0.35,2.0-forward-looking
MRC002962,2026-08-31,0.407,1,HIGH,0.35,2.0-forward-looking
MRC002963,2026-08-31,0.0012,0,LOW,0.35,2.0-forward-looking
MRC002964,2026-08-31,0.6977,1,CRITICAL,0.35,2.0-forward-looking
MRC002965,2026-08-31,0.4632,1,HIGH,0.35,2.0-forward-looking
MRC002966,2026-08-31,0.7149,1,CRITICAL,0.35,2.0-forward-looking
MRC002967,2026-08-31,0.0012,0,LOW,0.35,2.0-forward-looking
MRC002968,2026-08-31,0.0012,0,LOW,0.35,2.0-forward-looking
MRC002969,2026-08-31,0.0012,0,LOW,0.35,2.0-forward-looking
MRC002970,2026-08-31,0.0418,0,LOW,0.35,2.0-forward-looking
MRC002971,2026-08-31,0.0012,0,LOW,0.35,2.0-forward-looking
MRC002972,2026-08-31,0.4053,1,HIGH,0.35,2.0-forward-looking
MRC002973,2026-08-31,0.0045,0,LOW,0.35,2.0-forward-looking
MRC002974,2026-08-31,0.4107,1,HIGH,0.35,2.0-forward-looking
MRC002975,2026-08-31,0.0796,0,LOW,0.35,2.0-forward-looking
MRC002976,2026-08-31,0.0012,0,LOW,0.35,2.0-forward-looking
MRC002977,2026-08-31,0.0897,0,LOW,0.35,2.0-forward-looking
MRC002978,2026-08-31,0.7451,1,CRITICAL,0.35,2.0-forward-looking
MRC002979,2026-08-31,0.1304,0,LOW,0.35,2.0-forward-looking
MRC002980,2026-08-31,0.1538,0,LOW,0.35,2.0-forward-looking
MRC002981,2026-08-31,0.3604,1,HIGH,0.35,2.0-forward-looking
MRC002982,2026-08-31,0.077,0,LOW,0.35,2.0-forward-looking
MRC002983,2026-08-31,0.0025,0,LOW,0.35,2.0-forward-looking
MRC002984,2026-08-31,0.0012,0,LOW,0.35,2.0-forward-looking
MRC002985,2026-08-31,0.0012,0,LOW,0.35,2.0-forward-looking
MRC002986,2026-08-31,0.5456,1,HIGH,0.35,2.0-forward-looking
MRC002987,2026-08-31,0.0034,0,LOW,0.35,2.0-forward-looking
MRC002988,2026-08-31,0.0468,0,LOW,0.35,2.0-forward-looking
MRC002989,2026-08-31,0.4879,1,HIGH,0.35,2.0-forward-looking
MRC002990,2026-08-31,0.0012,0,LOW,0.35,2.0-forward-looking
MRC002991,2026-08-31,0.78,1,CRITICAL,0.35,2.0-forward-looking
MRC002992,2026-08-31,0.0049,0,LOW,0.35,2.0-forward-looking
MRC002993,2026-08-31,0.0012,0,LOW,0.35,2.0-forward-looking
MRC002994,2026-08-31,0.0012,0,LOW,0.35,2.0-forward-looking
MRC002995,2026-08-31,0.0013,0,LOW,0.35,2.0-forward-looking
MRC002996,2026-08-31,0.0148,0,LOW,0.35,2.0-forward-looking
MRC002997,2026-08-31,0.6393,1,HIGH,0.35,2.0-forward-looking
MRC002998,2026-08-31,0.5292,1,HIGH,0.35,2.0-forward-looking
MRC002999,2026-08-31,0.566,1,HIGH,0.35,2.0-forward-looking
MRC003000,2026-08-31,0.905,1,CRITICAL,0.35,2.0-forward-looking
MRC003001,2026-08-31,0.0012,0,LOW,0.35,2.0-forward-looking
MRC003002,2026-08-31,0.0012,0,LOW,0.35,2.0-forward-looking
MRC003003,2026-08-31,0.1006,0,LOW,0.35,2.0-forward-looking
MRC003004,2026-08-31,0.0012,0,LOW,0.35,2.0-forward-looking
MRC003005,2026-08-31,0.0794,0,LOW,0.35,2.0-forward-looking
MRC003006,2026-08-31,0.2539,0,MEDIUM,0.35,2.0-forward-looking
MRC003007,2026-08-31,0.7581,1,CRITICAL,0.35,2.0-forward-looking
MRC003008,2026-08-31,0.2193,0,MEDIUM,0.35,2.0-forward-looking
MRC003009,2026-08-31,0.2519,0,MEDIUM,0.35,2.0-forward-looking
MRC003010,2026-08-31,0.3514,1,HIGH,0.35,2.0-forward-looking
MRC003011,2026-08-31,0.1452,0,LOW,0.35,2.0-forward-looking
MRC003012,2026-08-31,0.5566,1,HIGH,0.35,2.0-forward-looking
MRC003013,2026-08-31,0.2298,0,MEDIUM,0.35,2.0-forward-looking
MRC003014,2026-08-31,0.1209,0,LOW,0.35,2.0-forward-looking
MRC003015,2026-08-31,0.7568,1,CRITICAL,0.35,2.0-forward-looking
MRC003016,2026-08-31,0.7979,1,CRITICAL,0.35,2.0-forward-looking
MRC003017,2026-08-31,0.6211,1,HIGH,0.35,2.0-forward-looking
MRC003018,2026-08-31,0.8398,1,CRITICAL,0.35,2.0-forward-looking
MRC003019,2026-08-31,0.031,0,LOW,0.35,2.0-forward-looking
MRC003020,2026-08-31,0.4845,1,HIGH,0.35,2.0-forward-looking
MRC003021,2026-08-31,0.75,1,CRITICAL,0.35,2.0-forward-looking
MRC003022,2026-08-31,0.6407,1,HIGH,0.35,2.0-forward-looking
MRC003023,2026-08-31,0.614,1,HIGH,0.35,2.0-forward-looking
MRC003024,2026-08-31,0.0033,0,LOW,0.35,2.0-forward-looking
MRC003025,2026-08-31,0.0012,0,LOW,0.35,2.0-forward-looking
MRC003026,2026-08-31,0.469,1,HIGH,0.35,2.0-forward-looking
MRC003027,2026-08-31,0.0351,0,LOW,0.35,2.0-forward-looking
MRC003028,2026-08-31,0.2384,0,MEDIUM,0.35,2.0-forward-looking
MRC003029,2026-08-31,0.1265,0,LOW,0.35,2.0-forward-looking
MRC003030,2026-08-31,0.0012,0,LOW,0.35,2.0-forward-looking
MRC003031,2026-08-31,0.6746,1,CRITICAL,0.35,2.0-forward-looking
MRC003032,2026-08-31,0.0012,0,LOW,0.35,2.0-forward-looking
MRC003033,2026-08-31,0.5859,1,HIGH,0.35,2.0-forward-looking
MRC003034,2026-08-31,0.293,0,MEDIUM,0.35,2.0-forward-looking
MRC003035,2026-08-31,0.7131,1,CRITICAL,0.35,2.0-forward-looking
MRC003036,2026-08-31,0.7197,1,CRITICAL,0.35,2.0-forward-looking
MRC003037,2026-08-31,0.2414,0,MEDIUM,0.35,2.0-forward-looking
MRC003038,2026-08-31,0.662,1,CRITICAL,0.35,2.0-forward-looking
MRC003039,2026-08-31,0.0264,0,LOW,0.35,2.0-forward-looking
MRC003040,2026-08-31,0.0596,0,LOW,0.35,2.0-forward-looking
MRC003041,2026-08-31,0.9064,1,CRITICAL,0.35,2.0-forward-looking
MRC003042,2026-08-31,0.0012,0,LOW,0.35,2.0-forward-looking
MRC003043,2026-08-31,0.0012,0,LOW,0.35,2.0-forward-looking
MRC003044,2026-08-31,0.5673,1,HIGH,0.35,2.0-forward-looking
MRC003045,2026-08-31,0.4419,1,HIGH,0.35,2.0-forward-looking
MRC003046,2026-08-31,0.0012,0,LOW,0.35,2.0-forward-looking
MRC003047,2026-08-31,0.0421,0,LOW,0.35,2.0-forward-looking
MRC003048,2026-08-31,0.344,0,MEDIUM,0.35,2.0-forward-looking
MRC003049,2026-08-31,0.0012,0,LOW,0.35,2.0-forward-looking
MRC003050,2026-08-31,0.0993,0,LOW,0.35,2.0-forward-looking
MRC003051,2026-08-31,0.0012,0,LOW,0.35,2.0-forward-looking
MRC003052,2026-08-31,0.0891,0,LOW,0.35,2.0-forward-looking
MRC003053,2026-08-31,0.0059,0,LOW,0.35,2.0-forward-looking
MRC003054,2026-08-31,0.0012,0,LOW,0.35,2.0-forward-looking
MRC003055,2026-08-31,0.9401,1,CRITICAL,0.35,2.0-forward-looking
MRC003056,2026-08-31,0.0012,0,LOW,0.35,2.0-forward-looking
MRC003057,2026-08-31,0.6298,1,HIGH,0.35,2.0-forward-looking
MRC003058,2026-08-31,0.0031,0,LOW,0.35,2.0-forward-looking
MRC003059,2026-08-31,0.0012,0,LOW,0.35,2.0-forward-looking
MRC003060,2026-08-31,0.5825,1,HIGH,0.35,2.0-forward-looking
MRC003061,2026-08-31,0.4152,1,HIGH,0.35,2.0-forward-looking
MRC003062,2026-08-31,0.0031,0,LOW,0.35,2.0-forward-looking
MRC003063,2026-08-31,0.6318,1,HIGH,0.35,2.0-forward-looking
MRC003064,2026-08-31,0.0012,0,LOW,0.35,2.0-forward-looking
MRC003065,2026-08-31,0.37,1,HIGH,0.35,2.0-forward-looking
MRC003066,2026-08-31,0.0012,0,LOW,0.35,2.0-forward-looking
MRC003067,2026-08-31,0.6739,1,CRITICAL,0.35,2.0-forward-looking
MRC003068,2026-08-31,0.2126,0,MEDIUM,0.35,2.0-forward-looking
MRC003069,2026-08-31,0.0028,0,LOW,0.35,2.0-forward-looking
MRC003070,2026-08-31,0.7189,1,CRITICAL,0.35,2.0-forward-looking
MRC003071,2026-08-31,0.7221,1,CRITICAL,0.35,2.0-forward-looking
MRC003072,2026-08-31,0.0026,0,LOW,0.35,2.0-forward-looking
MRC003073,2026-08-31,0.2763,0,MEDIUM,0.35,2.0-forward-looking
MRC003074,2026-08-31,0.7183,1,CRITICAL,0.35,2.0-forward-looking
MRC003075,2026-08-31,0.0012,0,LOW,0.35,2.0-forward-looking
MRC003076,2026-08-31,0.0012,0,LOW,0.35,2.0-forward-looking
MRC003077,2026-08-31,0.0012,0,LOW,0.35,2.0-forward-looking
MRC003078,2026-08-31,0.7415,1,CRITICAL,0.35,2.0-forward-looking
MRC003079,2026-08-31,0.6258,1,HIGH,0.35,2.0-forward-looking
MRC003080,2026-08-31,0.6904,1,CRITICAL,0.35,2.0-forward-looking
MRC003081,2026-08-31,0.0992,0,LOW,0.35,2.0-forward-looking
MRC003082,2026-08-31,0.907,1,CRITICAL,0.35,2.0-forward-looking
MRC003083,2026-08-31,0.6676,1,CRITICAL,0.35,2.0-forward-looking
MRC003084,2026-08-31,0.3748,1,HIGH,0.35,2.0-forward-looking
MRC003085,2026-08-31,0.818,1,CRITICAL,0.35,2.0-forward-looking
MRC003086,2026-08-31,0.0012,0,LOW,0.35,2.0-forward-looking
MRC003087,2026-08-31,0.0015,0,LOW,0.35,2.0-forward-looking
MRC003088,2026-08-31,0.6465,1,HIGH,0.35,2.0-forward-looking
MRC003089,2026-08-31,0.4195,1,HIGH,0.35,2.0-forward-looking
MRC003090,2026-08-31,0.887,1,CRITICAL,0.35,2.0-forward-looking
MRC003091,2026-08-31,0.356,1,HIGH,0.35,2.0-forward-looking
MRC003092,2026-08-31,0.0012,0,LOW,0.35,2.0-forward-looking
MRC003093,2026-08-31,0.5573,1,HIGH,0.35,2.0-forward-looking
MRC003094,2026-08-31,0.6029,1,HIGH,0.35,2.0-forward-looking
MRC003095,2026-08-31,0.0012,0,LOW,0.35,2.0-forward-looking
MRC003096,2026-08-31,0.1416,0,LOW,0.35,2.0-forward-looking
MRC003097,2026-08-31,0.0012,0,LOW,0.35,2.0-forward-looking
MRC003098,2026-08-31,0.0012,0,LOW,0.35,2.0-forward-looking
MRC003099,2026-08-31,0.0789,0,LOW,0.35,2.0-forward-looking
MRC003100,2026-08-31,0.0012,0,LOW,0.35,2.0-forward-looking
MRC003101,2026-08-31,0.7118,1,CRITICAL,0.35,2.0-forward-looking
MRC003102,2026-08-31,0.8717,1,CRITICAL,0.35,2.0-forward-looking
MRC003103,2026-08-31,0.8266,1,CRITICAL,0.35,2.0-forward-looking
MRC003104,2026-08-31,0.0012,0,LOW,0.35,2.0-forward-looking
MRC003105,2026-08-31,0.1585,0,LOW,0.35,2.0-forward-looking
MRC003106,2026-08-31,0.5084,1,HIGH,0.35,2.0-forward-looking
MRC003107,2026-08-31,0.8572,1,CRITICAL,0.35,2.0-forward-looking
MRC003108,2026-08-31,0.6016,1,HIGH,0.35,2.0-forward-looking
MRC003109,2026-08-31,0.6703,1,CRITICAL,0.35,2.0-forward-looking
MRC003110,2026-08-31,0.575,1,HIGH,0.35,2.0-forward-looking
MRC003111,2026-08-31,0.1953,0,LOW,0.35,2.0-forward-looking
MRC003112,2026-08-31,0.0649,0,LOW,0.35,2.0-forward-looking
MRC003113,2026-08-31,0.5794,1,HIGH,0.35,2.0-forward-looking
MRC003114,2026-08-31,0.595,1,HIGH,0.35,2.0-forward-looking
MRC003115,2026-08-31,0.5513,1,HIGH,0.35,2.0-forward-looking
MRC003116,2026-08-31,0.2538,0,MEDIUM,0.35,2.0-forward-looking
MRC003117,2026-08-31,0.0029,0,LOW,0.35,2.0-forward-looking
MRC003118,2026-08-31,0.636,1,HIGH,0.35,2.0-forward-looking
MRC003119,2026-08-31,0.2302,0,MEDIUM,0.35,2.0-forward-looking
MRC003120,2026-08-31,0.0068,0,LOW,0.35,2.0-forward-looking
MRC003121,2026-08-31,0.5958,1,HIGH,0.35,2.0-forward-looking
MRC003122,2026-08-31,0.0652,0,LOW,0.35,2.0-forward-looking
MRC003123,2026-08-31,0.9402,1,CRITICAL,0.35,2.0-forward-looking
MRC003124,2026-08-31,0.4398,1,HIGH,0.35,2.0-forward-looking
MRC003125,2026-08-31,0.0777,0,LOW,0.35,2.0-forward-looking
MRC003126,2026-08-31,0.4853,1,HIGH,0.35,2.0-forward-looking
MRC003127,2026-08-31,0.0029,0,LOW,0.35,2.0-forward-looking
MRC003128,2026-08-31,0.0012,0,LOW,0.35,2.0-forward-looking
MRC003129,2026-08-31,0.0012,0,LOW,0.35,2.0-forward-looking
MRC003130,2026-08-31,0.3151,0,MEDIUM,0.35,2.0-forward-looking
MRC003131,2026-08-31,0.0491,0,LOW,0.35,2.0-forward-looking
MRC003132,2026-08-31,0.325,0,MEDIUM,0.35,2.0-forward-looking
MRC003133,2026-08-31,0.5586,1,HIGH,0.35,2.0-forward-looking
MRC003134,2026-08-31,0.0419,0,LOW,0.35,2.0-forward-looking
MRC003135,2026-08-31,0.087,0,LOW,0.35,2.0-forward-looking
MRC003136,2026-08-31,0.0012,0,LOW,0.35,2.0-forward-looking
MRC003137,2026-08-31,0.003,0,LOW,0.35,2.0-forward-looking
MRC003138,2026-08-31,0.6789,1,CRITICAL,0.35,2.0-forward-looking
MRC003139,2026-08-31,0.4032,1,HIGH,0.35,2.0-forward-looking
MRC003140,2026-08-31,0.0012,0,LOW,0.35,2.0-forward-looking
MRC003141,2026-08-31,0.0012,0,LOW,0.35,2.0-forward-looking
MRC003142,2026-08-31,0.404,1,HIGH,0.35,2.0-forward-looking
MRC003143,2026-08-31,0.0033,0,LOW,0.35,2.0-forward-looking
MRC003144,2026-08-31,0.0012,0,LOW,0.35,2.0-forward-looking
MRC003145,2026-08-31,0.2014,0,MEDIUM,0.35,2.0-forward-looking
MRC003146,2026-08-31,0.1753,0,LOW,0.35,2.0-forward-looking
MRC003147,2026-08-31,0.0012,0,LOW,0.35,2.0-forward-looking
MRC003148,2026-08-31,0.0353,0,LOW,0.35,2.0-forward-looking
MRC003149,2026-08-31,0.0012,0,LOW,0.35,2.0-forward-looking
MRC003150,2026-08-31,0.6505,1,CRITICAL,0.35,2.0-forward-looking
MRC003151,2026-08-31,0.3073,0,MEDIUM,0.35,2.0-forward-looking
MRC003152,2026-08-31,0.0012,0,LOW,0.35,2.0-forward-looking
MRC003153,2026-08-31,0.6903,1,CRITICAL,0.35,2.0-forward-looking
MRC003154,2026-08-31,0.3092,0,MEDIUM,0.35,2.0-forward-looking
MRC003155,2026-08-31,0.2967,0,MEDIUM,0.35,2.0-forward-looking
MRC003156,2026-08-31,0.4199,1,HIGH,0.35,2.0-forward-looking
MRC003157,2026-08-31,0.7435,1,CRITICAL,0.35,2.0-forward-looking
MRC003158,2026-08-31,0.1718,0,LOW,0.35,2.0-forward-looking
MRC003159,2026-08-31,0.1587,0,LOW,0.35,2.0-forward-looking
MRC003160,2026-08-31,0.0807,0,LOW,0.35,2.0-forward-looking
MRC003161,2026-08-31,0.0012,0,LOW,0.35,2.0-forward-looking
MRC003162,2026-08-31,0.8756,1,CRITICAL,0.35,2.0-forward-looking
MRC003163,2026-08-31,0.3861,1,HIGH,0.35,2.0-forward-looking
MRC003164,2026-08-31,0.6626,1,CRITICAL,0.35,2.0-forward-looking
MRC003165,2026-08-31,0.6529,1,CRITICAL,0.35,2.0-forward-looking
MRC003166,2026-08-31,0.6636,1,CRITICAL,0.35,2.0-forward-looking
MRC003167,2026-08-31,0.5482,1,HIGH,0.35,2.0-forward-looking
MRC003168,2026-08-31,0.3936,1,HIGH,0.35,2.0-forward-looking
MRC003169,2026-08-31,0.1039,0,LOW,0.35,2.0-forward-looking
MRC003170,2026-08-31,0.8964,1,CRITICAL,0.35,2.0-forward-looking
MRC003171,2026-08-31,0.24,0,MEDIUM,0.35,2.0-forward-looking
MRC003172,2026-08-31,0.3057,0,MEDIUM,0.35,2.0-forward-looking
MRC003173,2026-08-31,0.003,0,LOW,0.35,2.0-forward-looking
MRC003174,2026-08-31,0.5171,1,HIGH,0.35,2.0-forward-looking
MRC003175,2026-08-31,0.3856,1,HIGH,0.35,2.0-forward-looking
MRC003176,2026-08-31,0.5455,1,HIGH,0.35,2.0-forward-looking
MRC003177,2026-08-31,0.6019,1,HIGH,0.35,2.0-forward-looking
MRC003178,2026-08-31,0.5629,1,HIGH,0.35,2.0-forward-looking
MRC003179,2026-08-31,0.0012,0,LOW,0.35,2.0-forward-looking
MRC003180,2026-08-31,0.8204,1,CRITICAL,0.35,2.0-forward-looking
MRC003181,2026-08-31,0.2436,0,MEDIUM,0.35,2.0-forward-looking
MRC003182,2026-08-31,0.0012,0,LOW,0.35,2.0-forward-looking
MRC003183,2026-08-31,0.0012,0,LOW,0.35,2.0-forward-looking
MRC003184,2026-08-31,0.0102,0,LOW,0.35,2.0-forward-looking
MRC003185,2026-08-31,0.3449,0,MEDIUM,0.35,2.0-forward-looking
MRC003186,2026-08-31,0.7995,1,CRITICAL,0.35,2.0-forward-looking
MRC003187,2026-08-31,0.7808,1,CRITICAL,0.35,2.0-forward-looking
MRC003188,2026-08-31,0.6626,1,CRITICAL,0.35,2.0-forward-looking
MRC003189,2026-08-31,0.0012,0,LOW,0.35,2.0-forward-looking
MRC003190,2026-08-31,0.1861,0,LOW,0.35,2.0-forward-looking
MRC003191,2026-08-31,0.592,1,HIGH,0.35,2.0-forward-looking
MRC003192,2026-08-31,0.0012,0,LOW,0.35,2.0-forward-looking
MRC003193,2026-08-31,0.0996,0,LOW,0.35,2.0-forward-looking
MRC003194,2026-08-31,0.7033,1,CRITICAL,0.35,2.0-forward-looking
MRC003195,2026-08-31,0.352,1,HIGH,0.35,2.0-forward-looking
MRC003196,2026-08-31,0.0029,0,LOW,0.35,2.0-forward-looking
MRC003197,2026-08-31,0.0012,0,LOW,0.35,2.0-forward-looking
MRC003198,2026-08-31,0.6145,1,HIGH,0.35,2.0-forward-looking
MRC003199,2026-08-31,0.5209,1,HIGH,0.35,2.0-forward-looking
MRC003200,2026-08-31,0.0032,0,LOW,0.35,2.0-forward-looking
MRC003201,2026-08-31,0.8958,1,CRITICAL,0.35,2.0-forward-looking
MRC003202,2026-08-31,0.2955,0,MEDIUM,0.35,2.0-forward-looking
MRC003203,2026-08-31,0.5099,1,HIGH,0.35,2.0-forward-looking
MRC003204,2026-08-31,0.7577,1,CRITICAL,0.35,2.0-forward-looking
MRC003205,2026-08-31,0.0012,0,LOW,0.35,2.0-forward-looking
MRC003206,2026-08-31,0.582,1,HIGH,0.35,2.0-forward-looking
MRC003207,2026-08-31,0.1888,0,LOW,0.35,2.0-forward-looking
MRC003208,2026-08-31,0.7141,1,CRITICAL,0.35,2.0-forward-looking
MRC003209,2026-08-31,0.0012,0,LOW,0.35,2.0-forward-looking
MRC003210,2026-08-31,0.0012,0,LOW,0.35,2.0-forward-looking
MRC003211,2026-08-31,0.6631,1,CRITICAL,0.35,2.0-forward-looking
MRC003212,2026-08-31,0.0792,0,LOW,0.35,2.0-forward-looking
MRC003213,2026-08-31,0.0012,0,LOW,0.35,2.0-forward-looking
MRC003214,2026-08-31,0.5124,1,HIGH,0.35,2.0-forward-looking
MRC003215,2026-08-31,0.0692,0,LOW,0.35,2.0-forward-looking
MRC003216,2026-08-31,0.8024,1,CRITICAL,0.35,2.0-forward-looking
MRC003217,2026-08-31,0.621,1,HIGH,0.35,2.0-forward-looking
MRC003218,2026-08-31,0.5495,1,HIGH,0.35,2.0-forward-looking
MRC003219,2026-08-31,0.3839,1,HIGH,0.35,2.0-forward-looking
MRC003220,2026-08-31,0.6117,1,HIGH,0.35,2.0-forward-looking
MRC003221,2026-08-31,0.8885,1,CRITICAL,0.35,2.0-forward-looking
MRC003222,2026-08-31,0.0012,0,LOW,0.35,2.0-forward-looking
MRC003223,2026-08-31,0.8116,1,CRITICAL,0.35,2.0-forward-looking
MRC003224,2026-08-31,0.0012,0,LOW,0.35,2.0-forward-looking
MRC003225,2026-08-31,0.6129,1,HIGH,0.35,2.0-forward-looking
MRC003226,2026-08-31,0.0128,0,LOW,0.35,2.0-forward-looking
MRC003227,2026-08-31,0.0012,0,LOW,0.35,2.0-forward-looking
MRC003228,2026-08-31,0.5832,1,HIGH,0.35,2.0-forward-looking
MRC003229,2026-08-31,0.649,1,HIGH,0.35,2.0-forward-looking
MRC003230,2026-08-31,0.073,0,LOW,0.35,2.0-forward-looking
MRC003231,2026-08-31,0.6455,1,HIGH,0.35,2.0-forward-looking
MRC003232,2026-08-31,0.7727,1,CRITICAL,0.35,2.0-forward-looking
MRC003233,2026-08-31,0.0317,0,LOW,0.35,2.0-forward-looking
MRC003234,2026-08-31,0.5839,1,HIGH,0.35,2.0-forward-looking
MRC003235,2026-08-31,0.3934,1,HIGH,0.35,2.0-forward-looking
MRC003236,2026-08-31,0.0012,0,LOW,0.35,2.0-forward-looking
MRC003237,2026-08-31,0.2181,0,MEDIUM,0.35,2.0-forward-looking
MRC003238,2026-08-31,0.3983,1,HIGH,0.35,2.0-forward-looking
MRC003239,2026-08-31,0.0031,0,LOW,0.35,2.0-forward-looking
MRC003240,2026-08-31,0.0023,0,LOW,0.35,2.0-forward-looking
MRC003241,2026-08-31,0.6166,1,HIGH,0.35,2.0-forward-looking
MRC003242,2026-08-31,0.6585,1,CRITICAL,0.35,2.0-forward-looking
MRC003243,2026-08-31,0.0012,0,LOW,0.35,2.0-forward-looking
MRC003244,2026-08-31,0.0031,0,LOW,0.35,2.0-forward-looking
MRC003245,2026-08-31,0.7392,1,CRITICAL,0.35,2.0-forward-looking
MRC003246,2026-08-31,0.5609,1,HIGH,0.35,2.0-forward-looking
MRC003247,2026-08-31,0.0012,0,LOW,0.35,2.0-forward-looking
MRC003248,2026-08-31,0.7698,1,CRITICAL,0.35,2.0-forward-looking
MRC003249,2026-08-31,0.0012,0,LOW,0.35,2.0-forward-looking
MRC003250,2026-08-31,0.0012,0,LOW,0.35,2.0-forward-looking
MRC003251,2026-08-31,0.0444,0,LOW,0.35,2.0-forward-looking
MRC003252,2026-08-31,0.6645,1,CRITICAL,0.35,2.0-forward-looking
MRC003253,2026-08-31,0.1077,0,LOW,0.35,2.0-forward-looking
MRC003254,2026-08-31,0.0012,0,LOW,0.35,2.0-forward-looking
MRC003255,2026-08-31,0.1441,0,LOW,0.35,2.0-forward-looking
MRC003256,2026-08-31,0.2669,0,MEDIUM,0.35,2.0-forward-looking
MRC003257,2026-08-31,0.5375,1,HIGH,0.35,2.0-forward-looking
MRC003258,2026-08-31,0.6123,1,HIGH,0.35,2.0-forward-looking
MRC003259,2026-08-31,0.0012,0,LOW,0.35,2.0-forward-looking
MRC003260,2026-08-31,0.6785,1,CRITICAL,0.35,2.0-forward-looking
MRC003261,2026-08-31,0.9467,1,CRITICAL,0.35,2.0-forward-looking
MRC003262,2026-08-31,0.6173,1,HIGH,0.35,2.0-forward-looking
MRC003263,2026-08-31,0.2971,0,MEDIUM,0.35,2.0-forward-looking
MRC003264,2026-08-31,0.0012,0,LOW,0.35,2.0-forward-looking
MRC003265,2026-08-31,0.0035,0,LOW,0.35,2.0-forward-looking
MRC003266,2026-08-31,0.2365,0,MEDIUM,0.35,2.0-forward-looking
MRC003267,2026-08-31,0.0333,0,LOW,0.35,2.0-forward-looking
MRC003268,2026-08-31,0.1795,0,LOW,0.35,2.0-forward-looking
MRC003269,2026-08-31,0.6769,1,CRITICAL,0.35,2.0-forward-looking
MRC003270,2026-08-31,0.618,1,HIGH,0.35,2.0-forward-looking
MRC003271,2026-08-31,0.0107,0,LOW,0.35,2.0-forward-looking
MRC003272,2026-08-31,0.5606,1,HIGH,0.35,2.0-forward-looking
MRC003273,2026-08-31,0.0012,0,LOW,0.35,2.0-forward-looking
MRC003274,2026-08-31,0.9187,1,CRITICAL,0.35,2.0-forward-looking
MRC003275,2026-08-31,0.1841,0,LOW,0.35,2.0-forward-looking
MRC003276,2026-08-31,0.1242,0,LOW,0.35,2.0-forward-looking
MRC003277,2026-08-31,0.0029,0,LOW,0.35,2.0-forward-looking
MRC003278,2026-08-31,0.8026,1,CRITICAL,0.35,2.0-forward-looking
MRC003279,2026-08-31,0.5762,1,HIGH,0.35,2.0-forward-looking
MRC003280,2026-08-31,0.0219,0,LOW,0.35,2.0-forward-looking
MRC003281,2026-08-31,0.0012,0,LOW,0.35,2.0-forward-looking
MRC003282,2026-08-31,0.0879,0,LOW,0.35,2.0-forward-looking
MRC003283,2026-08-31,0.1996,0,LOW,0.35,2.0-forward-looking
MRC003284,2026-08-31,0.6316,1,HIGH,0.35,2.0-forward-looking
MRC003285,2026-08-31,0.0021,0,LOW,0.35,2.0-forward-looking
MRC003286,2026-08-31,0.0012,0,LOW,0.35,2.0-forward-looking
MRC003287,2026-08-31,0.6682,1,CRITICAL,0.35,2.0-forward-looking
MRC003288,2026-08-31,0.0045,0,LOW,0.35,2.0-forward-looking
MRC003289,2026-08-31,0.7961,1,CRITICAL,0.35,2.0-forward-looking
MRC003290,2026-08-31,0.6363,1,HIGH,0.35,2.0-forward-looking
MRC003291,2026-08-31,0.0043,0,LOW,0.35,2.0-forward-looking
MRC003292,2026-08-31,0.0012,0,LOW,0.35,2.0-forward-looking
MRC003293,2026-08-31,0.2547,0,MEDIUM,0.35,2.0-forward-looking
MRC003294,2026-08-31,0.7185,1,CRITICAL,0.35,2.0-forward-looking
MRC003295,2026-08-31,0.0012,0,LOW,0.35,2.0-forward-looking
MRC003296,2026-08-31,0.679,1,CRITICAL,0.35,2.0-forward-looking
MRC003297,2026-08-31,0.0012,0,LOW,0.35,2.0-forward-looking
MRC003298,2026-08-31,0.5275,1,HIGH,0.35,2.0-forward-looking
MRC003299,2026-08-31,0.1789,0,LOW,0.35,2.0-forward-looking
MRC003300,2026-08-31,0.359,1,HIGH,0.35,2.0-forward-looking
MRC003301,2026-08-31,0.0012,0,LOW,0.35,2.0-forward-looking
MRC003302,2026-08-31,0.0012,0,LOW,0.35,2.0-forward-looking
MRC003303,2026-08-31,0.0012,0,LOW,0.35,2.0-forward-looking
MRC003304,2026-08-31,0.5466,1,HIGH,0.35,2.0-forward-looking
MRC003305,2026-08-31,0.7444,1,CRITICAL,0.35,2.0-forward-looking
MRC003306,2026-08-31,0.1414,0,LOW,0.35,2.0-forward-looking
MRC003307,2026-08-31,0.0012,0,LOW,0.35,2.0-forward-looking
MRC003308,2026-08-31,0.0879,0,LOW,0.35,2.0-forward-looking
MRC003309,2026-08-31,0.0027,0,LOW,0.35,2.0-forward-looking
MRC003310,2026-08-31,0.834,1,CRITICAL,0.35,2.0-forward-looking
MRC003311,2026-08-31,0.9056,1,CRITICAL,0.35,2.0-forward-looking
MRC003312,2026-08-31,0.3654,1,HIGH,0.35,2.0-forward-looking
MRC003313,2026-08-31,0.0012,0,LOW,0.35,2.0-forward-looking
MRC003314,2026-08-31,0.0031,0,LOW,0.35,2.0-forward-looking
MRC003315,2026-08-31,0.8957,1,CRITICAL,0.35,2.0-forward-looking
MRC003316,2026-08-31,0.0397,0,LOW,0.35,2.0-forward-looking
MRC003317,2026-08-31,0.758,1,CRITICAL,0.35,2.0-forward-looking
MRC003318,2026-08-31,0.2852,0,MEDIUM,0.35,2.0-forward-looking
MRC003319,2026-08-31,0.0075,0,LOW,0.35,2.0-forward-looking
MRC003320,2026-08-31,0.0012,0,LOW,0.35,2.0-forward-looking
MRC003321,2026-08-31,0.0012,0,LOW,0.35,2.0-forward-looking
MRC003322,2026-08-31,0.1438,0,LOW,0.35,2.0-forward-looking
MRC003323,2026-08-31,0.0895,0,LOW,0.35,2.0-forward-looking
MRC003324,2026-08-31,0.0029,0,LOW,0.35,2.0-forward-looking
MRC003325,2026-08-31,0.7692,1,CRITICAL,0.35,2.0-forward-looking
MRC003326,2026-08-31,0.0012,0,LOW,0.35,2.0-forward-looking
MRC003327,2026-08-31,0.4812,1,HIGH,0.35,2.0-forward-looking
MRC003328,2026-08-31,0.0204,0,LOW,0.35,2.0-forward-looking
MRC003329,2026-08-31,0.646,1,HIGH,0.35,2.0-forward-looking
MRC003330,2026-08-31,0.7296,1,CRITICAL,0.35,2.0-forward-looking
MRC003331,2026-08-31,0.1057,0,LOW,0.35,2.0-forward-looking
MRC003332,2026-08-31,0.3509,1,HIGH,0.35,2.0-forward-looking
MRC003333,2026-08-31,0.3255,0,MEDIUM,0.35,2.0-forward-looking
MRC003334,2026-08-31,0.2185,0,MEDIUM,0.35,2.0-forward-looking
MRC003335,2026-08-31,0.0012,0,LOW,0.35,2.0-forward-looking
MRC003336,2026-08-31,0.0012,0,LOW,0.35,2.0-forward-looking
MRC003337,2026-08-31,0.0012,0,LOW,0.35,2.0-forward-looking
MRC003338,2026-08-31,0.5547,1,HIGH,0.35,2.0-forward-looking
MRC003339,2026-08-31,0.8449,1,CRITICAL,0.35,2.0-forward-looking
MRC003340,2026-08-31,0.0995,0,LOW,0.35,2.0-forward-looking
MRC003341,2026-08-31,0.0032,0,LOW,0.35,2.0-forward-looking
MRC003342,2026-08-31,0.0036,0,LOW,0.35,2.0-forward-looking
MRC003343,2026-08-31,0.7288,1,CRITICAL,0.35,2.0-forward-looking
MRC003344,2026-08-31,0.0029,0,LOW,0.35,2.0-forward-looking
MRC003345,2026-08-31,0.0012,0,LOW,0.35,2.0-forward-looking
MRC003346,2026-08-31,0.653,1,CRITICAL,0.35,2.0-forward-looking
MRC003347,2026-08-31,0.4295,1,HIGH,0.35,2.0-forward-looking
MRC003348,2026-08-31,0.4892,1,HIGH,0.35,2.0-forward-looking
MRC003349,2026-08-31,0.5435,1,HIGH,0.35,2.0-forward-looking
MRC003350,2026-08-31,0.7047,1,CRITICAL,0.35,2.0-forward-looking
MRC003351,2026-08-31,0.6261,1,HIGH,0.35,2.0-forward-looking
MRC003352,2026-08-31,0.0518,0,LOW,0.35,2.0-forward-looking
MRC003353,2026-08-31,0.0319,0,LOW,0.35,2.0-forward-looking
MRC003354,2026-08-31,0.0032,0,LOW,0.35,2.0-forward-looking
MRC003355,2026-08-31,0.0015,0,LOW,0.35,2.0-forward-looking
MRC003356,2026-08-31,0.8464,1,CRITICAL,0.35,2.0-forward-looking
MRC003357,2026-08-31,0.0656,0,LOW,0.35,2.0-forward-looking
MRC003358,2026-08-31,0.6251,1,HIGH,0.35,2.0-forward-looking
MRC003359,2026-08-31,0.4694,1,HIGH,0.35,2.0-forward-looking
MRC003360,2026-08-31,0.0247,0,LOW,0.35,2.0-forward-looking
MRC003361,2026-08-31,0.7999,1,CRITICAL,0.35,2.0-forward-looking
MRC003362,2026-08-31,0.011,0,LOW,0.35,2.0-forward-looking
MRC003363,2026-08-31,0.4626,1,HIGH,0.35,2.0-forward-looking
MRC003364,2026-08-31,0.1131,0,LOW,0.35,2.0-forward-looking
MRC003365,2026-08-31,0.0012,0,LOW,0.35,2.0-forward-looking
MRC003366,2026-08-31,0.5044,1,HIGH,0.35,2.0-forward-looking
MRC003367,2026-08-31,0.0031,0,LOW,0.35,2.0-forward-looking
MRC003368,2026-08-31,0.0012,0,LOW,0.35,2.0-forward-looking
MRC003369,2026-08-31,0.0012,0,LOW,0.35,2.0-forward-looking
MRC003370,2026-08-31,0.0325,0,LOW,0.35,2.0-forward-looking
MRC003371,2026-08-31,0.7041,1,CRITICAL,0.35,2.0-forward-looking
MRC003372,2026-08-31,0.8422,1,CRITICAL,0.35,2.0-forward-looking
MRC003373,2026-08-31,0.8689,1,CRITICAL,0.35,2.0-forward-looking
MRC003374,2026-08-31,0.0012,0,LOW,0.35,2.0-forward-looking
MRC003375,2026-08-31,0.0012,0,LOW,0.35,2.0-forward-looking
MRC003376,2026-08-31,0.0457,0,LOW,0.35,2.0-forward-looking
MRC003377,2026-08-31,0.5709,1,HIGH,0.35,2.0-forward-looking
MRC003378,2026-08-31,0.2275,0,MEDIUM,0.35,2.0-forward-looking
MRC003379,2026-08-31,0.0012,0,LOW,0.35,2.0-forward-looking
MRC003380,2026-08-31,0.0949,0,LOW,0.35,2.0-forward-looking
MRC003381,2026-08-31,0.0012,0,LOW,0.35,2.0-forward-looking
MRC003382,2026-08-31,0.0012,0,LOW,0.35,2.0-forward-looking
MRC003383,2026-08-31,0.0012,0,LOW,0.35,2.0-forward-looking
MRC003384,2026-08-31,0.797,1,CRITICAL,0.35,2.0-forward-looking
MRC003385,2026-08-31,0.8095,1,CRITICAL,0.35,2.0-forward-looking
MRC003386,2026-08-31,0.2465,0,MEDIUM,0.35,2.0-forward-looking
MRC003387,2026-08-31,0.0029,0,LOW,0.35,2.0-forward-looking
MRC003388,2026-08-31,0.232,0,MEDIUM,0.35,2.0-forward-looking
MRC003389,2026-08-31,0.604,1,HIGH,0.35,2.0-forward-looking
MRC003390,2026-08-31,0.6073,1,HIGH,0.35,2.0-forward-looking
MRC003391,2026-08-31,0.0433,0,LOW,0.35,2.0-forward-looking
MRC003392,2026-08-31,0.0012,0,LOW,0.35,2.0-forward-looking
MRC003393,2026-08-31,0.0012,0,LOW,0.35,2.0-forward-looking
MRC003394,2026-08-31,0.0012,0,LOW,0.35,2.0-forward-looking
MRC003395,2026-08-31,0.7997,1,CRITICAL,0.35,2.0-forward-looking
MRC003396,2026-08-31,0.3768,1,HIGH,0.35,2.0-forward-looking
MRC003397,2026-08-31,0.07,0,LOW,0.35,2.0-forward-looking
MRC003398,2026-08-31,0.0031,0,LOW,0.35,2.0-forward-looking
MRC003399,2026-08-31,0.4163,1,HIGH,0.35,2.0-forward-looking
MRC003400,2026-08-31,0.533,1,HIGH,0.35,2.0-forward-looking
MRC003401,2026-08-31,0.0012,0,LOW,0.35,2.0-forward-looking
MRC003402,2026-08-31,0.3571,1,HIGH,0.35,2.0-forward-looking
MRC003403,2026-08-31,0.3474,0,MEDIUM,0.35,2.0-forward-looking
MRC003404,2026-08-31,0.0798,0,LOW,0.35,2.0-forward-looking
MRC003405,2026-08-31,0.1397,0,LOW,0.35,2.0-forward-looking
MRC003406,2026-08-31,0.0485,0,LOW,0.35,2.0-forward-looking
MRC003407,2026-08-31,0.0013,0,LOW,0.35,2.0-forward-looking
MRC003408,2026-08-31,0.7397,1,CRITICAL,0.35,2.0-forward-looking
MRC003409,2026-08-31,0.3214,0,MEDIUM,0.35,2.0-forward-looking
MRC003410,2026-08-31,0.0225,0,LOW,0.35,2.0-forward-looking
MRC003411,2026-08-31,0.668,1,CRITICAL,0.35,2.0-forward-looking
MRC003412,2026-08-31,0.003,0,LOW,0.35,2.0-forward-looking
MRC003413,2026-08-31,0.0021,0,LOW,0.35,2.0-forward-looking
MRC003414,2026-08-31,0.3892,1,HIGH,0.35,2.0-forward-looking
MRC003415,2026-08-31,0.0012,0,LOW,0.35,2.0-forward-looking
MRC003416,2026-08-31,0.5496,1,HIGH,0.35,2.0-forward-looking
MRC003417,2026-08-31,0.0012,0,LOW,0.35,2.0-forward-looking
MRC003418,2026-08-31,0.4734,1,HIGH,0.35,2.0-forward-looking
MRC003419,2026-08-31,0.657,1,CRITICAL,0.35,2.0-forward-looking
MRC003420,2026-08-31,0.0213,0,LOW,0.35,2.0-forward-looking
MRC003421,2026-08-31,0.2178,0,MEDIUM,0.35,2.0-forward-looking
MRC003422,2026-08-31,0.8136,1,CRITICAL,0.35,2.0-forward-looking
MRC003423,2026-08-31,0.0243,0,LOW,0.35,2.0-forward-looking
MRC003424,2026-08-31,0.0027,0,LOW,0.35,2.0-forward-looking
MRC003425,2026-08-31,0.5626,1,HIGH,0.35,2.0-forward-looking
MRC003426,2026-08-31,0.7557,1,CRITICAL,0.35,2.0-forward-looking
MRC003427,2026-08-31,0.2277,0,MEDIUM,0.35,2.0-forward-looking
MRC003428,2026-08-31,0.9098,1,CRITICAL,0.35,2.0-forward-looking
MRC003429,2026-08-31,0.9285,1,CRITICAL,0.35,2.0-forward-looking
MRC003430,2026-08-31,0.0012,0,LOW,0.35,2.0-forward-looking
MRC003431,2026-08-31,0.0012,0,LOW,0.35,2.0-forward-looking
MRC003432,2026-08-31,0.0979,0,LOW,0.35,2.0-forward-looking
MRC003433,2026-08-31,0.0215,0,LOW,0.35,2.0-forward-looking
MRC003434,2026-08-31,0.0012,0,LOW,0.35,2.0-forward-looking
MRC003435,2026-08-31,0.0297,0,LOW,0.35,2.0-forward-looking
MRC003436,2026-08-31,0.6769,1,CRITICAL,0.35,2.0-forward-looking
MRC003437,2026-08-31,0.3224,0,MEDIUM,0.35,2.0-forward-looking
MRC003438,2026-08-31,0.5688,1,HIGH,0.35,2.0-forward-looking
MRC003439,2026-08-31,0.4965,1,HIGH,0.35,2.0-forward-looking
MRC003440,2026-08-31,0.0012,0,LOW,0.35,2.0-forward-looking
MRC003441,2026-08-31,0.0012,0,LOW,0.35,2.0-forward-looking
MRC003442,2026-08-31,0.8028,1,CRITICAL,0.35,2.0-forward-looking
MRC003443,2026-08-31,0.1212,0,LOW,0.35,2.0-forward-looking
MRC003444,2026-08-31,0.3672,1,HIGH,0.35,2.0-forward-looking
MRC003445,2026-08-31,0.0012,0,LOW,0.35,2.0-forward-looking
MRC003446,2026-08-31,0.7424,1,CRITICAL,0.35,2.0-forward-looking
MRC003447,2026-08-31,0.9383,1,CRITICAL,0.35,2.0-forward-looking
MRC003448,2026-08-31,0.0012,0,LOW,0.35,2.0-forward-looking
MRC003449,2026-08-31,0.0012,0,LOW,0.35,2.0-forward-looking
MRC003450,2026-08-31,0.8456,1,CRITICAL,0.35,2.0-forward-looking
MRC003451,2026-08-31,0.6306,1,HIGH,0.35,2.0-forward-looking
MRC003452,2026-08-31,0.0012,0,LOW,0.35,2.0-forward-looking
MRC003453,2026-08-31,0.5444,1,HIGH,0.35,2.0-forward-looking
MRC003454,2026-08-31,0.451,1,HIGH,0.35,2.0-forward-looking
MRC003455,2026-08-31,0.0012,0,LOW,0.35,2.0-forward-looking
MRC003456,2026-08-31,0.5498,1,HIGH,0.35,2.0-forward-looking
MRC003457,2026-08-31,0.4765,1,HIGH,0.35,2.0-forward-looking
MRC003458,2026-08-31,0.8423,1,CRITICAL,0.35,2.0-forward-looking
MRC003459,2026-08-31,0.2542,0,MEDIUM,0.35,2.0-forward-looking
MRC003460,2026-08-31,0.5136,1,HIGH,0.35,2.0-forward-looking
MRC003461,2026-08-31,0.0723,0,LOW,0.35,2.0-forward-looking
MRC003462,2026-08-31,0.0096,0,LOW,0.35,2.0-forward-looking
MRC003463,2026-08-31,0.0012,0,LOW,0.35,2.0-forward-looking
MRC003464,2026-08-31,0.0012,0,LOW,0.35,2.0-forward-looking
MRC003465,2026-08-31,0.0383,0,LOW,0.35,2.0-forward-looking
MRC003466,2026-08-31,0.4827,1,HIGH,0.35,2.0-forward-looking
MRC003467,2026-08-31,0.8412,1,CRITICAL,0.35,2.0-forward-looking
MRC003468,2026-08-31,0.5702,1,HIGH,0.35,2.0-forward-looking
MRC003469,2026-08-31,0.0356,0,LOW,0.35,2.0-forward-looking
MRC003470,2026-08-31,0.056,0,LOW,0.35,2.0-forward-looking
MRC003471,2026-08-31,0.4002,1,HIGH,0.35,2.0-forward-looking
MRC003472,2026-08-31,0.2099,0,MEDIUM,0.35,2.0-forward-looking
MRC003473,2026-08-31,0.6405,1,HIGH,0.35,2.0-forward-looking
MRC003474,2026-08-31,0.0084,0,LOW,0.35,2.0-forward-looking
MRC003475,2026-08-31,0.3337,0,MEDIUM,0.35,2.0-forward-looking
MRC003476,2026-08-31,0.8899,1,CRITICAL,0.35,2.0-forward-looking
MRC003477,2026-08-31,0.4047,1,HIGH,0.35,2.0-forward-looking
MRC003478,2026-08-31,0.5754,1,HIGH,0.35,2.0-forward-looking
MRC003479,2026-08-31,0.0015,0,LOW,0.35,2.0-forward-looking
MRC003480,2026-08-31,0.0012,0,LOW,0.35,2.0-forward-looking
MRC003481,2026-08-31,0.4765,1,HIGH,0.35,2.0-forward-looking
MRC003482,2026-08-31,0.0012,0,LOW,0.35,2.0-forward-looking
MRC003483,2026-08-31,0.3988,1,HIGH,0.35,2.0-forward-looking
MRC003484,2026-08-31,0.7135,1,CRITICAL,0.35,2.0-forward-looking
MRC003485,2026-08-31,0.0012,0,LOW,0.35,2.0-forward-looking
MRC003486,2026-08-31,0.7171,1,CRITICAL,0.35,2.0-forward-looking
MRC003487,2026-08-31,0.0012,0,LOW,0.35,2.0-forward-looking
MRC003488,2026-08-31,0.8901,1,CRITICAL,0.35,2.0-forward-looking
MRC003489,2026-08-31,0.8024,1,CRITICAL,0.35,2.0-forward-looking
MRC003490,2026-08-31,0.0012,0,LOW,0.35,2.0-forward-looking
MRC003491,2026-08-31,0.9069,1,CRITICAL,0.35,2.0-forward-looking
MRC003492,2026-08-31,0.7308,1,CRITICAL,0.35,2.0-forward-looking
MRC003493,2026-08-31,0.6093,1,HIGH,0.35,2.0-forward-looking
MRC003494,2026-08-31,0.5606,1,HIGH,0.35,2.0-forward-looking
MRC003495,2026-08-31,0.0043,0,LOW,0.35,2.0-forward-looking
MRC003496,2026-08-31,0.8857,1,CRITICAL,0.35,2.0-forward-looking
MRC003497,2026-08-31,0.2642,0,MEDIUM,0.35,2.0-forward-looking
MRC003498,2026-08-31,0.0012,0,LOW,0.35,2.0-forward-looking
MRC003499,2026-08-31,0.7469,1,CRITICAL,0.35,2.0-forward-looking
MRC003500,2026-08-31,0.0027,0,LOW,0.35,2.0-forward-looking
MRC003501,2026-08-31,0.1512,0,LOW,0.35,2.0-forward-looking
MRC003502,2026-08-31,0.6151,1,HIGH,0.35,2.0-forward-looking
MRC003503,2026-08-31,0.0012,0,LOW,0.35,2.0-forward-looking
MRC003504,2026-08-31,0.0013,0,LOW,0.35,2.0-forward-looking
MRC003505,2026-08-31,0.0012,0,LOW,0.35,2.0-forward-looking
MRC003506,2026-08-31,0.0012,0,LOW,0.35,2.0-forward-looking
MRC003507,2026-08-31,0.6448,1,HIGH,0.35,2.0-forward-looking
MRC003508,2026-08-31,0.0547,0,LOW,0.35,2.0-forward-looking
MRC003509,2026-08-31,0.3173,0,MEDIUM,0.35,2.0-forward-looking
MRC003510,2026-08-31,0.5501,1,HIGH,0.35,2.0-forward-looking
MRC003511,2026-08-31,0.6185,1,HIGH,0.35,2.0-forward-looking
MRC003512,2026-08-31,0.0585,0,LOW,0.35,2.0-forward-looking
MRC003513,2026-08-31,0.3371,0,MEDIUM,0.35,2.0-forward-looking
MRC003514,2026-08-31,0.3605,1,HIGH,0.35,2.0-forward-looking
MRC003515,2026-08-31,0.6442,1,HIGH,0.35,2.0-forward-looking
MRC003516,2026-08-31,0.2499,0,MEDIUM,0.35,2.0-forward-looking
MRC003517,2026-08-31,0.3745,1,HIGH,0.35,2.0-forward-looking
MRC003518,2026-08-31,0.0012,0,LOW,0.35,2.0-forward-looking
MRC003519,2026-08-31,0.1254,0,LOW,0.35,2.0-forward-looking
MRC003520,2026-08-31,0.0012,0,LOW,0.35,2.0-forward-looking
MRC003521,2026-08-31,0.5292,1,HIGH,0.35,2.0-forward-looking
MRC003522,2026-08-31,0.7823,1,CRITICAL,0.35,2.0-forward-looking
MRC003523,2026-08-31,0.6082,1,HIGH,0.35,2.0-forward-looking
MRC003524,2026-08-31,0.2384,0,MEDIUM,0.35,2.0-forward-looking
MRC003525,2026-08-31,0.0012,0,LOW,0.35,2.0-forward-looking
MRC003526,2026-08-31,0.1516,0,LOW,0.35,2.0-forward-looking
MRC003527,2026-08-31,0.7326,1,CRITICAL,0.35,2.0-forward-looking
MRC003528,2026-08-31,0.0012,0,LOW,0.35,2.0-forward-looking
MRC003529,2026-08-31,0.1902,0,LOW,0.35,2.0-forward-looking
MRC003530,2026-08-31,0.0027,0,LOW,0.35,2.0-forward-looking
MRC003531,2026-08-31,0.6365,1,HIGH,0.35,2.0-forward-looking
MRC003532,2026-08-31,0.0283,0,LOW,0.35,2.0-forward-looking
MRC003533,2026-08-31,0.6316,1,HIGH,0.35,2.0-forward-looking
MRC003534,2026-08-31,0.7991,1,CRITICAL,0.35,2.0-forward-looking
MRC003535,2026-08-31,0.1937,0,LOW,0.35,2.0-forward-looking
MRC003536,2026-08-31,0.6385,1,HIGH,0.35,2.0-forward-looking
MRC003537,2026-08-31,0.0012,0,LOW,0.35,2.0-forward-looking
MRC003538,2026-08-31,0.1506,0,LOW,0.35,2.0-forward-looking
MRC003539,2026-08-31,0.3873,1,HIGH,0.35,2.0-forward-looking
MRC003540,2026-08-31,0.758,1,CRITICAL,0.35,2.0-forward-looking
MRC003541,2026-08-31,0.1064,0,LOW,0.35,2.0-forward-looking
MRC003542,2026-08-31,0.6909,1,CRITICAL,0.35,2.0-forward-looking
MRC003543,2026-08-31,0.0015,0,LOW,0.35,2.0-forward-looking
MRC003544,2026-08-31,0.9143,1,CRITICAL,0.35,2.0-forward-looking
MRC003545,2026-08-31,0.6989,1,CRITICAL,0.35,2.0-forward-looking
MRC003546,2026-08-31,0.7803,1,CRITICAL,0.35,2.0-forward-looking
MRC003547,2026-08-31,0.0012,0,LOW,0.35,2.0-forward-looking
MRC003548,2026-08-31,0.6205,1,HIGH,0.35,2.0-forward-looking
MRC003549,2026-08-31,0.0012,0,LOW,0.35,2.0-forward-looking
MRC003550,2026-08-31,0.6089,1,HIGH,0.35,2.0-forward-looking
MRC003551,2026-08-31,0.0156,0,LOW,0.35,2.0-forward-looking
MRC003552,2026-08-31,0.1755,0,LOW,0.35,2.0-forward-looking
MRC003553,2026-08-31,0.2144,0,MEDIUM,0.35,2.0-forward-looking
MRC003554,2026-08-31,0.0593,0,LOW,0.35,2.0-forward-looking
MRC003555,2026-08-31,0.1312,0,LOW,0.35,2.0-forward-looking
MRC003556,2026-08-31,0.6066,1,HIGH,0.35,2.0-forward-looking
MRC003557,2026-08-31,0.793,1,CRITICAL,0.35,2.0-forward-looking
MRC003558,2026-08-31,0.2755,0,MEDIUM,0.35,2.0-forward-looking
MRC003559,2026-08-31,0.6819,1,CRITICAL,0.35,2.0-forward-looking
MRC003560,2026-08-31,0.1418,0,LOW,0.35,2.0-forward-looking
MRC003561,2026-08-31,0.0012,0,LOW,0.35,2.0-forward-looking
MRC003562,2026-08-31,0.8458,1,CRITICAL,0.35,2.0-forward-looking
MRC003563,2026-08-31,0.688,1,CRITICAL,0.35,2.0-forward-looking
MRC003564,2026-08-31,0.6274,1,HIGH,0.35,2.0-forward-looking
MRC003565,2026-08-31,0.584,1,HIGH,0.35,2.0-forward-looking
MRC003566,2026-08-31,0.0012,0,LOW,0.35,2.0-forward-looking
MRC003567,2026-08-31,0.0247,0,LOW,0.35,2.0-forward-looking
MRC003568,2026-08-31,0.0012,0,LOW,0.35,2.0-forward-looking
MRC003569,2026-08-31,0.1653,0,LOW,0.35,2.0-forward-looking
MRC003570,2026-08-31,0.0012,0,LOW,0.35,2.0-forward-looking
MRC003571,2026-08-31,0.1902,0,LOW,0.35,2.0-forward-looking
MRC003572,2026-08-31,0.0026,0,LOW,0.35,2.0-forward-looking
MRC003573,2026-08-31,0.6362,1,HIGH,0.35,2.0-forward-looking
MRC003574,2026-08-31,0.6573,1,CRITICAL,0.35,2.0-forward-looking
MRC003575,2026-08-31,0.0012,0,LOW,0.35,2.0-forward-looking
MRC003576,2026-08-31,0.0628,0,LOW,0.35,2.0-forward-looking
MRC003577,2026-08-31,0.0288,0,LOW,0.35,2.0-forward-looking
MRC003578,2026-08-31,0.0064,0,LOW,0.35,2.0-forward-looking
MRC003579,2026-08-31,0.3496,0,MEDIUM,0.35,2.0-forward-looking
MRC003580,2026-08-31,0.6174,1,HIGH,0.35,2.0-forward-looking
MRC003581,2026-08-31,0.5484,1,HIGH,0.35,2.0-forward-looking
MRC003582,2026-08-31,0.0012,0,LOW,0.35,2.0-forward-looking
MRC003583,2026-08-31,0.2553,0,MEDIUM,0.35,2.0-forward-looking
MRC003584,2026-08-31,0.0533,0,LOW,0.35,2.0-forward-looking
MRC003585,2026-08-31,0.369,1,HIGH,0.35,2.0-forward-looking
MRC003586,2026-08-31,0.1408,0,LOW,0.35,2.0-forward-looking
MRC003587,2026-08-31,0.0012,0,LOW,0.35,2.0-forward-looking
MRC003588,2026-08-31,0.1176,0,LOW,0.35,2.0-forward-looking
MRC003589,2026-08-31,0.0012,0,LOW,0.35,2.0-forward-looking
MRC003590,2026-08-31,0.6271,1,HIGH,0.35,2.0-forward-looking
MRC003591,2026-08-31,0.3401,0,MEDIUM,0.35,2.0-forward-looking
MRC003592,2026-08-31,0.3509,1,HIGH,0.35,2.0-forward-looking
MRC003593,2026-08-31,0.0012,0,LOW,0.35,2.0-forward-looking
MRC003594,2026-08-31,0.5454,1,HIGH,0.35,2.0-forward-looking
MRC003595,2026-08-31,0.6712,1,CRITICAL,0.35,2.0-forward-looking
MRC003596,2026-08-31,0.0624,0,LOW,0.35,2.0-forward-looking
MRC003597,2026-08-31,0.2536,0,MEDIUM,0.35,2.0-forward-looking
MRC003598,2026-08-31,0.5479,1,HIGH,0.35,2.0-forward-looking
MRC003599,2026-08-31,0.0048,0,LOW,0.35,2.0-forward-looking
MRC003600,2026-08-31,0.1912,0,LOW,0.35,2.0-forward-looking
MRC003601,2026-08-31,0.3033,0,MEDIUM,0.35,2.0-forward-looking
MRC003602,2026-08-31,0.4678,1,HIGH,0.35,2.0-forward-looking
MRC003603,2026-08-31,0.2528,0,MEDIUM,0.35,2.0-forward-looking
MRC003604,2026-08-31,0.1895,0,LOW,0.35,2.0-forward-looking
MRC003605,2026-08-31,0.4065,1,HIGH,0.35,2.0-forward-looking
MRC003606,2026-08-31,0.0077,0,LOW,0.35,2.0-forward-looking
MRC003607,2026-08-31,0.5516,1,HIGH,0.35,2.0-forward-looking
MRC003608,2026-08-31,0.0012,0,LOW,0.35,2.0-forward-looking
MRC003609,2026-08-31,0.6063,1,HIGH,0.35,2.0-forward-looking
MRC003610,2026-08-31,0.0926,0,LOW,0.35,2.0-forward-looking
MRC003611,2026-08-31,0.6497,1,HIGH,0.35,2.0-forward-looking
MRC003612,2026-08-31,0.034,0,LOW,0.35,2.0-forward-looking
MRC003613,2026-08-31,0.7365,1,CRITICAL,0.35,2.0-forward-looking
MRC003614,2026-08-31,0.5172,1,HIGH,0.35,2.0-forward-looking
MRC003615,2026-08-31,0.0012,0,LOW,0.35,2.0-forward-looking
MRC003616,2026-08-31,0.3533,1,HIGH,0.35,2.0-forward-looking
MRC003617,2026-08-31,0.8691,1,CRITICAL,0.35,2.0-forward-looking
MRC003618,2026-08-31,0.0012,0,LOW,0.35,2.0-forward-looking
MRC003619,2026-08-31,0.6535,1,CRITICAL,0.35,2.0-forward-looking
MRC003620,2026-08-31,0.17,0,LOW,0.35,2.0-forward-looking
MRC003621,2026-08-31,0.8083,1,CRITICAL,0.35,2.0-forward-looking
MRC003622,2026-08-31,0.0012,0,LOW,0.35,2.0-forward-looking
MRC003623,2026-08-31,0.1013,0,LOW,0.35,2.0-forward-looking
MRC003624,2026-08-31,0.5473,1,HIGH,0.35,2.0-forward-looking
MRC003625,2026-08-31,0.4663,1,HIGH,0.35,2.0-forward-looking
MRC003626,2026-08-31,0.7121,1,CRITICAL,0.35,2.0-forward-looking
MRC003627,2026-08-31,0.6549,1,CRITICAL,0.35,2.0-forward-looking
MRC003628,2026-08-31,0.0012,0,LOW,0.35,2.0-forward-looking
MRC003629,2026-08-31,0.0012,0,LOW,0.35,2.0-forward-looking
MRC003630,2026-08-31,0.5008,1,HIGH,0.35,2.0-forward-looking
MRC003631,2026-08-31,0.5324,1,HIGH,0.35,2.0-forward-looking
MRC003632,2026-08-31,0.0024,0,LOW,0.35,2.0-forward-looking
MRC003633,2026-08-31,0.8907,1,CRITICAL,0.35,2.0-forward-looking
MRC003634,2026-08-31,0.0013,0,LOW,0.35,2.0-forward-looking
MRC003635,2026-08-31,0.6658,1,CRITICAL,0.35,2.0-forward-looking
MRC003636,2026-08-31,0.058,0,LOW,0.35,2.0-forward-looking
MRC003637,2026-08-31,0.2644,0,MEDIUM,0.35,2.0-forward-looking
MRC003638,2026-08-31,0.516,1,HIGH,0.35,2.0-forward-looking
MRC003639,2026-08-31,0.5667,1,HIGH,0.35,2.0-forward-looking
MRC003640,2026-08-31,0.0012,0,LOW,0.35,2.0-forward-looking
MRC003641,2026-08-31,0.9455,1,CRITICAL,0.35,2.0-forward-looking
MRC003642,2026-08-31,0.5367,1,HIGH,0.35,2.0-forward-looking
MRC003643,2026-08-31,0.4793,1,HIGH,0.35,2.0-forward-looking
MRC003644,2026-08-31,0.6073,1,HIGH,0.35,2.0-forward-looking
MRC003645,2026-08-31,0.0012,0,LOW,0.35,2.0-forward-looking
MRC003646,2026-08-31,0.8213,1,CRITICAL,0.35,2.0-forward-looking
MRC003647,2026-08-31,0.0012,0,LOW,0.35,2.0-forward-looking
MRC003648,2026-08-31,0.431,1,HIGH,0.35,2.0-forward-looking
MRC003649,2026-08-31,0.8018,1,CRITICAL,0.35,2.0-forward-looking
MRC003650,2026-08-31,0.6838,1,CRITICAL,0.35,2.0-forward-looking
MRC003651,2026-08-31,0.6259,1,HIGH,0.35,2.0-forward-looking
MRC003652,2026-08-31,0.7802,1,CRITICAL,0.35,2.0-forward-looking
MRC003653,2026-08-31,0.1411,0,LOW,0.35,2.0-forward-looking
MRC003654,2026-08-31,0.2056,0,MEDIUM,0.35,2.0-forward-looking
MRC003655,2026-08-31,0.003,0,LOW,0.35,2.0-forward-looking
MRC003656,2026-08-31,0.6526,1,CRITICAL,0.35,2.0-forward-looking
MRC003657,2026-08-31,0.4636,1,HIGH,0.35,2.0-forward-looking
MRC003658,2026-08-31,0.0029,0,LOW,0.35,2.0-forward-looking
MRC003659,2026-08-31,0.2886,0,MEDIUM,0.35,2.0-forward-looking
MRC003660,2026-08-31,0.0012,0,LOW,0.35,2.0-forward-looking
MRC003661,2026-08-31,0.0012,0,LOW,0.35,2.0-forward-looking
MRC003662,2026-08-31,0.4531,1,HIGH,0.35,2.0-forward-looking
MRC003663,2026-08-31,0.2804,0,MEDIUM,0.35,2.0-forward-looking
MRC003664,2026-08-31,0.0031,0,LOW,0.35,2.0-forward-looking
MRC003665,2026-08-31,0.8807,1,CRITICAL,0.35,2.0-forward-looking
MRC003666,2026-08-31,0.0287,0,LOW,0.35,2.0-forward-looking
MRC003667,2026-08-31,0.1895,0,LOW,0.35,2.0-forward-looking
MRC003668,2026-08-31,0.289,0,MEDIUM,0.35,2.0-forward-looking
MRC003669,2026-08-31,0.7995,1,CRITICAL,0.35,2.0-forward-looking
MRC003670,2026-08-31,0.0012,0,LOW,0.35,2.0-forward-looking
MRC003671,2026-08-31,0.2971,0,MEDIUM,0.35,2.0-forward-looking
MRC003672,2026-08-31,0.4374,1,HIGH,0.35,2.0-forward-looking
MRC003673,2026-08-31,0.3141,0,MEDIUM,0.35,2.0-forward-looking
MRC003674,2026-08-31,0.0012,0,LOW,0.35,2.0-forward-looking
MRC003675,2026-08-31,0.7604,1,CRITICAL,0.35,2.0-forward-looking
MRC003676,2026-08-31,0.0012,0,LOW,0.35,2.0-forward-looking
MRC003677,2026-08-31,0.0012,0,LOW,0.35,2.0-forward-looking
MRC003678,2026-08-31,0.6917,1,CRITICAL,0.35,2.0-forward-looking
MRC003679,2026-08-31,0.0012,0,LOW,0.35,2.0-forward-looking
MRC003680,2026-08-31,0.0694,0,LOW,0.35,2.0-forward-looking
MRC003681,2026-08-31,0.0012,0,LOW,0.35,2.0-forward-looking
MRC003682,2026-08-31,0.0012,0,LOW,0.35,2.0-forward-looking
MRC003683,2026-08-31,0.0012,0,LOW,0.35,2.0-forward-looking
MRC003684,2026-08-31,0.8253,1,CRITICAL,0.35,2.0-forward-looking
MRC003685,2026-08-31,0.0696,0,LOW,0.35,2.0-forward-looking
MRC003686,2026-08-31,0.6136,1,HIGH,0.35,2.0-forward-looking
MRC003687,2026-08-31,0.6415,1,HIGH,0.35,2.0-forward-looking
MRC003688,2026-08-31,0.0012,0,LOW,0.35,2.0-forward-looking
MRC003689,2026-08-31,0.3415,0,MEDIUM,0.35,2.0-forward-looking
MRC003690,2026-08-31,0.0013,0,LOW,0.35,2.0-forward-looking
MRC003691,2026-08-31,0.0013,0,LOW,0.35,2.0-forward-looking
MRC003692,2026-08-31,0.0012,0,LOW,0.35,2.0-forward-looking
MRC003693,2026-08-31,0.2996,0,MEDIUM,0.35,2.0-forward-looking
MRC003694,2026-08-31,0.6081,1,HIGH,0.35,2.0-forward-looking
MRC003695,2026-08-31,0.4161,1,HIGH,0.35,2.0-forward-looking
MRC003696,2026-08-31,0.7017,1,CRITICAL,0.35,2.0-forward-looking
MRC003697,2026-08-31,0.3215,0,MEDIUM,0.35,2.0-forward-looking
MRC003698,2026-08-31,0.3023,0,MEDIUM,0.35,2.0-forward-looking
MRC003699,2026-08-31,0.467,1,HIGH,0.35,2.0-forward-looking
MRC003700,2026-08-31,0.5762,1,HIGH,0.35,2.0-forward-looking
MRC003701,2026-08-31,0.0881,0,LOW,0.35,2.0-forward-looking
MRC003702,2026-08-31,0.0015,0,LOW,0.35,2.0-forward-looking
MRC003703,2026-08-31,0.7469,1,CRITICAL,0.35,2.0-forward-looking
MRC003704,2026-08-31,0.5653,1,HIGH,0.35,2.0-forward-looking
MRC003705,2026-08-31,0.0012,0,LOW,0.35,2.0-forward-looking
MRC003706,2026-08-31,0.2021,0,MEDIUM,0.35,2.0-forward-looking
MRC003707,2026-08-31,0.0012,0,LOW,0.35,2.0-forward-looking
MRC003708,2026-08-31,0.0012,0,LOW,0.35,2.0-forward-looking
MRC003709,2026-08-31,0.0012,0,LOW,0.35,2.0-forward-looking
MRC003710,2026-08-31,0.6648,1,CRITICAL,0.35,2.0-forward-looking
MRC003711,2026-08-31,0.0012,0,LOW,0.35,2.0-forward-looking
MRC003712,2026-08-31,0.7394,1,CRITICAL,0.35,2.0-forward-looking
MRC003713,2026-08-31,0.0012,0,LOW,0.35,2.0-forward-looking
MRC003714,2026-08-31,0.0035,0,LOW,0.35,2.0-forward-looking
MRC003715,2026-08-31,0.0778,0,LOW,0.35,2.0-forward-looking
MRC003716,2026-08-31,0.0012,0,LOW,0.35,2.0-forward-looking
MRC003717,2026-08-31,0.7548,1,CRITICAL,0.35,2.0-forward-looking
MRC003718,2026-08-31,0.8853,1,CRITICAL,0.35,2.0-forward-looking
MRC003719,2026-08-31,0.2482,0,MEDIUM,0.35,2.0-forward-looking
MRC003720,2026-08-31,0.0049,0,LOW,0.35,2.0-forward-looking
MRC003721,2026-08-31,0.0012,0,LOW,0.35,2.0-forward-looking
MRC003722,2026-08-31,0.8708,1,CRITICAL,0.35,2.0-forward-looking
MRC003723,2026-08-31,0.0012,0,LOW,0.35,2.0-forward-looking
MRC003724,2026-08-31,0.3544,1,HIGH,0.35,2.0-forward-looking
MRC003725,2026-08-31,0.807,1,CRITICAL,0.35,2.0-forward-looking
MRC003726,2026-08-31,0.4269,1,HIGH,0.35,2.0-forward-looking
MRC003727,2026-08-31,0.4556,1,HIGH,0.35,2.0-forward-looking
MRC003728,2026-08-31,0.2092,0,MEDIUM,0.35,2.0-forward-looking
MRC003729,2026-08-31,0.6313,1,HIGH,0.35,2.0-forward-looking
MRC003730,2026-08-31,0.752,1,CRITICAL,0.35,2.0-forward-looking
MRC003731,2026-08-31,0.5658,1,HIGH,0.35,2.0-forward-looking
MRC003732,2026-08-31,0.4906,1,HIGH,0.35,2.0-forward-looking
MRC003733,2026-08-31,0.5588,1,HIGH,0.35,2.0-forward-looking
MRC003734,2026-08-31,0.0502,0,LOW,0.35,2.0-forward-looking
MRC003735,2026-08-31,0.0012,0,LOW,0.35,2.0-forward-looking
MRC003736,2026-08-31,0.0012,0,LOW,0.35,2.0-forward-looking
MRC003737,2026-08-31,0.0699,0,LOW,0.35,2.0-forward-looking
MRC003738,2026-08-31,0.7924,1,CRITICAL,0.35,2.0-forward-looking
MRC003739,2026-08-31,0.1105,0,LOW,0.35,2.0-forward-looking
MRC003740,2026-08-31,0.0012,0,LOW,0.35,2.0-forward-looking
MRC003741,2026-08-31,0.6175,1,HIGH,0.35,2.0-forward-looking
MRC003742,2026-08-31,0.1718,0,LOW,0.35,2.0-forward-looking
MRC003743,2026-08-31,0.0012,0,LOW,0.35,2.0-forward-looking
MRC003744,2026-08-31,0.0012,0,LOW,0.35,2.0-forward-looking
MRC003745,2026-08-31,0.4842,1,HIGH,0.35,2.0-forward-looking
MRC003746,2026-08-31,0.0032,0,LOW,0.35,2.0-forward-looking
MRC003747,2026-08-31,0.1423,0,LOW,0.35,2.0-forward-looking
MRC003748,2026-08-31,0.2658,0,MEDIUM,0.35,2.0-forward-looking
MRC003749,2026-08-31,0.0012,0,LOW,0.35,2.0-forward-looking
MRC003750,2026-08-31,0.5226,1,HIGH,0.35,2.0-forward-looking
MRC003751,2026-08-31,0.1211,0,LOW,0.35,2.0-forward-looking
MRC003752,2026-08-31,0.2388,0,MEDIUM,0.35,2.0-forward-looking
MRC003753,2026-08-31,0.9384,1,CRITICAL,0.35,2.0-forward-looking
MRC003754,2026-08-31,0.0012,0,LOW,0.35,2.0-forward-looking
MRC003755,2026-08-31,0.192,0,LOW,0.35,2.0-forward-looking
MRC003756,2026-08-31,0.4056,1,HIGH,0.35,2.0-forward-looking
MRC003757,2026-08-31,0.4022,1,HIGH,0.35,2.0-forward-looking
MRC003758,2026-08-31,0.4752,1,HIGH,0.35,2.0-forward-looking
MRC003759,2026-08-31,0.0264,0,LOW,0.35,2.0-forward-looking
MRC003760,2026-08-31,0.0785,0,LOW,0.35,2.0-forward-looking
MRC003761,2026-08-31,0.68,1,CRITICAL,0.35,2.0-forward-looking
MRC003762,2026-08-31,0.7743,1,CRITICAL,0.35,2.0-forward-looking
MRC003763,2026-08-31,0.0754,0,LOW,0.35,2.0-forward-looking
MRC003764,2026-08-31,0.8814,1,CRITICAL,0.35,2.0-forward-looking
MRC003765,2026-08-31,0.0949,0,LOW,0.35,2.0-forward-looking
MRC003766,2026-08-31,0.4514,1,HIGH,0.35,2.0-forward-looking
MRC003767,2026-08-31,0.5826,1,HIGH,0.35,2.0-forward-looking
MRC003768,2026-08-31,0.0012,0,LOW,0.35,2.0-forward-looking
MRC003769,2026-08-31,0.0012,0,LOW,0.35,2.0-forward-looking
MRC003770,2026-08-31,0.1379,0,LOW,0.35,2.0-forward-looking
MRC003771,2026-08-31,0.0012,0,LOW,0.35,2.0-forward-looking
MRC003772,2026-08-31,0.0012,0,LOW,0.35,2.0-forward-looking
MRC003773,2026-08-31,0.2766,0,MEDIUM,0.35,2.0-forward-looking
MRC003774,2026-08-31,0.0806,0,LOW,0.35,2.0-forward-looking
MRC003775,2026-08-31,0.5248,1,HIGH,0.35,2.0-forward-looking
MRC003776,2026-08-31,0.0012,0,LOW,0.35,2.0-forward-looking
MRC003777,2026-08-31,0.0013,0,LOW,0.35,2.0-forward-looking
MRC003778,2026-08-31,0.0012,0,LOW,0.35,2.0-forward-looking
MRC003779,2026-08-31,0.0082,0,LOW,0.35,2.0-forward-looking
MRC003780,2026-08-31,0.0012,0,LOW,0.35,2.0-forward-looking
MRC003781,2026-08-31,0.3407,0,MEDIUM,0.35,2.0-forward-looking
MRC003782,2026-08-31,0.0012,0,LOW,0.35,2.0-forward-looking
MRC003783,2026-08-31,0.2433,0,MEDIUM,0.35,2.0-forward-looking
MRC003784,2026-08-31,0.773,1,CRITICAL,0.35,2.0-forward-looking
MRC003785,2026-08-31,0.0012,0,LOW,0.35,2.0-forward-looking
MRC003786,2026-08-31,0.1401,0,LOW,0.35,2.0-forward-looking
MRC003787,2026-08-31,0.0486,0,LOW,0.35,2.0-forward-looking
MRC003788,2026-08-31,0.5464,1,HIGH,0.35,2.0-forward-looking
MRC003789,2026-08-31,0.4697,1,HIGH,0.35,2.0-forward-looking
MRC003790,2026-08-31,0.6681,1,CRITICAL,0.35,2.0-forward-looking
MRC003791,2026-08-31,0.0922,0,LOW,0.35,2.0-forward-looking
MRC003792,2026-08-31,0.7585,1,CRITICAL,0.35,2.0-forward-looking
MRC003793,2026-08-31,0.8967,1,CRITICAL,0.35,2.0-forward-looking
MRC003794,2026-08-31,0.0012,0,LOW,0.35,2.0-forward-looking
MRC003795,2026-08-31,0.4435,1,HIGH,0.35,2.0-forward-looking
MRC003796,2026-08-31,0.0039,0,LOW,0.35,2.0-forward-looking
MRC003797,2026-08-31,0.2977,0,MEDIUM,0.35,2.0-forward-looking
MRC003798,2026-08-31,0.0012,0,LOW,0.35,2.0-forward-looking
MRC003799,2026-08-31,0.0012,0,LOW,0.35,2.0-forward-looking
MRC003800,2026-08-31,0.0054,0,LOW,0.35,2.0-forward-looking
MRC003801,2026-08-31,0.581,1,HIGH,0.35,2.0-forward-looking
MRC003802,2026-08-31,0.1087,0,LOW,0.35,2.0-forward-looking
MRC003803,2026-08-31,0.0012,0,LOW,0.35,2.0-forward-looking
MRC003804,2026-08-31,0.2011,0,MEDIUM,0.35,2.0-forward-looking
MRC003805,2026-08-31,0.2913,0,MEDIUM,0.35,2.0-forward-looking
MRC003806,2026-08-31,0.473,1,HIGH,0.35,2.0-forward-looking
MRC003807,2026-08-31,0.5746,1,HIGH,0.35,2.0-forward-looking
MRC003808,2026-08-31,0.0177,0,LOW,0.35,2.0-forward-looking
MRC003809,2026-08-31,0.005,0,LOW,0.35,2.0-forward-looking
MRC003810,2026-08-31,0.0032,0,LOW,0.35,2.0-forward-looking
MRC003811,2026-08-31,0.4843,1,HIGH,0.35,2.0-forward-looking
MRC003812,2026-08-31,0.0012,0,LOW,0.35,2.0-forward-looking
MRC003813,2026-08-31,0.202,0,MEDIUM,0.35,2.0-forward-looking
MRC003814,2026-08-31,0.0351,0,LOW,0.35,2.0-forward-looking
MRC003815,2026-08-31,0.5833,1,HIGH,0.35,2.0-forward-looking
MRC003816,2026-08-31,0.7356,1,CRITICAL,0.35,2.0-forward-looking
MRC003817,2026-08-31,0.0057,0,LOW,0.35,2.0-forward-looking
MRC003818,2026-08-31,0.7391,1,CRITICAL,0.35,2.0-forward-looking
MRC003819,2026-08-31,0.1675,0,LOW,0.35,2.0-forward-looking
MRC003820,2026-08-31,0.1038,0,LOW,0.35,2.0-forward-looking
MRC003821,2026-08-31,0.6591,1,CRITICAL,0.35,2.0-forward-looking
MRC003822,2026-08-31,0.7958,1,CRITICAL,0.35,2.0-forward-looking
MRC003823,2026-08-31,0.0012,0,LOW,0.35,2.0-forward-looking
MRC003824,2026-08-31,0.0012,0,LOW,0.35,2.0-forward-looking
MRC003825,2026-08-31,0.2275,0,MEDIUM,0.35,2.0-forward-looking
MRC003826,2026-08-31,0.0055,0,LOW,0.35,2.0-forward-looking
MRC003827,2026-08-31,0.8041,1,CRITICAL,0.35,2.0-forward-looking
MRC003828,2026-08-31,0.0012,0,LOW,0.35,2.0-forward-looking
MRC003829,2026-08-31,0.6343,1,HIGH,0.35,2.0-forward-looking
MRC003830,2026-08-31,0.0031,0,LOW,0.35,2.0-forward-looking
MRC003831,2026-08-31,0.0012,0,LOW,0.35,2.0-forward-looking
MRC003832,2026-08-31,0.0203,0,LOW,0.35,2.0-forward-looking
MRC003833,2026-08-31,0.2793,0,MEDIUM,0.35,2.0-forward-looking
MRC003834,2026-08-31,0.0087,0,LOW,0.35,2.0-forward-looking
MRC003835,2026-08-31,0.141,0,LOW,0.35,2.0-forward-looking
MRC003836,2026-08-31,0.0012,0,LOW,0.35,2.0-forward-looking
MRC003837,2026-08-31,0.5691,1,HIGH,0.35,2.0-forward-looking
MRC003838,2026-08-31,0.4327,1,HIGH,0.35,2.0-forward-looking
MRC003839,2026-08-31,0.0017,0,LOW,0.35,2.0-forward-looking
MRC003840,2026-08-31,0.2734,0,MEDIUM,0.35,2.0-forward-looking
MRC003841,2026-08-31,0.1316,0,LOW,0.35,2.0-forward-looking
MRC003842,2026-08-31,0.0027,0,LOW,0.35,2.0-forward-looking
MRC003843,2026-08-31,0.0026,0,LOW,0.35,2.0-forward-looking
MRC003844,2026-08-31,0.8095,1,CRITICAL,0.35,2.0-forward-looking
MRC003845,2026-08-31,0.082,0,LOW,0.35,2.0-forward-looking
MRC003846,2026-08-31,0.0169,0,LOW,0.35,2.0-forward-looking
MRC003847,2026-08-31,0.0012,0,LOW,0.35,2.0-forward-looking
MRC003848,2026-08-31,0.2492,0,MEDIUM,0.35,2.0-forward-looking
MRC003849,2026-08-31,0.0952,0,LOW,0.35,2.0-forward-looking
MRC003850,2026-08-31,0.7481,1,CRITICAL,0.35,2.0-forward-looking
MRC003851,2026-08-31,0.7083,1,CRITICAL,0.35,2.0-forward-looking
MRC003852,2026-08-31,0.0176,0,LOW,0.35,2.0-forward-looking
MRC003853,2026-08-31,0.0012,0,LOW,0.35,2.0-forward-looking
MRC003854,2026-08-31,0.3733,1,HIGH,0.35,2.0-forward-looking
MRC003855,2026-08-31,0.5089,1,HIGH,0.35,2.0-forward-looking
MRC003856,2026-08-31,0.0653,0,LOW,0.35,2.0-forward-looking
MRC003857,2026-08-31,0.8364,1,CRITICAL,0.35,2.0-forward-looking
MRC003858,2026-08-31,0.0012,0,LOW,0.35,2.0-forward-looking
MRC003859,2026-08-31,0.5409,1,HIGH,0.35,2.0-forward-looking
MRC003860,2026-08-31,0.0991,0,LOW,0.35,2.0-forward-looking
MRC003861,2026-08-31,0.1717,0,LOW,0.35,2.0-forward-looking
MRC003862,2026-08-31,0.0012,0,LOW,0.35,2.0-forward-looking
MRC003863,2026-08-31,0.6063,1,HIGH,0.35,2.0-forward-looking
MRC003864,2026-08-31,0.0913,0,LOW,0.35,2.0-forward-looking
MRC003865,2026-08-31,0.0047,0,LOW,0.35,2.0-forward-looking
MRC003866,2026-08-31,0.4429,1,HIGH,0.35,2.0-forward-looking
MRC003867,2026-08-31,0.1179,0,LOW,0.35,2.0-forward-looking
MRC003868,2026-08-31,0.5234,1,HIGH,0.35,2.0-forward-looking
MRC003869,2026-08-31,0.0015,0,LOW,0.35,2.0-forward-looking
MRC003870,2026-08-31,0.0012,0,LOW,0.35,2.0-forward-looking
MRC003871,2026-08-31,0.1809,0,LOW,0.35,2.0-forward-looking
MRC003872,2026-08-31,0.0951,0,LOW,0.35,2.0-forward-looking
MRC003873,2026-08-31,0.5439,1,HIGH,0.35,2.0-forward-looking
MRC003874,2026-08-31,0.7985,1,CRITICAL,0.35,2.0-forward-looking
MRC003875,2026-08-31,0.8358,1,CRITICAL,0.35,2.0-forward-looking
MRC003876,2026-08-31,0.0042,0,LOW,0.35,2.0-forward-looking
MRC003877,2026-08-31,0.322,0,MEDIUM,0.35,2.0-forward-looking
MRC003878,2026-08-31,0.0012,0,LOW,0.35,2.0-forward-looking
MRC003879,2026-08-31,0.1588,0,LOW,0.35,2.0-forward-looking
MRC003880,2026-08-31,0.4115,1,HIGH,0.35,2.0-forward-looking
MRC003881,2026-08-31,0.0387,0,LOW,0.35,2.0-forward-looking
MRC003882,2026-08-31,0.777,1,CRITICAL,0.35,2.0-forward-looking
MRC003883,2026-08-31,0.6156,1,HIGH,0.35,2.0-forward-looking
MRC003884,2026-08-31,0.8518,1,CRITICAL,0.35,2.0-forward-looking
MRC003885,2026-08-31,0.446,1,HIGH,0.35,2.0-forward-looking
MRC003886,2026-08-31,0.8235,1,CRITICAL,0.35,2.0-forward-looking
MRC003887,2026-08-31,0.5386,1,HIGH,0.35,2.0-forward-looking
MRC003888,2026-08-31,0.6671,1,CRITICAL,0.35,2.0-forward-looking
MRC003889,2026-08-31,0.69,1,CRITICAL,0.35,2.0-forward-looking
MRC003890,2026-08-31,0.0012,0,LOW,0.35,2.0-forward-looking
MRC003891,2026-08-31,0.7541,1,CRITICAL,0.35,2.0-forward-looking
MRC003892,2026-08-31,0.3106,0,MEDIUM,0.35,2.0-forward-looking
MRC003893,2026-08-31,0.5902,1,HIGH,0.35,2.0-forward-looking
MRC003894,2026-08-31,0.7251,1,CRITICAL,0.35,2.0-forward-looking
MRC003895,2026-08-31,0.0012,0,LOW,0.35,2.0-forward-looking
MRC003896,2026-08-31,0.0013,0,LOW,0.35,2.0-forward-looking
MRC003897,2026-08-31,0.1544,0,LOW,0.35,2.0-forward-looking
MRC003898,2026-08-31,0.7653,1,CRITICAL,0.35,2.0-forward-looking
MRC003899,2026-08-31,0.09,0,LOW,0.35,2.0-forward-looking
MRC003900,2026-08-31,0.31,0,MEDIUM,0.35,2.0-forward-looking
MRC003901,2026-08-31,0.7603,1,CRITICAL,0.35,2.0-forward-looking
MRC003902,2026-08-31,0.0012,0,LOW,0.35,2.0-forward-looking
MRC003903,2026-08-31,0.0012,0,LOW,0.35,2.0-forward-looking
MRC003904,2026-08-31,0.8422,1,CRITICAL,0.35,2.0-forward-looking
MRC003905,2026-08-31,0.0036,0,LOW,0.35,2.0-forward-looking
MRC003906,2026-08-31,0.0551,0,LOW,0.35,2.0-forward-looking
MRC003907,2026-08-31,0.8777,1,CRITICAL,0.35,2.0-forward-looking
MRC003908,2026-08-31,0.4952,1,HIGH,0.35,2.0-forward-looking
MRC003909,2026-08-31,0.5201,1,HIGH,0.35,2.0-forward-looking
MRC003910,2026-08-31,0.0012,0,LOW,0.35,2.0-forward-looking
MRC003911,2026-08-31,0.0012,0,LOW,0.35,2.0-forward-looking
MRC003912,2026-08-31,0.4877,1,HIGH,0.35,2.0-forward-looking
MRC003913,2026-08-31,0.0012,0,LOW,0.35,2.0-forward-looking
MRC003914,2026-08-31,0.3806,1,HIGH,0.35,2.0-forward-looking
MRC003915,2026-08-31,0.0027,0,LOW,0.35,2.0-forward-looking
MRC003916,2026-08-31,0.3685,1,HIGH,0.35,2.0-forward-looking
MRC003917,2026-08-31,0.0012,0,LOW,0.35,2.0-forward-looking
MRC003918,2026-08-31,0.0012,0,LOW,0.35,2.0-forward-looking
MRC003919,2026-08-31,0.092,0,LOW,0.35,2.0-forward-looking
MRC003920,2026-08-31,0.6389,1,HIGH,0.35,2.0-forward-looking
MRC003921,2026-08-31,0.202,0,MEDIUM,0.35,2.0-forward-looking
MRC003922,2026-08-31,0.0063,0,LOW,0.35,2.0-forward-looking
MRC003923,2026-08-31,0.0025,0,LOW,0.35,2.0-forward-looking
MRC003924,2026-08-31,0.3929,1,HIGH,0.35,2.0-forward-looking
MRC003925,2026-08-31,0.1399,0,LOW,0.35,2.0-forward-looking
MRC003926,2026-08-31,0.8518,1,CRITICAL,0.35,2.0-forward-looking
MRC003927,2026-08-31,0.1833,0,LOW,0.35,2.0-forward-looking
MRC003928,2026-08-31,0.3282,0,MEDIUM,0.35,2.0-forward-looking
MRC003929,2026-08-31,0.0012,0,LOW,0.35,2.0-forward-looking
MRC003930,2026-08-31,0.0304,0,LOW,0.35,2.0-forward-looking
MRC003931,2026-08-31,0.026,0,LOW,0.35,2.0-forward-looking
MRC003932,2026-08-31,0.4463,1,HIGH,0.35,2.0-forward-looking
MRC003933,2026-08-31,0.8041,1,CRITICAL,0.35,2.0-forward-looking
MRC003934,2026-08-31,0.1615,0,LOW,0.35,2.0-forward-looking
MRC003935,2026-08-31,0.6597,1,CRITICAL,0.35,2.0-forward-looking
MRC003936,2026-08-31,0.8402,1,CRITICAL,0.35,2.0-forward-looking
MRC003937,2026-08-31,0.0012,0,LOW,0.35,2.0-forward-looking
MRC003938,2026-08-31,0.5733,1,HIGH,0.35,2.0-forward-looking
MRC003939,2026-08-31,0.6816,1,CRITICAL,0.35,2.0-forward-looking
MRC003940,2026-08-31,0.0012,0,LOW,0.35,2.0-forward-looking
MRC003941,2026-08-31,0.2782,0,MEDIUM,0.35,2.0-forward-looking
MRC003942,2026-08-31,0.0012,0,LOW,0.35,2.0-forward-looking
MRC003943,2026-08-31,0.7551,1,CRITICAL,0.35,2.0-forward-looking
MRC003944,2026-08-31,0.0044,0,LOW,0.35,2.0-forward-looking
MRC003945,2026-08-31,0.0027,0,LOW,0.35,2.0-forward-looking
MRC003946,2026-08-31,0.2112,0,MEDIUM,0.35,2.0-forward-looking
MRC003947,2026-08-31,0.0077,0,LOW,0.35,2.0-forward-looking
MRC003948,2026-08-31,0.8609,1,CRITICAL,0.35,2.0-forward-looking
MRC003949,2026-08-31,0.0012,0,LOW,0.35,2.0-forward-looking
MRC003950,2026-08-31,0.1745,0,LOW,0.35,2.0-forward-looking
MRC003951,2026-08-31,0.0919,0,LOW,0.35,2.0-forward-looking
MRC003952,2026-08-31,0.2818,0,MEDIUM,0.35,2.0-forward-looking
MRC003953,2026-08-31,0.7964,1,CRITICAL,0.35,2.0-forward-looking
MRC003954,2026-08-31,0.5463,1,HIGH,0.35,2.0-forward-looking
MRC003955,2026-08-31,0.0059,0,LOW,0.35,2.0-forward-looking
MRC003956,2026-08-31,0.0079,0,LOW,0.35,2.0-forward-looking
MRC003957,2026-08-31,0.773,1,CRITICAL,0.35,2.0-forward-looking
MRC003958,2026-08-31,0.08,0,LOW,0.35,2.0-forward-looking
MRC003959,2026-08-31,0.0218,0,LOW,0.35,2.0-forward-looking
MRC003960,2026-08-31,0.636,1,HIGH,0.35,2.0-forward-looking
MRC003961,2026-08-31,0.8697,1,CRITICAL,0.35,2.0-forward-looking
MRC003962,2026-08-31,0.6917,1,CRITICAL,0.35,2.0-forward-looking
MRC003963,2026-08-31,0.0033,0,LOW,0.35,2.0-forward-looking
MRC003964,2026-08-31,0.3719,1,HIGH,0.35,2.0-forward-looking
MRC003965,2026-08-31,0.5995,1,HIGH,0.35,2.0-forward-looking
MRC003966,2026-08-31,0.1337,0,LOW,0.35,2.0-forward-looking
MRC003967,2026-08-31,0.0012,0,LOW,0.35,2.0-forward-looking
MRC003968,2026-08-31,0.6725,1,CRITICAL,0.35,2.0-forward-looking
MRC003969,2026-08-31,0.6041,1,HIGH,0.35,2.0-forward-looking
MRC003970,2026-08-31,0.0012,0,LOW,0.35,2.0-forward-looking
MRC003971,2026-08-31,0.172,0,LOW,0.35,2.0-forward-looking
MRC003972,2026-08-31,0.5954,1,HIGH,0.35,2.0-forward-looking
MRC003973,2026-08-31,0.6412,1,HIGH,0.35,2.0-forward-looking
MRC003974,2026-08-31,0.4928,1,HIGH,0.35,2.0-forward-looking
MRC003975,2026-08-31,0.0074,0,LOW,0.35,2.0-forward-looking
MRC003976,2026-08-31,0.0069,0,LOW,0.35,2.0-forward-looking
MRC003977,2026-08-31,0.1285,0,LOW,0.35,2.0-forward-looking
MRC003978,2026-08-31,0.0012,0,LOW,0.35,2.0-forward-looking
MRC003979,2026-08-31,0.0221,0,LOW,0.35,2.0-forward-looking
MRC003980,2026-08-31,0.431,1,HIGH,0.35,2.0-forward-looking
MRC003981,2026-08-31,0.6218,1,HIGH,0.35,2.0-forward-looking
MRC003982,2026-08-31,0.6297,1,HIGH,0.35,2.0-forward-looking
MRC003983,2026-08-31,0.9016,1,CRITICAL,0.35,2.0-forward-looking
MRC003984,2026-08-31,0.5621,1,HIGH,0.35,2.0-forward-looking
MRC003985,2026-08-31,0.6725,1,CRITICAL,0.35,2.0-forward-looking
MRC003986,2026-08-31,0.0031,0,LOW,0.35,2.0-forward-looking
MRC003987,2026-08-31,0.2015,0,MEDIUM,0.35,2.0-forward-looking
MRC003988,2026-08-31,0.0012,0,LOW,0.35,2.0-forward-looking
MRC003989,2026-08-31,0.0012,0,LOW,0.35,2.0-forward-looking
MRC003990,2026-08-31,0.2456,0,MEDIUM,0.35,2.0-forward-looking
MRC003991,2026-08-31,0.0012,0,LOW,0.35,2.0-forward-looking
MRC003992,2026-08-31,0.0012,0,LOW,0.35,2.0-forward-looking
MRC003993,2026-08-31,0.6896,1,CRITICAL,0.35,2.0-forward-looking
MRC003994,2026-08-31,0.0012,0,LOW,0.35,2.0-forward-looking
MRC003995,2026-08-31,0.2827,0,MEDIUM,0.35,2.0-forward-looking
MRC003996,2026-08-31,0.0012,0,LOW,0.35,2.0-forward-looking
MRC003997,2026-08-31,0.2292,0,MEDIUM,0.35,2.0-forward-looking
MRC003998,2026-08-31,0.0012,0,LOW,0.35,2.0-forward-looking
MRC003999,2026-08-31,0.7389,1,CRITICAL,0.35,2.0-forward-looking
MRC004000,2026-08-31,0.6196,1,HIGH,0.35,2.0-forward-looking
MRC004001,2026-08-31,0.5007,1,HIGH,0.35,2.0-forward-looking
MRC004002,2026-08-31,0.058,0,LOW,0.35,2.0-forward-looking
MRC004003,2026-08-31,0.0542,0,LOW,0.35,2.0-forward-looking
MRC004004,2026-08-31,0.7466,1,CRITICAL,0.35,2.0-forward-looking
MRC004005,2026-08-31,0.6616,1,CRITICAL,0.35,2.0-forward-looking
MRC004006,2026-08-31,0.2049,0,MEDIUM,0.35,2.0-forward-looking
MRC004007,2026-08-31,0.6135,1,HIGH,0.35,2.0-forward-looking
MRC004008,2026-08-31,0.3914,1,HIGH,0.35,2.0-forward-looking
MRC004009,2026-08-31,0.6635,1,CRITICAL,0.35,2.0-forward-looking
MRC004010,2026-08-31,0.0028,0,LOW,0.35,2.0-forward-looking
MRC004011,2026-08-31,0.3337,0,MEDIUM,0.35,2.0-forward-looking
MRC004012,2026-08-31,0.0012,0,LOW,0.35,2.0-forward-looking
MRC004013,2026-08-31,0.0028,0,LOW,0.35,2.0-forward-looking
MRC004014,2026-08-31,0.0028,0,LOW,0.35,2.0-forward-looking
MRC004015,2026-08-31,0.0013,0,LOW,0.35,2.0-forward-looking
MRC004016,2026-08-31,0.0012,0,LOW,0.35,2.0-forward-looking
MRC004017,2026-08-31,0.1742,0,LOW,0.35,2.0-forward-looking
MRC004018,2026-08-31,0.3701,1,HIGH,0.35,2.0-forward-looking
MRC004019,2026-08-31,0.0012,0,LOW,0.35,2.0-forward-looking
MRC004020,2026-08-31,0.5757,1,HIGH,0.35,2.0-forward-looking
MRC004021,2026-08-31,0.6002,1,HIGH,0.35,2.0-forward-looking
MRC004022,2026-08-31,0.0034,0,LOW,0.35,2.0-forward-looking
MRC004023,2026-08-31,0.0027,0,LOW,0.35,2.0-forward-looking
MRC004024,2026-08-31,0.6057,1,HIGH,0.35,2.0-forward-looking
MRC004025,2026-08-31,0.7176,1,CRITICAL,0.35,2.0-forward-looking
MRC004026,2026-08-31,0.0012,0,LOW,0.35,2.0-forward-looking
MRC004027,2026-08-31,0.0546,0,LOW,0.35,2.0-forward-looking
MRC004028,2026-08-31,0.6853,1,CRITICAL,0.35,2.0-forward-looking
MRC004029,2026-08-31,0.0028,0,LOW,0.35,2.0-forward-looking
MRC004030,2026-08-31,0.8775,1,CRITICAL,0.35,2.0-forward-looking
MRC004031,2026-08-31,0.0027,0,LOW,0.35,2.0-forward-looking
MRC004032,2026-08-31,0.3693,1,HIGH,0.35,2.0-forward-looking
MRC004033,2026-08-31,0.0013,0,LOW,0.35,2.0-forward-looking
MRC004034,2026-08-31,0.0156,0,LOW,0.35,2.0-forward-looking
MRC004035,2026-08-31,0.8387,1,CRITICAL,0.35,2.0-forward-looking
MRC004036,2026-08-31,0.0026,0,LOW,0.35,2.0-forward-looking
MRC004037,2026-08-31,0.9285,1,CRITICAL,0.35,2.0-forward-looking
MRC004038,2026-08-31,0.0027,0,LOW,0.35,2.0-forward-looking
MRC004039,2026-08-31,0.7785,1,CRITICAL,0.35,2.0-forward-looking
MRC004040,2026-08-31,0.4221,1,HIGH,0.35,2.0-forward-looking
MRC004041,2026-08-31,0.3606,1,HIGH,0.35,2.0-forward-looking
MRC004042,2026-08-31,0.1067,0,LOW,0.35,2.0-forward-looking
MRC004043,2026-08-31,0.0012,0,LOW,0.35,2.0-forward-looking
MRC004044,2026-08-31,0.7829,1,CRITICAL,0.35,2.0-forward-looking
MRC004045,2026-08-31,0.0029,0,LOW,0.35,2.0-forward-looking
MRC004046,2026-08-31,0.0015,0,LOW,0.35,2.0-forward-looking
MRC004047,2026-08-31,0.5029,1,HIGH,0.35,2.0-forward-looking
MRC004048,2026-08-31,0.6138,1,HIGH,0.35,2.0-forward-looking
MRC004049,2026-08-31,0.1595,0,LOW,0.35,2.0-forward-looking
MRC004050,2026-08-31,0.0012,0,LOW,0.35,2.0-forward-looking
MRC004051,2026-08-31,0.5724,1,HIGH,0.35,2.0-forward-looking
MRC004052,2026-08-31,0.6305,1,HIGH,0.35,2.0-forward-looking
MRC004053,2026-08-31,0.4846,1,HIGH,0.35,2.0-forward-looking
MRC004054,2026-08-31,0.0012,0,LOW,0.35,2.0-forward-looking
MRC004055,2026-08-31,0.7391,1,CRITICAL,0.35,2.0-forward-looking
MRC004056,2026-08-31,0.7945,1,CRITICAL,0.35,2.0-forward-looking
MRC004057,2026-08-31,0.6237,1,HIGH,0.35,2.0-forward-looking
MRC004058,2026-08-31,0.6092,1,HIGH,0.35,2.0-forward-looking
MRC004059,2026-08-31,0.0012,0,LOW,0.35,2.0-forward-looking
MRC004060,2026-08-31,0.9146,1,CRITICAL,0.35,2.0-forward-looking
MRC004061,2026-08-31,0.0028,0,LOW,0.35,2.0-forward-looking
MRC004062,2026-08-31,0.0012,0,LOW,0.35,2.0-forward-looking
MRC004063,2026-08-31,0.1561,0,LOW,0.35,2.0-forward-looking
MRC004064,2026-08-31,0.8713,1,CRITICAL,0.35,2.0-forward-looking
MRC004065,2026-08-31,0.6749,1,CRITICAL,0.35,2.0-forward-looking
MRC004066,2026-08-31,0.639,1,HIGH,0.35,2.0-forward-looking
MRC004067,2026-08-31,0.0012,0,LOW,0.35,2.0-forward-looking
MRC004068,2026-08-31,0.8071,1,CRITICAL,0.35,2.0-forward-looking
MRC004069,2026-08-31,0.6258,1,HIGH,0.35,2.0-forward-looking
MRC004070,2026-08-31,0.2172,0,MEDIUM,0.35,2.0-forward-looking
MRC004071,2026-08-31,0.8289,1,CRITICAL,0.35,2.0-forward-looking
MRC004072,2026-08-31,0.1463,0,LOW,0.35,2.0-forward-looking
MRC004073,2026-08-31,0.8012,1,CRITICAL,0.35,2.0-forward-looking
MRC004074,2026-08-31,0.0012,0,LOW,0.35,2.0-forward-looking
MRC004075,2026-08-31,0.5878,1,HIGH,0.35,2.0-forward-looking
MRC004076,2026-08-31,0.0012,0,LOW,0.35,2.0-forward-looking
MRC004077,2026-08-31,0.8402,1,CRITICAL,0.35,2.0-forward-looking
MRC004078,2026-08-31,0.1304,0,LOW,0.35,2.0-forward-looking
MRC004079,2026-08-31,0.0662,0,LOW,0.35,2.0-forward-looking
MRC004080,2026-08-31,0.3138,0,MEDIUM,0.35,2.0-forward-looking
MRC004081,2026-08-31,0.2788,0,MEDIUM,0.35,2.0-forward-looking
MRC004082,2026-08-31,0.0012,0,LOW,0.35,2.0-forward-looking
MRC004083,2026-08-31,0.0053,0,LOW,0.35,2.0-forward-looking
MRC004084,2026-08-31,0.367,1,HIGH,0.35,2.0-forward-looking
MRC004085,2026-08-31,0.5134,1,HIGH,0.35,2.0-forward-looking
MRC004086,2026-08-31,0.6978,1,CRITICAL,0.35,2.0-forward-looking
MRC004087,2026-08-31,0.4226,1,HIGH,0.35,2.0-forward-looking
MRC004088,2026-08-31,0.1956,0,LOW,0.35,2.0-forward-looking
MRC004089,2026-08-31,0.2639,0,MEDIUM,0.35,2.0-forward-looking
MRC004090,2026-08-31,0.7595,1,CRITICAL,0.35,2.0-forward-looking
MRC004091,2026-08-31,0.3309,0,MEDIUM,0.35,2.0-forward-looking
MRC004092,2026-08-31,0.01,0,LOW,0.35,2.0-forward-looking
MRC004093,2026-08-31,0.9239,1,CRITICAL,0.35,2.0-forward-looking
MRC004094,2026-08-31,0.0012,0,LOW,0.35,2.0-forward-looking
MRC004095,2026-08-31,0.5788,1,HIGH,0.35,2.0-forward-looking
MRC004096,2026-08-31,0.0012,0,LOW,0.35,2.0-forward-looking
MRC004097,2026-08-31,0.0012,0,LOW,0.35,2.0-forward-looking
MRC004098,2026-08-31,0.5924,1,HIGH,0.35,2.0-forward-looking
MRC004099,2026-08-31,0.556,1,HIGH,0.35,2.0-forward-looking
MRC004100,2026-08-31,0.0012,0,LOW,0.35,2.0-forward-looking
MRC004101,2026-08-31,0.003,0,LOW,0.35,2.0-forward-looking
MRC004102,2026-08-31,0.0012,0,LOW,0.35,2.0-forward-looking
MRC004103,2026-08-31,0.0012,0,LOW,0.35,2.0-forward-looking
MRC004104,2026-08-31,0.6631,1,CRITICAL,0.35,2.0-forward-looking
MRC004105,2026-08-31,0.1503,0,LOW,0.35,2.0-forward-looking
MRC004106,2026-08-31,0.6337,1,HIGH,0.35,2.0-forward-looking
MRC004107,2026-08-31,0.6842,1,CRITICAL,0.35,2.0-forward-looking
MRC004108,2026-08-31,0.2726,0,MEDIUM,0.35,2.0-forward-looking
MRC004109,2026-08-31,0.261,0,MEDIUM,0.35,2.0-forward-looking
MRC004110,2026-08-31,0.268,0,MEDIUM,0.35,2.0-forward-looking
MRC004111,2026-08-31,0.6009,1,HIGH,0.35,2.0-forward-looking
MRC004112,2026-08-31,0.5922,1,HIGH,0.35,2.0-forward-looking
MRC004113,2026-08-31,0.0012,0,LOW,0.35,2.0-forward-looking
MRC004114,2026-08-31,0.5816,1,HIGH,0.35,2.0-forward-looking
MRC004115,2026-08-31,0.8968,1,CRITICAL,0.35,2.0-forward-looking
MRC004116,2026-08-31,0.0026,0,LOW,0.35,2.0-forward-looking
MRC004117,2026-08-31,0.0012,0,LOW,0.35,2.0-forward-looking
MRC004118,2026-08-31,0.0116,0,LOW,0.35,2.0-forward-looking
MRC004119,2026-08-31,0.6946,1,CRITICAL,0.35,2.0-forward-looking
MRC004120,2026-08-31,0.6482,1,HIGH,0.35,2.0-forward-looking
MRC004121,2026-08-31,0.4503,1,HIGH,0.35,2.0-forward-looking
MRC004122,2026-08-31,0.0531,0,LOW,0.35,2.0-forward-looking
MRC004123,2026-08-31,0.6664,1,CRITICAL,0.35,2.0-forward-looking
MRC004124,2026-08-31,0.6842,1,CRITICAL,0.35,2.0-forward-looking
MRC004125,2026-08-31,0.8213,1,CRITICAL,0.35,2.0-forward-looking
MRC004126,2026-08-31,0.0814,0,LOW,0.35,2.0-forward-looking
MRC004127,2026-08-31,0.8463,1,CRITICAL,0.35,2.0-forward-looking
MRC004128,2026-08-31,0.099,0,LOW,0.35,2.0-forward-looking
MRC004129,2026-08-31,0.0012,0,LOW,0.35,2.0-forward-looking
MRC004130,2026-08-31,0.0012,0,LOW,0.35,2.0-forward-looking
MRC004131,2026-08-31,0.3923,1,HIGH,0.35,2.0-forward-looking
MRC004132,2026-08-31,0.003,0,LOW,0.35,2.0-forward-looking
MRC004133,2026-08-31,0.8136,1,CRITICAL,0.35,2.0-forward-looking
MRC004134,2026-08-31,0.4424,1,HIGH,0.35,2.0-forward-looking
MRC004135,2026-08-31,0.4643,1,HIGH,0.35,2.0-forward-looking
MRC004136,2026-08-31,0.0395,0,LOW,0.35,2.0-forward-looking
MRC004137,2026-08-31,0.0012,0,LOW,0.35,2.0-forward-looking
MRC004138,2026-08-31,0.4517,1,HIGH,0.35,2.0-forward-looking
MRC004139,2026-08-31,0.5759,1,HIGH,0.35,2.0-forward-looking
MRC004140,2026-08-31,0.6507,1,CRITICAL,0.35,2.0-forward-looking
MRC004141,2026-08-31,0.0025,0,LOW,0.35,2.0-forward-looking
MRC004142,2026-08-31,0.003,0,LOW,0.35,2.0-forward-looking
MRC004143,2026-08-31,0.0296,0,LOW,0.35,2.0-forward-looking
MRC004144,2026-08-31,0.0012,0,LOW,0.35,2.0-forward-looking
MRC004145,2026-08-31,0.8204,1,CRITICAL,0.35,2.0-forward-looking
MRC004146,2026-08-31,0.7076,1,CRITICAL,0.35,2.0-forward-looking
MRC004147,2026-08-31,0.2077,0,MEDIUM,0.35,2.0-forward-looking
MRC004148,2026-08-31,0.0012,0,LOW,0.35,2.0-forward-looking
MRC004149,2026-08-31,0.8338,1,CRITICAL,0.35,2.0-forward-looking
MRC004150,2026-08-31,0.111,0,LOW,0.35,2.0-forward-looking
MRC004151,2026-08-31,0.3232,0,MEDIUM,0.35,2.0-forward-looking
MRC004152,2026-08-31,0.0012,0,LOW,0.35,2.0-forward-looking
MRC004153,2026-08-31,0.2555,0,MEDIUM,0.35,2.0-forward-looking
MRC004154,2026-08-31,0.1525,0,LOW,0.35,2.0-forward-looking
MRC004155,2026-08-31,0.1064,0,LOW,0.35,2.0-forward-looking
MRC004156,2026-08-31,0.6916,1,CRITICAL,0.35,2.0-forward-looking
MRC004157,2026-08-31,0.0013,0,LOW,0.35,2.0-forward-looking
MRC004158,2026-08-31,0.0012,0,LOW,0.35,2.0-forward-looking
MRC004159,2026-08-31,0.7298,1,CRITICAL,0.35,2.0-forward-looking
MRC004160,2026-08-31,0.6652,1,CRITICAL,0.35,2.0-forward-looking
MRC004161,2026-08-31,0.5161,1,HIGH,0.35,2.0-forward-looking
MRC004162,2026-08-31,0.0015,0,LOW,0.35,2.0-forward-looking
MRC004163,2026-08-31,0.6025,1,HIGH,0.35,2.0-forward-looking
MRC004164,2026-08-31,0.7589,1,CRITICAL,0.35,2.0-forward-looking
MRC004165,2026-08-31,0.0012,0,LOW,0.35,2.0-forward-looking
MRC004166,2026-08-31,0.7581,1,CRITICAL,0.35,2.0-forward-looking
MRC004167,2026-08-31,0.0083,0,LOW,0.35,2.0-forward-looking
MRC004168,2026-08-31,0.8955,1,CRITICAL,0.35,2.0-forward-looking
MRC004169,2026-08-31,0.0724,0,LOW,0.35,2.0-forward-looking
MRC004170,2026-08-31,0.1468,0,LOW,0.35,2.0-forward-looking
MRC004171,2026-08-31,0.7016,1,CRITICAL,0.35,2.0-forward-looking
MRC004172,2026-08-31,0.0054,0,LOW,0.35,2.0-forward-looking
MRC004173,2026-08-31,0.6775,1,CRITICAL,0.35,2.0-forward-looking
MRC004174,2026-08-31,0.2569,0,MEDIUM,0.35,2.0-forward-looking
MRC004175,2026-08-31,0.3266,0,MEDIUM,0.35,2.0-forward-looking
MRC004176,2026-08-31,0.8857,1,CRITICAL,0.35,2.0-forward-looking
MRC004177,2026-08-31,0.6438,1,HIGH,0.35,2.0-forward-looking
MRC004178,2026-08-31,0.7351,1,CRITICAL,0.35,2.0-forward-looking
MRC004179,2026-08-31,0.0327,0,LOW,0.35,2.0-forward-looking
MRC004180,2026-08-31,0.0042,0,LOW,0.35,2.0-forward-looking
MRC004181,2026-08-31,0.0012,0,LOW,0.35,2.0-forward-looking
MRC004182,2026-08-31,0.5655,1,HIGH,0.35,2.0-forward-looking
MRC004183,2026-08-31,0.6217,1,HIGH,0.35,2.0-forward-looking
MRC004184,2026-08-31,0.3413,0,MEDIUM,0.35,2.0-forward-looking
MRC004185,2026-08-31,0.7619,1,CRITICAL,0.35,2.0-forward-looking
MRC004186,2026-08-31,0.3299,0,MEDIUM,0.35,2.0-forward-looking
MRC004187,2026-08-31,0.0454,0,LOW,0.35,2.0-forward-looking
MRC004188,2026-08-31,0.1219,0,LOW,0.35,2.0-forward-looking
MRC004189,2026-08-31,0.7882,1,CRITICAL,0.35,2.0-forward-looking
MRC004190,2026-08-31,0.5742,1,HIGH,0.35,2.0-forward-looking
MRC004191,2026-08-31,0.8172,1,CRITICAL,0.35,2.0-forward-looking
MRC004192,2026-08-31,0.5318,1,HIGH,0.35,2.0-forward-looking
MRC004193,2026-08-31,0.1045,0,LOW,0.35,2.0-forward-looking
MRC004194,2026-08-31,0.0012,0,LOW,0.35,2.0-forward-looking
MRC004195,2026-08-31,0.1366,0,LOW,0.35,2.0-forward-looking
MRC004196,2026-08-31,0.1526,0,LOW,0.35,2.0-forward-looking
MRC004197,2026-08-31,0.0999,0,LOW,0.35,2.0-forward-looking
MRC004198,2026-08-31,0.4899,1,HIGH,0.35,2.0-forward-looking
MRC004199,2026-08-31,0.0032,0,LOW,0.35,2.0-forward-looking
MRC004200,2026-08-31,0.8186,1,CRITICAL,0.35,2.0-forward-looking
MRC004201,2026-08-31,0.0012,0,LOW,0.35,2.0-forward-looking
MRC004202,2026-08-31,0.0289,0,LOW,0.35,2.0-forward-looking
MRC004203,2026-08-31,0.86,1,CRITICAL,0.35,2.0-forward-looking
MRC004204,2026-08-31,0.6135,1,HIGH,0.35,2.0-forward-looking
MRC004205,2026-08-31,0.507,1,HIGH,0.35,2.0-forward-looking
MRC004206,2026-08-31,0.6501,1,CRITICAL,0.35,2.0-forward-looking
MRC004207,2026-08-31,0.7332,1,CRITICAL,0.35,2.0-forward-looking
MRC004208,2026-08-31,0.7697,1,CRITICAL,0.35,2.0-forward-looking
MRC004209,2026-08-31,0.3924,1,HIGH,0.35,2.0-forward-looking
MRC004210,2026-08-31,0.005,0,LOW,0.35,2.0-forward-looking
MRC004211,2026-08-31,0.7469,1,CRITICAL,0.35,2.0-forward-looking
MRC004212,2026-08-31,0.0573,0,LOW,0.35,2.0-forward-looking
MRC004213,2026-08-31,0.2742,0,MEDIUM,0.35,2.0-forward-looking
MRC004214,2026-08-31,0.1486,0,LOW,0.35,2.0-forward-looking
MRC004215,2026-08-31,0.1873,0,LOW,0.35,2.0-forward-looking
MRC004216,2026-08-31,0.2076,0,MEDIUM,0.35,2.0-forward-looking
MRC004217,2026-08-31,0.5907,1,HIGH,0.35,2.0-forward-looking
MRC004218,2026-08-31,0.0012,0,LOW,0.35,2.0-forward-looking
MRC004219,2026-08-31,0.0987,0,LOW,0.35,2.0-forward-looking
MRC004220,2026-08-31,0.1364,0,LOW,0.35,2.0-forward-looking
MRC004221,2026-08-31,0.7318,1,CRITICAL,0.35,2.0-forward-looking
MRC004222,2026-08-31,0.6331,1,HIGH,0.35,2.0-forward-looking
MRC004223,2026-08-31,0.5066,1,HIGH,0.35,2.0-forward-looking
MRC004224,2026-08-31,0.2457,0,MEDIUM,0.35,2.0-forward-looking
MRC004225,2026-08-31,0.095,0,LOW,0.35,2.0-forward-looking
MRC004226,2026-08-31,0.5284,1,HIGH,0.35,2.0-forward-looking
MRC004227,2026-08-31,0.01,0,LOW,0.35,2.0-forward-looking
MRC004228,2026-08-31,0.0012,0,LOW,0.35,2.0-forward-looking
MRC004229,2026-08-31,0.0215,0,LOW,0.35,2.0-forward-looking
MRC004230,2026-08-31,0.7199,1,CRITICAL,0.35,2.0-forward-looking
MRC004231,2026-08-31,0.6115,1,HIGH,0.35,2.0-forward-looking
MRC004232,2026-08-31,0.0461,0,LOW,0.35,2.0-forward-looking
MRC004233,2026-08-31,0.0052,0,LOW,0.35,2.0-forward-looking
MRC004234,2026-08-31,0.0473,0,LOW,0.35,2.0-forward-looking
MRC004235,2026-08-31,0.2688,0,MEDIUM,0.35,2.0-forward-looking
MRC004236,2026-08-31,0.0012,0,LOW,0.35,2.0-forward-looking
MRC004237,2026-08-31,0.1672,0,LOW,0.35,2.0-forward-looking
MRC004238,2026-08-31,0.8553,1,CRITICAL,0.35,2.0-forward-looking
MRC004239,2026-08-31,0.7357,1,CRITICAL,0.35,2.0-forward-looking
MRC004240,2026-08-31,0.0012,0,LOW,0.35,2.0-forward-looking
MRC004241,2026-08-31,0.8182,1,CRITICAL,0.35,2.0-forward-looking
MRC004242,2026-08-31,0.3569,1,HIGH,0.35,2.0-forward-looking
MRC004243,2026-08-31,0.0012,0,LOW,0.35,2.0-forward-looking
MRC004244,2026-08-31,0.713,1,CRITICAL,0.35,2.0-forward-looking
MRC004245,2026-08-31,0.7127,1,CRITICAL,0.35,2.0-forward-looking
MRC004246,2026-08-31,0.6073,1,HIGH,0.35,2.0-forward-looking
MRC004247,2026-08-31,0.0012,0,LOW,0.35,2.0-forward-looking
MRC004248,2026-08-31,0.0012,0,LOW,0.35,2.0-forward-looking
MRC004249,2026-08-31,0.192,0,LOW,0.35,2.0-forward-looking
MRC004250,2026-08-31,0.003,0,LOW,0.35,2.0-forward-looking
MRC004251,2026-08-31,0.0646,0,LOW,0.35,2.0-forward-looking
MRC004252,2026-08-31,0.1303,0,LOW,0.35,2.0-forward-looking
MRC004253,2026-08-31,0.883,1,CRITICAL,0.35,2.0-forward-looking
MRC004254,2026-08-31,0.0012,0,LOW,0.35,2.0-forward-looking
MRC004255,2026-08-31,0.8858,1,CRITICAL,0.35,2.0-forward-looking
MRC004256,2026-08-31,0.2076,0,MEDIUM,0.35,2.0-forward-looking
MRC004257,2026-08-31,0.6512,1,CRITICAL,0.35,2.0-forward-looking
MRC004258,2026-08-31,0.0012,0,LOW,0.35,2.0-forward-looking
MRC004259,2026-08-31,0.0012,0,LOW,0.35,2.0-forward-looking
MRC004260,2026-08-31,0.7564,1,CRITICAL,0.35,2.0-forward-looking
MRC004261,2026-08-31,0.7844,1,CRITICAL,0.35,2.0-forward-looking
MRC004262,2026-08-31,0.9032,1,CRITICAL,0.35,2.0-forward-looking
MRC004263,2026-08-31,0.0027,0,LOW,0.35,2.0-forward-looking
MRC004264,2026-08-31,0.0049,0,LOW,0.35,2.0-forward-looking
MRC004265,2026-08-31,0.4879,1,HIGH,0.35,2.0-forward-looking
MRC004266,2026-08-31,0.396,1,HIGH,0.35,2.0-forward-looking
MRC004267,2026-08-31,0.0012,0,LOW,0.35,2.0-forward-looking
MRC004268,2026-08-31,0.0012,0,LOW,0.35,2.0-forward-looking
MRC004269,2026-08-31,0.0012,0,LOW,0.35,2.0-forward-looking
MRC004270,2026-08-31,0.7997,1,CRITICAL,0.35,2.0-forward-looking
MRC004271,2026-08-31,0.1972,0,LOW,0.35,2.0-forward-looking
MRC004272,2026-08-31,0.4877,1,HIGH,0.35,2.0-forward-looking
MRC004273,2026-08-31,0.796,1,CRITICAL,0.35,2.0-forward-looking
MRC004274,2026-08-31,0.4618,1,HIGH,0.35,2.0-forward-looking
MRC004275,2026-08-31,0.1166,0,LOW,0.35,2.0-forward-looking
MRC004276,2026-08-31,0.4506,1,HIGH,0.35,2.0-forward-looking
MRC004277,2026-08-31,0.6978,1,CRITICAL,0.35,2.0-forward-looking
MRC004278,2026-08-31,0.537,1,HIGH,0.35,2.0-forward-looking
MRC004279,2026-08-31,0.0012,0,LOW,0.35,2.0-forward-looking
MRC004280,2026-08-31,0.75,1,CRITICAL,0.35,2.0-forward-looking
MRC004281,2026-08-31,0.6741,1,CRITICAL,0.35,2.0-forward-looking
MRC004282,2026-08-31,0.0053,0,LOW,0.35,2.0-forward-looking
MRC004283,2026-08-31,0.7528,1,CRITICAL,0.35,2.0-forward-looking
MRC004284,2026-08-31,0.0012,0,LOW,0.35,2.0-forward-looking
MRC004285,2026-08-31,0.0013,0,LOW,0.35,2.0-forward-looking
MRC004286,2026-08-31,0.0027,0,LOW,0.35,2.0-forward-looking
MRC004287,2026-08-31,0.3343,0,MEDIUM,0.35,2.0-forward-looking
MRC004288,2026-08-31,0.9052,1,CRITICAL,0.35,2.0-forward-looking
MRC004289,2026-08-31,0.0012,0,LOW,0.35,2.0-forward-looking
MRC004290,2026-08-31,0.4763,1,HIGH,0.35,2.0-forward-looking
MRC004291,2026-08-31,0.8632,1,CRITICAL,0.35,2.0-forward-looking
MRC004292,2026-08-31,0.1005,0,LOW,0.35,2.0-forward-looking
MRC004293,2026-08-31,0.7032,1,CRITICAL,0.35,2.0-forward-looking
MRC004294,2026-08-31,0.0012,0,LOW,0.35,2.0-forward-looking
MRC004295,2026-08-31,0.4896,1,HIGH,0.35,2.0-forward-looking
MRC004296,2026-08-31,0.0012,0,LOW,0.35,2.0-forward-looking
MRC004297,2026-08-31,0.5429,1,HIGH,0.35,2.0-forward-looking
MRC004298,2026-08-31,0.6604,1,CRITICAL,0.35,2.0-forward-looking
MRC004299,2026-08-31,0.0031,0,LOW,0.35,2.0-forward-looking
MRC004300,2026-08-31,0.3525,1,HIGH,0.35,2.0-forward-looking
MRC004301,2026-08-31,0.4968,1,HIGH,0.35,2.0-forward-looking
MRC004302,2026-08-31,0.0012,0,LOW,0.35,2.0-forward-looking
MRC004303,2026-08-31,0.32,0,MEDIUM,0.35,2.0-forward-looking
MRC004304,2026-08-31,0.556,1,HIGH,0.35,2.0-forward-looking
MRC004305,2026-08-31,0.7366,1,CRITICAL,0.35,2.0-forward-looking
MRC004306,2026-08-31,0.542,1,HIGH,0.35,2.0-forward-looking
MRC004307,2026-08-31,0.4412,1,HIGH,0.35,2.0-forward-looking
MRC004308,2026-08-31,0.3886,1,HIGH,0.35,2.0-forward-looking
MRC004309,2026-08-31,0.4955,1,HIGH,0.35,2.0-forward-looking
MRC004310,2026-08-31,0.6614,1,CRITICAL,0.35,2.0-forward-looking
MRC004311,2026-08-31,0.5394,1,HIGH,0.35,2.0-forward-looking
MRC004312,2026-08-31,0.4515,1,HIGH,0.35,2.0-forward-looking
MRC004313,2026-08-31,0.078,0,LOW,0.35,2.0-forward-looking
MRC004314,2026-08-31,0.0129,0,LOW,0.35,2.0-forward-looking
MRC004315,2026-08-31,0.0012,0,LOW,0.35,2.0-forward-looking
MRC004316,2026-08-31,0.0816,0,LOW,0.35,2.0-forward-looking
MRC004317,2026-08-31,0.5549,1,HIGH,0.35,2.0-forward-looking
MRC004318,2026-08-31,0.0911,0,LOW,0.35,2.0-forward-looking
MRC004319,2026-08-31,0.0282,0,LOW,0.35,2.0-forward-looking
MRC004320,2026-08-31,0.0012,0,LOW,0.35,2.0-forward-looking
MRC004321,2026-08-31,0.0026,0,LOW,0.35,2.0-forward-looking
MRC004322,2026-08-31,0.6594,1,CRITICAL,0.35,2.0-forward-looking
MRC004323,2026-08-31,0.0012,0,LOW,0.35,2.0-forward-looking
MRC004324,2026-08-31,0.0624,0,LOW,0.35,2.0-forward-looking
MRC004325,2026-08-31,0.6282,1,HIGH,0.35,2.0-forward-looking
MRC004326,2026-08-31,0.4384,1,HIGH,0.35,2.0-forward-looking
MRC004327,2026-08-31,0.0012,0,LOW,0.35,2.0-forward-looking
MRC004328,2026-08-31,0.0027,0,LOW,0.35,2.0-forward-looking
MRC004329,2026-08-31,0.7855,1,CRITICAL,0.35,2.0-forward-looking
MRC004330,2026-08-31,0.793,1,CRITICAL,0.35,2.0-forward-looking
MRC004331,2026-08-31,0.3739,1,HIGH,0.35,2.0-forward-looking
MRC004332,2026-08-31,0.7175,1,CRITICAL,0.35,2.0-forward-looking
MRC004333,2026-08-31,0.2809,0,MEDIUM,0.35,2.0-forward-looking
MRC004334,2026-08-31,0.221,0,MEDIUM,0.35,2.0-forward-looking
MRC004335,2026-08-31,0.7566,1,CRITICAL,0.35,2.0-forward-looking
MRC004336,2026-08-31,0.0012,0,LOW,0.35,2.0-forward-looking
MRC004337,2026-08-31,0.0012,0,LOW,0.35,2.0-forward-looking
MRC004338,2026-08-31,0.0012,0,LOW,0.35,2.0-forward-looking
MRC004339,2026-08-31,0.6091,1,HIGH,0.35,2.0-forward-looking
MRC004340,2026-08-31,0.0012,0,LOW,0.35,2.0-forward-looking
MRC004341,2026-08-31,0.5064,1,HIGH,0.35,2.0-forward-looking
MRC004342,2026-08-31,0.0765,0,LOW,0.35,2.0-forward-looking
MRC004343,2026-08-31,0.0012,0,LOW,0.35,2.0-forward-looking
MRC004344,2026-08-31,0.0012,0,LOW,0.35,2.0-forward-looking
MRC004345,2026-08-31,0.7995,1,CRITICAL,0.35,2.0-forward-looking
MRC004346,2026-08-31,0.4607,1,HIGH,0.35,2.0-forward-looking
MRC004347,2026-08-31,0.1791,0,LOW,0.35,2.0-forward-looking
MRC004348,2026-08-31,0.8604,1,CRITICAL,0.35,2.0-forward-looking
MRC004349,2026-08-31,0.0012,0,LOW,0.35,2.0-forward-looking
MRC004350,2026-08-31,0.0012,0,LOW,0.35,2.0-forward-looking
MRC004351,2026-08-31,0.1591,0,LOW,0.35,2.0-forward-looking
MRC004352,2026-08-31,0.0815,0,LOW,0.35,2.0-forward-looking
MRC004353,2026-08-31,0.3864,1,HIGH,0.35,2.0-forward-looking
MRC004354,2026-08-31,0.0844,0,LOW,0.35,2.0-forward-looking
MRC004355,2026-08-31,0.0032,0,LOW,0.35,2.0-forward-looking
MRC004356,2026-08-31,0.8545,1,CRITICAL,0.35,2.0-forward-looking
MRC004357,2026-08-31,0.0936,0,LOW,0.35,2.0-forward-looking
MRC004358,2026-08-31,0.2562,0,MEDIUM,0.35,2.0-forward-looking
MRC004359,2026-08-31,0.5271,1,HIGH,0.35,2.0-forward-looking
MRC004360,2026-08-31,0.4958,1,HIGH,0.35,2.0-forward-looking
MRC004361,2026-08-31,0.0012,0,LOW,0.35,2.0-forward-looking
MRC004362,2026-08-31,0.6095,1,HIGH,0.35,2.0-forward-looking
MRC004363,2026-08-31,0.2024,0,MEDIUM,0.35,2.0-forward-looking
MRC004364,2026-08-31,0.0012,0,LOW,0.35,2.0-forward-looking
MRC004365,2026-08-31,0.8003,1,CRITICAL,0.35,2.0-forward-looking
MRC004366,2026-08-31,0.6068,1,HIGH,0.35,2.0-forward-looking
MRC004367,2026-08-31,0.7218,1,CRITICAL,0.35,2.0-forward-looking
MRC004368,2026-08-31,0.5784,1,HIGH,0.35,2.0-forward-looking
MRC004369,2026-08-31,0.571,1,HIGH,0.35,2.0-forward-looking
MRC004370,2026-08-31,0.8284,1,CRITICAL,0.35,2.0-forward-looking
MRC004371,2026-08-31,0.0083,0,LOW,0.35,2.0-forward-looking
MRC004372,2026-08-31,0.7015,1,CRITICAL,0.35,2.0-forward-looking
MRC004373,2026-08-31,0.0217,0,LOW,0.35,2.0-forward-looking
MRC004374,2026-08-31,0.0292,0,LOW,0.35,2.0-forward-looking
MRC004375,2026-08-31,0.9191,1,CRITICAL,0.35,2.0-forward-looking
MRC004376,2026-08-31,0.0012,0,LOW,0.35,2.0-forward-looking
MRC004377,2026-08-31,0.3464,0,MEDIUM,0.35,2.0-forward-looking
MRC004378,2026-08-31,0.0116,0,LOW,0.35,2.0-forward-looking
MRC004379,2026-08-31,0.3024,0,MEDIUM,0.35,2.0-forward-looking
MRC004380,2026-08-31,0.0012,0,LOW,0.35,2.0-forward-looking
MRC004381,2026-08-31,0.6789,1,CRITICAL,0.35,2.0-forward-looking
MRC004382,2026-08-31,0.8339,1,CRITICAL,0.35,2.0-forward-looking
MRC004383,2026-08-31,0.3942,1,HIGH,0.35,2.0-forward-looking
MRC004384,2026-08-31,0.8883,1,CRITICAL,0.35,2.0-forward-looking
MRC004385,2026-08-31,0.0036,0,LOW,0.35,2.0-forward-looking
MRC004386,2026-08-31,0.6333,1,HIGH,0.35,2.0-forward-looking
MRC004387,2026-08-31,0.003,0,LOW,0.35,2.0-forward-looking
MRC004388,2026-08-31,0.2478,0,MEDIUM,0.35,2.0-forward-looking
MRC004389,2026-08-31,0.7195,1,CRITICAL,0.35,2.0-forward-looking
MRC004390,2026-08-31,0.0012,0,LOW,0.35,2.0-forward-looking
MRC004391,2026-08-31,0.8666,1,CRITICAL,0.35,2.0-forward-looking
MRC004392,2026-08-31,0.4578,1,HIGH,0.35,2.0-forward-looking
MRC004393,2026-08-31,0.1909,0,LOW,0.35,2.0-forward-looking
MRC004394,2026-08-31,0.9221,1,CRITICAL,0.35,2.0-forward-looking
MRC004395,2026-08-31,0.3763,1,HIGH,0.35,2.0-forward-looking
MRC004396,2026-08-31,0.6583,1,CRITICAL,0.35,2.0-forward-looking
MRC004397,2026-08-31,0.6236,1,HIGH,0.35,2.0-forward-looking
MRC004398,2026-08-31,0.0012,0,LOW,0.35,2.0-forward-looking
MRC004399,2026-08-31,0.3257,0,MEDIUM,0.35,2.0-forward-looking
MRC004400,2026-08-31,0.3157,0,MEDIUM,0.35,2.0-forward-looking
MRC004401,2026-08-31,0.1039,0,LOW,0.35,2.0-forward-looking
MRC004402,2026-08-31,0.0012,0,LOW,0.35,2.0-forward-looking
MRC004403,2026-08-31,0.265,0,MEDIUM,0.35,2.0-forward-looking
MRC004404,2026-08-31,0.4218,1,HIGH,0.35,2.0-forward-looking
MRC004405,2026-08-31,0.6518,1,CRITICAL,0.35,2.0-forward-looking
MRC004406,2026-08-31,0.6571,1,CRITICAL,0.35,2.0-forward-looking
MRC004407,2026-08-31,0.6209,1,HIGH,0.35,2.0-forward-looking
MRC004408,2026-08-31,0.0012,0,LOW,0.35,2.0-forward-looking
MRC004409,2026-08-31,0.2971,0,MEDIUM,0.35,2.0-forward-looking
MRC004410,2026-08-31,0.6665,1,CRITICAL,0.35,2.0-forward-looking
MRC004411,2026-08-31,0.3482,0,MEDIUM,0.35,2.0-forward-looking
MRC004412,2026-08-31,0.6818,1,CRITICAL,0.35,2.0-forward-looking
MRC004413,2026-08-31,0.0012,0,LOW,0.35,2.0-forward-looking
MRC004414,2026-08-31,0.088,0,LOW,0.35,2.0-forward-looking
MRC004415,2026-08-31,0.0012,0,LOW,0.35,2.0-forward-looking
MRC004416,2026-08-31,0.8616,1,CRITICAL,0.35,2.0-forward-looking
MRC004417,2026-08-31,0.603,1,HIGH,0.35,2.0-forward-looking
MRC004418,2026-08-31,0.0499,0,LOW,0.35,2.0-forward-looking
MRC004419,2026-08-31,0.797,1,CRITICAL,0.35,2.0-forward-looking
MRC004420,2026-08-31,0.6746,1,CRITICAL,0.35,2.0-forward-looking
MRC004421,2026-08-31,0.0538,0,LOW,0.35,2.0-forward-looking
MRC004422,2026-08-31,0.8889,1,CRITICAL,0.35,2.0-forward-looking
MRC004423,2026-08-31,0.5672,1,HIGH,0.35,2.0-forward-looking
MRC004424,2026-08-31,0.9047,1,CRITICAL,0.35,2.0-forward-looking
MRC004425,2026-08-31,0.8982,1,CRITICAL,0.35,2.0-forward-looking
MRC004426,2026-08-31,0.5885,1,HIGH,0.35,2.0-forward-looking
MRC004427,2026-08-31,0.4922,1,HIGH,0.35,2.0-forward-looking
MRC004428,2026-08-31,0.7748,1,CRITICAL,0.35,2.0-forward-looking
MRC004429,2026-08-31,0.0012,0,LOW,0.35,2.0-forward-looking
MRC004430,2026-08-31,0.1723,0,LOW,0.35,2.0-forward-looking
MRC004431,2026-08-31,0.818,1,CRITICAL,0.35,2.0-forward-looking
MRC004432,2026-08-31,0.7418,1,CRITICAL,0.35,2.0-forward-looking
MRC004433,2026-08-31,0.2485,0,MEDIUM,0.35,2.0-forward-looking
MRC004434,2026-08-31,0.0012,0,LOW,0.35,2.0-forward-looking
MRC004435,2026-08-31,0.6535,1,CRITICAL,0.35,2.0-forward-looking
MRC004436,2026-08-31,0.4957,1,HIGH,0.35,2.0-forward-looking
MRC004437,2026-08-31,0.7494,1,CRITICAL,0.35,2.0-forward-looking
MRC004438,2026-08-31,0.0012,0,LOW,0.35,2.0-forward-looking
MRC004439,2026-08-31,0.0021,0,LOW,0.35,2.0-forward-looking
MRC004440,2026-08-31,0.6713,1,CRITICAL,0.35,2.0-forward-looking
MRC004441,2026-08-31,0.6863,1,CRITICAL,0.35,2.0-forward-looking
MRC004442,2026-08-31,0.597,1,HIGH,0.35,2.0-forward-looking
MRC004443,2026-08-31,0.6977,1,CRITICAL,0.35,2.0-forward-looking
MRC004444,2026-08-31,0.0029,0,LOW,0.35,2.0-forward-looking
MRC004445,2026-08-31,0.2052,0,MEDIUM,0.35,2.0-forward-looking
MRC004446,2026-08-31,0.0012,0,LOW,0.35,2.0-forward-looking
MRC004447,2026-08-31,0.6003,1,HIGH,0.35,2.0-forward-looking
MRC004448,2026-08-31,0.8,1,CRITICAL,0.35,2.0-forward-looking
MRC004449,2026-08-31,0.0012,0,LOW,0.35,2.0-forward-looking
MRC004450,2026-08-31,0.2756,0,MEDIUM,0.35,2.0-forward-looking
MRC004451,2026-08-31,0.1122,0,LOW,0.35,2.0-forward-looking
MRC004452,2026-08-31,0.7281,1,CRITICAL,0.35,2.0-forward-looking
MRC004453,2026-08-31,0.8182,1,CRITICAL,0.35,2.0-forward-looking
MRC004454,2026-08-31,0.1118,0,LOW,0.35,2.0-forward-looking
MRC004455,2026-08-31,0.7668,1,CRITICAL,0.35,2.0-forward-looking
MRC004456,2026-08-31,0.5705,1,HIGH,0.35,2.0-forward-looking
MRC004457,2026-08-31,0.0067,0,LOW,0.35,2.0-forward-looking
MRC004458,2026-08-31,0.0012,0,LOW,0.35,2.0-forward-looking
MRC004459,2026-08-31,0.3599,1,HIGH,0.35,2.0-forward-looking
MRC004460,2026-08-31,0.0012,0,LOW,0.35,2.0-forward-looking
MRC004461,2026-08-31,0.1664,0,LOW,0.35,2.0-forward-looking
MRC004462,2026-08-31,0.9173,1,CRITICAL,0.35,2.0-forward-looking
MRC004463,2026-08-31,0.0012,0,LOW,0.35,2.0-forward-looking
MRC004464,2026-08-31,0.0012,0,LOW,0.35,2.0-forward-looking
MRC004465,2026-08-31,0.2124,0,MEDIUM,0.35,2.0-forward-looking
MRC004466,2026-08-31,0.0012,0,LOW,0.35,2.0-forward-looking
MRC004467,2026-08-31,0.0012,0,LOW,0.35,2.0-forward-looking
MRC004468,2026-08-31,0.1969,0,LOW,0.35,2.0-forward-looking
MRC004469,2026-08-31,0.7476,1,CRITICAL,0.35,2.0-forward-looking
MRC004470,2026-08-31,0.1862,0,LOW,0.35,2.0-forward-looking
MRC004471,2026-08-31,0.0012,0,LOW,0.35,2.0-forward-looking
MRC004472,2026-08-31,0.8824,1,CRITICAL,0.35,2.0-forward-looking
MRC004473,2026-08-31,0.1759,0,LOW,0.35,2.0-forward-looking
MRC004474,2026-08-31,0.8921,1,CRITICAL,0.35,2.0-forward-looking
MRC004475,2026-08-31,0.2316,0,MEDIUM,0.35,2.0-forward-looking
MRC004476,2026-08-31,0.8204,1,CRITICAL,0.35,2.0-forward-looking
MRC004477,2026-08-31,0.0028,0,LOW,0.35,2.0-forward-looking
MRC004478,2026-08-31,0.3831,1,HIGH,0.35,2.0-forward-looking
MRC004479,2026-08-31,0.0077,0,LOW,0.35,2.0-forward-looking
MRC004480,2026-08-31,0.8299,1,CRITICAL,0.35,2.0-forward-looking
MRC004481,2026-08-31,0.3062,0,MEDIUM,0.35,2.0-forward-looking
MRC004482,2026-08-31,0.7283,1,CRITICAL,0.35,2.0-forward-looking
MRC004483,2026-08-31,0.0456,0,LOW,0.35,2.0-forward-looking
MRC004484,2026-08-31,0.004,0,LOW,0.35,2.0-forward-looking
MRC004485,2026-08-31,0.004,0,LOW,0.35,2.0-forward-looking
MRC004486,2026-08-31,0.047,0,LOW,0.35,2.0-forward-looking
MRC004487,2026-08-31,0.0029,0,LOW,0.35,2.0-forward-looking
MRC004488,2026-08-31,0.0546,0,LOW,0.35,2.0-forward-looking
MRC004489,2026-08-31,0.2049,0,MEDIUM,0.35,2.0-forward-looking
MRC004490,2026-08-31,0.0047,0,LOW,0.35,2.0-forward-looking
MRC004491,2026-08-31,0.7455,1,CRITICAL,0.35,2.0-forward-looking
MRC004492,2026-08-31,0.067,0,LOW,0.35,2.0-forward-looking
MRC004493,2026-08-31,0.787,1,CRITICAL,0.35,2.0-forward-looking
MRC004494,2026-08-31,0.0012,0,LOW,0.35,2.0-forward-looking
MRC004495,2026-08-31,0.0012,0,LOW,0.35,2.0-forward-looking
MRC004496,2026-08-31,0.045,0,LOW,0.35,2.0-forward-looking
MRC004497,2026-08-31,0.5899,1,HIGH,0.35,2.0-forward-looking
MRC004498,2026-08-31,0.0827,0,LOW,0.35,2.0-forward-looking
MRC004499,2026-08-31,0.0068,0,LOW,0.35,2.0-forward-looking
MRC004500,2026-08-31,0.4607,1,HIGH,0.35,2.0-forward-looking
MRC004501,2026-08-31,0.7035,1,CRITICAL,0.35,2.0-forward-looking
MRC004502,2026-08-31,0.0029,0,LOW,0.35,2.0-forward-looking
MRC004503,2026-08-31,0.7819,1,CRITICAL,0.35,2.0-forward-looking
MRC004504,2026-08-31,0.6455,1,HIGH,0.35,2.0-forward-looking
MRC004505,2026-08-31,0.0123,0,LOW,0.35,2.0-forward-looking
MRC004506,2026-08-31,0.395,1,HIGH,0.35,2.0-forward-looking
MRC004507,2026-08-31,0.0012,0,LOW,0.35,2.0-forward-looking
MRC004508,2026-08-31,0.1249,0,LOW,0.35,2.0-forward-looking
MRC004509,2026-08-31,0.2439,0,MEDIUM,0.35,2.0-forward-looking
MRC004510,2026-08-31,0.6635,1,CRITICAL,0.35,2.0-forward-looking
MRC004511,2026-08-31,0.7079,1,CRITICAL,0.35,2.0-forward-looking
MRC004512,2026-08-31,0.3002,0,MEDIUM,0.35,2.0-forward-looking
MRC004513,2026-08-31,0.2224,0,MEDIUM,0.35,2.0-forward-looking
MRC004514,2026-08-31,0.749,1,CRITICAL,0.35,2.0-forward-looking
MRC004515,2026-08-31,0.0012,0,LOW,0.35,2.0-forward-looking
MRC004516,2026-08-31,0.0038,0,LOW,0.35,2.0-forward-looking
MRC004517,2026-08-31,0.4404,1,HIGH,0.35,2.0-forward-looking
MRC004518,2026-08-31,0.0554,0,LOW,0.35,2.0-forward-looking
MRC004519,2026-08-31,0.5828,1,HIGH,0.35,2.0-forward-looking
MRC004520,2026-08-31,0.7985,1,CRITICAL,0.35,2.0-forward-looking
MRC004521,2026-08-31,0.237,0,MEDIUM,0.35,2.0-forward-looking
MRC004522,2026-08-31,0.8474,1,CRITICAL,0.35,2.0-forward-looking
MRC004523,2026-08-31,0.0566,0,LOW,0.35,2.0-forward-looking
MRC004524,2026-08-31,0.0012,0,LOW,0.35,2.0-forward-looking
MRC004525,2026-08-31,0.5542,1,HIGH,0.35,2.0-forward-looking
MRC004526,2026-08-31,0.6183,1,HIGH,0.35,2.0-forward-looking
MRC004527,2026-08-31,0.4807,1,HIGH,0.35,2.0-forward-looking
MRC004528,2026-08-31,0.2483,0,MEDIUM,0.35,2.0-forward-looking
MRC004529,2026-08-31,0.1384,0,LOW,0.35,2.0-forward-looking
MRC004530,2026-08-31,0.8486,1,CRITICAL,0.35,2.0-forward-looking
MRC004531,2026-08-31,0.0719,0,LOW,0.35,2.0-forward-looking
MRC004532,2026-08-31,0.0012,0,LOW,0.35,2.0-forward-looking
MRC004533,2026-08-31,0.0012,0,LOW,0.35,2.0-forward-looking
MRC004534,2026-08-31,0.4498,1,HIGH,0.35,2.0-forward-looking
MRC004535,2026-08-31,0.3318,0,MEDIUM,0.35,2.0-forward-looking
MRC004536,2026-08-31,0.6396,1,HIGH,0.35,2.0-forward-looking
MRC004537,2026-08-31,0.7043,1,CRITICAL,0.35,2.0-forward-looking
MRC004538,2026-08-31,0.0012,0,LOW,0.35,2.0-forward-looking
MRC004539,2026-08-31,0.0012,0,LOW,0.35,2.0-forward-looking
MRC004540,2026-08-31,0.6654,1,CRITICAL,0.35,2.0-forward-looking
MRC004541,2026-08-31,0.3457,0,MEDIUM,0.35,2.0-forward-looking
MRC004542,2026-08-31,0.0015,0,LOW,0.35,2.0-forward-looking
MRC004543,2026-08-31,0.1758,0,LOW,0.35,2.0-forward-looking
MRC004544,2026-08-31,0.4991,1,HIGH,0.35,2.0-forward-looking
MRC004545,2026-08-31,0.0012,0,LOW,0.35,2.0-forward-looking
MRC004546,2026-08-31,0.0012,0,LOW,0.35,2.0-forward-looking
MRC004547,2026-08-31,0.5747,1,HIGH,0.35,2.0-forward-looking
MRC004548,2026-08-31,0.0974,0,LOW,0.35,2.0-forward-looking
MRC004549,2026-08-31,0.0045,0,LOW,0.35,2.0-forward-looking
MRC004550,2026-08-31,0.5064,1,HIGH,0.35,2.0-forward-looking
MRC004551,2026-08-31,0.6265,1,HIGH,0.35,2.0-forward-looking
MRC004552,2026-08-31,0.7257,1,CRITICAL,0.35,2.0-forward-looking
MRC004553,2026-08-31,0.0031,0,LOW,0.35,2.0-forward-looking
MRC004554,2026-08-31,0.0657,0,LOW,0.35,2.0-forward-looking
MRC004555,2026-08-31,0.0542,0,LOW,0.35,2.0-forward-looking
MRC004556,2026-08-31,0.626,1,HIGH,0.35,2.0-forward-looking
MRC004557,2026-08-31,0.5291,1,HIGH,0.35,2.0-forward-looking
MRC004558,2026-08-31,0.3779,1,HIGH,0.35,2.0-forward-looking
MRC004559,2026-08-31,0.0012,0,LOW,0.35,2.0-forward-looking
MRC004560,2026-08-31,0.0012,0,LOW,0.35,2.0-forward-looking
MRC004561,2026-08-31,0.7434,1,CRITICAL,0.35,2.0-forward-looking
MRC004562,2026-08-31,0.0354,0,LOW,0.35,2.0-forward-looking
MRC004563,2026-08-31,0.7822,1,CRITICAL,0.35,2.0-forward-looking
MRC004564,2026-08-31,0.9074,1,CRITICAL,0.35,2.0-forward-looking
MRC004565,2026-08-31,0.0012,0,LOW,0.35,2.0-forward-looking
MRC004566,2026-08-31,0.5178,1,HIGH,0.35,2.0-forward-looking
MRC004567,2026-08-31,0.0136,0,LOW,0.35,2.0-forward-looking
MRC004568,2026-08-31,0.3845,1,HIGH,0.35,2.0-forward-looking
MRC004569,2026-08-31,0.6896,1,CRITICAL,0.35,2.0-forward-looking
MRC004570,2026-08-31,0.5028,1,HIGH,0.35,2.0-forward-looking
MRC004571,2026-08-31,0.1082,0,LOW,0.35,2.0-forward-looking
MRC004572,2026-08-31,0.2124,0,MEDIUM,0.35,2.0-forward-looking
MRC004573,2026-08-31,0.0029,0,LOW,0.35,2.0-forward-looking
MRC004574,2026-08-31,0.7791,1,CRITICAL,0.35,2.0-forward-looking
MRC004575,2026-08-31,0.0947,0,LOW,0.35,2.0-forward-looking
MRC004576,2026-08-31,0.6813,1,CRITICAL,0.35,2.0-forward-looking
MRC004577,2026-08-31,0.0012,0,LOW,0.35,2.0-forward-looking
MRC004578,2026-08-31,0.6668,1,CRITICAL,0.35,2.0-forward-looking
MRC004579,2026-08-31,0.8577,1,CRITICAL,0.35,2.0-forward-looking
MRC004580,2026-08-31,0.3115,0,MEDIUM,0.35,2.0-forward-looking
MRC004581,2026-08-31,0.0012,0,LOW,0.35,2.0-forward-looking
MRC004582,2026-08-31,0.0029,0,LOW,0.35,2.0-forward-looking
MRC004583,2026-08-31,0.3579,1,HIGH,0.35,2.0-forward-looking
MRC004584,2026-08-31,0.0012,0,LOW,0.35,2.0-forward-looking
MRC004585,2026-08-31,0.0012,0,LOW,0.35,2.0-forward-looking
MRC004586,2026-08-31,0.0012,0,LOW,0.35,2.0-forward-looking
MRC004587,2026-08-31,0.0442,0,LOW,0.35,2.0-forward-looking
MRC004588,2026-08-31,0.419,1,HIGH,0.35,2.0-forward-looking
MRC004589,2026-08-31,0.1504,0,LOW,0.35,2.0-forward-looking
MRC004590,2026-08-31,0.845,1,CRITICAL,0.35,2.0-forward-looking
MRC004591,2026-08-31,0.0012,0,LOW,0.35,2.0-forward-looking
MRC004592,2026-08-31,0.5947,1,HIGH,0.35,2.0-forward-looking
MRC004593,2026-08-31,0.6965,1,CRITICAL,0.35,2.0-forward-looking
MRC004594,2026-08-31,0.2253,0,MEDIUM,0.35,2.0-forward-looking
MRC004595,2026-08-31,0.2305,0,MEDIUM,0.35,2.0-forward-looking
MRC004596,2026-08-31,0.4052,1,HIGH,0.35,2.0-forward-looking
MRC004597,2026-08-31,0.0012,0,LOW,0.35,2.0-forward-looking
MRC004598,2026-08-31,0.0012,0,LOW,0.35,2.0-forward-looking
MRC004599,2026-08-31,0.731,1,CRITICAL,0.35,2.0-forward-looking
MRC004600,2026-08-31,0.2658,0,MEDIUM,0.35,2.0-forward-looking
MRC004601,2026-08-31,0.7446,1,CRITICAL,0.35,2.0-forward-looking
MRC004602,2026-08-31,0.5012,1,HIGH,0.35,2.0-forward-looking
MRC004603,2026-08-31,0.0012,0,LOW,0.35,2.0-forward-looking
MRC004604,2026-08-31,0.7904,1,CRITICAL,0.35,2.0-forward-looking
MRC004605,2026-08-31,0.0012,0,LOW,0.35,2.0-forward-looking
MRC004606,2026-08-31,0.3697,1,HIGH,0.35,2.0-forward-looking
MRC004607,2026-08-31,0.0012,0,LOW,0.35,2.0-forward-looking
MRC004608,2026-08-31,0.5388,1,HIGH,0.35,2.0-forward-looking
MRC004609,2026-08-31,0.4238,1,HIGH,0.35,2.0-forward-looking
MRC004610,2026-08-31,0.0945,0,LOW,0.35,2.0-forward-looking
MRC004611,2026-08-31,0.0012,0,LOW,0.35,2.0-forward-looking
MRC004612,2026-08-31,0.3157,0,MEDIUM,0.35,2.0-forward-looking
MRC004613,2026-08-31,0.0517,0,LOW,0.35,2.0-forward-looking
MRC004614,2026-08-31,0.0012,0,LOW,0.35,2.0-forward-looking
MRC004615,2026-08-31,0.6199,1,HIGH,0.35,2.0-forward-looking
MRC004616,2026-08-31,0.0031,0,LOW,0.35,2.0-forward-looking
MRC004617,2026-08-31,0.6496,1,HIGH,0.35,2.0-forward-looking
MRC004618,2026-08-31,0.0012,0,LOW,0.35,2.0-forward-looking
MRC004619,2026-08-31,0.0052,0,LOW,0.35,2.0-forward-looking
MRC004620,2026-08-31,0.0012,0,LOW,0.35,2.0-forward-looking
MRC004621,2026-08-31,0.9264,1,CRITICAL,0.35,2.0-forward-looking
MRC004622,2026-08-31,0.0012,0,LOW,0.35,2.0-forward-looking
MRC004623,2026-08-31,0.3523,1,HIGH,0.35,2.0-forward-looking
MRC004624,2026-08-31,0.5328,1,HIGH,0.35,2.0-forward-looking
MRC004625,2026-08-31,0.1463,0,LOW,0.35,2.0-forward-looking
MRC004626,2026-08-31,0.7778,1,CRITICAL,0.35,2.0-forward-looking
MRC004627,2026-08-31,0.0349,0,LOW,0.35,2.0-forward-looking
MRC004628,2026-08-31,0.0012,0,LOW,0.35,2.0-forward-looking
MRC004629,2026-08-31,0.8164,1,CRITICAL,0.35,2.0-forward-looking
MRC004630,2026-08-31,0.4379,1,HIGH,0.35,2.0-forward-looking
MRC004631,2026-08-31,0.288,0,MEDIUM,0.35,2.0-forward-looking
MRC004632,2026-08-31,0.7417,1,CRITICAL,0.35,2.0-forward-looking
MRC004633,2026-08-31,0.0012,0,LOW,0.35,2.0-forward-looking
MRC004634,2026-08-31,0.0869,0,LOW,0.35,2.0-forward-looking
MRC004635,2026-08-31,0.0012,0,LOW,0.35,2.0-forward-looking
MRC004636,2026-08-31,0.0377,0,LOW,0.35,2.0-forward-looking
MRC004637,2026-08-31,0.416,1,HIGH,0.35,2.0-forward-looking
MRC004638,2026-08-31,0.0044,0,LOW,0.35,2.0-forward-looking
MRC004639,2026-08-31,0.0012,0,LOW,0.35,2.0-forward-looking
MRC004640,2026-08-31,0.0469,0,LOW,0.35,2.0-forward-looking
MRC004641,2026-08-31,0.243,0,MEDIUM,0.35,2.0-forward-looking
MRC004642,2026-08-31,0.7577,1,CRITICAL,0.35,2.0-forward-looking
MRC004643,2026-08-31,0.0012,0,LOW,0.35,2.0-forward-looking
MRC004644,2026-08-31,0.004,0,LOW,0.35,2.0-forward-looking
MRC004645,2026-08-31,0.9435,1,CRITICAL,0.35,2.0-forward-looking
MRC004646,2026-08-31,0.0012,0,LOW,0.35,2.0-forward-looking
MRC004647,2026-08-31,0.8277,1,CRITICAL,0.35,2.0-forward-looking
MRC004648,2026-08-31,0.4193,1,HIGH,0.35,2.0-forward-looking
MRC004649,2026-08-31,0.0055,0,LOW,0.35,2.0-forward-looking
MRC004650,2026-08-31,0.5563,1,HIGH,0.35,2.0-forward-looking
MRC004651,2026-08-31,0.0012,0,LOW,0.35,2.0-forward-looking
MRC004652,2026-08-31,0.0364,0,LOW,0.35,2.0-forward-looking
MRC004653,2026-08-31,0.0409,0,LOW,0.35,2.0-forward-looking
MRC004654,2026-08-31,0.0026,0,LOW,0.35,2.0-forward-looking
MRC004655,2026-08-31,0.6237,1,HIGH,0.35,2.0-forward-looking
MRC004656,2026-08-31,0.6143,1,HIGH,0.35,2.0-forward-looking
MRC004657,2026-08-31,0.0028,0,LOW,0.35,2.0-forward-looking
MRC004658,2026-08-31,0.2695,0,MEDIUM,0.35,2.0-forward-looking
MRC004659,2026-08-31,0.0062,0,LOW,0.35,2.0-forward-looking
MRC004660,2026-08-31,0.4789,1,HIGH,0.35,2.0-forward-looking
MRC004661,2026-08-31,0.7714,1,CRITICAL,0.35,2.0-forward-looking
MRC004662,2026-08-31,0.7937,1,CRITICAL,0.35,2.0-forward-looking
MRC004663,2026-08-31,0.6852,1,CRITICAL,0.35,2.0-forward-looking
MRC004664,2026-08-31,0.0012,0,LOW,0.35,2.0-forward-looking
MRC004665,2026-08-31,0.6234,1,HIGH,0.35,2.0-forward-looking
MRC004666,2026-08-31,0.0754,0,LOW,0.35,2.0-forward-looking
MRC004667,2026-08-31,0.0012,0,LOW,0.35,2.0-forward-looking
MRC004668,2026-08-31,0.2974,0,MEDIUM,0.35,2.0-forward-looking
MRC004669,2026-08-31,0.0051,0,LOW,0.35,2.0-forward-looking
MRC004670,2026-08-31,0.6238,1,HIGH,0.35,2.0-forward-looking
MRC004671,2026-08-31,0.0012,0,LOW,0.35,2.0-forward-looking
MRC004672,2026-08-31,0.5465,1,HIGH,0.35,2.0-forward-looking
MRC004673,2026-08-31,0.193,0,LOW,0.35,2.0-forward-looking
MRC004674,2026-08-31,0.7945,1,CRITICAL,0.35,2.0-forward-looking
MRC004675,2026-08-31,0.0012,0,LOW,0.35,2.0-forward-looking
MRC004676,2026-08-31,0.2741,0,MEDIUM,0.35,2.0-forward-looking
MRC004677,2026-08-31,0.7845,1,CRITICAL,0.35,2.0-forward-looking
MRC004678,2026-08-31,0.4697,1,HIGH,0.35,2.0-forward-looking
MRC004679,2026-08-31,0.1838,0,LOW,0.35,2.0-forward-looking
MRC004680,2026-08-31,0.1022,0,LOW,0.35,2.0-forward-looking
MRC004681,2026-08-31,0.3589,1,HIGH,0.35,2.0-forward-looking
MRC004682,2026-08-31,0.0552,0,LOW,0.35,2.0-forward-looking
MRC004683,2026-08-31,0.0027,0,LOW,0.35,2.0-forward-looking
MRC004684,2026-08-31,0.1829,0,LOW,0.35,2.0-forward-looking
MRC004685,2026-08-31,0.0012,0,LOW,0.35,2.0-forward-looking
MRC004686,2026-08-31,0.3246,0,MEDIUM,0.35,2.0-forward-looking
MRC004687,2026-08-31,0.0012,0,LOW,0.35,2.0-forward-looking
MRC004688,2026-08-31,0.65,1,CRITICAL,0.35,2.0-forward-looking
MRC004689,2026-08-31,0.6446,1,HIGH,0.35,2.0-forward-looking
MRC004690,2026-08-31,0.7981,1,CRITICAL,0.35,2.0-forward-looking
MRC004691,2026-08-31,0.0032,0,LOW,0.35,2.0-forward-looking
MRC004692,2026-08-31,0.003,0,LOW,0.35,2.0-forward-looking
MRC004693,2026-08-31,0.7938,1,CRITICAL,0.35,2.0-forward-looking
MRC004694,2026-08-31,0.6981,1,CRITICAL,0.35,2.0-forward-looking
MRC004695,2026-08-31,0.0137,0,LOW,0.35,2.0-forward-looking
MRC004696,2026-08-31,0.2152,0,MEDIUM,0.35,2.0-forward-looking
MRC004697,2026-08-31,0.4678,1,HIGH,0.35,2.0-forward-looking
MRC004698,2026-08-31,0.5815,1,HIGH,0.35,2.0-forward-looking
MRC004699,2026-08-31,0.3546,1,HIGH,0.35,2.0-forward-looking
MRC004700,2026-08-31,0.0013,0,LOW,0.35,2.0-forward-looking
MRC004701,2026-08-31,0.0012,0,LOW,0.35,2.0-forward-looking
MRC004702,2026-08-31,0.7516,1,CRITICAL,0.35,2.0-forward-looking
MRC004703,2026-08-31,0.7357,1,CRITICAL,0.35,2.0-forward-looking
MRC004704,2026-08-31,0.0031,0,LOW,0.35,2.0-forward-looking
MRC004705,2026-08-31,0.0012,0,LOW,0.35,2.0-forward-looking
MRC004706,2026-08-31,0.7486,1,CRITICAL,0.35,2.0-forward-looking
MRC004707,2026-08-31,0.661,1,CRITICAL,0.35,2.0-forward-looking
MRC004708,2026-08-31,0.0692,0,LOW,0.35,2.0-forward-looking
MRC004709,2026-08-31,0.4939,1,HIGH,0.35,2.0-forward-looking
MRC004710,2026-08-31,0.6532,1,CRITICAL,0.35,2.0-forward-looking
MRC004711,2026-08-31,0.5642,1,HIGH,0.35,2.0-forward-looking
MRC004712,2026-08-31,0.7664,1,CRITICAL,0.35,2.0-forward-looking
MRC004713,2026-08-31,0.0688,0,LOW,0.35,2.0-forward-looking
MRC004714,2026-08-31,0.0012,0,LOW,0.35,2.0-forward-looking
MRC004715,2026-08-31,0.4657,1,HIGH,0.35,2.0-forward-looking
MRC004716,2026-08-31,0.8069,1,CRITICAL,0.35,2.0-forward-looking
MRC004717,2026-08-31,0.568,1,HIGH,0.35,2.0-forward-looking
MRC004718,2026-08-31,0.3012,0,MEDIUM,0.35,2.0-forward-looking
MRC004719,2026-08-31,0.0096,0,LOW,0.35,2.0-forward-looking
MRC004720,2026-08-31,0.0012,0,LOW,0.35,2.0-forward-looking
MRC004721,2026-08-31,0.0012,0,LOW,0.35,2.0-forward-looking
MRC004722,2026-08-31,0.0091,0,LOW,0.35,2.0-forward-looking
MRC004723,2026-08-31,0.439,1,HIGH,0.35,2.0-forward-looking
MRC004724,2026-08-31,0.0012,0,LOW,0.35,2.0-forward-looking
MRC004725,2026-08-31,0.144,0,LOW,0.35,2.0-forward-looking
MRC004726,2026-08-31,0.0117,0,LOW,0.35,2.0-forward-looking
MRC004727,2026-08-31,0.2095,0,MEDIUM,0.35,2.0-forward-looking
MRC004728,2026-08-31,0.8195,1,CRITICAL,0.35,2.0-forward-looking
MRC004729,2026-08-31,0.0012,0,LOW,0.35,2.0-forward-looking
MRC004730,2026-08-31,0.0012,0,LOW,0.35,2.0-forward-looking
MRC004731,2026-08-31,0.8065,1,CRITICAL,0.35,2.0-forward-looking
MRC004732,2026-08-31,0.0024,0,LOW,0.35,2.0-forward-looking
MRC004733,2026-08-31,0.1157,0,LOW,0.35,2.0-forward-looking
MRC004734,2026-08-31,0.0012,0,LOW,0.35,2.0-forward-looking
MRC004735,2026-08-31,0.1384,0,LOW,0.35,2.0-forward-looking
MRC004736,2026-08-31,0.6434,1,HIGH,0.35,2.0-forward-looking
MRC004737,2026-08-31,0.2579,0,MEDIUM,0.35,2.0-forward-looking
MRC004738,2026-08-31,0.4902,1,HIGH,0.35,2.0-forward-looking
MRC004739,2026-08-31,0.4278,1,HIGH,0.35,2.0-forward-looking
MRC004740,2026-08-31,0.0029,0,LOW,0.35,2.0-forward-looking
MRC004741,2026-08-31,0.2316,0,MEDIUM,0.35,2.0-forward-looking
MRC004742,2026-08-31,0.0012,0,LOW,0.35,2.0-forward-looking
MRC004743,2026-08-31,0.5397,1,HIGH,0.35,2.0-forward-looking
MRC004744,2026-08-31,0.8728,1,CRITICAL,0.35,2.0-forward-looking
MRC004745,2026-08-31,0.0012,0,LOW,0.35,2.0-forward-looking
MRC004746,2026-08-31,0.5073,1,HIGH,0.35,2.0-forward-looking
MRC004747,2026-08-31,0.6203,1,HIGH,0.35,2.0-forward-looking
MRC004748,2026-08-31,0.3857,1,HIGH,0.35,2.0-forward-looking
MRC004749,2026-08-31,0.4972,1,HIGH,0.35,2.0-forward-looking
MRC004750,2026-08-31,0.6798,1,CRITICAL,0.35,2.0-forward-looking
MRC004751,2026-08-31,0.8001,1,CRITICAL,0.35,2.0-forward-looking
MRC004752,2026-08-31,0.0012,0,LOW,0.35,2.0-forward-looking
MRC004753,2026-08-31,0.5456,1,HIGH,0.35,2.0-forward-looking
MRC004754,2026-08-31,0.0012,0,LOW,0.35,2.0-forward-looking
MRC004755,2026-08-31,0.3236,0,MEDIUM,0.35,2.0-forward-looking
MRC004756,2026-08-31,0.0012,0,LOW,0.35,2.0-forward-looking
MRC004757,2026-08-31,0.0781,0,LOW,0.35,2.0-forward-looking
MRC004758,2026-08-31,0.3003,0,MEDIUM,0.35,2.0-forward-looking
MRC004759,2026-08-31,0.7936,1,CRITICAL,0.35,2.0-forward-looking
MRC004760,2026-08-31,0.8403,1,CRITICAL,0.35,2.0-forward-looking
MRC004761,2026-08-31,0.0226,0,LOW,0.35,2.0-forward-looking
MRC004762,2026-08-31,0.192,0,LOW,0.35,2.0-forward-looking
MRC004763,2026-08-31,0.0573,0,LOW,0.35,2.0-forward-looking
MRC004764,2026-08-31,0.0012,0,LOW,0.35,2.0-forward-looking
MRC004765,2026-08-31,0.7992,1,CRITICAL,0.35,2.0-forward-looking
MRC004766,2026-08-31,0.5805,1,HIGH,0.35,2.0-forward-looking
MRC004767,2026-08-31,0.3488,0,MEDIUM,0.35,2.0-forward-looking
MRC004768,2026-08-31,0.8764,1,CRITICAL,0.35,2.0-forward-looking
MRC004769,2026-08-31,0.0012,0,LOW,0.35,2.0-forward-looking
MRC004770,2026-08-31,0.41,1,HIGH,0.35,2.0-forward-looking
MRC004771,2026-08-31,0.6698,1,CRITICAL,0.35,2.0-forward-looking
MRC004772,2026-08-31,0.4274,1,HIGH,0.35,2.0-forward-looking
MRC004773,2026-08-31,0.903,1,CRITICAL,0.35,2.0-forward-looking
MRC004774,2026-08-31,0.0012,0,LOW,0.35,2.0-forward-looking
MRC004775,2026-08-31,0.0012,0,LOW,0.35,2.0-forward-looking
MRC004776,2026-08-31,0.8784,1,CRITICAL,0.35,2.0-forward-looking
MRC004777,2026-08-31,0.0054,0,LOW,0.35,2.0-forward-looking
MRC004778,2026-08-31,0.6382,1,HIGH,0.35,2.0-forward-looking
MRC004779,2026-08-31,0.0012,0,LOW,0.35,2.0-forward-looking
MRC004780,2026-08-31,0.8145,1,CRITICAL,0.35,2.0-forward-looking
MRC004781,2026-08-31,0.179,0,LOW,0.35,2.0-forward-looking
MRC004782,2026-08-31,0.1906,0,LOW,0.35,2.0-forward-looking
MRC004783,2026-08-31,0.0012,0,LOW,0.35,2.0-forward-looking
MRC004784,2026-08-31,0.0972,0,LOW,0.35,2.0-forward-looking
MRC004785,2026-08-31,0.0292,0,LOW,0.35,2.0-forward-looking
MRC004786,2026-08-31,0.6299,1,HIGH,0.35,2.0-forward-looking
MRC004787,2026-08-31,0.0012,0,LOW,0.35,2.0-forward-looking
MRC004788,2026-08-31,0.0922,0,LOW,0.35,2.0-forward-looking
MRC004789,2026-08-31,0.0012,0,LOW,0.35,2.0-forward-looking
MRC004790,2026-08-31,0.0012,0,LOW,0.35,2.0-forward-looking
MRC004791,2026-08-31,0.0041,0,LOW,0.35,2.0-forward-looking
MRC004792,2026-08-31,0.5929,1,HIGH,0.35,2.0-forward-looking
MRC004793,2026-08-31,0.0702,0,LOW,0.35,2.0-forward-looking
MRC004794,2026-08-31,0.046,0,LOW,0.35,2.0-forward-looking
MRC004795,2026-08-31,0.686,1,CRITICAL,0.35,2.0-forward-looking
MRC004796,2026-08-31,0.5977,1,HIGH,0.35,2.0-forward-looking
MRC004797,2026-08-31,0.0012,0,LOW,0.35,2.0-forward-looking
MRC004798,2026-08-31,0.5275,1,HIGH,0.35,2.0-forward-looking
MRC004799,2026-08-31,0.276,0,MEDIUM,0.35,2.0-forward-looking
MRC004800,2026-08-31,0.0012,0,LOW,0.35,2.0-forward-looking
MRC004801,2026-08-31,0.5769,1,HIGH,0.35,2.0-forward-looking
MRC004802,2026-08-31,0.5456,1,HIGH,0.35,2.0-forward-looking
MRC004803,2026-08-31,0.2563,0,MEDIUM,0.35,2.0-forward-looking
MRC004804,2026-08-31,0.2056,0,MEDIUM,0.35,2.0-forward-looking
MRC004805,2026-08-31,0.0745,0,LOW,0.35,2.0-forward-looking
MRC004806,2026-08-31,0.0012,0,LOW,0.35,2.0-forward-looking
MRC004807,2026-08-31,0.2658,0,MEDIUM,0.35,2.0-forward-looking
MRC004808,2026-08-31,0.3817,1,HIGH,0.35,2.0-forward-looking
MRC004809,2026-08-31,0.0115,0,LOW,0.35,2.0-forward-looking
MRC004810,2026-08-31,0.8779,1,CRITICAL,0.35,2.0-forward-looking
MRC004811,2026-08-31,0.0012,0,LOW,0.35,2.0-forward-looking
MRC004812,2026-08-31,0.598,1,HIGH,0.35,2.0-forward-looking
MRC004813,2026-08-31,0.0012,0,LOW,0.35,2.0-forward-looking
MRC004814,2026-08-31,0.0012,0,LOW,0.35,2.0-forward-looking
MRC004815,2026-08-31,0.7531,1,CRITICAL,0.35,2.0-forward-looking
MRC004816,2026-08-31,0.4521,1,HIGH,0.35,2.0-forward-looking
MRC004817,2026-08-31,0.7217,1,CRITICAL,0.35,2.0-forward-looking
MRC004818,2026-08-31,0.0012,0,LOW,0.35,2.0-forward-looking
MRC004819,2026-08-31,0.818,1,CRITICAL,0.35,2.0-forward-looking
MRC004820,2026-08-31,0.3299,0,MEDIUM,0.35,2.0-forward-looking
MRC004821,2026-08-31,0.6005,1,HIGH,0.35,2.0-forward-looking
MRC004822,2026-08-31,0.6542,1,CRITICAL,0.35,2.0-forward-looking
MRC004823,2026-08-31,0.7399,1,CRITICAL,0.35,2.0-forward-looking
MRC004824,2026-08-31,0.2086,0,MEDIUM,0.35,2.0-forward-looking
MRC004825,2026-08-31,0.0012,0,LOW,0.35,2.0-forward-looking
MRC004826,2026-08-31,0.5927,1,HIGH,0.35,2.0-forward-looking
MRC004827,2026-08-31,0.1699,0,LOW,0.35,2.0-forward-looking
MRC004828,2026-08-31,0.5194,1,HIGH,0.35,2.0-forward-looking
MRC004829,2026-08-31,0.0043,0,LOW,0.35,2.0-forward-looking
MRC004830,2026-08-31,0.6101,1,HIGH,0.35,2.0-forward-looking
MRC004831,2026-08-31,0.0012,0,LOW,0.35,2.0-forward-looking
MRC004832,2026-08-31,0.7597,1,CRITICAL,0.35,2.0-forward-looking
MRC004833,2026-08-31,0.037,0,LOW,0.35,2.0-forward-looking
MRC004834,2026-08-31,0.0061,0,LOW,0.35,2.0-forward-looking
MRC004835,2026-08-31,0.6074,1,HIGH,0.35,2.0-forward-looking
MRC004836,2026-08-31,0.5115,1,HIGH,0.35,2.0-forward-looking
MRC004837,2026-08-31,0.0479,0,LOW,0.35,2.0-forward-looking
MRC004838,2026-08-31,0.0012,0,LOW,0.35,2.0-forward-looking
MRC004839,2026-08-31,0.6203,1,HIGH,0.35,2.0-forward-looking
MRC004840,2026-08-31,0.0012,0,LOW,0.35,2.0-forward-looking
MRC004841,2026-08-31,0.2704,0,MEDIUM,0.35,2.0-forward-looking
MRC004842,2026-08-31,0.3177,0,MEDIUM,0.35,2.0-forward-looking
MRC004843,2026-08-31,0.6467,1,HIGH,0.35,2.0-forward-looking
MRC004844,2026-08-31,0.3656,1,HIGH,0.35,2.0-forward-looking
MRC004845,2026-08-31,0.0012,0,LOW,0.35,2.0-forward-looking
MRC004846,2026-08-31,0.3169,0,MEDIUM,0.35,2.0-forward-looking
MRC004847,2026-08-31,0.7446,1,CRITICAL,0.35,2.0-forward-looking
MRC004848,2026-08-31,0.1612,0,LOW,0.35,2.0-forward-looking
MRC004849,2026-08-31,0.379,1,HIGH,0.35,2.0-forward-looking
MRC004850,2026-08-31,0.9169,1,CRITICAL,0.35,2.0-forward-looking
MRC004851,2026-08-31,0.8344,1,CRITICAL,0.35,2.0-forward-looking
MRC004852,2026-08-31,0.4332,1,HIGH,0.35,2.0-forward-looking
MRC004853,2026-08-31,0.0012,0,LOW,0.35,2.0-forward-looking
MRC004854,2026-08-31,0.0012,0,LOW,0.35,2.0-forward-looking
MRC004855,2026-08-31,0.0648,0,LOW,0.35,2.0-forward-looking
MRC004856,2026-08-31,0.7257,1,CRITICAL,0.35,2.0-forward-looking
MRC004857,2026-08-31,0.8729,1,CRITICAL,0.35,2.0-forward-looking
MRC004858,2026-08-31,0.9254,1,CRITICAL,0.35,2.0-forward-looking
MRC004859,2026-08-31,0.2455,0,MEDIUM,0.35,2.0-forward-looking
MRC004860,2026-08-31,0.0662,0,LOW,0.35,2.0-forward-looking
MRC004861,2026-08-31,0.1639,0,LOW,0.35,2.0-forward-looking
MRC004862,2026-08-31,0.6741,1,CRITICAL,0.35,2.0-forward-looking
MRC004863,2026-08-31,0.585,1,HIGH,0.35,2.0-forward-looking
MRC004864,2026-08-31,0.6462,1,HIGH,0.35,2.0-forward-looking
MRC004865,2026-08-31,0.0013,0,LOW,0.35,2.0-forward-looking
MRC004866,2026-08-31,0.2772,0,MEDIUM,0.35,2.0-forward-looking
MRC004867,2026-08-31,0.3605,1,HIGH,0.35,2.0-forward-looking
MRC004868,2026-08-31,0.1633,0,LOW,0.35,2.0-forward-looking
MRC004869,2026-08-31,0.4084,1,HIGH,0.35,2.0-forward-looking
MRC004870,2026-08-31,0.5908,1,HIGH,0.35,2.0-forward-looking
MRC004871,2026-08-31,0.809,1,CRITICAL,0.35,2.0-forward-looking
MRC004872,2026-08-31,0.8764,1,CRITICAL,0.35,2.0-forward-looking
MRC004873,2026-08-31,0.0012,0,LOW,0.35,2.0-forward-looking
MRC004874,2026-08-31,0.6626,1,CRITICAL,0.35,2.0-forward-looking
MRC004875,2026-08-31,0.8913,1,CRITICAL,0.35,2.0-forward-looking
MRC004876,2026-08-31,0.0131,0,LOW,0.35,2.0-forward-looking
MRC004877,2026-08-31,0.0012,0,LOW,0.35,2.0-forward-looking
MRC004878,2026-08-31,0.7631,1,CRITICAL,0.35,2.0-forward-looking
MRC004879,2026-08-31,0.265,0,MEDIUM,0.35,2.0-forward-looking
MRC004880,2026-08-31,0.5955,1,HIGH,0.35,2.0-forward-looking
MRC004881,2026-08-31,0.8352,1,CRITICAL,0.35,2.0-forward-looking
MRC004882,2026-08-31,0.0012,0,LOW,0.35,2.0-forward-looking
MRC004883,2026-08-31,0.0741,0,LOW,0.35,2.0-forward-looking
MRC004884,2026-08-31,0.0578,0,LOW,0.35,2.0-forward-looking
MRC004885,2026-08-31,0.4865,1,HIGH,0.35,2.0-forward-looking
MRC004886,2026-08-31,0.4692,1,HIGH,0.35,2.0-forward-looking
MRC004887,2026-08-31,0.3465,0,MEDIUM,0.35,2.0-forward-looking
MRC004888,2026-08-31,0.7601,1,CRITICAL,0.35,2.0-forward-looking
MRC004889,2026-08-31,0.0012,0,LOW,0.35,2.0-forward-looking
MRC004890,2026-08-31,0.0012,0,LOW,0.35,2.0-forward-looking
MRC004891,2026-08-31,0.0012,0,LOW,0.35,2.0-forward-looking
MRC004892,2026-08-31,0.1308,0,LOW,0.35,2.0-forward-looking
MRC004893,2026-08-31,0.6141,1,HIGH,0.35,2.0-forward-looking
MRC004894,2026-08-31,0.0012,0,LOW,0.35,2.0-forward-looking
MRC004895,2026-08-31,0.0344,0,LOW,0.35,2.0-forward-looking
MRC004896,2026-08-31,0.7182,1,CRITICAL,0.35,2.0-forward-looking
MRC004897,2026-08-31,0.6943,1,CRITICAL,0.35,2.0-forward-looking
MRC004898,2026-08-31,0.9242,1,CRITICAL,0.35,2.0-forward-looking
MRC004899,2026-08-31,0.1268,0,LOW,0.35,2.0-forward-looking
MRC004900,2026-08-31,0.5594,1,HIGH,0.35,2.0-forward-looking
MRC004901,2026-08-31,0.0012,0,LOW,0.35,2.0-forward-looking
MRC004902,2026-08-31,0.0028,0,LOW,0.35,2.0-forward-looking
MRC004903,2026-08-31,0.113,0,LOW,0.35,2.0-forward-looking
MRC004904,2026-08-31,0.0406,0,LOW,0.35,2.0-forward-looking
MRC004905,2026-08-31,0.7877,1,CRITICAL,0.35,2.0-forward-looking
MRC004906,2026-08-31,0.0012,0,LOW,0.35,2.0-forward-looking
MRC004907,2026-08-31,0.4519,1,HIGH,0.35,2.0-forward-looking
MRC004908,2026-08-31,0.0059,0,LOW,0.35,2.0-forward-looking
MRC004909,2026-08-31,0.0012,0,LOW,0.35,2.0-forward-looking
MRC004910,2026-08-31,0.6726,1,CRITICAL,0.35,2.0-forward-looking
MRC004911,2026-08-31,0.5884,1,HIGH,0.35,2.0-forward-looking
MRC004912,2026-08-31,0.0012,0,LOW,0.35,2.0-forward-looking
MRC004913,2026-08-31,0.0045,0,LOW,0.35,2.0-forward-looking
MRC004914,2026-08-31,0.6354,1,HIGH,0.35,2.0-forward-looking
MRC004915,2026-08-31,0.0012,0,LOW,0.35,2.0-forward-looking
MRC004916,2026-08-31,0.4164,1,HIGH,0.35,2.0-forward-looking
MRC004917,2026-08-31,0.0359,0,LOW,0.35,2.0-forward-looking
MRC004918,2026-08-31,0.5186,1,HIGH,0.35,2.0-forward-looking
MRC004919,2026-08-31,0.4075,1,HIGH,0.35,2.0-forward-looking
MRC004920,2026-08-31,0.2815,0,MEDIUM,0.35,2.0-forward-looking
MRC004921,2026-08-31,0.7513,1,CRITICAL,0.35,2.0-forward-looking
MRC004922,2026-08-31,0.0609,0,LOW,0.35,2.0-forward-looking
MRC004923,2026-08-31,0.1604,0,LOW,0.35,2.0-forward-looking
MRC004924,2026-08-31,0.0096,0,LOW,0.35,2.0-forward-looking
MRC004925,2026-08-31,0.715,1,CRITICAL,0.35,2.0-forward-looking
MRC004926,2026-08-31,0.8403,1,CRITICAL,0.35,2.0-forward-looking
MRC004927,2026-08-31,0.0012,0,LOW,0.35,2.0-forward-looking
MRC004928,2026-08-31,0.0647,0,LOW,0.35,2.0-forward-looking
MRC004929,2026-08-31,0.0012,0,LOW,0.35,2.0-forward-looking
MRC004930,2026-08-31,0.098,0,LOW,0.35,2.0-forward-looking
MRC004931,2026-08-31,0.2469,0,MEDIUM,0.35,2.0-forward-looking
MRC004932,2026-08-31,0.3368,0,MEDIUM,0.35,2.0-forward-looking
MRC004933,2026-08-31,0.0012,0,LOW,0.35,2.0-forward-looking
MRC004934,2026-08-31,0.0041,0,LOW,0.35,2.0-forward-looking
MRC004935,2026-08-31,0.1177,0,LOW,0.35,2.0-forward-looking
MRC004936,2026-08-31,0.2671,0,MEDIUM,0.35,2.0-forward-looking
MRC004937,2026-08-31,0.1506,0,LOW,0.35,2.0-forward-looking
MRC004938,2026-08-31,0.8102,1,CRITICAL,0.35,2.0-forward-looking
MRC004939,2026-08-31,0.601,1,HIGH,0.35,2.0-forward-looking
MRC004940,2026-08-31,0.7406,1,CRITICAL,0.35,2.0-forward-looking
MRC004941,2026-08-31,0.625,1,HIGH,0.35,2.0-forward-looking
MRC004942,2026-08-31,0.2055,0,MEDIUM,0.35,2.0-forward-looking
MRC004943,2026-08-31,0.0012,0,LOW,0.35,2.0-forward-looking
MRC004944,2026-08-31,0.4204,1,HIGH,0.35,2.0-forward-looking
MRC004945,2026-08-31,0.2915,0,MEDIUM,0.35,2.0-forward-looking
MRC004946,2026-08-31,0.5956,1,HIGH,0.35,2.0-forward-looking
MRC004947,2026-08-31,0.3557,1,HIGH,0.35,2.0-forward-looking
MRC004948,2026-08-31,0.3936,1,HIGH,0.35,2.0-forward-looking
MRC004949,2026-08-31,0.679,1,CRITICAL,0.35,2.0-forward-looking
MRC004950,2026-08-31,0.8526,1,CRITICAL,0.35,2.0-forward-looking
MRC004951,2026-08-31,0.2476,0,MEDIUM,0.35,2.0-forward-looking
MRC004952,2026-08-31,0.3573,1,HIGH,0.35,2.0-forward-looking
MRC004953,2026-08-31,0.477,1,HIGH,0.35,2.0-forward-looking
MRC004954,2026-08-31,0.0806,0,LOW,0.35,2.0-forward-looking
MRC004955,2026-08-31,0.5233,1,HIGH,0.35,2.0-forward-looking
MRC004956,2026-08-31,0.0012,0,LOW,0.35,2.0-forward-looking
MRC004957,2026-08-31,0.0012,0,LOW,0.35,2.0-forward-looking
MRC004958,2026-08-31,0.7396,1,CRITICAL,0.35,2.0-forward-looking
MRC004959,2026-08-31,0.6077,1,HIGH,0.35,2.0-forward-looking
MRC004960,2026-08-31,0.028,0,LOW,0.35,2.0-forward-looking
MRC004961,2026-08-31,0.4604,1,HIGH,0.35,2.0-forward-looking
MRC004962,2026-08-31,0.2941,0,MEDIUM,0.35,2.0-forward-looking
MRC004963,2026-08-31,0.5511,1,HIGH,0.35,2.0-forward-looking
MRC004964,2026-08-31,0.8076,1,CRITICAL,0.35,2.0-forward-looking
MRC004965,2026-08-31,0.4499,1,HIGH,0.35,2.0-forward-looking
MRC004966,2026-08-31,0.6938,1,CRITICAL,0.35,2.0-forward-looking
MRC004967,2026-08-31,0.6304,1,HIGH,0.35,2.0-forward-looking
MRC004968,2026-08-31,0.1694,0,LOW,0.35,2.0-forward-looking
MRC004969,2026-08-31,0.6441,1,HIGH,0.35,2.0-forward-looking
MRC004970,2026-08-31,0.094,0,LOW,0.35,2.0-forward-looking
MRC004971,2026-08-31,0.6702,1,CRITICAL,0.35,2.0-forward-looking
MRC004972,2026-08-31,0.3526,1,HIGH,0.35,2.0-forward-looking
MRC004973,2026-08-31,0.5775,1,HIGH,0.35,2.0-forward-looking
MRC004974,2026-08-31,0.7243,1,CRITICAL,0.35,2.0-forward-looking
MRC004975,2026-08-31,0.6459,1,HIGH,0.35,2.0-forward-looking
MRC004976,2026-08-31,0.4962,1,HIGH,0.35,2.0-forward-looking
MRC004977,2026-08-31,0.7438,1,CRITICAL,0.35,2.0-forward-looking
MRC004978,2026-08-31,0.8911,1,CRITICAL,0.35,2.0-forward-looking
MRC004979,2026-08-31,0.0927,0,LOW,0.35,2.0-forward-looking
MRC004980,2026-08-31,0.0012,0,LOW,0.35,2.0-forward-looking
MRC004981,2026-08-31,0.0047,0,LOW,0.35,2.0-forward-looking
MRC004982,2026-08-31,0.4145,1,HIGH,0.35,2.0-forward-looking
MRC004983,2026-08-31,0.9069,1,CRITICAL,0.35,2.0-forward-looking
MRC004984,2026-08-31,0.4425,1,HIGH,0.35,2.0-forward-looking
MRC004985,2026-08-31,0.7951,1,CRITICAL,0.35,2.0-forward-looking
MRC004986,2026-08-31,0.0481,0,LOW,0.35,2.0-forward-looking
MRC004987,2026-08-31,0.6056,1,HIGH,0.35,2.0-forward-looking
MRC004988,2026-08-31,0.8848,1,CRITICAL,0.35,2.0-forward-looking
MRC004989,2026-08-31,0.0012,0,LOW,0.35,2.0-forward-looking
MRC004990,2026-08-31,0.7494,1,CRITICAL,0.35,2.0-forward-looking
MRC004991,2026-08-31,0.6465,1,HIGH,0.35,2.0-forward-looking
MRC004992,2026-08-31,0.1646,0,LOW,0.35,2.0-forward-looking
MRC004993,2026-08-31,0.6805,1,CRITICAL,0.35,2.0-forward-looking
MRC004994,2026-08-31,0.0012,0,LOW,0.35,2.0-forward-looking
MRC004995,2026-08-31,0.3538,1,HIGH,0.35,2.0-forward-looking
MRC004996,2026-08-31,0.1371,0,LOW,0.35,2.0-forward-looking
MRC004997,2026-08-31,0.4831,1,HIGH,0.35,2.0-forward-looking
MRC004998,2026-08-31,0.7901,1,CRITICAL,0.35,2.0-forward-looking
MRC004999,2026-08-31,0.2486,0,MEDIUM,0.35,2.0-forward-looking
MRC005000,2026-08-31,0.6464,1,HIGH,0.35,2.0-forward-looking
