merchant_id,cutoff_date,merchant_category_encoded,business_size_encoded,qr_enabled,app_enabled,merchant_tenure_days,days_since_last_txn,txn_count_7d,txn_count_30d,txn_count_60d,txn_value_7d,txn_value_30d,avg_txn_value_30d,active_days_30d,txn_velocity_ratio,value_velocity_ratio,target_churn_30d_forward
MRC000001,2026-08-31,5,2,1,0,1319,180,0,0,0,0,0,0.0,0,0.0,0.0,1
MRC000002,2026-08-31,5,1,1,0,1222,0,4,12,17,10857.05,16029.08,1335.76,11,1.3333,2.7093,0
MRC000003,2026-08-31,5,0,0,0,2153,20,0,3,7,0,4005.74,1335.25,2,0.0,0.0,0
MRC000004,2026-08-31,5,2,0,1,356,8,0,5,14,0,3936.41,787.28,5,0.0,0.0,0
MRC000005,2026-08-31,5,1,0,1,730,9,0,4,6,0,3309.45,827.36,4,0.0,0.0,0
MRC000006,2026-08-31,0,1,1,1,1281,11,0,7,19,0,7381.92,1054.56,6,0.0,0.0,0
MRC000007,2026-08-31,0,1,0,1,2038,9,0,4,9,0,4538.07,1134.52,4,0.0,0.0,0
MRC000008,2026-08-31,5,2,0,1,1271,23,0,4,10,0,1942.82,485.7,2,0.0,0.0,0
MRC000009,2026-08-31,5,1,1,1,1653,2,1,5,7,285.04,1352.96,270.59,4,0.7999,0.8427,0
MRC000010,2026-08-31,5,0,1,1,647,0,11,26,50,9209.09,48677.61,1872.22,17,1.6923,0.7567,0
MRC000011,2026-08-31,0,0,1,0,2318,3,2,6,10,4293.83,14309.76,2384.96,5,1.3332,1.2003,0
MRC000012,2026-08-31,2,0,1,1,1970,46,0,0,1,0,0,0.0,0,0.0,0.0,0
MRC000013,2026-08-31,5,1,0,1,350,59,0,0,1,0,0,0.0,0,0.0,0.0,1
MRC000014,2026-08-31,5,0,1,1,1795,4,2,5,10,12003.17,13715.68,2743.14,5,1.5999,3.5006,0
MRC000015,2026-08-31,0,1,1,1,539,3,1,13,26,957.88,15490.31,1191.56,10,0.3077,0.2473,0
MRC000016,2026-08-31,5,1,1,1,1479,1,2,3,3,2187.48,4069.25,1356.42,3,2.6663,2.1503,1
MRC000017,2026-08-31,0,2,1,0,1804,0,12,43,82,12586.02,51633.67,1200.78,24,1.1163,0.975,0
MRC000018,2026-08-31,5,1,1,1,2280,21,0,2,4,0,478.28,239.14,2,0.0,0.0,0
MRC000019,2026-08-31,4,2,1,0,411,6,1,4,10,1099.7,7734.88,1933.72,3,0.9999,0.5687,0
MRC000020,2026-08-31,0,2,0,1,884,8,0,1,3,0,269.77,269.77,1,0.0,0.0,1
MRC000021,2026-08-31,0,0,0,1,1765,0,5,17,28,14398.75,32062.7,1886.04,16,1.1764,1.7963,0
MRC000022,2026-08-31,5,1,1,0,829,16,0,1,3,0,434.62,434.62,1,0.0,0.0,0
MRC000023,2026-08-31,5,0,1,1,1814,21,0,1,3,0,1096.52,1096.52,1,0.0,0.0,0
MRC000024,2026-08-31,5,2,1,1,657,11,0,4,7,0,6905.36,1726.34,4,0.0,0.0,0
MRC000025,2026-08-31,5,1,0,1,614,0,4,10,19,3413.33,15479.09,1547.91,9,1.5999,0.882,0
MRC000026,2026-08-31,2,0,1,1,1446,2,1,6,13,389.96,3140.77,523.46,6,0.6666,0.4966,0
MRC000027,2026-08-31,2,0,1,1,1762,1,1,1,4,458.43,458.43,458.43,1,3.9984,4.0,1
MRC000028,2026-08-31,5,1,0,1,705,23,0,1,1,0,4913.91,4913.91,1,0.0,0.0,1
MRC000029,2026-08-31,2,2,0,1,2166,2,3,14,26,1206.0,29667.53,2119.11,12,0.8571,0.1626,0
MRC000030,2026-08-31,5,1,1,1,2155,23,0,1,4,0,1910.46,1910.46,1,0.0,0.0,0
MRC000031,2026-08-31,5,0,0,1,434,2,1,5,12,629.65,8040.96,1608.19,5,0.7999,0.3132,0
MRC000032,2026-08-31,5,0,1,1,921,0,4,12,21,3151.01,10996.28,916.36,11,1.3333,1.1462,0
MRC000033,2026-08-31,4,1,1,1,1472,196,0,0,0,0,0,0.0,0,0.0,0.0,1
MRC000034,2026-08-31,3,1,1,0,1329,3,3,14,26,1046.4,36265.69,2590.41,11,0.8571,0.1154,0
MRC000035,2026-08-31,4,0,1,1,814,10,0,1,6,0,670.29,670.29,1,0.0,0.0,0
MRC000036,2026-08-31,0,0,1,1,1413,4,1,2,3,63.14,836.24,418.12,2,1.9996,0.302,0
MRC000037,2026-08-31,5,2,1,1,2360,1,4,15,30,7061.88,33401.83,2226.79,13,1.0666,0.8457,0
MRC000038,2026-08-31,3,1,1,1,929,0,2,9,20,1849.33,7000.87,777.87,9,0.8888,1.0566,0
MRC000039,2026-08-31,5,1,1,1,735,10,0,4,4,0,3590.16,897.54,4,0.0,0.0,0
MRC000040,2026-08-31,0,1,1,1,1870,2,3,8,13,5908.16,9660.13,1207.52,8,1.4999,2.4464,0
MRC000041,2026-08-31,5,1,1,1,1503,3,2,7,16,681.3,13714.8,1959.26,6,1.1428,0.1987,0
MRC000042,2026-08-31,5,1,1,0,1769,4,1,17,24,255.29,27878.46,1639.91,11,0.2353,0.0366,0
MRC000043,2026-08-31,5,0,1,0,1669,2,8,19,32,16475.43,22677.69,1193.56,14,1.6842,2.906,0
MRC000044,2026-08-31,5,0,1,1,1919,0,1,4,7,3250.12,4669.79,1167.45,4,0.9999,2.784,0
MRC000045,2026-08-31,4,3,1,1,1850,22,0,3,5,0,1395.98,465.33,3,0.0,0.0,0
MRC000046,2026-08-31,5,2,1,1,1580,10,0,2,3,0,3811.87,1905.93,2,0.0,0.0,0
MRC000047,2026-08-31,5,1,1,1,1250,14,0,1,8,0,785.63,785.63,1,0.0,0.0,0
MRC000048,2026-08-31,5,0,1,0,1262,16,0,2,3,0,1687.26,843.63,2,0.0,0.0,0
MRC000049,2026-08-31,5,0,1,1,836,57,0,0,1,0,0,0.0,0,0.0,0.0,0
MRC000050,2026-08-31,5,0,1,1,1237,1,1,3,8,422.8,1624.53,541.51,3,1.3332,1.041,0
MRC000051,2026-08-31,5,2,1,1,1578,42,0,0,2,0,0,0.0,0,0.0,0.0,0
MRC000052,2026-08-31,5,2,1,1,1822,6,1,5,8,5104.95,7257.64,1451.53,5,0.7999,2.8136,0
MRC000053,2026-08-31,0,1,1,1,1945,11,0,4,6,0,3948.44,987.11,4,0.0,0.0,0
MRC000054,2026-08-31,0,3,1,0,1080,6,1,7,9,4018.12,9712.81,1387.54,6,0.5714,1.6548,0
MRC000055,2026-08-31,5,0,0,1,1858,0,2,7,14,1761.62,10518.48,1502.64,7,1.1428,0.6699,0
MRC000056,2026-08-31,5,1,1,1,1212,4,2,6,12,10388.81,16206.49,2701.08,6,1.3332,2.5641,0
MRC000057,2026-08-31,3,0,1,1,1040,0,8,33,76,47448.84,91721.89,2779.45,23,0.9697,2.0692,0
MRC000058,2026-08-31,5,0,0,1,614,7,0,2,5,0,118.71,59.36,2,0.0,0.0,0
MRC000059,2026-08-31,5,2,1,1,837,3,3,6,14,3059.4,7187.27,1197.88,5,1.9999,1.7027,0
MRC000060,2026-08-31,2,2,1,1,1741,0,2,5,8,1548.11,6753.53,1350.71,5,1.5999,0.9169,0
MRC000061,2026-08-31,2,0,0,1,729,6,1,5,10,3914.16,10598.34,2119.67,5,0.7999,1.4773,0
MRC000062,2026-08-31,5,0,1,1,425,9,0,1,4,0,3081.12,3081.12,1,0.0,0.0,1
MRC000063,2026-08-31,5,1,1,1,851,65,0,0,0,0,0,0.0,0,0.0,0.0,0
MRC000064,2026-08-31,5,0,1,1,2421,28,0,2,7,0,2135.65,1067.83,2,0.0,0.0,0
MRC000065,2026-08-31,3,1,0,1,584,7,0,1,1,0,97.39,97.39,1,0.0,0.0,0
MRC000066,2026-08-31,5,1,1,1,571,13,0,2,5,0,4662.78,2331.39,2,0.0,0.0,0
MRC000067,2026-08-31,5,0,1,1,1137,49,0,0,1,0,0,0.0,0,0.0,0.0,0
MRC000068,2026-08-31,5,0,1,1,1093,1,1,3,4,6961.33,9028.01,3009.34,3,1.3332,3.0843,0
MRC000069,2026-08-31,0,0,0,1,2267,3,2,9,20,4762.71,20869.84,2318.87,8,0.8888,0.9128,0
MRC000070,2026-08-31,5,2,0,1,776,7,0,1,2,0,3055.77,3055.77,1,0.0,0.0,0
MRC000071,2026-08-31,3,1,1,0,1168,1,3,11,15,1251.38,10347.81,940.71,9,1.0909,0.4837,0
MRC000072,2026-08-31,0,1,1,0,892,9,0,3,6,0,29080.8,9693.6,3,0.0,0.0,0
MRC000073,2026-08-31,5,0,0,1,803,9,0,2,6,0,10372.26,5186.13,2,0.0,0.0,0
MRC000074,2026-08-31,5,1,1,1,961,5,1,3,7,3937.13,5098.59,1699.53,3,1.3332,3.0888,0
MRC000075,2026-08-31,3,0,1,1,818,57,0,0,1,0,0,0.0,0,0.0,0.0,0
MRC000076,2026-08-31,5,0,1,1,1826,44,0,0,1,0,0,0.0,0,0.0,0.0,0
MRC000077,2026-08-31,2,1,1,1,1983,9,0,2,4,0,3527.07,1763.54,2,0.0,0.0,0
MRC000078,2026-08-31,4,1,1,1,643,1,1,1,1,1094.44,1094.44,1094.44,1,3.9984,4.0,0
MRC000079,2026-08-31,2,0,1,0,1340,11,0,4,15,0,2355.06,588.76,4,0.0,0.0,0
MRC000080,2026-08-31,2,0,1,1,833,180,0,0,0,0,0,0.0,0,0.0,0.0,1
MRC000081,2026-08-31,5,2,1,1,2152,1,5,8,17,4512.17,7962.43,995.3,7,2.4999,2.2667,0
MRC000082,2026-08-31,5,0,0,1,478,5,2,6,11,1540.16,9581.02,1596.84,5,1.3332,0.643,0
MRC000083,2026-08-31,5,0,1,1,1151,0,2,17,35,1280.17,25006.71,1470.98,13,0.4706,0.2048,0
MRC000084,2026-08-31,0,1,1,1,981,1,4,35,60,1751.12,33274.22,950.69,20,0.4571,0.2105,0
MRC000085,2026-08-31,2,0,1,1,1051,2,2,10,19,533.18,22190.01,2219.0,9,0.8,0.0961,0
MRC000086,2026-08-31,0,1,1,0,2313,2,1,3,5,422.49,8031.11,2677.04,3,1.3332,0.2104,1
MRC000087,2026-08-31,5,1,1,0,1438,1,8,24,47,33986.66,46413.6,1933.9,15,1.3333,2.929,0
MRC000088,2026-08-31,4,1,1,1,1087,8,0,2,3,0,4023.02,2011.51,2,0.0,0.0,0
MRC000089,2026-08-31,3,1,1,1,2022,16,0,1,1,0,2104.32,2104.32,1,0.0,0.0,0
MRC000090,2026-08-31,5,1,1,1,1955,1,2,18,46,3682.21,20750.93,1152.83,15,0.4444,0.7098,0
MRC000091,2026-08-31,5,1,1,1,573,0,1,4,10,3014.86,9400.56,2350.14,4,0.9999,1.2828,0
MRC000092,2026-08-31,2,0,0,1,1265,239,0,0,0,0,0,0.0,0,0.0,0.0,1
MRC000093,2026-08-31,2,0,0,1,1157,41,0,0,1,0,0,0.0,0,0.0,0.0,1
MRC000094,2026-08-31,5,1,1,1,1239,6,1,2,7,135.57,2669.33,1334.67,2,1.9996,0.2032,0
MRC000095,2026-08-31,3,0,0,1,1019,6,1,2,5,2093.84,3953.52,1976.76,2,1.9996,2.1185,0
MRC000096,2026-08-31,0,0,1,1,2057,27,0,1,3,0,1197.13,1197.13,1,0.0,0.0,0
MRC000097,2026-08-31,5,0,1,1,2433,0,9,28,50,18875.0,38715.46,1382.69,17,1.2857,1.9501,0
MRC000098,2026-08-31,3,1,1,1,315,3,2,31,58,825.68,45115.06,1455.32,17,0.2581,0.0732,0
MRC000099,2026-08-31,5,0,1,1,2128,16,0,2,5,0,1635.63,817.82,2,0.0,0.0,0
MRC000100,2026-08-31,0,1,1,1,2146,29,0,1,3,0,1685.11,1685.11,1,0.0,0.0,1
MRC000101,2026-08-31,2,1,1,1,1055,14,0,3,9,0,1981.64,660.55,3,0.0,0.0,0
MRC000102,2026-08-31,2,1,0,1,1317,19,0,2,4,0,922.8,461.4,2,0.0,0.0,1
MRC000103,2026-08-31,4,0,1,1,480,180,0,0,0,0,0,0.0,0,0.0,0.0,1
MRC000104,2026-08-31,5,2,1,1,1024,26,0,1,1,0,5052.12,5052.12,1,0.0,0.0,1
MRC000105,2026-08-31,5,0,1,1,777,42,0,0,3,0,0,0.0,0,0.0,0.0,0
MRC000106,2026-08-31,5,2,1,1,2238,1,3,7,13,2983.25,4245.49,606.5,6,1.7142,2.8107,0
MRC000107,2026-08-31,5,1,1,1,491,13,0,1,5,0,93.51,93.51,1,0.0,0.0,0
MRC000108,2026-08-31,4,0,1,1,999,1,1,9,15,673.18,10989.27,1221.03,8,0.4444,0.245,0
MRC000109,2026-08-31,0,1,0,1,1307,0,3,11,21,4944.78,12084.79,1098.62,9,1.0909,1.6367,0
MRC000110,2026-08-31,5,1,1,1,2393,1,5,15,29,3975.51,21086.34,1405.76,12,1.3333,0.7541,0
MRC000111,2026-08-31,5,1,1,0,2042,7,0,4,8,0,3931.27,982.82,3,0.0,0.0,0
MRC000112,2026-08-31,5,1,1,1,2302,15,0,2,7,0,2483.6,1241.8,2,0.0,0.0,0
MRC000113,2026-08-31,0,1,1,1,934,13,0,1,2,0,245.34,245.34,1,0.0,0.0,0
MRC000114,2026-08-31,4,1,1,1,842,29,0,1,2,0,1615.73,1615.73,1,0.0,0.0,1
MRC000115,2026-08-31,0,2,1,1,1505,2,1,2,4,215.48,1540.69,770.35,2,1.9996,0.5594,1
MRC000116,2026-08-31,5,0,1,0,1001,0,1,10,21,191.16,9667.6,966.76,10,0.4,0.0791,0
MRC000117,2026-08-31,5,1,0,1,291,44,0,0,3,0,0,0.0,0,0.0,0.0,0
MRC000118,2026-08-31,3,1,0,0,2031,0,1,2,5,1369.67,2508.63,1254.32,2,1.9996,2.1839,0
MRC000119,2026-08-31,3,1,0,1,464,13,0,1,3,0,258.43,258.43,1,0.0,0.0,0
MRC000120,2026-08-31,4,1,0,1,684,142,0,0,0,0,0,0.0,0,0.0,0.0,0
MRC000121,2026-08-31,5,1,1,0,2317,43,0,0,2,0,0,0.0,0,0.0,0.0,0
MRC000122,2026-08-31,0,1,1,1,1856,3,1,6,15,5127.22,6695.54,1115.92,6,0.6666,3.0631,0
MRC000123,2026-08-31,5,0,0,1,1660,2,1,2,5,1965.63,15774.96,7887.48,2,1.9996,0.4984,0
MRC000124,2026-08-31,5,0,0,1,539,5,1,14,23,690.33,24194.96,1728.21,13,0.2857,0.1141,0
MRC000125,2026-08-31,5,1,0,1,804,26,0,1,5,0,961.44,961.44,1,0.0,0.0,0
MRC000126,2026-08-31,2,0,1,1,706,113,0,0,0,0,0,0.0,0,0.0,0.0,0
MRC000127,2026-08-31,5,0,0,1,1658,0,5,15,32,22078.68,38588.85,2572.59,13,1.3333,2.2886,0
MRC000128,2026-08-31,5,0,0,1,1350,16,0,3,7,0,4207.78,1402.59,2,0.0,0.0,0
MRC000129,2026-08-31,0,1,1,1,1044,0,1,5,9,296.44,1848.67,369.73,5,0.7999,0.6414,0
MRC000130,2026-08-31,0,3,1,1,1886,0,2,5,15,1961.89,7414.14,1482.83,5,1.5999,1.0585,0
MRC000131,2026-08-31,5,1,1,1,1956,11,0,1,1,0,5130.75,5130.75,1,0.0,0.0,0
MRC000132,2026-08-31,4,0,0,0,1872,16,0,2,3,0,593.16,296.58,2,0.0,0.0,0
MRC000133,2026-08-31,0,2,1,1,488,2,4,15,28,1940.46,15342.39,1022.83,12,1.0666,0.5059,0
MRC000134,2026-08-31,0,0,1,1,1587,2,5,20,37,6378.88,24941.22,1247.06,15,1.0,1.023,0
MRC000135,2026-08-31,0,3,1,1,715,6,1,3,8,1258.44,3136.65,1045.55,3,1.3332,1.6048,0
MRC000136,2026-08-31,5,1,1,1,851,55,0,0,1,0,0,0.0,0,0.0,0.0,0
MRC000137,2026-08-31,5,0,1,1,2394,0,3,22,40,2678.18,27745.44,1261.16,17,0.5454,0.3861,0
MRC000138,2026-08-31,0,1,1,0,1164,1,2,3,4,5130.81,5554.03,1851.34,3,2.6663,3.6952,0
MRC000139,2026-08-31,5,0,1,1,1977,2,1,6,11,328.19,8209.69,1368.28,4,0.6666,0.1599,0
MRC000140,2026-08-31,4,1,0,1,794,16,0,1,2,0,323.38,323.38,1,0.0,0.0,1
MRC000141,2026-08-31,2,0,1,1,2381,0,2,2,11,6887.6,6887.6,3443.8,2,3.9992,4.0,0
MRC000142,2026-08-31,4,2,1,1,862,26,0,1,2,0,386.43,386.43,1,0.0,0.0,1
MRC000143,2026-08-31,5,1,1,0,654,16,0,1,1,0,1570.26,1570.26,1,0.0,0.0,0
MRC000144,2026-08-31,5,2,0,1,963,6,1,2,5,2818.52,3440.58,1720.29,2,1.9996,3.2768,0
MRC000145,2026-08-31,5,2,1,1,635,3,3,14,27,4384.16,11474.61,819.62,12,0.8571,1.5283,0
MRC000146,2026-08-31,0,0,1,1,1565,10,0,4,9,0,13401.53,3350.38,4,0.0,0.0,0
MRC000147,2026-08-31,4,1,1,1,571,10,0,6,16,0,14526.14,2421.02,4,0.0,0.0,0
MRC000148,2026-08-31,0,2,1,1,710,53,0,0,2,0,0,0.0,0,0.0,0.0,1
MRC000149,2026-08-31,5,0,1,0,1791,28,0,1,5,0,1064.42,1064.42,1,0.0,0.0,0
MRC000150,2026-08-31,0,0,1,1,350,0,1,4,15,452.1,2345.35,586.34,4,0.9999,0.7711,0
MRC000151,2026-08-31,5,0,1,1,1219,3,1,8,14,4683.95,11599.38,1449.92,6,0.5,1.6152,0
MRC000152,2026-08-31,5,0,1,1,1770,31,0,0,2,0,0,0.0,0,0.0,0.0,1
MRC000153,2026-08-31,3,2,0,1,1230,14,0,3,8,0,4717.71,1572.57,3,0.0,0.0,0
MRC000154,2026-08-31,5,1,1,1,304,9,0,2,2,0,791.3,395.65,2,0.0,0.0,0
MRC000155,2026-08-31,0,1,1,1,602,0,3,11,20,1390.68,11723.34,1065.76,11,1.0909,0.4745,0
MRC000156,2026-08-31,5,3,1,1,2378,3,3,18,42,31851.94,81460.07,4525.56,11,0.6667,1.5641,0
MRC000157,2026-08-31,0,0,1,1,1944,240,0,0,0,0,0,0.0,0,0.0,0.0,1
MRC000158,2026-08-31,5,1,1,1,1022,12,0,1,1,0,1127.73,1127.73,1,0.0,0.0,1
MRC000159,2026-08-31,3,0,1,0,2166,8,0,6,10,0,7810.97,1301.83,6,0.0,0.0,0
MRC000160,2026-08-31,0,0,0,1,271,0,1,5,7,412.6,6369.55,1273.91,5,0.7999,0.2591,0
MRC000161,2026-08-31,5,0,1,1,360,5,2,6,17,3760.43,26635.62,4439.27,6,1.3332,0.5647,0
MRC000162,2026-08-31,0,0,1,0,2189,2,2,5,8,1076.53,2449.96,489.99,5,1.5999,1.7576,0
MRC000163,2026-08-31,0,1,0,1,1730,9,0,3,6,0,3159.62,1053.21,3,0.0,0.0,0
MRC000164,2026-08-31,5,1,1,1,1567,18,0,4,5,0,5604.63,1401.16,4,0.0,0.0,0
MRC000165,2026-08-31,5,0,1,1,1009,40,0,0,1,0,0,0.0,0,0.0,0.0,0
MRC000166,2026-08-31,5,0,0,1,2043,10,0,2,2,0,2777.11,1388.56,2,0.0,0.0,0
MRC000167,2026-08-31,5,1,1,0,1585,28,0,1,4,0,1355.06,1355.06,1,0.0,0.0,0
MRC000168,2026-08-31,5,0,1,1,1207,6,1,6,11,543.03,5302.83,883.8,5,0.6666,0.4096,0
MRC000169,2026-08-31,2,2,1,1,1088,18,0,2,5,0,6904.62,3452.31,2,0.0,0.0,0
MRC000170,2026-08-31,0,2,1,1,1030,7,0,1,3,0,1987.92,1987.92,1,0.0,0.0,0
MRC000171,2026-08-31,5,1,0,1,1514,28,0,1,2,0,3452.05,3452.05,1,0.0,0.0,0
MRC000172,2026-08-31,0,1,1,1,1688,12,0,1,3,0,643.41,643.41,1,0.0,0.0,0
MRC000173,2026-08-31,3,1,1,1,2015,0,1,4,5,240.87,11047.86,2761.96,4,0.9999,0.0872,0
MRC000174,2026-08-31,4,1,1,1,1144,8,0,1,3,0,796.9,796.9,1,0.0,0.0,0
MRC000175,2026-08-31,4,2,1,1,811,2,3,10,15,1063.62,14817.5,1481.75,10,1.2,0.2871,0
MRC000176,2026-08-31,5,3,1,0,1472,0,6,10,25,4566.04,6974.97,697.5,9,2.3999,2.6185,0
MRC000177,2026-08-31,5,1,1,1,1531,40,0,0,1,0,0,0.0,0,0.0,0.0,1
MRC000178,2026-08-31,5,1,0,1,864,1,3,6,22,2200.76,4462.95,743.82,5,1.9999,1.9725,0
MRC000179,2026-08-31,5,2,0,1,417,2,1,7,12,528.7,5217.97,745.42,6,0.5714,0.4053,0
MRC000180,2026-08-31,2,0,1,1,983,6,1,6,11,163.63,5927.46,987.91,6,0.6666,0.1104,0
MRC000181,2026-08-31,5,1,1,1,411,1,2,8,29,393.15,16460.87,2057.61,8,1.0,0.0955,0
MRC000182,2026-08-31,0,1,0,1,436,1,1,3,4,20.15,16458.74,5486.25,3,1.3332,0.0049,0
MRC000183,2026-08-31,5,1,1,1,2367,4,2,7,10,3528.46,7688.12,1098.3,6,1.1428,1.8358,0
MRC000184,2026-08-31,2,0,1,1,1964,15,0,3,10,0,14673.42,4891.14,3,0.0,0.0,0
MRC000185,2026-08-31,5,0,1,1,334,11,0,4,7,0,6195.75,1548.94,4,0.0,0.0,0
MRC000186,2026-08-31,0,0,1,0,1019,3,3,5,9,2318.2,6965.6,1393.12,2,2.3998,1.3312,0
MRC000187,2026-08-31,5,1,1,1,813,7,0,3,4,0,1806.82,602.27,3,0.0,0.0,0
MRC000188,2026-08-31,5,2,1,0,2387,6,1,3,5,581.0,5923.78,1974.59,3,1.3332,0.3923,0
MRC000189,2026-08-31,5,2,1,0,1213,12,0,3,5,0,5379.85,1793.28,3,0.0,0.0,0
MRC000190,2026-08-31,0,0,0,1,824,22,0,2,3,0,3031.25,1515.62,1,0.0,0.0,0
MRC000191,2026-08-31,5,0,1,0,1643,0,1,2,4,4577.34,4633.87,2316.93,2,1.9996,3.9512,1
MRC000192,2026-08-31,4,1,1,0,1294,5,1,4,6,2790.07,6704.26,1676.07,4,0.9999,1.6647,0
MRC000193,2026-08-31,2,1,1,1,666,5,1,10,23,1911.21,7674.47,767.45,10,0.4,0.9961,0
MRC000194,2026-08-31,4,1,1,1,924,1,3,3,3,565.76,565.76,188.59,3,3.9995,4.0,0
MRC000195,2026-08-31,4,1,1,1,535,1,4,12,17,2409.31,13694.71,1141.23,10,1.3333,0.7037,0
MRC000196,2026-08-31,3,0,1,1,1773,6,1,5,8,477.22,12501.65,2500.33,5,0.7999,0.1527,0
MRC000197,2026-08-31,4,1,0,1,2377,13,0,2,5,0,2072.05,1036.03,2,0.0,0.0,0
MRC000198,2026-08-31,2,1,1,1,2023,2,2,8,25,4824.75,8133.2,1016.65,8,1.0,2.3729,0
MRC000199,2026-08-31,5,0,1,1,1077,0,2,8,16,5580.24,21810.45,2726.31,8,1.0,1.0234,0
MRC000200,2026-08-31,5,2,1,1,1321,1,2,8,13,3647.75,8709.91,1088.74,7,1.0,1.6752,0
MRC000201,2026-08-31,5,1,1,1,389,2,3,3,5,1213.73,1213.73,404.58,3,3.9995,4.0,0
MRC000202,2026-08-31,5,2,1,1,1058,4,1,5,10,1564.14,4138.69,827.74,5,0.7999,1.5117,0
MRC000203,2026-08-31,0,1,1,1,327,71,0,0,0,0,0,0.0,0,0.0,0.0,0
MRC000204,2026-08-31,5,1,1,0,1884,4,2,5,6,833.58,2397.28,479.46,5,1.5999,1.3909,0
MRC000205,2026-08-31,0,2,1,1,2243,2,1,5,7,259.77,2327.52,465.5,5,0.7999,0.4464,0
MRC000206,2026-08-31,4,2,1,1,675,6,1,1,1,825.41,825.41,825.41,1,3.9984,4.0,1
MRC000207,2026-08-31,0,3,1,1,1729,12,0,2,2,0,1178.48,589.24,2,0.0,0.0,0
MRC000208,2026-08-31,5,2,1,1,1566,8,0,1,6,0,1682.49,1682.49,1,0.0,0.0,0
MRC000209,2026-08-31,2,1,0,1,1169,0,17,68,133,31374.83,98243.16,1444.75,28,1.0,1.2774,0
MRC000210,2026-08-31,5,0,0,1,1859,5,1,7,12,442.87,6585.51,940.79,7,0.5714,0.269,0
MRC000211,2026-08-31,2,1,1,1,1742,0,2,8,19,1652.51,10162.58,1270.32,7,1.0,0.6504,0
MRC000212,2026-08-31,5,2,1,1,845,72,0,0,0,0,0,0.0,0,0.0,0.0,0
MRC000213,2026-08-31,5,0,1,1,2001,6,1,4,10,7575.35,8552.12,2138.03,4,0.9999,3.5431,0
MRC000214,2026-08-31,0,1,0,1,1689,39,0,0,3,0,0,0.0,0,0.0,0.0,1
MRC000215,2026-08-31,5,2,1,1,939,4,1,4,7,227.53,6079.94,1519.98,3,0.9999,0.1497,0
MRC000216,2026-08-31,5,3,1,1,1863,1,2,5,6,1898.14,3651.17,730.23,5,1.5999,2.0795,0
MRC000217,2026-08-31,3,2,0,1,1656,6,1,2,3,425.07,2236.27,1118.13,2,1.9996,0.7603,0
MRC000218,2026-08-31,0,1,1,1,513,5,2,8,12,1891.52,10781.14,1347.64,7,1.0,0.7018,0
MRC000219,2026-08-31,5,1,1,0,620,5,1,5,11,2492.08,3292.61,658.52,4,0.7999,3.0275,0
MRC000220,2026-08-31,2,3,1,0,964,38,0,0,2,0,0,0.0,0,0.0,0.0,1
MRC000221,2026-08-31,0,0,1,1,353,15,0,2,2,0,3091.02,1545.51,2,0.0,0.0,0
MRC000222,2026-08-31,0,0,1,1,1144,14,0,2,4,0,3234.07,1617.03,2,0.0,0.0,0
MRC000223,2026-08-31,5,3,1,1,1265,6,1,4,6,5378.24,10302.6,2575.65,4,0.9999,2.0881,0
MRC000224,2026-08-31,2,1,0,1,1952,3,1,1,4,185.11,185.11,185.11,1,3.9984,4.0,1
MRC000225,2026-08-31,5,1,1,1,631,0,1,6,14,174.27,1578.03,263.0,6,0.6666,0.4417,0
MRC000226,2026-08-31,4,0,1,1,1496,10,0,1,4,0,89.14,89.14,1,0.0,0.0,0
MRC000227,2026-08-31,5,1,1,1,1709,0,5,20,30,10964.8,26108.53,1305.43,15,1.0,1.6799,0
MRC000228,2026-08-31,4,2,1,1,1239,2,3,6,24,3481.07,4833.64,805.61,6,1.9999,2.8807,0
MRC000229,2026-08-31,5,1,1,1,2239,2,1,3,10,6645.75,12631.08,4210.36,3,1.3332,2.1046,0
MRC000230,2026-08-31,5,1,0,1,953,30,0,0,3,0,0,0.0,0,0.0,0.0,0
MRC000231,2026-08-31,2,1,1,1,1148,0,1,2,5,475.3,1903.5,951.75,2,1.9996,0.9988,0
MRC000232,2026-08-31,0,2,1,1,265,11,0,5,8,0,11924.18,2384.84,5,0.0,0.0,0
MRC000233,2026-08-31,3,2,1,1,1154,6,1,1,7,2609.87,2609.87,2609.87,1,3.9984,4.0,0
MRC000234,2026-08-31,5,1,1,1,301,3,1,1,7,163.08,163.08,163.08,1,3.9984,4.0,0
MRC000235,2026-08-31,5,1,1,0,2406,0,2,4,6,4983.95,6844.85,1711.21,3,1.9998,2.9125,0
MRC000236,2026-08-31,4,0,1,1,782,12,0,3,7,0,1416.98,472.33,3,0.0,0.0,0
MRC000237,2026-08-31,5,1,0,1,2031,9,0,1,7,0,238.91,238.91,1,0.0,0.0,0
MRC000238,2026-08-31,2,0,1,1,511,7,0,2,2,0,1424.33,712.16,2,0.0,0.0,0
MRC000239,2026-08-31,0,1,1,1,856,1,2,6,8,320.37,9943.38,1657.23,5,1.3332,0.1289,0
MRC000240,2026-08-31,5,1,1,1,518,11,0,2,2,0,1269.37,634.68,2,0.0,0.0,0
MRC000241,2026-08-31,3,0,1,1,1062,33,0,0,2,0,0,0.0,0,0.0,0.0,0
MRC000242,2026-08-31,3,0,1,1,1573,25,0,1,3,0,2045.04,2045.04,1,0.0,0.0,0
MRC000243,2026-08-31,5,0,1,1,1174,33,0,0,2,0,0,0.0,0,0.0,0.0,0
MRC000244,2026-08-31,2,0,1,1,1579,17,0,1,2,0,525.91,525.91,1,0.0,0.0,0
MRC000245,2026-08-31,5,1,1,1,2018,2,2,10,13,1526.88,9301.19,930.12,9,0.8,0.6566,0
MRC000246,2026-08-31,2,0,1,1,354,22,0,1,2,0,462.92,462.92,1,0.0,0.0,0
MRC000247,2026-08-31,0,0,1,1,1184,2,3,29,48,1823.22,36559.39,1260.67,17,0.4138,0.1995,0
MRC000248,2026-08-31,2,3,1,1,1554,12,0,10,15,0,17059.73,1705.97,8,0.0,0.0,0
MRC000249,2026-08-31,5,0,1,1,1400,45,0,0,2,0,0,0.0,0,0.0,0.0,1
MRC000250,2026-08-31,5,2,0,1,575,0,4,13,28,5584.31,13904.88,1069.61,11,1.2307,1.6064,0
MRC000251,2026-08-31,0,1,0,1,708,24,0,1,2,0,185.08,185.08,1,0.0,0.0,0
MRC000252,2026-08-31,5,1,1,1,1081,0,12,29,53,11876.99,51847.28,1787.84,18,1.6551,0.9163,0
MRC000253,2026-08-31,5,1,0,1,1680,2,2,6,13,1984.3,4662.95,777.16,6,1.3332,1.7022,0
MRC000254,2026-08-31,5,0,1,1,2419,2,2,8,13,3146.0,8203.43,1025.43,8,1.0,1.534,0
MRC000255,2026-08-31,5,2,1,1,1062,24,0,1,3,0,413.49,413.49,1,0.0,0.0,0
MRC000256,2026-08-31,2,2,1,0,1397,7,0,3,8,0,3394.23,1131.41,3,0.0,0.0,0
MRC000257,2026-08-31,5,0,1,1,926,10,0,2,5,0,969.84,484.92,2,0.0,0.0,0
MRC000258,2026-08-31,5,1,1,0,331,4,1,4,5,656.0,4044.32,1011.08,4,0.9999,0.6488,0
MRC000259,2026-08-31,5,1,1,1,1127,2,2,9,14,996.15,7587.3,843.03,8,0.8888,0.5252,0
MRC000260,2026-08-31,5,2,1,1,1016,0,4,12,18,1294.46,12706.9,1058.91,8,1.3333,0.4075,0
MRC000261,2026-08-31,5,2,1,1,585,86,0,0,0,0,0,0.0,0,0.0,0.0,0
MRC000262,2026-08-31,0,0,1,1,1722,6,1,12,29,1369.85,20613.05,1717.75,8,0.3333,0.2658,0
MRC000263,2026-08-31,5,2,1,0,821,4,2,7,13,6387.87,14265.8,2037.97,6,1.1428,1.7911,0
MRC000264,2026-08-31,0,3,1,1,747,17,0,1,2,0,41.18,41.18,1,0.0,0.0,0
MRC000265,2026-08-31,0,1,1,1,1107,6,1,3,5,6264.43,8501.6,2833.87,3,1.3332,2.9474,0
MRC000266,2026-08-31,5,0,1,1,2364,0,8,28,48,8956.97,40671.41,1452.55,18,1.1428,0.8809,0
MRC000267,2026-08-31,5,2,1,1,1647,2,5,14,16,5622.18,30973.95,2212.43,13,1.4285,0.7261,0
MRC000268,2026-08-31,5,1,1,1,1186,1,1,10,19,1438.76,12023.02,1202.3,8,0.4,0.4787,0
MRC000269,2026-08-31,5,0,1,1,2050,6,1,2,6,302.55,590.1,295.05,2,1.9996,2.0508,0
MRC000270,2026-08-31,5,2,1,1,303,9,0,6,12,0,7562.17,1260.36,5,0.0,0.0,0
MRC000271,2026-08-31,5,1,1,1,992,3,1,6,14,1479.34,5892.57,982.09,5,0.6666,1.0042,0
MRC000272,2026-08-31,5,2,1,1,1438,22,0,2,4,0,2048.23,1024.12,2,0.0,0.0,0
MRC000273,2026-08-31,0,1,1,1,1324,9,0,2,5,0,2460.54,1230.27,2,0.0,0.0,0
MRC000274,2026-08-31,5,0,1,1,1734,5,1,10,24,1479.58,11084.82,1108.48,9,0.4,0.5339,0
MRC000275,2026-08-31,0,3,1,1,1790,3,1,16,31,1022.07,11741.64,733.85,13,0.25,0.3482,0
MRC000276,2026-08-31,0,1,1,1,1253,20,0,3,9,0,3189.35,1063.12,2,0.0,0.0,0
MRC000277,2026-08-31,0,1,1,1,2288,28,0,1,1,0,927.79,927.79,1,0.0,0.0,0
MRC000278,2026-08-31,5,1,1,1,2285,3,3,21,42,3499.47,39654.62,1888.32,18,0.5714,0.353,0
MRC000279,2026-08-31,5,0,1,1,1295,6,2,9,32,1667.86,7690.42,854.49,8,0.8888,0.8675,0
MRC000280,2026-08-31,5,1,1,1,2227,11,0,2,7,0,1096.5,548.25,2,0.0,0.0,0
MRC000281,2026-08-31,5,1,1,1,1657,0,4,17,39,3175.6,26902.03,1582.47,15,0.9412,0.4722,0
MRC000282,2026-08-31,5,2,1,1,560,1,2,7,12,2713.24,15153.44,2164.78,7,1.1428,0.7162,0
MRC000283,2026-08-31,0,3,0,0,518,31,0,0,3,0,0,0.0,0,0.0,0.0,0
MRC000284,2026-08-31,5,1,1,1,431,8,0,2,2,0,5127.81,2563.91,2,0.0,0.0,0
MRC000285,2026-08-31,5,0,1,0,719,80,0,0,0,0,0,0.0,0,0.0,0.0,1
MRC000286,2026-08-31,5,1,1,1,939,12,0,3,4,0,2224.79,741.6,3,0.0,0.0,0
MRC000287,2026-08-31,0,0,1,1,408,1,1,2,4,2621.96,4151.9,2075.95,2,1.9996,2.526,0
MRC000288,2026-08-31,0,2,1,0,1585,16,0,3,4,0,2894.38,964.79,3,0.0,0.0,0
MRC000289,2026-08-31,5,1,1,1,1155,15,0,2,4,0,468.5,234.25,2,0.0,0.0,0
MRC000290,2026-08-31,0,2,1,0,1571,1,2,4,11,789.92,2502.7,625.68,4,1.9998,1.2625,0
MRC000291,2026-08-31,2,0,1,1,1356,50,0,0,1,0,0,0.0,0,0.0,0.0,0
MRC000292,2026-08-31,5,0,1,1,850,10,0,2,3,0,1091.57,545.78,2,0.0,0.0,0
MRC000293,2026-08-31,0,3,0,1,1600,13,0,1,2,0,6109.49,6109.49,1,0.0,0.0,0
MRC000294,2026-08-31,0,1,1,1,2335,1,1,5,11,1021.84,5238.89,1047.78,5,0.7999,0.7802,0
MRC000295,2026-08-31,5,2,1,1,949,9,0,1,4,0,2267.4,2267.4,1,0.0,0.0,0
MRC000296,2026-08-31,5,2,0,0,928,0,1,6,14,475.33,8062.07,1343.68,6,0.6666,0.2358,0
MRC000297,2026-08-31,5,1,1,1,1384,0,6,17,33,4596.66,25345.9,1490.94,14,1.4117,0.7254,0
MRC000298,2026-08-31,4,1,1,1,2014,0,10,63,121,14468.38,89940.67,1427.63,25,0.6349,0.6435,0
MRC000299,2026-08-31,4,1,0,1,1418,4,1,5,14,880.56,7958.08,1591.62,5,0.7999,0.4426,0
MRC000300,2026-08-31,5,2,1,1,2074,5,1,5,10,301.17,2459.98,492.0,5,0.7999,0.4897,0
MRC000301,2026-08-31,5,3,1,1,418,52,0,0,1,0,0,0.0,0,0.0,0.0,1
MRC000302,2026-08-31,0,0,1,1,472,10,0,2,11,0,2717.67,1358.84,2,0.0,0.0,0
MRC000303,2026-08-31,5,1,1,1,1144,1,1,3,8,240.43,2115.26,705.09,3,1.3332,0.4547,0
MRC000304,2026-08-31,5,0,0,1,765,0,4,10,16,3974.57,13182.36,1318.24,8,1.5999,1.206,0
MRC000305,2026-08-31,3,1,1,1,307,19,0,1,3,0,190.14,190.14,1,0.0,0.0,0
MRC000306,2026-08-31,2,2,1,1,727,3,1,5,10,1648.19,11734.78,2346.96,5,0.7999,0.5618,0
MRC000307,2026-08-31,2,2,1,0,849,1,3,4,8,5086.87,5527.03,1381.76,3,2.9997,3.6814,0
MRC000308,2026-08-31,0,1,1,1,2266,0,6,25,48,9748.28,42781.35,1711.25,15,0.96,0.9115,0
MRC000309,2026-08-31,4,0,0,1,1966,0,2,14,21,1257.08,13725.38,980.38,12,0.5714,0.3664,0
MRC000310,2026-08-31,3,0,0,1,1024,4,1,10,18,74.19,16776.5,1677.65,8,0.4,0.0177,0
MRC000311,2026-08-31,5,0,1,1,2350,2,3,10,20,1492.75,14058.2,1405.82,9,1.2,0.4247,0
MRC000312,2026-08-31,3,0,1,1,2084,7,0,4,7,0,6912.18,1728.05,4,0.0,0.0,0
MRC000313,2026-08-31,5,2,1,1,804,11,0,4,13,0,19856.45,4964.11,4,0.0,0.0,0
MRC000314,2026-08-31,4,1,1,0,1301,6,1,1,1,189.57,189.57,189.57,1,3.9984,4.0,0
MRC000315,2026-08-31,0,0,0,1,2270,0,3,4,4,6246.79,7469.24,1867.31,3,2.9997,3.3453,0
MRC000316,2026-08-31,0,1,1,0,1256,0,5,23,49,10812.75,38720.7,1683.51,18,0.8696,1.117,0
MRC000317,2026-08-31,0,0,1,1,1067,13,0,6,10,0,4881.88,813.65,6,0.0,0.0,0
MRC000318,2026-08-31,5,0,1,1,2230,14,0,5,8,0,8668.32,1733.66,4,0.0,0.0,0
MRC000319,2026-08-31,5,2,1,1,1700,5,2,7,12,2153.84,7323.82,1046.26,6,1.1428,1.1763,0
MRC000320,2026-08-31,5,0,0,1,1220,27,0,4,6,0,12004.35,3001.09,3,0.0,0.0,0
MRC000321,2026-08-31,5,1,1,1,2157,120,0,0,0,0,0,0.0,0,0.0,0.0,1
MRC000322,2026-08-31,2,1,1,1,1884,11,0,2,3,0,4637.57,2318.78,2,0.0,0.0,1
MRC000323,2026-08-31,0,0,1,1,1016,1,3,11,20,1598.87,13484.84,1225.89,8,1.0909,0.4743,0
MRC000324,2026-08-31,2,0,1,1,1184,3,2,3,4,1953.87,10067.42,3355.81,3,2.6663,0.7763,0
MRC000325,2026-08-31,2,0,1,1,360,2,1,2,6,1640.53,1796.04,898.02,2,1.9996,3.6537,0
MRC000326,2026-08-31,5,0,1,1,479,12,0,3,3,0,4354.75,1451.58,3,0.0,0.0,0
MRC000327,2026-08-31,5,2,0,1,2342,26,0,1,5,0,133.25,133.25,1,0.0,0.0,0
MRC000328,2026-08-31,4,1,0,1,373,8,0,4,6,0,6743.0,1685.75,4,0.0,0.0,0
MRC000329,2026-08-31,4,1,0,1,2085,1,3,10,16,5303.35,13931.25,1393.12,10,1.2,1.5227,0
MRC000330,2026-08-31,0,1,1,1,712,0,4,10,19,1354.55,4753.18,475.32,10,1.5999,1.1399,0
MRC000331,2026-08-31,5,3,1,1,1440,1,1,4,4,621.58,7919.75,1979.94,4,0.9999,0.3139,0
MRC000332,2026-08-31,0,0,0,1,1835,2,2,9,9,1817.06,6244.48,693.83,8,0.8888,1.1639,0
MRC000333,2026-08-31,0,2,1,0,2422,43,0,0,2,0,0,0.0,0,0.0,0.0,1
MRC000334,2026-08-31,0,0,1,1,1073,1,2,3,9,3446.51,5686.54,1895.51,3,2.6663,2.4243,0
MRC000335,2026-08-31,5,2,0,1,2278,6,1,12,27,1324.8,26265.09,2188.76,10,0.3333,0.2018,0
MRC000336,2026-08-31,3,0,0,1,1249,0,1,4,7,1324.21,6884.91,1721.23,4,0.9999,0.7693,0
MRC000337,2026-08-31,5,0,1,1,2151,3,2,13,19,608.95,15205.21,1169.63,13,0.6154,0.1602,0
MRC000338,2026-08-31,2,1,0,1,479,1,3,9,16,4200.7,13151.76,1461.31,9,1.3333,1.2776,0
MRC000339,2026-08-31,0,0,1,1,842,5,1,5,10,542.23,5258.36,1051.67,5,0.7999,0.4125,0
MRC000340,2026-08-31,5,1,1,0,1618,13,0,2,3,0,1435.06,717.53,2,0.0,0.0,0
MRC000341,2026-08-31,0,1,1,1,1799,10,0,3,4,0,934.12,311.37,3,0.0,0.0,0
MRC000342,2026-08-31,0,1,1,1,2012,5,1,1,2,3647.48,3647.48,3647.48,1,3.9984,4.0,0
MRC000343,2026-08-31,5,0,1,1,1039,50,0,0,1,0,0,0.0,0,0.0,0.0,0
MRC000344,2026-08-31,0,1,1,1,1621,0,2,10,16,952.66,11904.4,1190.44,10,0.8,0.3201,0
MRC000345,2026-08-31,0,0,1,1,1613,3,2,9,28,838.59,9774.2,1086.02,8,0.8888,0.3432,0
MRC000346,2026-08-31,5,3,1,1,2408,92,0,0,0,0,0,0.0,0,0.0,0.0,0
MRC000347,2026-08-31,5,1,1,0,513,17,0,2,5,0,1223.09,611.54,2,0.0,0.0,0
MRC000348,2026-08-31,4,1,1,1,292,19,0,1,3,0,77.24,77.24,1,0.0,0.0,1
MRC000349,2026-08-31,2,2,1,1,1513,20,0,1,1,0,1302.49,1302.49,1,0.0,0.0,0
MRC000350,2026-08-31,5,1,1,1,291,0,2,6,9,1230.44,15075.74,2512.62,6,1.3332,0.3265,0
MRC000351,2026-08-31,0,1,1,0,684,26,0,1,2,0,13213.83,13213.83,1,0.0,0.0,0
MRC000352,2026-08-31,0,0,1,1,1349,12,0,1,2,0,64.41,64.41,1,0.0,0.0,1
MRC000353,2026-08-31,5,1,1,1,842,1,3,18,34,3659.01,24891.41,1382.86,15,0.6667,0.588,0
MRC000354,2026-08-31,5,0,1,1,839,2,1,2,3,4204.95,5033.86,2516.93,2,1.9996,3.3413,0
MRC000355,2026-08-31,5,0,1,1,1013,4,1,2,3,10010.65,10365.24,5182.62,2,1.9996,3.8632,0
MRC000356,2026-08-31,2,2,0,1,1757,0,1,1,5,412.69,412.69,412.69,1,3.9984,4.0,0
MRC000357,2026-08-31,0,0,1,1,1056,2,1,3,10,653.05,1158.1,386.03,3,1.3332,2.2556,0
MRC000358,2026-08-31,3,1,1,1,1990,1,2,7,9,1177.25,4538.95,648.42,7,1.1428,1.0375,0
MRC000359,2026-08-31,5,0,1,1,604,20,0,1,3,0,1080.52,1080.52,1,0.0,0.0,1
MRC000360,2026-08-31,0,1,1,0,480,5,1,7,13,1033.57,11752.95,1678.99,6,0.5714,0.3518,0
MRC000361,2026-08-31,3,2,0,0,620,0,2,8,19,2291.99,9595.66,1199.46,7,1.0,0.9554,0
MRC000362,2026-08-31,0,0,1,1,2261,51,0,0,2,0,0,0.0,0,0.0,0.0,0
MRC000363,2026-08-31,5,1,0,1,863,8,0,1,1,0,541.51,541.51,1,0.0,0.0,0
MRC000364,2026-08-31,5,1,0,1,322,0,1,9,20,1597.2,9688.47,1076.5,6,0.4444,0.6594,0
MRC000365,2026-08-31,5,2,1,1,945,4,1,1,2,831.11,831.11,831.11,1,3.9984,4.0,0
MRC000366,2026-08-31,5,0,0,1,1761,5,1,3,7,1612.07,10146.92,3382.31,3,1.3332,0.6355,0
MRC000367,2026-08-31,5,1,1,1,1047,20,0,1,2,0,816.48,816.48,1,0.0,0.0,0
MRC000368,2026-08-31,0,1,1,1,1097,24,0,1,1,0,115.76,115.76,1,0.0,0.0,0
MRC000369,2026-08-31,2,1,1,1,445,11,0,2,2,0,1380.31,690.15,2,0.0,0.0,1
MRC000370,2026-08-31,5,0,1,1,1715,1,1,2,3,848.24,1202.66,601.33,2,1.9996,2.8212,0
MRC000371,2026-08-31,0,1,0,1,738,5,2,5,10,1226.11,4131.04,826.21,5,1.5999,1.1872,0
MRC000372,2026-08-31,2,1,1,1,470,0,5,9,15,3161.62,7256.6,806.29,7,2.2221,1.7428,0
MRC000373,2026-08-31,4,0,1,1,1818,11,0,3,6,0,4608.76,1536.25,3,0.0,0.0,0
MRC000374,2026-08-31,5,1,1,1,2304,1,1,9,25,1774.8,16221.37,1802.37,8,0.4444,0.4376,0
MRC000375,2026-08-31,2,1,1,0,1591,26,0,2,6,0,3869.49,1934.74,1,0.0,0.0,0
MRC000376,2026-08-31,5,1,0,1,2305,6,1,2,4,195.61,433.45,216.73,2,1.9996,1.8051,0
MRC000377,2026-08-31,2,0,1,1,1135,2,3,8,15,2735.17,16613.57,2076.7,7,1.4999,0.6585,0
MRC000378,2026-08-31,0,0,1,1,1391,8,0,3,10,0,27425.12,9141.71,3,0.0,0.0,0
MRC000379,2026-08-31,5,1,1,1,1037,2,2,3,8,705.31,1477.29,492.43,3,2.6663,1.9097,0
MRC000380,2026-08-31,0,1,1,1,1370,1,1,5,9,2111.94,4699.85,939.97,5,0.7999,1.7975,0
MRC000381,2026-08-31,0,2,0,1,2207,19,0,1,3,0,497.72,497.72,1,0.0,0.0,1
MRC000382,2026-08-31,2,1,1,1,1644,10,0,3,6,0,4330.5,1443.5,3,0.0,0.0,0
MRC000383,2026-08-31,5,1,1,1,315,15,0,8,14,0,7680.08,960.01,7,0.0,0.0,0
MRC000384,2026-08-31,2,0,1,1,1524,1,3,10,19,8403.66,17739.23,1773.92,9,1.2,1.8949,0
MRC000385,2026-08-31,0,2,1,1,1081,3,1,3,10,266.17,1098.5,366.17,3,1.3332,0.9692,0
MRC000386,2026-08-31,2,0,1,1,1444,6,1,14,26,9019.99,28042.53,2003.04,11,0.2857,1.2866,0
MRC000387,2026-08-31,4,0,1,1,1475,41,0,0,2,0,0,0.0,0,0.0,0.0,0
MRC000388,2026-08-31,0,0,1,1,1544,67,0,0,0,0,0,0.0,0,0.0,0.0,1
MRC000389,2026-08-31,3,0,1,0,2149,7,0,5,8,0,9179.86,1835.97,3,0.0,0.0,0
MRC000390,2026-08-31,0,1,0,1,2133,8,0,5,10,0,2803.77,560.75,4,0.0,0.0,0
MRC000391,2026-08-31,4,0,1,1,2379,0,1,5,12,586.4,11126.94,2225.39,5,0.7999,0.2108,0
MRC000392,2026-08-31,5,0,1,1,1592,5,1,2,8,62.54,6096.82,3048.41,2,1.9996,0.041,0
MRC000393,2026-08-31,5,0,1,1,880,56,0,0,1,0,0,0.0,0,0.0,0.0,0
MRC000394,2026-08-31,4,3,1,1,684,11,0,1,3,0,527.58,527.58,1,0.0,0.0,0
MRC000395,2026-08-31,2,1,1,1,2112,28,0,1,2,0,139.87,139.87,1,0.0,0.0,0
MRC000396,2026-08-31,4,2,1,1,2253,175,0,0,0,0,0,0.0,0,0.0,0.0,1
MRC000397,2026-08-31,5,2,0,1,338,7,0,1,2,0,1462.2,1462.2,1,0.0,0.0,0
MRC000398,2026-08-31,0,2,1,1,728,1,1,1,3,3991.18,3991.18,3991.18,1,3.9984,4.0,0
MRC000399,2026-08-31,0,1,0,1,1741,15,0,1,2,0,1907.79,1907.79,1,0.0,0.0,0
MRC000400,2026-08-31,5,0,1,1,617,12,0,4,4,0,8776.64,2194.16,4,0.0,0.0,1
MRC000401,2026-08-31,0,0,1,1,366,7,0,1,1,0,6322.75,6322.75,1,0.0,0.0,1
MRC000402,2026-08-31,0,0,1,0,2435,0,1,3,6,1849.61,2635.95,878.65,3,1.3332,2.8067,1
MRC000403,2026-08-31,0,1,1,0,467,0,1,1,5,1277.64,1277.64,1277.64,1,3.9984,4.0,0
MRC000404,2026-08-31,5,0,1,1,723,9,0,5,11,0,11104.28,2220.86,5,0.0,0.0,0
MRC000405,2026-08-31,5,0,1,0,2417,2,2,4,7,2356.91,8371.19,2092.8,4,1.9998,1.1262,0
MRC000406,2026-08-31,5,1,0,1,475,0,27,85,170,22997.66,96102.78,1130.62,27,1.2706,0.9572,0
MRC000407,2026-08-31,5,0,0,0,2004,1,1,3,6,1775.61,7245.97,2415.32,3,1.3332,0.9802,0
MRC000408,2026-08-31,2,0,1,0,1484,3,2,5,10,1236.95,36451.74,7290.35,5,1.5999,0.1357,0
MRC000409,2026-08-31,5,0,1,1,1436,45,0,0,2,0,0,0.0,0,0.0,0.0,0
MRC000410,2026-08-31,5,1,0,1,2064,18,0,1,3,0,151.37,151.37,1,0.0,0.0,0
MRC000411,2026-08-31,5,0,1,1,303,4,1,19,35,782.98,15168.88,798.36,12,0.2105,0.2065,0
MRC000412,2026-08-31,5,0,1,1,389,5,1,8,19,1972.32,19801.15,2475.14,8,0.5,0.3984,0
MRC000413,2026-08-31,2,0,1,1,684,12,0,1,1,0,596.24,596.24,1,0.0,0.0,0
MRC000414,2026-08-31,4,1,1,1,1327,14,0,2,3,0,1596.88,798.44,2,0.0,0.0,0
MRC000415,2026-08-31,5,0,1,1,2359,5,1,2,4,511.25,861.18,430.59,2,1.9996,2.3746,0
MRC000416,2026-08-31,0,0,0,1,406,12,0,1,1,0,3217.71,3217.71,1,0.0,0.0,0
MRC000417,2026-08-31,5,2,1,1,1175,53,0,0,1,0,0,0.0,0,0.0,0.0,0
MRC000418,2026-08-31,0,2,1,1,1193,7,0,5,9,0,4026.65,805.33,5,0.0,0.0,0
MRC000419,2026-08-31,0,0,1,0,686,23,0,1,1,0,817.02,817.02,1,0.0,0.0,0
MRC000420,2026-08-31,5,0,1,1,1008,1,1,4,7,3113.88,12292.6,3073.15,4,0.9999,1.0133,0
MRC000421,2026-08-31,5,0,0,1,696,2,4,7,14,10582.29,22279.35,3182.76,6,2.2856,1.8999,0
MRC000422,2026-08-31,5,1,1,1,556,1,1,7,16,2033.35,10601.82,1514.55,7,0.5714,0.7672,0
MRC000423,2026-08-31,2,0,1,0,1395,7,0,1,5,0,1532.81,1532.81,1,0.0,0.0,0
MRC000424,2026-08-31,5,2,0,1,2291,4,2,22,34,8510.12,37558.23,1707.19,14,0.3636,0.9063,0
MRC000425,2026-08-31,5,2,0,1,1140,1,3,4,7,1102.59,3650.08,912.52,3,2.9997,1.2083,0
MRC000426,2026-08-31,5,1,1,1,1644,2,1,8,21,3980.84,9735.63,1216.95,6,0.5,1.6356,0
MRC000427,2026-08-31,5,0,1,1,1721,15,0,1,3,0,766.77,766.77,1,0.0,0.0,0
MRC000428,2026-08-31,5,2,1,1,2099,0,5,13,31,4440.87,15520.51,1193.89,11,1.5384,1.1445,0
MRC000429,2026-08-31,2,1,1,1,2058,5,1,3,8,690.1,1739.12,579.71,3,1.3332,1.5872,0
MRC000430,2026-08-31,5,1,1,1,2236,2,4,19,40,7241.49,42636.21,2244.01,15,0.8421,0.6794,0
MRC000431,2026-08-31,5,0,1,1,2036,0,9,16,32,16105.16,26272.05,1642.0,12,2.2499,2.4521,0
MRC000432,2026-08-31,5,1,1,1,2289,6,1,4,8,594.15,2584.12,646.03,4,0.9999,0.9197,0
MRC000433,2026-08-31,2,2,0,1,2367,1,1,5,12,1445.77,3736.94,747.39,5,0.7999,1.5475,0
MRC000434,2026-08-31,5,2,1,1,1891,1,1,2,4,172.65,401.12,200.56,2,1.9996,1.7217,0
MRC000435,2026-08-31,5,1,0,1,1334,8,0,2,3,0,695.81,347.9,2,0.0,0.0,0
MRC000436,2026-08-31,5,1,1,1,927,0,2,7,13,2844.04,9293.47,1327.64,7,1.1428,1.2241,0
MRC000437,2026-08-31,5,1,0,1,1505,4,2,6,12,859.14,7544.29,1257.38,6,1.3332,0.4555,0
MRC000438,2026-08-31,2,1,1,1,2068,79,0,0,0,0,0,0.0,0,0.0,0.0,0
MRC000439,2026-08-31,2,2,0,1,1903,9,0,2,4,0,419.03,209.51,2,0.0,0.0,0
MRC000440,2026-08-31,5,1,1,1,1393,0,1,7,18,1165.87,23947.28,3421.04,6,0.5714,0.1947,0
MRC000441,2026-08-31,0,0,1,1,423,1,3,15,34,2866.32,19087.81,1272.52,14,0.8,0.6007,0
MRC000442,2026-08-31,3,0,0,1,850,5,1,3,9,909.41,4075.59,1358.53,3,1.3332,0.8925,0
MRC000443,2026-08-31,5,1,1,1,1518,35,0,0,1,0,0,0.0,0,0.0,0.0,0
MRC000444,2026-08-31,5,2,0,1,1099,56,0,0,2,0,0,0.0,0,0.0,0.0,0
MRC000445,2026-08-31,0,0,1,1,1253,8,0,2,2,0,2456.77,1228.38,2,0.0,0.0,0
MRC000446,2026-08-31,5,1,1,0,915,1,3,14,34,1841.97,25048.51,1789.18,13,0.8571,0.2941,0
MRC000447,2026-08-31,5,2,1,1,423,18,0,3,5,0,2422.61,807.54,3,0.0,0.0,1
MRC000448,2026-08-31,4,1,1,0,1275,6,2,8,16,5362.66,10061.69,1257.71,7,1.0,2.1319,0
MRC000449,2026-08-31,5,0,1,1,1229,25,0,1,1,0,1349.34,1349.34,1,0.0,0.0,1
MRC000450,2026-08-31,5,0,1,1,1964,0,1,8,15,77.84,5682.16,710.27,8,0.5,0.0548,0
MRC000451,2026-08-31,5,1,1,1,502,0,1,2,4,137.66,1197.5,598.75,2,1.9996,0.4598,0
MRC000452,2026-08-31,0,0,1,1,1316,5,3,4,7,4873.02,9451.28,2362.82,3,2.9997,2.0624,0
MRC000453,2026-08-31,0,1,1,1,2122,66,0,0,0,0,0,0.0,0,0.0,0.0,1
MRC000454,2026-08-31,5,1,1,1,842,0,4,17,27,3200.49,50643.4,2979.02,15,0.9412,0.2528,0
MRC000455,2026-08-31,0,1,1,1,948,4,1,3,4,1831.97,2774.88,924.96,3,1.3332,2.6408,0
MRC000456,2026-08-31,2,1,1,1,447,63,0,0,0,0,0,0.0,0,0.0,0.0,0
MRC000457,2026-08-31,5,0,1,1,1512,6,1,2,2,784.58,1009.86,504.93,2,1.9996,3.1077,1
MRC000458,2026-08-31,0,0,1,1,2126,4,1,1,4,299.19,299.19,299.19,1,3.9984,4.0,0
MRC000459,2026-08-31,5,0,1,1,1309,7,0,2,3,0,1567.95,783.98,2,0.0,0.0,0
MRC000460,2026-08-31,5,0,1,1,1168,5,1,3,9,480.32,1856.18,618.73,3,1.3332,1.0351,0
MRC000461,2026-08-31,3,1,0,1,1893,8,0,4,7,0,3566.8,891.7,4,0.0,0.0,0
MRC000462,2026-08-31,5,0,0,1,1222,3,1,10,20,613.37,10542.52,1054.25,9,0.4,0.2327,0
MRC000463,2026-08-31,3,1,1,1,1128,4,1,4,6,237.45,3793.02,948.25,4,0.9999,0.2504,0
MRC000464,2026-08-31,0,0,1,0,1925,3,1,8,21,373.89,12917.97,1614.75,8,0.5,0.1158,0
MRC000465,2026-08-31,0,0,1,1,877,17,0,1,3,0,2520.79,2520.79,1,0.0,0.0,0
MRC000466,2026-08-31,5,0,1,1,2113,4,1,1,1,505.19,505.19,505.19,1,3.9984,4.0,1
MRC000467,2026-08-31,2,1,0,1,842,24,0,2,2,0,6617.55,3308.77,2,0.0,0.0,0
MRC000468,2026-08-31,4,1,1,1,1373,154,0,0,0,0,0,0.0,0,0.0,0.0,0
MRC000469,2026-08-31,0,2,1,1,803,5,1,1,2,566.68,566.68,566.68,1,3.9984,4.0,1
MRC000470,2026-08-31,5,0,0,1,1638,9,0,6,10,0,14122.88,2353.81,5,0.0,0.0,0
MRC000471,2026-08-31,0,1,1,1,1205,2,1,3,6,1171.98,2728.89,909.63,3,1.3332,1.7179,0
MRC000472,2026-08-31,5,1,0,0,779,5,1,4,10,2250.56,11203.76,2800.94,3,0.9999,0.8035,0
MRC000473,2026-08-31,2,0,1,1,1882,0,1,6,11,4952.91,8687.21,1447.87,6,0.6666,2.2806,0
MRC000474,2026-08-31,5,0,0,1,2300,86,0,0,0,0,0,0.0,0,0.0,0.0,1
MRC000475,2026-08-31,4,0,1,1,318,2,1,2,8,76.58,149.14,74.57,2,1.9996,2.0539,0
MRC000476,2026-08-31,0,0,1,1,1497,5,1,2,3,19437.44,19762.95,9881.47,2,1.9996,3.9341,0
MRC000477,2026-08-31,3,2,1,1,1826,22,0,1,2,0,638.85,638.85,1,0.0,0.0,1
MRC000478,2026-08-31,5,0,1,1,1829,6,1,1,1,8112.18,8112.18,8112.18,1,3.9984,4.0,1
MRC000479,2026-08-31,0,1,1,1,738,0,3,8,18,2468.34,18009.13,2251.14,8,1.4999,0.5482,0
MRC000480,2026-08-31,5,1,1,1,506,28,0,1,1,0,1898.05,1898.05,1,0.0,0.0,1
MRC000481,2026-08-31,5,0,0,1,1379,2,1,3,3,336.94,3517.24,1172.41,3,1.3332,0.3832,1
MRC000482,2026-08-31,4,1,1,0,1648,20,0,1,2,0,537.4,537.4,1,0.0,0.0,1
MRC000483,2026-08-31,5,0,0,1,889,13,0,1,5,0,1470.49,1470.49,1,0.0,0.0,0
MRC000484,2026-08-31,0,1,1,1,1063,3,2,3,7,2477.6,6568.5,2189.5,2,2.6663,1.5088,0
MRC000485,2026-08-31,3,0,1,1,1419,3,4,14,24,2212.89,20501.88,1464.42,11,1.1428,0.4317,0
MRC000486,2026-08-31,0,0,0,1,1240,2,1,2,3,1146.23,1384.54,692.27,2,1.9996,3.3115,0
MRC000487,2026-08-31,5,0,1,1,1313,6,1,5,15,7415.82,14510.89,2902.18,5,0.7999,2.0442,0
MRC000488,2026-08-31,2,1,1,1,1747,14,0,5,12,0,12659.84,2531.97,5,0.0,0.0,0
MRC000489,2026-08-31,5,1,0,0,2407,9,0,1,3,0,2987.79,2987.79,1,0.0,0.0,0
MRC000490,2026-08-31,5,1,1,1,1996,14,0,2,5,0,1696.58,848.29,2,0.0,0.0,1
MRC000491,2026-08-31,5,0,0,1,274,0,5,14,24,7096.59,32633.7,2330.98,12,1.4285,0.8698,0
MRC000492,2026-08-31,5,3,1,0,1020,1,3,13,24,1223.25,17232.59,1325.58,12,0.923,0.2839,0
MRC000493,2026-08-31,5,0,1,1,278,5,1,10,19,1537.59,21907.74,2190.77,9,0.4,0.2807,0
MRC000494,2026-08-31,4,2,1,1,2165,3,1,8,17,277.79,5388.31,673.54,8,0.5,0.2062,0
MRC000495,2026-08-31,2,1,1,1,1665,10,0,6,13,0,4023.35,670.56,5,0.0,0.0,0
MRC000496,2026-08-31,0,1,1,1,735,1,2,4,8,668.11,1681.84,420.46,4,1.9998,1.589,0
MRC000497,2026-08-31,5,1,1,1,2090,13,0,1,6,0,797.45,797.45,1,0.0,0.0,0
MRC000498,2026-08-31,5,1,1,1,1486,0,6,17,39,11313.65,27540.29,1620.02,14,1.4117,1.6432,0
MRC000499,2026-08-31,5,1,1,1,369,3,2,4,7,1331.75,6327.72,1581.93,4,1.9998,0.8419,0
MRC000500,2026-08-31,5,0,1,1,587,0,1,1,3,698.62,698.62,698.62,1,3.9984,4.0,0
MRC000501,2026-08-31,5,1,0,1,2025,30,0,0,1,0,0,0.0,0,0.0,0.0,0
MRC000502,2026-08-31,0,0,1,1,889,44,0,0,2,0,0,0.0,0,0.0,0.0,0
MRC000503,2026-08-31,0,1,0,1,1403,0,4,22,44,3023.41,35659.83,1620.9,20,0.7273,0.3391,0
MRC000504,2026-08-31,5,1,1,1,2213,7,0,9,17,0,15231.43,1692.38,6,0.0,0.0,0
MRC000505,2026-08-31,0,2,1,1,888,0,2,5,10,15215.04,17693.1,3538.62,5,1.5999,3.4398,1
MRC000506,2026-08-31,0,1,1,1,282,11,0,3,7,0,1496.32,498.77,3,0.0,0.0,0
MRC000507,2026-08-31,5,0,1,1,440,54,0,0,1,0,0,0.0,0,0.0,0.0,1
MRC000508,2026-08-31,5,1,1,1,2257,43,0,0,1,0,0,0.0,0,0.0,0.0,0
MRC000509,2026-08-31,5,0,1,1,1567,92,0,0,0,0,0,0.0,0,0.0,0.0,1
MRC000510,2026-08-31,2,1,1,0,974,0,2,5,8,8016.13,9491.67,1898.33,4,1.5999,3.3782,0
MRC000511,2026-08-31,5,1,1,1,428,8,0,4,10,0,3672.93,918.23,3,0.0,0.0,0
MRC000512,2026-08-31,4,1,1,0,1777,6,1,2,3,9197.89,10029.8,5014.9,2,1.9996,3.6682,0
MRC000513,2026-08-31,5,0,1,1,343,1,2,13,33,1999.78,14246.32,1095.87,12,0.6154,0.5615,0
MRC000514,2026-08-31,2,0,1,1,457,2,1,6,10,2366.1,5520.52,920.09,5,0.6666,1.7144,0
MRC000515,2026-08-31,5,1,1,1,1554,197,0,0,0,0,0,0.0,0,0.0,0.0,1
MRC000516,2026-08-31,5,0,0,1,1658,0,6,22,41,6308.87,32734.63,1487.94,18,1.0909,0.7709,0
MRC000517,2026-08-31,5,0,0,1,1501,31,0,0,2,0,0,0.0,0,0.0,0.0,0
MRC000518,2026-08-31,0,0,1,0,2244,11,0,4,9,0,2827.61,706.9,4,0.0,0.0,0
MRC000519,2026-08-31,5,1,0,1,845,8,0,6,9,0,8563.1,1427.18,5,0.0,0.0,0
MRC000520,2026-08-31,4,0,1,1,1470,10,0,3,5,0,3009.24,1003.08,3,0.0,0.0,0
MRC000521,2026-08-31,5,1,1,1,925,0,2,4,4,1572.99,32099.97,8024.99,4,1.9998,0.196,0
MRC000522,2026-08-31,0,2,1,1,1048,4,1,5,10,90.01,5089.78,1017.96,4,0.7999,0.0707,0
MRC000523,2026-08-31,0,1,0,1,586,27,0,1,2,0,1944.08,1944.08,1,0.0,0.0,1
MRC000524,2026-08-31,5,0,0,1,1990,0,12,43,105,30650.42,87353.75,2031.48,22,1.1163,1.4035,0
MRC000525,2026-08-31,5,0,1,1,1794,2,3,9,22,1987.13,12658.27,1406.47,8,1.3333,0.6279,0
MRC000526,2026-08-31,5,0,1,1,1814,1,2,3,8,2114.25,2709.57,903.19,3,2.6663,3.1212,0
MRC000527,2026-08-31,0,1,1,1,567,0,11,26,46,20896.65,42538.4,1636.09,18,1.6923,1.965,0
MRC000528,2026-08-31,5,1,1,1,514,24,0,1,2,0,612.36,612.36,1,0.0,0.0,0
MRC000529,2026-08-31,0,0,1,1,1965,1,2,7,15,1178.0,7289.9,1041.41,7,1.1428,0.6464,0
MRC000530,2026-08-31,0,0,1,0,1711,2,1,3,6,370.14,4116.1,1372.03,2,1.3332,0.3597,1
MRC000531,2026-08-31,5,0,1,1,322,5,1,6,10,1337.68,10695.91,1782.65,6,0.6666,0.5003,0
MRC000532,2026-08-31,4,0,1,1,1709,3,2,6,10,5562.94,12297.04,2049.51,4,1.3332,1.8095,0
MRC000533,2026-08-31,5,2,1,1,2398,118,0,0,0,0,0,0.0,0,0.0,0.0,1
MRC000534,2026-08-31,0,0,1,1,1899,59,0,0,1,0,0,0.0,0,0.0,0.0,0
MRC000535,2026-08-31,0,0,1,1,863,2,2,10,26,476.68,18434.13,1843.41,9,0.8,0.1034,0
MRC000536,2026-08-31,5,0,1,1,948,30,0,0,4,0,0,0.0,0,0.0,0.0,0
MRC000537,2026-08-31,4,0,0,1,1900,1,6,21,53,2735.36,12817.31,610.35,15,1.1428,0.8536,0
MRC000538,2026-08-31,5,0,1,1,1133,0,1,7,25,686.12,12091.82,1727.4,6,0.5714,0.227,0
MRC000539,2026-08-31,5,1,1,1,1866,16,0,3,3,0,1969.78,656.59,3,0.0,0.0,0
MRC000540,2026-08-31,0,0,1,0,2354,0,1,2,7,4175.88,5104.06,2552.03,2,1.9996,3.2726,0
MRC000541,2026-08-31,5,0,1,1,1142,2,3,13,27,9740.07,25408.94,1954.53,11,0.923,1.5333,0
MRC000542,2026-08-31,4,1,1,0,1510,0,8,28,50,13905.03,43088.88,1538.89,21,1.1428,1.2908,0
MRC000543,2026-08-31,2,1,1,1,1327,4,1,3,4,927.82,8291.29,2763.76,3,1.3332,0.4476,0
MRC000544,2026-08-31,0,0,0,1,1368,0,5,14,30,6336.17,15718.03,1122.72,11,1.4285,1.6125,0
MRC000545,2026-08-31,5,2,1,0,422,0,3,8,18,2075.51,8603.97,1075.5,6,1.4999,0.9649,0
MRC000546,2026-08-31,5,0,0,0,2413,0,3,13,23,3733.52,19874.93,1528.84,11,0.923,0.7514,0
MRC000547,2026-08-31,3,3,1,1,1438,0,1,3,6,2149.31,4784.34,1594.78,3,1.3332,1.797,0
MRC000548,2026-08-31,5,2,1,1,758,36,0,0,2,0,0,0.0,0,0.0,0.0,0
MRC000549,2026-08-31,2,1,1,1,1511,1,1,1,1,1962.12,1962.12,1962.12,1,3.9984,4.0,1
MRC000550,2026-08-31,5,0,1,1,1126,29,0,2,3,0,1667.45,833.73,1,0.0,0.0,0
MRC000551,2026-08-31,5,2,1,1,2052,1,3,26,57,5290.66,49168.22,1891.09,19,0.4615,0.4304,0
MRC000552,2026-08-31,5,0,1,1,1917,1,4,5,8,6392.54,6454.45,1290.89,5,3.1997,3.9616,0
MRC000553,2026-08-31,5,0,0,0,1091,35,0,0,2,0,0,0.0,0,0.0,0.0,0
MRC000554,2026-08-31,5,1,0,1,1815,0,1,10,24,358.35,7450.98,745.1,8,0.4,0.1924,0
MRC000555,2026-08-31,0,1,1,1,329,26,0,2,2,0,3216.83,1608.41,2,0.0,0.0,0
MRC000556,2026-08-31,5,2,1,1,2369,12,0,2,4,0,3471.24,1735.62,2,0.0,0.0,1
MRC000557,2026-08-31,5,1,1,1,1373,0,5,31,72,3468.43,50453.63,1627.54,19,0.6452,0.275,0
MRC000558,2026-08-31,5,2,1,1,1686,89,0,0,0,0,0,0.0,0,0.0,0.0,0
MRC000559,2026-08-31,4,1,1,1,1666,5,1,2,6,872.0,955.93,477.97,2,1.9996,3.6488,0
MRC000560,2026-08-31,5,1,1,0,941,38,0,0,4,0,0,0.0,0,0.0,0.0,0
MRC000561,2026-08-31,4,1,0,1,1764,14,0,1,1,0,568.55,568.55,1,0.0,0.0,1
MRC000562,2026-08-31,5,3,1,0,1125,59,0,0,1,0,0,0.0,0,0.0,0.0,1
MRC000563,2026-08-31,3,2,1,0,1744,4,2,5,9,26186.85,30997.3,6199.46,5,1.5999,3.3792,0
MRC000564,2026-08-31,0,2,1,1,453,30,0,0,5,0,0,0.0,0,0.0,0.0,0
MRC000565,2026-08-31,5,1,1,1,576,4,1,8,15,2576.59,21768.89,2721.11,8,0.5,0.4734,0
MRC000566,2026-08-31,0,1,0,1,2275,16,0,2,7,0,1909.95,954.98,2,0.0,0.0,0
MRC000567,2026-08-31,5,0,1,1,1864,1,2,3,9,2155.68,8113.97,2704.66,3,2.6663,1.0627,0
MRC000568,2026-08-31,5,2,1,1,538,59,0,0,1,0,0,0.0,0,0.0,0.0,1
MRC000569,2026-08-31,2,0,1,1,724,1,4,16,20,10484.8,19351.09,1209.44,15,1.0,2.1673,0
MRC000570,2026-08-31,5,0,1,1,1449,8,0,6,12,0,12719.5,2119.92,5,0.0,0.0,0
MRC000571,2026-08-31,0,1,1,1,269,3,1,3,3,327.24,5645.04,1881.68,3,1.3332,0.2319,0
MRC000572,2026-08-31,5,1,1,0,1134,33,0,0,1,0,0,0.0,0,0.0,0.0,1
MRC000573,2026-08-31,5,1,1,1,970,233,0,0,0,0,0,0.0,0,0.0,0.0,0
MRC000574,2026-08-31,0,0,0,0,550,0,3,7,18,643.46,6139.14,877.02,7,1.7142,0.4193,0
MRC000575,2026-08-31,5,0,1,1,912,5,1,7,14,2857.7,11044.47,1577.78,5,0.5714,1.035,0
MRC000576,2026-08-31,3,0,1,1,897,2,3,13,25,2045.21,10890.47,837.73,11,0.923,0.7512,0
MRC000577,2026-08-31,3,0,1,1,403,14,0,4,8,0,6950.66,1737.66,4,0.0,0.0,0
MRC000578,2026-08-31,5,0,1,1,1641,2,1,5,16,1199.0,2647.18,529.44,5,0.7999,1.8117,0
MRC000579,2026-08-31,5,1,1,0,852,0,2,8,13,1441.28,6276.86,784.61,8,1.0,0.9185,0
MRC000580,2026-08-31,5,0,1,1,325,3,1,3,7,1208.02,1749.69,583.23,3,1.3332,2.7617,0
MRC000581,2026-08-31,4,0,1,1,305,36,0,0,6,0,0,0.0,0,0.0,0.0,0
MRC000582,2026-08-31,2,0,1,1,2367,7,0,1,2,0,1006.29,1006.29,1,0.0,0.0,0
MRC000583,2026-08-31,5,1,1,1,515,5,2,9,17,2952.72,34763.7,3862.63,8,0.8888,0.3397,0
MRC000584,2026-08-31,0,2,0,0,2243,6,1,9,15,729.94,13908.76,1545.42,8,0.4444,0.2099,0
MRC000585,2026-08-31,5,0,1,1,621,42,0,0,4,0,0,0.0,0,0.0,0.0,0
MRC000586,2026-08-31,0,0,1,1,441,5,1,2,4,438.54,4025.09,2012.55,2,1.9996,0.4358,0
MRC000587,2026-08-31,5,1,1,0,1448,11,0,3,8,0,2284.28,761.43,3,0.0,0.0,0
MRC000588,2026-08-31,5,0,1,1,2154,2,1,10,15,165.69,8694.16,869.42,8,0.4,0.0762,0
MRC000589,2026-08-31,2,2,1,1,413,38,0,0,1,0,0,0.0,0,0.0,0.0,0
MRC000590,2026-08-31,4,3,1,1,974,52,0,0,1,0,0,0.0,0,0.0,0.0,1
MRC000591,2026-08-31,5,1,1,1,1901,50,0,0,1,0,0,0.0,0,0.0,0.0,1
MRC000592,2026-08-31,5,2,0,1,404,17,0,1,3,0,1582.13,1582.13,1,0.0,0.0,0
MRC000593,2026-08-31,3,1,1,1,627,1,3,4,8,4540.57,9248.77,2312.19,3,2.9997,1.9638,0
MRC000594,2026-08-31,5,1,1,1,925,168,0,0,0,0,0,0.0,0,0.0,0.0,0
MRC000595,2026-08-31,5,0,1,1,2019,3,2,5,13,1794.91,3571.82,714.36,5,1.5999,2.0101,0
MRC000596,2026-08-31,2,0,1,1,2024,4,3,16,36,2198.1,20761.1,1297.57,11,0.75,0.4235,0
MRC000597,2026-08-31,5,0,1,1,1807,5,1,8,12,2492.91,5540.3,692.54,7,0.5,1.7998,0
MRC000598,2026-08-31,2,1,1,1,1711,2,3,13,23,1187.22,16828.06,1294.47,12,0.923,0.2822,0
MRC000599,2026-08-31,0,1,1,1,314,25,0,1,3,0,626.91,626.91,1,0.0,0.0,0
MRC000600,2026-08-31,5,0,1,1,778,20,0,1,7,0,1268.51,1268.51,1,0.0,0.0,0
MRC000601,2026-08-31,5,1,1,1,2270,12,0,7,12,0,14521.7,2074.53,7,0.0,0.0,0
MRC000602,2026-08-31,5,0,0,1,1828,25,0,1,4,0,1927.69,1927.69,1,0.0,0.0,0
MRC000603,2026-08-31,5,0,1,1,783,22,0,3,3,0,1720.91,573.64,3,0.0,0.0,0
MRC000604,2026-08-31,5,0,1,1,1803,2,3,11,22,5833.76,31734.7,2884.97,9,1.0909,0.7353,0
MRC000605,2026-08-31,4,1,1,1,1839,3,1,4,6,1092.29,2118.81,529.7,4,0.9999,2.0621,0
MRC000606,2026-08-31,5,1,1,1,1880,4,1,7,13,416.89,5362.12,766.02,6,0.5714,0.311,0
MRC000607,2026-08-31,5,1,1,1,2398,0,1,1,2,633.46,633.46,633.46,1,3.9984,4.0,1
MRC000608,2026-08-31,5,0,1,1,1438,2,3,13,30,1226.51,19600.41,1507.72,10,0.923,0.2503,0
MRC000609,2026-08-31,5,1,1,1,387,64,0,0,0,0,0,0.0,0,0.0,0.0,0
MRC000610,2026-08-31,5,3,1,0,2046,5,2,3,14,2302.83,3479.59,1159.86,3,2.6663,2.6472,0
MRC000611,2026-08-31,5,0,0,0,289,53,0,0,1,0,0,0.0,0,0.0,0.0,0
MRC000612,2026-08-31,5,1,1,1,1658,11,0,1,7,0,5195.37,5195.37,1,0.0,0.0,0
MRC000613,2026-08-31,5,0,1,0,1997,8,0,7,12,0,19301.49,2757.36,7,0.0,0.0,0
MRC000614,2026-08-31,5,0,1,1,530,0,8,35,61,25188.66,89390.62,2554.02,18,0.9143,1.1271,0
MRC000615,2026-08-31,4,1,0,1,1999,30,0,0,3,0,0,0.0,0,0.0,0.0,1
MRC000616,2026-08-31,5,0,0,1,2027,13,0,4,9,0,8376.63,2094.16,4,0.0,0.0,0
MRC000617,2026-08-31,2,1,1,1,1685,1,3,10,14,8276.44,19489.36,1948.94,10,1.2,1.6987,0
MRC000618,2026-08-31,5,2,1,1,964,12,0,1,3,0,116.69,116.69,1,0.0,0.0,0
MRC000619,2026-08-31,3,0,0,1,698,26,0,1,1,0,6482.75,6482.75,1,0.0,0.0,0
MRC000620,2026-08-31,5,0,0,1,1797,36,0,0,1,0,0,0.0,0,0.0,0.0,0
MRC000621,2026-08-31,2,2,0,1,600,1,3,9,19,3389.36,11984.99,1331.67,7,1.3333,1.1312,0
MRC000622,2026-08-31,5,1,1,1,1732,0,6,26,42,10144.83,63599.56,2446.14,18,0.9231,0.638,0
MRC000623,2026-08-31,3,2,1,1,627,6,1,1,1,1413.88,1413.88,1413.88,1,3.9984,4.0,0
MRC000624,2026-08-31,0,0,1,1,990,23,0,1,2,0,396.09,396.09,1,0.0,0.0,0
MRC000625,2026-08-31,5,1,1,1,1363,0,2,16,32,935.69,19396.41,1212.28,12,0.5,0.193,0
MRC000626,2026-08-31,2,2,1,1,610,9,0,2,5,0,1468.16,734.08,2,0.0,0.0,0
MRC000627,2026-08-31,5,0,1,1,1993,6,1,3,5,82.44,2132.33,710.78,3,1.3332,0.1546,0
MRC000628,2026-08-31,4,2,1,1,1775,1,3,12,19,12434.9,21567.43,1797.29,12,1.0,2.3062,0
MRC000629,2026-08-31,3,1,1,0,292,4,2,11,21,3777.54,15557.96,1414.36,8,0.7272,0.9712,0
MRC000630,2026-08-31,5,2,1,1,2112,1,2,10,22,2329.23,10885.04,1088.5,9,0.8,0.8559,0
MRC000631,2026-08-31,5,0,1,1,1823,5,1,1,1,194.23,194.23,194.23,1,3.9984,4.0,0
MRC000632,2026-08-31,0,1,1,0,2088,21,0,2,2,0,3234.87,1617.43,2,0.0,0.0,0
MRC000633,2026-08-31,5,0,1,1,1571,0,3,12,27,2669.09,10387.46,865.62,11,1.0,1.0278,0
MRC000634,2026-08-31,5,3,0,1,1625,2,2,4,11,18113.79,22700.14,5675.03,4,1.9998,3.1918,0
MRC000635,2026-08-31,4,0,1,1,1095,20,0,2,2,0,2477.1,1238.55,2,0.0,0.0,0
MRC000636,2026-08-31,4,0,1,1,753,13,0,1,2,0,2981.39,2981.39,1,0.0,0.0,0
MRC000637,2026-08-31,2,2,1,1,771,1,2,8,13,3548.11,8934.76,1116.85,8,1.0,1.5885,0
MRC000638,2026-08-31,5,0,0,1,947,1,5,12,23,8130.95,21940.69,1828.39,10,1.6666,1.4824,0
MRC000639,2026-08-31,2,1,1,1,892,6,1,4,6,664.97,5344.26,1336.07,4,0.9999,0.4977,0
MRC000640,2026-08-31,5,0,1,1,1905,2,1,1,3,7074.02,7074.02,7074.02,1,3.9984,4.0,0
MRC000641,2026-08-31,5,1,1,1,1402,9,0,3,7,0,21295.42,7098.47,3,0.0,0.0,0
MRC000642,2026-08-31,5,0,1,1,1154,0,5,18,29,3587.69,25174.12,1398.56,16,1.1111,0.5701,0
MRC000643,2026-08-31,5,1,1,1,1841,2,2,11,21,6331.94,23367.81,2124.35,11,0.7272,1.0839,0
MRC000644,2026-08-31,5,1,0,1,1857,4,2,4,5,1344.32,4223.85,1055.96,4,1.9998,1.2731,0
MRC000645,2026-08-31,0,0,1,1,2299,28,0,2,4,0,2122.57,1061.29,1,0.0,0.0,0
MRC000646,2026-08-31,5,0,1,1,933,1,2,6,16,6400.17,8442.19,1407.03,6,1.3332,3.0325,0
MRC000647,2026-08-31,4,0,1,1,788,0,3,17,38,2017.47,18805.53,1106.21,12,0.7059,0.4291,0
MRC000648,2026-08-31,0,1,1,1,270,9,0,2,2,0,2597.99,1298.99,2,0.0,0.0,1
MRC000649,2026-08-31,5,0,1,1,606,8,0,2,6,0,1357.0,678.5,2,0.0,0.0,0
MRC000650,2026-08-31,4,0,0,1,1575,0,3,10,16,2071.41,12362.69,1236.27,9,1.2,0.6702,0
MRC000651,2026-08-31,0,0,1,1,2025,27,0,1,6,0,2206.34,2206.34,1,0.0,0.0,0
MRC000652,2026-08-31,5,1,1,1,1570,18,0,1,4,0,169.28,169.28,1,0.0,0.0,0
MRC000653,2026-08-31,2,1,0,1,2423,16,0,2,3,0,773.14,386.57,2,0.0,0.0,0
MRC000654,2026-08-31,0,1,0,1,1628,12,0,3,8,0,2726.44,908.81,3,0.0,0.0,0
MRC000655,2026-08-31,5,2,1,1,2185,2,1,2,4,1107.98,3293.87,1646.93,2,1.9996,1.3455,1
MRC000656,2026-08-31,5,1,0,1,842,5,1,5,8,821.89,6081.48,1216.3,5,0.7999,0.5406,0
MRC000657,2026-08-31,5,2,0,1,964,6,1,4,9,854.55,2862.82,715.7,4,0.9999,1.194,0
MRC000658,2026-08-31,0,1,1,1,2029,20,0,3,3,0,5585.86,1861.95,3,0.0,0.0,0
MRC000659,2026-08-31,3,0,1,1,1701,77,0,0,0,0,0,0.0,0,0.0,0.0,0
MRC000660,2026-08-31,5,3,0,1,1322,1,1,6,9,3389.73,17065.27,2844.21,6,0.6666,0.7945,0
MRC000661,2026-08-31,0,1,1,1,2345,18,0,3,5,0,1224.32,408.11,3,0.0,0.0,0
MRC000662,2026-08-31,4,1,1,1,1922,10,0,7,10,0,8929.75,1275.68,6,0.0,0.0,0
MRC000663,2026-08-31,0,0,1,1,902,28,0,1,2,0,198.07,198.07,1,0.0,0.0,0
MRC000664,2026-08-31,3,0,1,1,1592,3,1,5,9,528.52,6827.3,1365.46,3,0.7999,0.3097,0
MRC000665,2026-08-31,0,1,0,1,1122,8,0,1,1,0,1135.47,1135.47,1,0.0,0.0,0
MRC000666,2026-08-31,5,1,0,1,1166,1,1,2,3,4583.56,5114.19,2557.1,2,1.9996,3.585,0
MRC000667,2026-08-31,5,1,1,1,2016,0,2,9,21,390.25,7158.47,795.39,8,0.8888,0.2181,0
MRC000668,2026-08-31,4,0,1,1,1741,34,0,0,3,0,0,0.0,0,0.0,0.0,0
MRC000669,2026-08-31,5,1,1,1,283,23,0,1,3,0,9525.16,9525.16,1,0.0,0.0,1
MRC000670,2026-08-31,4,0,1,1,1513,13,0,1,4,0,2235.46,2235.46,1,0.0,0.0,1
MRC000671,2026-08-31,0,0,1,1,1670,4,1,7,8,459.32,11280.72,1611.53,7,0.5714,0.1629,0
MRC000672,2026-08-31,5,0,1,1,1372,4,1,5,7,626.88,6542.57,1308.51,5,0.7999,0.3833,0
MRC000673,2026-08-31,5,2,1,1,912,2,2,8,21,3344.76,14268.74,1783.59,8,1.0,0.9376,0
MRC000674,2026-08-31,5,1,1,1,1674,6,1,1,2,191.86,191.86,191.86,1,3.9984,4.0,0
MRC000675,2026-08-31,3,2,1,1,2327,14,0,2,4,0,1295.39,647.7,2,0.0,0.0,0
MRC000676,2026-08-31,0,1,1,1,444,8,0,2,4,0,1068.24,534.12,2,0.0,0.0,0
MRC000677,2026-08-31,5,1,1,1,1574,4,1,1,3,2320.07,2320.07,2320.07,1,3.9984,4.0,0
MRC000678,2026-08-31,4,1,1,1,2245,11,0,1,3,0,2036.08,2036.08,1,0.0,0.0,0
MRC000679,2026-08-31,5,2,1,1,1132,2,2,14,26,982.23,12769.09,912.08,12,0.5714,0.3077,0
MRC000680,2026-08-31,5,2,1,0,989,15,0,3,3,0,1828.89,609.63,3,0.0,0.0,0
MRC000681,2026-08-31,2,1,1,0,798,5,1,8,15,522.13,9842.44,1230.31,8,0.5,0.2122,0
MRC000682,2026-08-31,3,0,1,1,747,53,0,0,3,0,0,0.0,0,0.0,0.0,0
MRC000683,2026-08-31,5,1,1,1,1111,20,0,2,7,0,1323.91,661.96,2,0.0,0.0,0
MRC000684,2026-08-31,5,0,1,1,1943,38,0,0,1,0,0,0.0,0,0.0,0.0,0
MRC000685,2026-08-31,0,0,1,1,654,9,0,3,6,0,1268.61,422.87,3,0.0,0.0,0
MRC000686,2026-08-31,0,1,1,1,762,0,13,48,82,11507.27,84140.71,1752.93,21,1.0833,0.547,0
MRC000687,2026-08-31,0,2,0,1,2439,5,2,12,29,2144.42,25598.98,2133.25,9,0.6666,0.3351,0
MRC000688,2026-08-31,2,0,1,1,2432,0,4,10,14,9249.25,19481.5,1948.15,8,1.5999,1.8991,0
MRC000689,2026-08-31,5,0,1,1,752,44,0,0,4,0,0,0.0,0,0.0,0.0,0
MRC000690,2026-08-31,0,2,0,1,1175,7,0,1,1,0,2346.92,2346.92,1,0.0,0.0,0
MRC000691,2026-08-31,2,0,1,1,1138,3,1,2,4,2354.51,2986.39,1493.2,2,1.9996,3.1537,0
MRC000692,2026-08-31,5,0,1,1,905,0,3,5,5,3874.31,5217.07,1043.41,5,2.3998,2.9705,0
MRC000693,2026-08-31,0,1,0,1,590,3,1,3,5,680.96,5778.49,1926.16,3,1.3332,0.4714,0
MRC000694,2026-08-31,5,2,1,1,392,6,1,2,4,761.6,1237.84,618.92,2,1.9996,2.4611,0
MRC000695,2026-08-31,5,1,1,1,1598,4,1,3,7,278.52,14459.55,4819.85,3,1.3332,0.077,0
MRC000696,2026-08-31,2,1,1,1,348,3,1,1,2,646.52,646.52,646.52,1,3.9984,4.0,1
MRC000697,2026-08-31,3,0,1,0,1613,2,3,7,11,2728.57,4121.25,588.75,7,1.7142,2.6483,0
MRC000698,2026-08-31,2,0,0,1,464,0,1,2,5,366.75,2051.99,1025.99,2,1.9996,0.7149,0
MRC000699,2026-08-31,5,1,1,1,594,4,1,2,5,981.15,2096.36,1048.18,2,1.9996,1.8721,1
MRC000700,2026-08-31,5,2,1,0,267,0,5,23,36,3266.31,33111.87,1439.65,17,0.8696,0.3946,0
MRC000701,2026-08-31,5,0,0,1,1126,1,2,9,16,626.87,22843.25,2538.14,8,0.8888,0.1098,0
MRC000702,2026-08-31,5,0,1,1,971,42,0,0,1,0,0,0.0,0,0.0,0.0,0
MRC000703,2026-08-31,5,0,0,1,982,1,1,8,12,2221.29,6335.69,791.96,7,0.5,1.4024,0
MRC000704,2026-08-31,5,0,1,0,935,60,0,0,0,0,0,0.0,0,0.0,0.0,1
MRC000705,2026-08-31,4,0,1,1,2307,45,0,0,1,0,0,0.0,0,0.0,0.0,1
MRC000706,2026-08-31,0,0,1,1,1196,3,2,6,18,2011.4,6206.77,1034.46,6,1.3332,1.2963,0
MRC000707,2026-08-31,5,1,0,1,2025,1,1,6,12,24.01,5227.45,871.24,6,0.6666,0.0184,0
MRC000708,2026-08-31,5,0,1,1,765,5,1,2,5,205.4,731.9,365.95,2,1.9996,1.1226,0
MRC000709,2026-08-31,5,1,1,1,1312,3,1,8,17,932.58,4963.45,620.43,8,0.5,0.7516,0
MRC000710,2026-08-31,5,1,1,1,394,0,2,3,9,306.63,1470.66,490.22,2,2.6663,0.834,0
MRC000711,2026-08-31,2,2,0,1,822,3,1,4,8,4225.32,8990.01,2247.5,4,0.9999,1.88,0
MRC000712,2026-08-31,4,3,0,1,412,2,3,6,17,3323.53,5482.21,913.7,6,1.9999,2.425,0
MRC000713,2026-08-31,5,0,1,1,302,35,0,0,1,0,0,0.0,0,0.0,0.0,0
MRC000714,2026-08-31,4,0,1,0,654,11,0,4,5,0,3269.92,817.48,4,0.0,0.0,1
MRC000715,2026-08-31,5,1,1,1,604,3,1,6,7,3874.89,8566.46,1427.74,6,0.6666,1.8093,0
MRC000716,2026-08-31,5,0,1,1,948,7,0,6,11,0,4343.9,723.98,5,0.0,0.0,0
MRC000717,2026-08-31,5,0,1,1,1881,14,0,3,5,0,6960.65,2320.22,3,0.0,0.0,0
MRC000718,2026-08-31,5,0,1,1,580,57,0,0,1,0,0,0.0,0,0.0,0.0,0
MRC000719,2026-08-31,3,2,1,1,1591,38,0,0,1,0,0,0.0,0,0.0,0.0,1
MRC000720,2026-08-31,5,0,0,1,1054,12,0,2,7,0,336.26,168.13,2,0.0,0.0,0
MRC000721,2026-08-31,4,1,0,1,1137,16,0,2,5,0,1583.46,791.73,2,0.0,0.0,0
MRC000722,2026-08-31,5,1,1,1,2272,37,0,0,3,0,0,0.0,0,0.0,0.0,1
MRC000723,2026-08-31,5,1,1,1,1272,0,1,2,3,270.9,1859.89,929.94,2,1.9996,0.5826,0
MRC000724,2026-08-31,4,0,1,1,828,15,0,2,7,0,1804.94,902.47,2,0.0,0.0,0
MRC000725,2026-08-31,3,2,0,1,777,3,1,15,31,1044.83,27041.08,1802.74,11,0.2667,0.1546,0
MRC000726,2026-08-31,5,1,0,1,624,15,0,2,9,0,7302.18,3651.09,2,0.0,0.0,0
MRC000727,2026-08-31,4,1,1,1,2009,0,5,17,25,2542.74,22088.08,1299.3,14,1.1764,0.4605,0
MRC000728,2026-08-31,5,0,1,1,1709,21,0,2,6,0,1143.21,571.61,2,0.0,0.0,0
MRC000729,2026-08-31,5,2,1,0,842,1,3,7,10,1748.16,5210.62,744.37,6,1.7142,1.342,0
MRC000730,2026-08-31,5,1,0,1,1329,1,2,9,24,3981.16,13524.93,1502.77,9,0.8888,1.1774,0
MRC000731,2026-08-31,2,1,1,0,1361,24,0,1,4,0,2832.41,2832.41,1,0.0,0.0,1
MRC000732,2026-08-31,5,0,1,1,360,12,0,2,3,0,1295.21,647.61,2,0.0,0.0,0
MRC000733,2026-08-31,5,0,1,1,2242,9,0,3,7,0,4768.71,1589.57,3,0.0,0.0,0
MRC000734,2026-08-31,5,0,1,1,1978,5,1,9,16,1085.86,12241.24,1360.14,7,0.4444,0.3548,0
MRC000735,2026-08-31,0,0,1,1,1426,7,0,7,14,0,5672.59,810.37,7,0.0,0.0,0
MRC000736,2026-08-31,0,0,0,1,1820,1,1,4,8,314.53,4035.21,1008.8,3,0.9999,0.3118,0
MRC000737,2026-08-31,5,0,1,1,495,47,0,0,2,0,0,0.0,0,0.0,0.0,0
MRC000738,2026-08-31,5,2,0,1,2392,13,0,1,1,0,785.66,785.66,1,0.0,0.0,0
MRC000739,2026-08-31,4,1,1,1,1656,0,2,3,9,663.31,1106.04,368.68,3,2.6663,2.3989,0
MRC000740,2026-08-31,2,2,0,1,2307,14,0,5,8,0,4636.27,927.25,5,0.0,0.0,0
MRC000741,2026-08-31,5,1,1,1,2145,3,1,2,5,119.78,2840.02,1420.01,2,1.9996,0.1687,0
MRC000742,2026-08-31,5,1,1,1,1533,1,1,1,3,171.63,171.63,171.63,1,3.9984,4.0,0
MRC000743,2026-08-31,5,0,1,1,887,1,4,16,24,2325.11,13168.29,823.02,14,1.0,0.7063,0
MRC000744,2026-08-31,5,1,1,1,1755,1,1,1,1,353.63,353.63,353.63,1,3.9984,4.0,0
MRC000745,2026-08-31,5,0,1,1,1376,36,0,0,1,0,0,0.0,0,0.0,0.0,0
MRC000746,2026-08-31,5,1,1,0,1151,6,1,3,3,4994.89,5504.75,1834.92,3,1.3332,3.6295,1
MRC000747,2026-08-31,4,2,1,1,1811,26,0,1,2,0,444.06,444.06,1,0.0,0.0,0
MRC000748,2026-08-31,5,2,1,1,2198,0,2,7,21,4659.19,10984.29,1569.18,7,1.1428,1.6967,0
MRC000749,2026-08-31,0,0,0,1,631,10,0,1,1,0,1331.89,1331.89,1,0.0,0.0,0
MRC000750,2026-08-31,5,1,1,0,1464,6,1,1,4,1351.92,1351.92,1351.92,1,3.9984,4.0,0
MRC000751,2026-08-31,4,0,0,0,1957,7,0,5,11,0,3126.71,625.34,5,0.0,0.0,0
MRC000752,2026-08-31,5,0,1,1,968,0,1,6,14,1607.2,6871.11,1145.18,6,0.6666,0.9356,0
MRC000753,2026-08-31,5,0,1,1,1004,13,0,3,3,0,9573.51,3191.17,3,0.0,0.0,1
MRC000754,2026-08-31,0,0,1,1,277,44,0,0,1,0,0,0.0,0,0.0,0.0,1
MRC000755,2026-08-31,5,1,0,1,962,24,0,1,1,0,2003.3,2003.3,1,0.0,0.0,1
MRC000756,2026-08-31,0,0,1,1,1538,10,0,3,8,0,3328.97,1109.66,3,0.0,0.0,0
MRC000757,2026-08-31,5,0,1,1,2379,9,0,2,5,0,846.31,423.16,2,0.0,0.0,0
MRC000758,2026-08-31,5,3,1,1,1405,18,0,1,2,0,808.69,808.69,1,0.0,0.0,0
MRC000759,2026-08-31,2,1,1,1,892,14,0,7,17,0,10287.83,1469.69,7,0.0,0.0,0
MRC000760,2026-08-31,5,1,1,1,2030,23,0,3,6,0,2519.42,839.81,3,0.0,0.0,0
MRC000761,2026-08-31,5,1,1,1,667,10,0,4,7,0,1131.4,282.85,4,0.0,0.0,0
MRC000762,2026-08-31,2,1,1,1,665,2,1,2,2,2527.64,3806.72,1903.36,2,1.9996,2.656,1
MRC000763,2026-08-31,5,1,1,1,1395,12,0,1,3,0,918.25,918.25,1,0.0,0.0,0
MRC000764,2026-08-31,5,1,1,0,2038,0,8,23,44,11361.61,22324.67,970.64,16,1.3913,2.0357,0
MRC000765,2026-08-31,5,2,1,1,721,1,1,3,4,201.82,1186.31,395.44,3,1.3332,0.6805,1
MRC000766,2026-08-31,0,0,0,1,290,133,0,0,0,0,0,0.0,0,0.0,0.0,1
MRC000767,2026-08-31,5,1,1,1,1838,3,1,5,6,1817.46,6933.63,1386.73,4,0.7999,1.0485,0
MRC000768,2026-08-31,0,0,1,1,1540,2,1,5,9,1541.56,7247.94,1449.59,4,0.7999,0.8508,0
MRC000769,2026-08-31,5,2,1,1,1755,0,1,9,18,306.96,5896.08,655.12,8,0.4444,0.2082,0
MRC000770,2026-08-31,5,0,1,1,1124,3,4,8,12,10376.31,12955.39,1619.42,6,1.9999,3.2037,0
MRC000771,2026-08-31,5,0,1,1,515,34,0,0,3,0,0,0.0,0,0.0,0.0,0
MRC000772,2026-08-31,0,3,1,1,981,0,6,12,28,10859.15,16758.03,1396.5,10,1.9999,2.592,0
MRC000773,2026-08-31,0,1,1,1,1283,4,1,5,14,3824.03,10092.21,2018.44,5,0.7999,1.5156,0
MRC000774,2026-08-31,5,0,1,1,1203,23,0,1,1,0,770.92,770.92,1,0.0,0.0,0
MRC000775,2026-08-31,0,0,1,1,2199,2,1,4,6,723.06,4816.02,1204.01,4,0.9999,0.6005,0
MRC000776,2026-08-31,5,0,1,1,745,1,1,4,11,160.94,2527.8,631.95,4,0.9999,0.2547,0
MRC000777,2026-08-31,5,3,1,1,938,1,4,12,29,6863.61,47852.96,3987.75,11,1.3333,0.5737,0
MRC000778,2026-08-31,5,1,1,1,657,17,0,1,3,0,759.17,759.17,1,0.0,0.0,0
MRC000779,2026-08-31,4,0,1,1,1503,21,0,1,4,0,813.49,813.49,1,0.0,0.0,0
MRC000780,2026-08-31,2,1,1,1,2016,7,0,4,6,0,12481.42,3120.36,4,0.0,0.0,0
MRC000781,2026-08-31,5,1,1,1,2186,49,0,0,3,0,0,0.0,0,0.0,0.0,0
MRC000782,2026-08-31,5,0,1,1,754,6,1,2,5,1485.53,4326.84,2163.42,2,1.9996,1.3733,0
MRC000783,2026-08-31,0,2,1,1,1196,1,4,10,18,2209.17,13469.12,1346.91,8,1.5999,0.6561,0
MRC000784,2026-08-31,4,0,1,1,1867,9,0,5,11,0,2319.05,463.81,5,0.0,0.0,0
MRC000785,2026-08-31,2,2,1,0,357,0,7,34,58,2736.28,53878.83,1584.67,15,0.8235,0.2031,0
MRC000786,2026-08-31,5,1,1,1,1811,12,0,1,5,0,281.99,281.99,1,0.0,0.0,0
MRC000787,2026-08-31,2,0,1,1,550,1,1,8,12,2191.47,8938.21,1117.28,6,0.5,0.9807,0
MRC000788,2026-08-31,0,1,1,1,329,35,0,0,4,0,0,0.0,0,0.0,0.0,0
MRC000789,2026-08-31,3,1,1,1,504,0,2,5,14,12671.88,19122.18,3824.44,5,1.5999,2.6507,0
MRC000790,2026-08-31,0,1,1,1,2182,1,3,11,25,11179.5,32751.14,2977.38,8,1.0909,1.3654,0
MRC000791,2026-08-31,4,1,1,1,1744,4,1,2,7,1634.59,2306.14,1153.07,2,1.9996,2.8352,0
MRC000792,2026-08-31,5,0,1,1,1981,8,0,1,2,0,1577.58,1577.58,1,0.0,0.0,1
MRC000793,2026-08-31,5,0,1,1,1764,22,0,1,1,0,374.33,374.33,1,0.0,0.0,1
MRC000794,2026-08-31,0,1,1,1,1996,16,0,3,7,0,3373.96,1124.65,3,0.0,0.0,0
MRC000795,2026-08-31,5,0,1,1,1341,0,1,5,15,450.32,6813.36,1362.67,4,0.7999,0.2644,0
MRC000796,2026-08-31,0,0,1,0,2025,21,0,1,2,0,8640.04,8640.04,1,0.0,0.0,1
MRC000797,2026-08-31,0,1,1,1,380,29,0,1,2,0,1321.99,1321.99,1,0.0,0.0,0
MRC000798,2026-08-31,5,0,1,1,1529,0,1,6,14,903.82,10964.1,1827.35,5,0.6666,0.3297,0
MRC000799,2026-08-31,3,1,0,1,1906,12,0,2,2,0,1752.37,876.18,2,0.0,0.0,1
MRC000800,2026-08-31,5,2,0,1,2427,14,0,1,2,0,503.84,503.84,1,0.0,0.0,1
MRC000801,2026-08-31,5,2,1,1,1041,1,5,16,23,3800.65,23759.1,1484.94,13,1.25,0.6399,0
MRC000802,2026-08-31,4,0,1,1,648,30,0,0,2,0,0,0.0,0,0.0,0.0,0
MRC000803,2026-08-31,5,1,0,1,1830,4,1,3,4,132.55,647.98,215.99,3,1.3332,0.8182,0
MRC000804,2026-08-31,3,2,0,1,415,3,2,18,36,681.77,27956.25,1553.12,13,0.4444,0.0975,0
MRC000805,2026-08-31,4,0,0,1,1953,13,0,1,4,0,333.84,333.84,1,0.0,0.0,0
MRC000806,2026-08-31,5,1,0,1,1795,27,0,1,4,0,12738.25,12738.25,1,0.0,0.0,0
MRC000807,2026-08-31,0,1,1,1,1766,0,5,25,39,14244.91,50746.51,2029.86,17,0.8,1.1228,0
MRC000808,2026-08-31,3,0,1,1,899,5,3,5,9,4133.85,5472.69,1094.54,4,2.3998,3.0214,0
MRC000809,2026-08-31,5,0,1,1,519,0,2,6,13,5033.27,18241.06,3040.18,6,1.3332,1.1037,0
MRC000810,2026-08-31,4,1,1,1,1585,4,1,4,5,2299.67,3518.4,879.6,4,0.9999,2.6144,0
MRC000811,2026-08-31,5,0,0,1,1049,9,0,6,10,0,4955.07,825.84,6,0.0,0.0,0
MRC000812,2026-08-31,4,2,1,1,1112,17,0,2,3,0,4022.58,2011.29,2,0.0,0.0,0
MRC000813,2026-08-31,5,1,1,1,667,3,1,3,10,8004.68,10903.0,3634.33,3,1.3332,2.9367,0
MRC000814,2026-08-31,0,0,0,1,985,0,4,7,13,5665.96,7713.34,1101.91,6,2.2856,2.9383,0
MRC000815,2026-08-31,0,1,0,1,2074,7,0,3,7,0,2442.41,814.14,3,0.0,0.0,0
MRC000816,2026-08-31,2,1,1,1,2208,0,3,13,24,1246.49,24440.87,1880.07,12,0.923,0.204,0
MRC000817,2026-08-31,5,0,0,1,1019,2,2,7,14,1745.88,5384.59,769.23,7,1.1428,1.2969,0
MRC000818,2026-08-31,0,3,0,1,567,38,0,0,2,0,0,0.0,0,0.0,0.0,0
MRC000819,2026-08-31,5,1,1,1,331,5,1,3,4,685.66,6511.85,2170.62,3,1.3332,0.4212,0
MRC000820,2026-08-31,4,1,1,1,669,28,0,1,4,0,790.83,790.83,1,0.0,0.0,0
MRC000821,2026-08-31,5,2,0,1,278,2,3,9,14,3296.49,12354.52,1372.72,9,1.3333,1.0673,0
MRC000822,2026-08-31,2,1,1,1,1716,0,3,6,8,13251.72,15077.57,2512.93,6,1.9999,3.5156,0
MRC000823,2026-08-31,0,1,0,1,1661,7,0,3,9,0,1916.38,638.79,3,0.0,0.0,0
MRC000824,2026-08-31,5,0,1,1,1966,0,4,14,24,2036.96,11408.75,814.91,11,1.1428,0.7142,0
MRC000825,2026-08-31,5,0,1,1,983,118,0,0,0,0,0,0.0,0,0.0,0.0,1
MRC000826,2026-08-31,5,1,1,1,2075,8,0,3,6,0,10080.13,3360.04,3,0.0,0.0,0
MRC000827,2026-08-31,5,1,1,0,627,42,0,0,2,0,0,0.0,0,0.0,0.0,0
MRC000828,2026-08-31,3,1,1,1,762,1,1,3,5,192.65,1546.46,515.49,3,1.3332,0.4983,0
MRC000829,2026-08-31,5,1,1,1,2258,0,1,4,8,2307.25,6272.79,1568.2,4,0.9999,1.4713,0
MRC000830,2026-08-31,5,1,1,1,2184,8,0,2,8,0,450.83,225.41,2,0.0,0.0,0
MRC000831,2026-08-31,5,2,1,1,1565,50,0,0,3,0,0,0.0,0,0.0,0.0,0
MRC000832,2026-08-31,3,3,1,1,1588,4,2,8,12,6846.92,26399.24,3299.91,6,1.0,1.0374,0
MRC000833,2026-08-31,5,0,1,0,1787,1,4,5,7,2011.62,5077.74,1015.55,4,3.1997,1.5847,0
MRC000834,2026-08-31,5,2,1,1,2055,2,1,1,2,3727.85,3727.85,3727.85,1,3.9984,4.0,1
MRC000835,2026-08-31,5,2,1,1,762,6,1,4,7,6837.74,14653.02,3663.26,4,0.9999,1.8666,0
MRC000836,2026-08-31,5,0,1,1,406,0,2,4,5,917.11,1987.1,496.77,4,1.9998,1.8461,0
MRC000837,2026-08-31,5,0,1,1,661,1,3,20,36,3919.18,25911.12,1295.56,12,0.6,0.605,0
MRC000838,2026-08-31,5,0,1,1,1036,42,0,0,3,0,0,0.0,0,0.0,0.0,0
MRC000839,2026-08-31,5,1,1,1,771,9,0,8,15,0,11225.37,1403.17,8,0.0,0.0,0
MRC000840,2026-08-31,5,1,0,1,1403,31,0,0,2,0,0,0.0,0,0.0,0.0,0
MRC000841,2026-08-31,5,1,1,1,558,86,0,0,0,0,0,0.0,0,0.0,0.0,1
MRC000842,2026-08-31,5,1,1,1,1517,46,0,0,1,0,0,0.0,0,0.0,0.0,0
MRC000843,2026-08-31,5,0,1,0,1809,0,1,10,14,1064.94,10759.48,1075.95,8,0.4,0.3959,0
MRC000844,2026-08-31,0,1,1,0,473,3,2,5,8,3692.4,5419.88,1083.98,5,1.5999,2.7251,0
MRC000845,2026-08-31,5,2,0,1,884,0,2,4,7,2314.75,2957.32,739.33,4,1.9998,3.1309,1
MRC000846,2026-08-31,4,3,1,1,1433,10,0,4,14,0,4168.17,1042.04,4,0.0,0.0,0
MRC000847,2026-08-31,0,1,1,1,401,0,1,5,8,164.55,4492.0,898.4,5,0.7999,0.1465,0
MRC000848,2026-08-31,5,0,0,0,1711,8,0,8,17,0,17981.34,2247.67,6,0.0,0.0,0
MRC000849,2026-08-31,5,0,1,0,1903,2,2,5,8,1182.16,3590.03,718.01,5,1.5999,1.3172,0
MRC000850,2026-08-31,3,0,1,1,1047,66,0,0,0,0,0,0.0,0,0.0,0.0,0
MRC000851,2026-08-31,4,1,1,1,276,0,2,17,36,4533.67,29304.34,1723.78,12,0.4706,0.6188,0
MRC000852,2026-08-31,5,0,1,1,1351,3,1,12,24,2858.07,16444.55,1370.38,9,0.3333,0.6952,0
MRC000853,2026-08-31,5,2,0,1,2155,1,6,21,36,7349.78,24173.42,1151.12,13,1.1428,1.2162,0
MRC000854,2026-08-31,5,1,1,1,896,11,0,1,6,0,505.46,505.46,1,0.0,0.0,0
MRC000855,2026-08-31,5,1,1,1,2112,2,1,4,5,1440.47,5326.29,1331.57,4,0.9999,1.0818,0
MRC000856,2026-08-31,2,0,1,1,2159,23,0,2,4,0,190.75,95.38,2,0.0,0.0,0
MRC000857,2026-08-31,4,1,1,1,870,10,0,8,18,0,9694.3,1211.79,7,0.0,0.0,0
MRC000858,2026-08-31,4,1,1,1,1566,26,0,1,3,0,1228.0,1228.0,1,0.0,0.0,0
MRC000859,2026-08-31,0,1,1,1,349,33,0,0,3,0,0,0.0,0,0.0,0.0,1
MRC000860,2026-08-31,2,0,1,1,1461,4,2,9,14,15078.86,80009.87,8889.99,9,0.8888,0.7538,0
MRC000861,2026-08-31,0,2,1,1,2178,6,1,2,6,1537.84,2473.89,1236.94,2,1.9996,2.4865,0
MRC000862,2026-08-31,0,0,1,1,2320,35,0,0,1,0,0,0.0,0,0.0,0.0,0
MRC000863,2026-08-31,4,0,1,1,693,3,2,5,9,1602.14,4895.5,979.1,5,1.5999,1.3091,0
MRC000864,2026-08-31,0,3,1,0,1709,1,3,4,6,4113.46,4366.87,1091.72,4,2.9997,3.7679,0
MRC000865,2026-08-31,5,0,1,0,401,15,0,3,9,0,17367.46,5789.15,3,0.0,0.0,0
MRC000866,2026-08-31,0,0,1,1,868,162,0,0,0,0,0,0.0,0,0.0,0.0,1
MRC000867,2026-08-31,5,1,1,1,2082,0,2,2,3,4894.72,4894.72,2447.36,2,3.9992,4.0,0
MRC000868,2026-08-31,4,1,1,1,1659,4,1,3,5,607.27,1750.11,583.37,3,1.3332,1.388,0
MRC000869,2026-08-31,0,0,1,1,1113,22,0,1,2,0,99.52,99.52,1,0.0,0.0,1
MRC000870,2026-08-31,0,0,1,1,2358,7,0,3,3,0,7274.87,2424.96,3,0.0,0.0,1
MRC000871,2026-08-31,5,0,0,1,1914,1,4,5,10,11899.69,14769.09,2953.82,5,3.1997,3.2229,0
MRC000872,2026-08-31,4,1,0,1,308,1,3,6,11,6107.74,8750.41,1458.4,6,1.9999,2.792,0
MRC000873,2026-08-31,3,0,1,1,431,20,0,1,2,0,668.72,668.72,1,0.0,0.0,0
MRC000874,2026-08-31,0,1,0,1,1626,40,0,0,1,0,0,0.0,0,0.0,0.0,0
MRC000875,2026-08-31,5,2,1,1,2172,6,1,1,5,1050.54,1050.54,1050.54,1,3.9984,4.0,0
MRC000876,2026-08-31,0,0,1,0,599,52,0,0,1,0,0,0.0,0,0.0,0.0,1
MRC000877,2026-08-31,2,0,0,1,1433,0,4,16,28,1761.06,37808.04,2363.0,15,1.0,0.1863,0
MRC000878,2026-08-31,5,0,1,1,2040,34,0,0,3,0,0,0.0,0,0.0,0.0,0
MRC000879,2026-08-31,4,0,1,1,2141,2,2,2,4,1738.39,1738.39,869.19,2,3.9992,4.0,0
MRC000880,2026-08-31,4,0,1,1,1656,2,1,7,12,3563.77,11251.88,1607.41,6,0.5714,1.2669,0
MRC000881,2026-08-31,5,1,1,1,2441,126,0,0,0,0,0,0.0,0,0.0,0.0,1
MRC000882,2026-08-31,4,0,0,1,2304,2,1,8,15,1070.27,12642.99,1580.37,8,0.5,0.3386,0
MRC000883,2026-08-31,0,1,0,1,2079,1,5,13,24,2038.11,21799.27,1676.87,8,1.5384,0.374,0
MRC000884,2026-08-31,5,1,1,1,1720,7,0,4,6,0,2777.91,694.48,4,0.0,0.0,0
MRC000885,2026-08-31,0,2,1,1,2410,1,2,6,8,340.21,3509.43,584.91,6,1.3332,0.3878,0
MRC000886,2026-08-31,5,0,1,0,294,0,1,5,6,319.83,4139.49,827.9,5,0.7999,0.3091,0
MRC000887,2026-08-31,5,0,1,1,452,1,2,7,13,1070.02,7733.23,1104.75,7,1.1428,0.5535,0
MRC000888,2026-08-31,5,3,1,1,1372,24,0,1,3,0,674.55,674.55,1,0.0,0.0,0
MRC000889,2026-08-31,4,0,1,0,1723,1,2,5,13,14016.19,15441.65,3088.33,5,1.5999,3.6307,0
MRC000890,2026-08-31,5,1,0,1,2231,1,1,2,4,2290.11,11676.47,5838.24,2,1.9996,0.7845,0
MRC000891,2026-08-31,5,1,0,1,1739,5,1,3,9,8451.52,10365.59,3455.2,3,1.3332,3.2614,0
MRC000892,2026-08-31,0,1,0,1,764,5,2,11,21,7789.33,26113.55,2373.96,10,0.7272,1.1931,0
MRC000893,2026-08-31,5,0,1,1,2242,0,10,44,68,12131.14,53108.32,1207.01,24,0.9091,0.9137,0
MRC000894,2026-08-31,5,0,1,1,438,26,0,1,3,0,290.91,290.91,1,0.0,0.0,0
MRC000895,2026-08-31,5,1,1,1,464,5,1,5,9,2907.06,4611.43,922.29,5,0.7999,2.5216,0
MRC000896,2026-08-31,4,1,0,1,1829,15,0,1,4,0,509.28,509.28,1,0.0,0.0,1
MRC000897,2026-08-31,0,1,0,1,2361,6,1,5,18,227.02,17757.22,3551.44,4,0.7999,0.0511,0
MRC000898,2026-08-31,5,1,1,1,1354,3,2,7,7,3578.49,17441.72,2491.67,7,1.1428,0.8207,0
MRC000899,2026-08-31,5,2,1,1,551,0,29,99,187,52335.88,191468.38,1934.02,30,1.1717,1.0934,0
MRC000900,2026-08-31,2,3,1,1,360,1,1,2,4,764.58,1471.12,735.56,2,1.9996,2.0789,0
MRC000901,2026-08-31,0,1,1,1,2397,0,9,27,58,18268.42,40955.48,1516.87,16,1.3333,1.7842,0
MRC000902,2026-08-31,5,0,1,1,868,4,2,11,24,1374.39,18419.91,1674.54,11,0.7272,0.2985,0
MRC000903,2026-08-31,4,1,1,0,1653,35,0,0,1,0,0,0.0,0,0.0,0.0,1
MRC000904,2026-08-31,2,1,1,1,970,2,7,34,73,16812.82,92821.6,2730.05,19,0.8235,0.7245,0
MRC000905,2026-08-31,5,1,0,1,725,26,0,1,4,0,3082.42,3082.42,1,0.0,0.0,0
MRC000906,2026-08-31,0,0,1,1,1716,9,0,4,5,0,6292.29,1573.07,4,0.0,0.0,0
MRC000907,2026-08-31,0,1,1,1,1871,95,0,0,0,0,0,0.0,0,0.0,0.0,0
MRC000908,2026-08-31,0,0,0,1,1287,1,1,3,7,241.55,2155.45,718.48,3,1.3332,0.4483,0
MRC000909,2026-08-31,5,0,1,1,1365,10,0,2,4,0,708.43,354.22,2,0.0,0.0,0
MRC000910,2026-08-31,2,2,1,1,1321,3,2,10,17,1761.51,10181.58,1018.16,9,0.8,0.692,0
MRC000911,2026-08-31,5,1,1,1,1549,0,8,37,79,9944.0,69120.36,1868.12,20,0.8649,0.5755,0
MRC000912,2026-08-31,5,1,1,1,2019,43,0,0,2,0,0,0.0,0,0.0,0.0,1
MRC000913,2026-08-31,5,1,0,1,1810,180,0,0,0,0,0,0.0,0,0.0,0.0,1
MRC000914,2026-08-31,3,1,1,1,865,5,2,7,14,8358.01,15363.28,2194.75,7,1.1428,2.1761,0
MRC000915,2026-08-31,3,0,0,1,796,12,0,1,4,0,314.74,314.74,1,0.0,0.0,0
MRC000916,2026-08-31,2,1,1,1,1726,0,5,23,48,5493.82,30914.31,1344.1,15,0.8696,0.7108,0
MRC000917,2026-08-31,5,0,0,1,1666,6,1,3,6,1666.64,10780.65,3593.55,3,1.3332,0.6184,0
MRC000918,2026-08-31,5,1,1,1,1060,28,0,1,4,0,222.02,222.02,1,0.0,0.0,0
MRC000919,2026-08-31,5,0,1,1,2089,5,1,1,1,674.54,674.54,674.54,1,3.9984,4.0,0
MRC000920,2026-08-31,5,3,1,1,1171,10,0,6,15,0,13498.93,2249.82,5,0.0,0.0,0
MRC000921,2026-08-31,2,1,1,1,990,2,1,1,2,101.13,101.13,101.13,1,3.9984,4.0,0
MRC000922,2026-08-31,5,1,1,1,1471,2,4,9,19,5238.68,9223.53,1024.84,9,1.7777,2.2719,0
MRC000923,2026-08-31,0,0,1,1,678,2,1,1,4,1883.31,1883.31,1883.31,1,3.9984,4.0,0
MRC000924,2026-08-31,5,1,1,1,1776,0,6,14,29,21825.69,26187.4,1870.53,12,1.7142,3.3338,0
MRC000925,2026-08-31,4,1,0,1,2216,117,0,0,0,0,0,0.0,0,0.0,0.0,0
MRC000926,2026-08-31,5,1,0,1,2322,23,0,1,3,0,142.35,142.35,1,0.0,0.0,1
MRC000927,2026-08-31,5,1,1,0,1233,2,2,8,22,895.71,5140.35,642.54,7,1.0,0.697,0
MRC000928,2026-08-31,5,2,1,1,844,5,1,3,3,1116.55,3815.1,1271.7,3,1.3332,1.1707,0
MRC000929,2026-08-31,0,1,0,0,1303,9,0,1,2,0,933.67,933.67,1,0.0,0.0,0
MRC000930,2026-08-31,5,1,1,1,483,8,0,3,4,0,2479.35,826.45,3,0.0,0.0,1
MRC000931,2026-08-31,2,1,1,1,1716,9,0,2,2,0,5214.23,2607.11,2,0.0,0.0,1
MRC000932,2026-08-31,2,1,1,1,1193,1,3,6,13,2762.74,19049.33,3174.89,5,1.9999,0.5801,0
MRC000933,2026-08-31,3,1,1,1,523,11,0,5,8,0,5617.21,1123.44,5,0.0,0.0,0
MRC000934,2026-08-31,5,1,0,1,1451,14,0,1,1,0,581.27,581.27,1,0.0,0.0,0
MRC000935,2026-08-31,5,0,1,1,1827,10,0,5,16,0,3580.07,716.01,4,0.0,0.0,0
MRC000936,2026-08-31,0,0,1,1,755,2,4,14,19,2485.36,17099.19,1221.37,11,1.1428,0.5814,0
MRC000937,2026-08-31,5,0,1,0,1141,14,0,2,3,0,270.24,135.12,2,0.0,0.0,0
MRC000938,2026-08-31,5,2,0,1,2202,0,3,8,10,5608.02,9625.65,1203.21,6,1.4999,2.3304,0
MRC000939,2026-08-31,0,1,0,1,1808,4,1,2,3,2350.85,4522.4,2261.2,2,1.9996,2.0793,0
MRC000940,2026-08-31,5,0,1,1,2002,0,1,4,6,912.13,3442.72,860.68,4,0.9999,1.0598,0
MRC000941,2026-08-31,5,1,1,1,1239,6,1,3,8,4074.68,9609.34,3203.11,3,1.3332,1.6961,0
MRC000942,2026-08-31,5,1,1,1,1335,12,0,2,4,0,580.2,290.1,2,0.0,0.0,1
MRC000943,2026-08-31,5,2,1,1,1342,4,2,22,54,4381.36,105566.77,4798.49,19,0.3636,0.166,0
MRC000944,2026-08-31,5,3,1,1,1240,7,0,4,6,0,9462.69,2365.67,4,0.0,0.0,0
MRC000945,2026-08-31,4,2,0,1,572,14,0,3,4,0,4996.79,1665.6,3,0.0,0.0,0
MRC000946,2026-08-31,2,2,1,1,346,7,0,3,4,0,6659.78,2219.93,3,0.0,0.0,0
MRC000947,2026-08-31,5,0,1,1,2075,33,0,0,3,0,0,0.0,0,0.0,0.0,1
MRC000948,2026-08-31,5,0,1,1,1430,3,1,1,2,1684.47,1684.47,1684.47,1,3.9984,4.0,1
MRC000949,2026-08-31,3,1,1,1,1420,25,0,2,2,0,2444.22,1222.11,2,0.0,0.0,1
MRC000950,2026-08-31,5,1,1,1,1558,22,0,2,3,0,4747.81,2373.9,2,0.0,0.0,0
MRC000951,2026-08-31,5,0,0,1,1158,6,1,1,1,1403.14,1403.14,1403.14,1,3.9984,4.0,0
MRC000952,2026-08-31,0,1,1,1,2205,3,1,13,24,873.01,10503.24,807.94,9,0.3077,0.3325,0
MRC000953,2026-08-31,5,0,1,1,1283,31,0,0,1,0,0,0.0,0,0.0,0.0,0
MRC000954,2026-08-31,5,0,1,1,1351,10,0,1,3,0,491.8,491.8,1,0.0,0.0,0
MRC000955,2026-08-31,5,0,1,1,1417,78,0,0,0,0,0,0.0,0,0.0,0.0,0
MRC000956,2026-08-31,4,2,1,1,600,49,0,0,2,0,0,0.0,0,0.0,0.0,0
MRC000957,2026-08-31,2,1,1,0,635,6,1,10,16,757.78,17008.78,1700.88,8,0.4,0.1782,0
MRC000958,2026-08-31,0,1,1,1,650,1,2,6,10,798.67,5621.52,936.92,6,1.3332,0.5683,0
MRC000959,2026-08-31,5,2,1,1,812,3,2,8,11,3406.99,7376.97,922.12,8,1.0,1.8474,0
MRC000960,2026-08-31,3,2,1,1,606,3,2,5,15,4588.84,7626.55,1525.31,5,1.5999,2.4068,0
MRC000961,2026-08-31,4,1,0,0,746,24,0,2,6,0,7164.18,3582.09,2,0.0,0.0,0
MRC000962,2026-08-31,5,1,1,1,2307,1,5,15,31,10448.36,24956.62,1663.77,10,1.3333,1.6746,0
MRC000963,2026-08-31,5,0,1,1,1045,18,0,1,3,0,3155.64,3155.64,1,0.0,0.0,0
MRC000964,2026-08-31,0,1,1,1,1990,14,0,2,3,0,5322.11,2661.05,2,0.0,0.0,1
MRC000965,2026-08-31,5,0,0,1,1116,33,0,0,5,0,0,0.0,0,0.0,0.0,0
MRC000966,2026-08-31,5,1,1,1,2059,6,2,5,10,2195.12,8063.5,1612.7,4,1.5999,1.0889,0
MRC000967,2026-08-31,0,1,1,1,1902,0,1,6,9,159.53,10577.96,1762.99,6,0.6666,0.0603,0
MRC000968,2026-08-31,3,0,1,1,2093,6,1,7,19,352.66,16191.72,2313.1,7,0.5714,0.0871,0
MRC000969,2026-08-31,5,1,0,1,887,2,2,2,7,1037.31,1037.31,518.65,2,3.9992,4.0,0
MRC000970,2026-08-31,0,1,1,1,465,6,1,5,8,763.33,8524.77,1704.95,4,0.7999,0.3582,0
MRC000971,2026-08-31,0,1,1,1,930,4,3,12,22,6141.18,14427.01,1202.25,11,1.0,1.7027,0
MRC000972,2026-08-31,5,0,1,1,1791,0,2,5,7,4068.64,15285.3,3057.06,5,1.5999,1.0647,0
MRC000973,2026-08-31,2,0,1,1,1686,8,0,7,10,0,8351.43,1193.06,6,0.0,0.0,0
MRC000974,2026-08-31,5,0,1,1,1795,25,0,1,2,0,62.19,62.19,1,0.0,0.0,0
MRC000975,2026-08-31,5,2,1,1,2427,0,30,148,310,36079.84,221997.23,1499.98,29,0.8108,0.6501,0
MRC000976,2026-08-31,5,2,1,1,748,12,0,1,3,0,1915.82,1915.82,1,0.0,0.0,1
MRC000977,2026-08-31,5,0,1,1,1227,28,0,2,4,0,1669.87,834.93,2,0.0,0.0,0
MRC000978,2026-08-31,5,1,1,0,1329,1,1,2,3,688.5,1686.18,843.09,2,1.9996,1.6333,1
MRC000979,2026-08-31,5,1,1,1,583,0,10,29,47,9048.66,45588.89,1572.03,19,1.3793,0.7939,0
MRC000980,2026-08-31,5,3,1,1,1704,22,0,2,4,0,1494.38,747.19,2,0.0,0.0,0
MRC000981,2026-08-31,2,0,1,1,363,6,1,8,14,1243.97,12475.86,1559.48,8,0.5,0.3988,0
MRC000982,2026-08-31,2,1,1,0,2217,39,0,0,5,0,0,0.0,0,0.0,0.0,0
MRC000983,2026-08-31,2,1,1,1,450,27,0,1,1,0,289.5,289.5,1,0.0,0.0,0
MRC000984,2026-08-31,0,0,1,1,498,1,2,5,8,3343.52,6322.61,1264.52,5,1.5999,2.1153,0
MRC000985,2026-08-31,5,0,1,1,636,56,0,0,1,0,0,0.0,0,0.0,0.0,1
MRC000986,2026-08-31,2,0,0,1,2206,0,2,5,9,941.57,2939.7,587.94,5,1.5999,1.2812,0
MRC000987,2026-08-31,0,1,1,1,2139,5,2,11,14,2192.03,18537.94,1685.27,9,0.7272,0.473,0
MRC000988,2026-08-31,4,1,1,1,2272,0,8,28,49,7575.0,40687.39,1453.12,21,1.1428,0.7447,0
MRC000989,2026-08-31,5,1,1,1,2077,15,0,1,2,0,609.37,609.37,1,0.0,0.0,0
MRC000990,2026-08-31,5,0,1,1,2275,6,1,2,5,1239.23,2675.43,1337.72,2,1.9996,1.8528,0
MRC000991,2026-08-31,5,2,1,1,1287,11,0,3,6,0,2074.55,691.52,3,0.0,0.0,0
MRC000992,2026-08-31,3,0,1,1,267,7,0,1,4,0,2157.25,2157.25,1,0.0,0.0,0
MRC000993,2026-08-31,5,3,1,1,1214,0,10,43,86,11670.03,55141.47,1282.36,24,0.9302,0.8466,0
MRC000994,2026-08-31,5,0,0,1,739,4,1,4,8,240.95,2006.64,501.66,4,0.9999,0.4803,0
MRC000995,2026-08-31,0,2,1,1,791,60,0,0,0,0,0,0.0,0,0.0,0.0,1
MRC000996,2026-08-31,5,2,1,1,1767,18,0,1,4,0,1351.34,1351.34,1,0.0,0.0,0
MRC000997,2026-08-31,0,2,0,1,621,8,0,2,2,0,545.34,272.67,2,0.0,0.0,0
MRC000998,2026-08-31,5,2,0,1,960,1,4,7,9,3084.08,7510.11,1072.87,4,2.2856,1.6426,0
MRC000999,2026-08-31,5,0,0,1,1114,95,0,0,0,0,0,0.0,0,0.0,0.0,0
MRC001000,2026-08-31,2,1,1,0,390,25,0,1,5,0,2551.49,2551.49,1,0.0,0.0,1
MRC001001,2026-08-31,5,1,1,1,1789,1,8,32,64,8376.07,28697.85,896.81,22,1.0,1.1675,0
MRC001002,2026-08-31,2,1,1,1,1924,1,1,5,9,4307.15,11327.41,2265.48,4,0.7999,1.521,0
MRC001003,2026-08-31,0,3,0,0,1477,10,0,3,6,0,3630.72,1210.24,3,0.0,0.0,0
MRC001004,2026-08-31,0,0,1,1,319,0,3,25,56,5195.79,30900.4,1236.02,16,0.48,0.6726,0
MRC001005,2026-08-31,0,1,1,1,1976,11,0,1,2,0,3320.03,3320.03,1,0.0,0.0,1
MRC001006,2026-08-31,0,2,1,1,1231,4,1,4,10,3389.85,9351.92,2337.98,4,0.9999,1.4499,0
MRC001007,2026-08-31,5,0,1,1,838,45,0,0,1,0,0,0.0,0,0.0,0.0,0
MRC001008,2026-08-31,3,0,1,1,2327,8,0,7,11,0,8011.54,1144.51,6,0.0,0.0,0
MRC001009,2026-08-31,5,0,1,0,2134,3,1,2,2,540.65,13134.78,6567.39,2,1.9996,0.1646,1
MRC001010,2026-08-31,5,1,1,0,1218,7,0,4,9,0,4289.95,1072.49,3,0.0,0.0,0
MRC001011,2026-08-31,0,2,1,1,1225,0,9,33,59,6652.97,42673.1,1293.12,21,1.0909,0.6236,0
MRC001012,2026-08-31,4,0,1,1,2249,2,1,3,7,1455.47,1996.11,665.37,3,1.3332,2.9166,0
MRC001013,2026-08-31,5,1,1,1,674,180,0,0,0,0,0,0.0,0,0.0,0.0,1
MRC001014,2026-08-31,5,1,0,1,1150,14,0,4,10,0,3220.02,805.0,4,0.0,0.0,0
MRC001015,2026-08-31,5,1,1,0,1503,5,1,8,15,374.72,10412.66,1301.58,8,0.5,0.1439,0
MRC001016,2026-08-31,0,1,1,1,1014,3,1,7,15,396.02,6607.87,943.98,6,0.5714,0.2397,0
MRC001017,2026-08-31,5,2,1,1,946,13,0,10,25,0,10390.42,1039.04,9,0.0,0.0,0
MRC001018,2026-08-31,5,0,1,1,491,2,1,17,28,666.0,20472.3,1204.25,11,0.2353,0.1301,0
MRC001019,2026-08-31,2,0,1,1,839,5,2,5,9,1562.07,8417.36,1683.47,5,1.5999,0.7423,0
MRC001020,2026-08-31,4,1,1,0,1039,1,1,2,5,617.2,1344.81,672.4,2,1.9996,1.8358,0
MRC001021,2026-08-31,0,1,1,1,2086,4,1,2,3,1897.26,2446.86,1223.43,2,1.9996,3.1015,0
MRC001022,2026-08-31,5,1,1,1,993,32,0,0,1,0,0,0.0,0,0.0,0.0,0
MRC001023,2026-08-31,5,0,1,1,609,2,1,3,6,624.15,3121.54,1040.51,3,1.3332,0.7998,0
MRC001024,2026-08-31,5,0,0,1,2106,102,0,0,0,0,0,0.0,0,0.0,0.0,1
MRC001025,2026-08-31,2,2,1,1,1025,3,1,1,2,213.53,213.53,213.53,1,3.9984,4.0,0
MRC001026,2026-08-31,5,0,1,1,2267,7,0,8,12,0,9374.84,1171.86,7,0.0,0.0,0
MRC001027,2026-08-31,5,1,1,1,495,2,1,1,5,203.83,203.83,203.83,1,3.9984,4.0,0
MRC001028,2026-08-31,5,1,1,1,304,5,1,5,12,89.65,6913.68,1382.74,5,0.7999,0.0519,0
MRC001029,2026-08-31,5,0,1,1,2270,4,1,2,2,309.9,1211.58,605.79,2,1.9996,1.0231,0
MRC001030,2026-08-31,2,0,1,1,471,12,0,3,5,0,1875.26,625.09,2,0.0,0.0,0
MRC001031,2026-08-31,2,0,1,1,275,104,0,0,0,0,0,0.0,0,0.0,0.0,0
MRC001032,2026-08-31,5,1,1,1,1662,1,1,1,2,895.89,895.89,895.89,1,3.9984,4.0,1
MRC001033,2026-08-31,5,0,1,1,950,2,2,8,17,1683.41,13409.42,1676.18,6,1.0,0.5022,0
MRC001034,2026-08-31,5,1,0,1,1316,0,2,3,3,9502.14,12994.24,4331.41,3,2.6663,2.925,0
MRC001035,2026-08-31,3,0,1,1,1149,0,1,2,4,6682.27,8599.82,4299.91,2,1.9996,3.1081,1
MRC001036,2026-08-31,2,0,0,1,905,19,0,2,5,0,1818.43,909.22,1,0.0,0.0,1
MRC001037,2026-08-31,2,0,0,1,1308,0,2,5,13,933.42,2736.66,547.33,5,1.5999,1.3643,0
MRC001038,2026-08-31,3,0,1,1,824,2,1,6,10,1261.54,8600.88,1433.48,6,0.6666,0.5867,0
MRC001039,2026-08-31,2,0,1,1,747,0,1,6,12,1189.03,3819.98,636.66,6,0.6666,1.2451,0
MRC001040,2026-08-31,5,2,1,0,747,9,0,1,2,0,3127.38,3127.38,1,0.0,0.0,0
MRC001041,2026-08-31,2,0,1,1,515,14,0,3,3,0,2973.33,991.11,3,0.0,0.0,0
MRC001042,2026-08-31,2,1,1,1,1405,11,0,4,11,0,26377.74,6594.44,4,0.0,0.0,0
MRC001043,2026-08-31,5,1,1,1,1455,0,2,12,32,2655.86,13305.97,1108.83,11,0.6666,0.7984,0
MRC001044,2026-08-31,0,1,1,1,295,14,0,3,6,0,2058.59,686.2,3,0.0,0.0,0
MRC001045,2026-08-31,5,1,1,1,1261,1,1,2,2,245.53,342.12,171.06,2,1.9996,2.8707,0
MRC001046,2026-08-31,3,0,1,1,1871,18,0,2,6,0,1847.19,923.6,2,0.0,0.0,0
MRC001047,2026-08-31,5,1,0,0,259,2,1,2,4,760.42,1753.8,876.9,2,1.9996,1.7343,0
MRC001048,2026-08-31,5,0,1,1,913,172,0,0,0,0,0,0.0,0,0.0,0.0,1
MRC001049,2026-08-31,5,1,1,0,2356,20,0,2,2,0,3737.59,1868.8,2,0.0,0.0,1
MRC001050,2026-08-31,5,0,1,1,1189,10,0,4,7,0,6201.03,1550.26,4,0.0,0.0,0
MRC001051,2026-08-31,2,1,1,1,293,4,1,5,9,385.52,4748.04,949.61,5,0.7999,0.3248,0
MRC001052,2026-08-31,2,1,1,1,1408,18,0,3,6,0,6735.28,2245.09,3,0.0,0.0,0
MRC001053,2026-08-31,5,1,1,1,1154,1,5,13,18,2628.32,14649.1,1126.85,12,1.5384,0.7177,0
MRC001054,2026-08-31,5,0,1,1,718,42,0,0,2,0,0,0.0,0,0.0,0.0,0
MRC001055,2026-08-31,5,1,1,1,417,17,0,1,1,0,35.61,35.61,1,0.0,0.0,0
MRC001056,2026-08-31,3,1,0,1,2187,47,0,0,1,0,0,0.0,0,0.0,0.0,0
MRC001057,2026-08-31,5,1,1,1,2033,20,0,3,5,0,5447.1,1815.7,3,0.0,0.0,0
MRC001058,2026-08-31,0,0,1,0,1747,10,0,2,4,0,1530.75,765.38,2,0.0,0.0,0
MRC001059,2026-08-31,3,0,0,0,295,9,0,1,1,0,8387.46,8387.46,1,0.0,0.0,1
MRC001060,2026-08-31,0,0,1,1,2158,31,0,0,1,0,0,0.0,0,0.0,0.0,1
MRC001061,2026-08-31,2,1,1,1,1291,37,0,0,2,0,0,0.0,0,0.0,0.0,1
MRC001062,2026-08-31,5,1,1,1,1295,0,2,4,9,3483.84,9018.42,2254.61,3,1.9998,1.5452,0
MRC001063,2026-08-31,5,1,1,0,2174,7,0,2,3,0,2132.15,1066.07,2,0.0,0.0,1
MRC001064,2026-08-31,2,1,0,1,1201,9,0,1,1,0,406.27,406.27,1,0.0,0.0,1
MRC001065,2026-08-31,5,1,0,1,773,14,0,5,10,0,7649.53,1529.91,4,0.0,0.0,0
MRC001066,2026-08-31,5,1,1,0,775,0,2,13,28,857.2,20738.3,1595.25,9,0.6154,0.1653,0
MRC001067,2026-08-31,3,1,0,1,2282,6,1,2,6,1185.33,1248.37,624.18,2,1.9996,3.798,0
MRC001068,2026-08-31,5,1,1,1,1447,12,0,2,6,0,6680.57,3340.28,2,0.0,0.0,0
MRC001069,2026-08-31,5,0,1,1,1521,8,0,7,11,0,8546.5,1220.93,6,0.0,0.0,0
MRC001070,2026-08-31,5,2,1,1,1553,180,0,0,0,0,0,0.0,0,0.0,0.0,0
MRC001071,2026-08-31,0,3,1,1,738,1,3,12,16,15324.47,28081.43,2340.12,11,1.0,2.1829,0
MRC001072,2026-08-31,4,1,0,1,1174,5,3,10,23,5809.85,16468.96,1646.9,7,1.2,1.4111,0
MRC001073,2026-08-31,2,2,1,0,2336,0,5,20,44,6154.15,33598.15,1679.91,15,1.0,0.7327,0
MRC001074,2026-08-31,0,3,1,0,574,20,0,1,4,0,3316.29,3316.29,1,0.0,0.0,0
MRC001075,2026-08-31,3,1,1,1,2335,29,0,1,3,0,1143.11,1143.11,1,0.0,0.0,0
MRC001076,2026-08-31,0,1,1,1,853,0,4,18,37,6094.92,28135.74,1563.1,14,0.8889,0.8665,0
MRC001077,2026-08-31,5,1,0,1,903,1,2,4,7,597.21,2408.68,602.17,4,1.9998,0.9918,0
MRC001078,2026-08-31,0,0,1,0,288,11,0,6,15,0,8932.36,1488.73,5,0.0,0.0,0
MRC001079,2026-08-31,0,0,0,1,1707,33,0,0,1,0,0,0.0,0,0.0,0.0,0
MRC001080,2026-08-31,5,1,1,1,954,1,2,6,12,2981.81,5609.31,934.88,6,1.3332,2.1263,0
MRC001081,2026-08-31,5,1,0,1,1260,9,0,2,2,0,2879.53,1439.77,2,0.0,0.0,0
MRC001082,2026-08-31,5,0,1,1,1525,59,0,0,1,0,0,0.0,0,0.0,0.0,0
MRC001083,2026-08-31,5,1,0,1,1642,17,0,2,6,0,4981.61,2490.8,2,0.0,0.0,0
MRC001084,2026-08-31,0,1,1,1,2345,1,6,38,76,12196.77,73244.11,1927.48,22,0.6316,0.6661,0
MRC001085,2026-08-31,5,1,0,1,1471,6,1,6,11,2058.03,6166.65,1027.78,4,0.6666,1.3349,0
MRC001086,2026-08-31,3,0,0,1,645,180,0,0,0,0,0,0.0,0,0.0,0.0,1
MRC001087,2026-08-31,0,1,0,1,1794,13,0,4,9,0,7557.19,1889.3,4,0.0,0.0,0
MRC001088,2026-08-31,5,0,0,1,378,5,1,10,19,958.77,20464.42,2046.44,8,0.4,0.1874,0
MRC001089,2026-08-31,5,0,1,0,2100,10,0,4,6,0,4643.14,1160.79,3,0.0,0.0,0
MRC001090,2026-08-31,5,0,1,1,904,46,0,0,2,0,0,0.0,0,0.0,0.0,0
MRC001091,2026-08-31,5,0,0,1,1835,3,1,13,15,10005.41,40254.86,3096.53,11,0.3077,0.9942,0
MRC001092,2026-08-31,5,0,1,1,599,5,1,4,5,2949.92,5744.44,1436.11,4,0.9999,2.0541,0
MRC001093,2026-08-31,4,1,1,0,1145,4,2,7,13,3213.52,7258.86,1036.98,7,1.1428,1.7708,0
MRC001094,2026-08-31,5,1,1,0,1776,8,0,1,2,0,1620.41,1620.41,1,0.0,0.0,1
MRC001095,2026-08-31,2,0,1,1,1614,22,0,1,2,0,867.95,867.95,1,0.0,0.0,0
MRC001096,2026-08-31,0,2,1,0,269,0,4,10,16,11309.47,41565.09,4156.51,8,1.5999,1.0884,0
MRC001097,2026-08-31,0,1,1,1,332,4,1,6,13,490.89,2956.74,492.79,5,0.6666,0.6641,0
MRC001098,2026-08-31,5,2,1,1,2400,0,2,6,10,7034.54,9732.12,1622.02,6,1.3332,2.8913,0
MRC001099,2026-08-31,5,1,1,1,1412,16,0,2,7,0,1567.99,784.0,2,0.0,0.0,0
MRC001100,2026-08-31,5,0,1,1,2126,4,1,1,3,638.31,638.31,638.31,1,3.9984,4.0,1
MRC001101,2026-08-31,5,2,1,1,415,93,0,0,0,0,0,0.0,0,0.0,0.0,0
MRC001102,2026-08-31,5,2,1,1,1329,5,1,2,2,891.86,1728.1,864.05,2,1.9996,2.0644,0
MRC001103,2026-08-31,5,1,1,1,1516,11,0,4,8,0,8573.08,2143.27,4,0.0,0.0,0
MRC001104,2026-08-31,2,1,1,1,2269,4,1,22,36,403.66,43874.69,1994.3,16,0.1818,0.0368,0
MRC001105,2026-08-31,5,1,1,1,1809,5,1,4,6,1026.67,1631.16,407.79,3,0.9999,2.5176,0
MRC001106,2026-08-31,0,1,1,1,1629,4,1,3,9,3233.12,6027.42,2009.14,3,1.3332,2.1456,0
MRC001107,2026-08-31,4,1,0,1,898,11,0,1,1,0,3373.6,3373.6,1,0.0,0.0,1
MRC001108,2026-08-31,2,1,0,1,2428,3,6,10,19,2715.25,12643.48,1264.35,8,2.3999,0.859,0
MRC001109,2026-08-31,4,0,1,1,972,13,0,5,11,0,3804.4,760.88,5,0.0,0.0,0
MRC001110,2026-08-31,5,0,1,1,865,13,0,6,10,0,7129.16,1188.19,5,0.0,0.0,0
MRC001111,2026-08-31,5,0,1,1,1838,0,3,8,17,1979.56,10216.17,1277.02,6,1.4999,0.7751,0
MRC001112,2026-08-31,2,0,1,0,2435,0,6,18,32,8008.21,19523.13,1084.62,14,1.3333,1.6408,0
MRC001113,2026-08-31,5,0,0,1,2129,81,0,0,0,0,0,0.0,0,0.0,0.0,1
MRC001114,2026-08-31,2,2,1,1,650,21,0,1,2,0,593.95,593.95,1,0.0,0.0,0
MRC001115,2026-08-31,0,0,1,0,2038,3,1,2,6,295.35,1374.13,687.07,2,1.9996,0.8597,0
MRC001116,2026-08-31,2,0,1,1,1029,93,0,0,0,0,0,0.0,0,0.0,0.0,0
MRC001117,2026-08-31,4,0,1,1,742,20,0,1,1,0,377.5,377.5,1,0.0,0.0,0
MRC001118,2026-08-31,2,1,0,1,2300,0,5,10,20,8163.66,11864.95,1186.49,7,1.9999,2.7522,0
MRC001119,2026-08-31,4,1,1,1,2332,9,0,2,2,0,4023.38,2011.69,2,0.0,0.0,0
MRC001120,2026-08-31,0,1,1,1,1066,2,1,5,11,601.08,4425.17,885.03,5,0.7999,0.5433,0
MRC001121,2026-08-31,4,2,1,1,314,30,0,0,4,0,0,0.0,0,0.0,0.0,1
MRC001122,2026-08-31,5,3,1,1,715,1,2,7,8,2958.57,6580.54,940.08,7,1.1428,1.7984,0
MRC001123,2026-08-31,0,2,1,1,1439,3,2,4,9,2215.9,5551.5,1387.88,4,1.9998,1.5966,0
MRC001124,2026-08-31,2,2,0,1,386,3,1,8,21,2039.3,10233.71,1279.21,8,0.5,0.7971,0
MRC001125,2026-08-31,3,0,1,1,753,0,4,15,24,6439.42,21512.21,1434.15,13,1.0666,1.1974,0
MRC001126,2026-08-31,2,1,0,1,582,7,0,3,4,0,1001.15,333.72,3,0.0,0.0,0
MRC001127,2026-08-31,3,0,1,1,2337,1,1,7,16,570.67,25667.61,3666.8,6,0.5714,0.0889,0
MRC001128,2026-08-31,0,1,1,1,1033,0,5,8,12,2602.95,4240.03,530.0,7,2.4999,2.4556,0
MRC001129,2026-08-31,5,0,1,1,1087,18,0,4,5,0,3387.69,846.92,4,0.0,0.0,0
MRC001130,2026-08-31,5,0,1,1,1177,0,3,7,16,9664.16,11958.96,1708.42,7,1.7142,3.2324,0
MRC001131,2026-08-31,5,0,1,1,285,0,4,8,17,17116.88,21981.5,2747.69,8,1.9999,3.1148,0
MRC001132,2026-08-31,5,1,1,1,1442,87,0,0,0,0,0,0.0,0,0.0,0.0,1
MRC001133,2026-08-31,5,1,1,1,2250,28,0,1,2,0,651.37,651.37,1,0.0,0.0,1
MRC001134,2026-08-31,2,0,1,1,2034,6,1,3,6,840.08,3251.67,1083.89,3,1.3332,1.0334,0
MRC001135,2026-08-31,4,1,0,1,804,7,0,1,2,0,204.5,204.5,1,0.0,0.0,1
MRC001136,2026-08-31,3,0,1,1,286,53,0,0,1,0,0,0.0,0,0.0,0.0,0
MRC001137,2026-08-31,0,1,1,1,1946,45,0,0,2,0,0,0.0,0,0.0,0.0,0
MRC001138,2026-08-31,2,0,0,1,2094,9,0,6,12,0,4975.82,829.3,6,0.0,0.0,0
MRC001139,2026-08-31,5,0,1,1,2271,3,2,6,10,1226.14,4465.56,744.26,4,1.3332,1.0983,0
MRC001140,2026-08-31,0,1,1,0,1518,4,1,5,7,2075.65,7125.46,1425.09,5,0.7999,1.1652,0
MRC001141,2026-08-31,0,1,1,0,1291,6,1,3,4,1520.63,4492.11,1497.37,3,1.3332,1.354,0
MRC001142,2026-08-31,5,2,1,1,1909,1,10,24,55,18059.21,36066.47,1502.77,16,1.6666,2.0029,0
MRC001143,2026-08-31,2,1,1,1,1765,50,0,0,1,0,0,0.0,0,0.0,0.0,0
MRC001144,2026-08-31,5,2,1,1,1910,26,0,1,6,0,2258.95,2258.95,1,0.0,0.0,0
MRC001145,2026-08-31,5,0,1,1,878,14,0,1,3,0,701.66,701.66,1,0.0,0.0,0
MRC001146,2026-08-31,5,1,0,1,2230,40,0,0,2,0,0,0.0,0,0.0,0.0,0
MRC001147,2026-08-31,5,3,1,1,338,3,2,9,20,1618.94,4376.84,486.32,7,0.8888,1.4796,0
MRC001148,2026-08-31,4,0,1,1,461,26,0,1,2,0,112.25,112.25,1,0.0,0.0,0
MRC001149,2026-08-31,5,1,1,1,1687,10,0,5,16,0,8365.61,1673.12,4,0.0,0.0,0
MRC001150,2026-08-31,5,0,1,1,1505,10,0,2,6,0,5859.56,2929.78,2,0.0,0.0,0
MRC001151,2026-08-31,5,1,0,1,1467,4,2,8,18,1517.67,10080.76,1260.1,7,1.0,0.6022,0
MRC001152,2026-08-31,2,0,1,0,2243,6,1,1,1,939.22,939.22,939.22,1,3.9984,4.0,0
MRC001153,2026-08-31,0,1,1,1,2159,3,2,11,21,2035.4,22829.0,2075.36,8,0.7272,0.3566,0
MRC001154,2026-08-31,4,1,0,1,1828,0,2,7,16,3372.39,18006.21,2572.32,6,1.1428,0.7492,0
MRC001155,2026-08-31,0,0,1,1,616,39,0,0,1,0,0,0.0,0,0.0,0.0,1
MRC001156,2026-08-31,0,0,1,1,468,8,0,1,4,0,883.45,883.45,1,0.0,0.0,0
MRC001157,2026-08-31,5,0,0,1,562,1,2,12,21,2977.54,19862.46,1655.2,10,0.6666,0.5996,0
MRC001158,2026-08-31,0,0,1,0,1598,2,3,14,27,1589.72,18644.49,1331.75,11,0.8571,0.3411,0
MRC001159,2026-08-31,5,1,1,1,1814,6,1,7,13,92.92,3010.74,430.11,6,0.5714,0.1235,0
MRC001160,2026-08-31,5,2,1,1,2004,9,0,1,3,0,94.37,94.37,1,0.0,0.0,0
MRC001161,2026-08-31,2,0,0,1,482,18,0,2,4,0,6579.18,3289.59,2,0.0,0.0,1
MRC001162,2026-08-31,3,1,0,1,857,17,0,1,7,0,1911.83,1911.83,1,0.0,0.0,0
MRC001163,2026-08-31,5,1,1,0,995,12,0,2,7,0,1641.6,820.8,2,0.0,0.0,0
MRC001164,2026-08-31,2,0,1,1,1638,15,0,1,3,0,60.43,60.43,1,0.0,0.0,0
MRC001165,2026-08-31,5,0,0,0,358,3,1,1,4,1068.51,1068.51,1068.51,1,3.9984,4.0,0
MRC001166,2026-08-31,5,1,1,1,2093,1,2,8,14,1611.15,6590.01,823.75,8,1.0,0.9779,0
MRC001167,2026-08-31,5,1,0,1,433,2,2,20,37,4244.39,29196.59,1459.83,16,0.4,0.5815,0
MRC001168,2026-08-31,5,2,1,0,1401,8,0,6,15,0,3998.32,666.39,5,0.0,0.0,0
MRC001169,2026-08-31,5,1,1,1,2295,2,1,4,9,992.37,7278.1,1819.52,4,0.9999,0.5454,0
MRC001170,2026-08-31,2,1,0,1,681,80,0,0,0,0,0,0.0,0,0.0,0.0,1
MRC001171,2026-08-31,5,2,1,1,1758,0,3,9,16,3228.84,15841.15,1760.13,8,1.3333,0.8153,0
MRC001172,2026-08-31,5,2,1,1,1458,1,8,21,35,11553.49,30299.52,1442.83,15,1.5238,1.5252,0
MRC001173,2026-08-31,5,2,1,1,2048,1,2,11,28,3114.49,35354.54,3214.05,10,0.7272,0.3524,0
MRC001174,2026-08-31,5,0,1,1,1541,2,3,5,11,8789.53,9756.2,1951.24,4,2.3998,3.6037,0
MRC001175,2026-08-31,5,3,0,1,2110,3,2,5,7,1119.25,2206.57,441.31,5,1.5999,2.0289,1
MRC001176,2026-08-31,5,2,0,1,1137,4,2,5,7,4894.33,6817.62,1363.52,4,1.5999,2.8716,0
MRC001177,2026-08-31,2,1,1,1,615,0,2,10,20,2098.05,24793.38,2479.34,9,0.8,0.3385,0
MRC001178,2026-08-31,5,1,1,1,1741,0,2,5,7,1438.27,4197.02,839.4,5,1.5999,1.3708,0
MRC001179,2026-08-31,4,3,1,1,2371,4,3,4,9,1396.46,3484.76,871.19,2,2.9997,1.6029,0
MRC001180,2026-08-31,5,1,1,1,1203,21,0,2,3,0,333.92,166.96,2,0.0,0.0,0
MRC001181,2026-08-31,5,1,1,1,2048,1,11,44,90,8355.38,44594.8,1013.52,21,1.0,0.7494,0
MRC001182,2026-08-31,5,1,1,1,2174,4,1,2,3,1759.14,2167.11,1083.56,2,1.9996,3.247,0
MRC001183,2026-08-31,5,1,1,1,1667,36,0,0,1,0,0,0.0,0,0.0,0.0,0
MRC001184,2026-08-31,3,1,1,1,1986,4,1,2,8,1426.58,2533.28,1266.64,2,1.9996,2.2525,0
MRC001185,2026-08-31,2,0,1,0,1487,14,0,5,6,0,5314.93,1062.99,4,0.0,0.0,1
MRC001186,2026-08-31,0,0,0,1,2015,1,2,8,15,1289.28,14733.63,1841.7,8,1.0,0.35,0
MRC001187,2026-08-31,4,1,1,1,991,11,0,6,13,0,7149.7,1191.62,6,0.0,0.0,0
MRC001188,2026-08-31,5,1,1,0,1406,35,0,0,2,0,0,0.0,0,0.0,0.0,0
MRC001189,2026-08-31,2,1,1,1,427,28,0,1,3,0,997.58,997.58,1,0.0,0.0,0
MRC001190,2026-08-31,5,2,1,1,686,13,0,1,2,0,227.3,227.3,1,0.0,0.0,0
MRC001191,2026-08-31,4,1,1,1,1522,1,3,7,12,2099.48,8806.08,1258.01,5,1.7142,0.9537,0
MRC001192,2026-08-31,5,1,1,1,1839,4,1,8,17,5861.79,9847.9,1230.99,6,0.5,2.3809,0
MRC001193,2026-08-31,5,0,1,1,322,28,0,1,3,0,4947.57,4947.57,1,0.0,0.0,0
MRC001194,2026-08-31,5,1,1,0,407,8,0,7,13,0,18436.21,2633.74,7,0.0,0.0,0
MRC001195,2026-08-31,5,2,0,0,270,36,0,0,3,0,0,0.0,0,0.0,0.0,1
MRC001196,2026-08-31,5,1,1,1,1387,3,1,2,5,1718.39,2131.59,1065.8,2,1.9996,3.2246,1
MRC001197,2026-08-31,5,2,0,1,989,43,0,0,1,0,0,0.0,0,0.0,0.0,0
MRC001198,2026-08-31,5,3,0,1,372,8,0,6,12,0,4510.64,751.77,6,0.0,0.0,0
MRC001199,2026-08-31,0,0,0,1,1991,3,1,4,7,1087.01,2444.22,611.05,4,0.9999,1.7789,0
MRC001200,2026-08-31,4,1,1,1,1411,2,1,1,2,168.51,168.51,168.51,1,3.9984,4.0,0
MRC001201,2026-08-31,5,1,1,1,278,3,2,4,8,3102.67,8161.88,2040.47,4,1.9998,1.5206,0
MRC001202,2026-08-31,5,1,1,1,1755,5,1,9,22,988.11,32546.21,3616.25,9,0.4444,0.1214,0
MRC001203,2026-08-31,3,0,1,1,2248,9,0,2,4,0,4221.34,2110.67,2,0.0,0.0,0
MRC001204,2026-08-31,5,0,1,1,1172,17,0,2,3,0,4412.69,2206.35,2,0.0,0.0,0
MRC001205,2026-08-31,2,0,0,1,2331,7,0,6,12,0,2622.46,437.08,5,0.0,0.0,0
MRC001206,2026-08-31,5,1,1,1,1167,1,1,1,4,5805.91,5805.91,5805.91,1,3.9984,4.0,0
MRC001207,2026-08-31,5,0,1,1,426,8,0,2,2,0,2821.15,1410.57,2,0.0,0.0,1
MRC001208,2026-08-31,5,1,1,1,525,13,0,1,3,0,4581.82,4581.82,1,0.0,0.0,0
MRC001209,2026-08-31,5,1,1,1,403,5,1,2,6,831.16,1939.58,969.79,2,1.9996,1.7141,0
MRC001210,2026-08-31,5,1,1,1,916,13,0,2,3,0,3126.33,1563.16,2,0.0,0.0,1
MRC001211,2026-08-31,5,2,0,1,1097,14,0,2,7,0,2482.07,1241.04,2,0.0,0.0,0
MRC001212,2026-08-31,5,1,1,1,1227,1,5,18,37,5813.37,22555.82,1253.1,15,1.1111,1.0309,0
MRC001213,2026-08-31,0,0,1,1,1307,8,0,4,9,0,5060.96,1265.24,3,0.0,0.0,0
MRC001214,2026-08-31,5,3,0,0,2143,40,0,0,2,0,0,0.0,0,0.0,0.0,0
MRC001215,2026-08-31,5,2,0,1,282,18,0,2,3,0,4603.96,2301.98,2,0.0,0.0,0
MRC001216,2026-08-31,5,1,1,1,2219,1,9,29,49,15769.27,52740.18,1818.63,18,1.2414,1.196,0
MRC001217,2026-08-31,4,1,1,1,779,20,0,2,4,0,4369.62,2184.81,2,0.0,0.0,0
MRC001218,2026-08-31,3,0,1,1,2340,3,1,2,3,3508.79,4587.35,2293.68,2,1.9996,3.0595,0
MRC001219,2026-08-31,2,1,0,1,552,1,2,6,9,3882.87,8386.98,1397.83,5,1.3332,1.8519,0
MRC001220,2026-08-31,5,0,1,1,476,10,0,5,10,0,3022.12,604.42,5,0.0,0.0,0
MRC001221,2026-08-31,2,1,1,1,522,3,1,1,7,1364.54,1364.54,1364.54,1,3.9984,4.0,0
MRC001222,2026-08-31,0,0,1,1,904,71,0,0,0,0,0,0.0,0,0.0,0.0,0
MRC001223,2026-08-31,5,1,1,1,2314,0,2,2,4,9607.44,9607.44,4803.72,2,3.9992,4.0,0
MRC001224,2026-08-31,2,0,0,1,1268,3,1,4,8,606.94,7278.68,1819.67,4,0.9999,0.3335,0
MRC001225,2026-08-31,0,0,1,1,618,2,1,6,14,389.35,9204.61,1534.1,6,0.6666,0.1692,0
MRC001226,2026-08-31,5,0,0,1,1659,23,0,1,4,0,151.05,151.05,1,0.0,0.0,0
MRC001227,2026-08-31,3,1,1,1,1367,1,2,4,10,1042.68,2709.57,677.39,4,1.9998,1.5393,0
MRC001228,2026-08-31,0,0,1,1,1792,1,1,6,12,153.62,3101.97,517.0,6,0.6666,0.1981,0
MRC001229,2026-08-31,5,1,1,0,1877,18,0,1,2,0,1469.88,1469.88,1,0.0,0.0,0
MRC001230,2026-08-31,5,0,0,1,1974,21,0,1,4,0,701.47,701.47,1,0.0,0.0,0
MRC001231,2026-08-31,5,1,1,1,587,5,1,6,9,576.85,6420.65,1070.11,5,0.6666,0.3594,0
MRC001232,2026-08-31,2,0,0,1,1340,15,0,2,4,0,3873.8,1936.9,2,0.0,0.0,0
MRC001233,2026-08-31,4,2,1,1,1634,15,0,3,5,0,2455.19,818.4,3,0.0,0.0,0
MRC001234,2026-08-31,5,0,0,1,1473,103,0,0,0,0,0,0.0,0,0.0,0.0,1
MRC001235,2026-08-31,5,0,1,1,2382,13,0,1,4,0,1436.3,1436.3,1,0.0,0.0,0
MRC001236,2026-08-31,0,0,1,1,2355,19,0,1,1,0,2344.83,2344.83,1,0.0,0.0,1
MRC001237,2026-08-31,5,0,0,1,2030,2,5,9,23,3889.41,6230.21,692.25,8,2.2221,2.4971,0
MRC001238,2026-08-31,0,1,0,1,781,54,0,0,1,0,0,0.0,0,0.0,0.0,0
MRC001239,2026-08-31,5,0,0,1,1412,23,0,1,3,0,2083.96,2083.96,1,0.0,0.0,0
MRC001240,2026-08-31,5,2,1,1,2013,18,0,4,4,0,8186.75,2046.69,4,0.0,0.0,0
MRC001241,2026-08-31,5,1,1,0,843,8,0,6,14,0,13015.88,2169.31,4,0.0,0.0,0
MRC001242,2026-08-31,5,0,1,1,1812,1,6,32,55,9669.43,103363.09,3230.1,23,0.75,0.3742,0
MRC001243,2026-08-31,4,1,1,1,801,5,1,2,4,655.7,1055.18,527.59,2,1.9996,2.4856,0
MRC001244,2026-08-31,5,0,1,1,563,4,1,8,13,1027.01,12559.11,1569.89,8,0.5,0.3271,0
MRC001245,2026-08-31,2,0,0,1,781,1,1,3,7,420.13,3968.13,1322.71,3,1.3332,0.4235,0
MRC001246,2026-08-31,5,0,0,1,2281,2,2,3,5,1576.06,2000.64,666.88,3,2.6663,3.1511,0
MRC001247,2026-08-31,5,0,0,0,2431,0,4,6,9,7238.99,8554.72,1425.79,5,2.6665,3.3848,0
MRC001248,2026-08-31,0,0,0,1,2125,79,0,0,0,0,0,0.0,0,0.0,0.0,0
MRC001249,2026-08-31,0,2,1,1,849,5,2,4,6,942.34,4674.06,1168.51,3,1.9998,0.8064,0
MRC001250,2026-08-31,0,1,0,1,1960,10,0,5,13,0,5628.81,1125.76,5,0.0,0.0,0
MRC001251,2026-08-31,0,2,0,1,733,28,0,1,5,0,517.23,517.23,1,0.0,0.0,1
MRC001252,2026-08-31,4,0,0,1,534,1,2,5,9,887.99,14761.15,2952.23,5,1.5999,0.2406,0
MRC001253,2026-08-31,5,2,1,1,822,37,0,0,1,0,0,0.0,0,0.0,0.0,0
MRC001254,2026-08-31,3,0,0,1,562,14,0,5,8,0,4279.04,855.81,4,0.0,0.0,1
MRC001255,2026-08-31,5,0,1,1,1656,5,1,12,20,1320.19,19898.97,1658.25,10,0.3333,0.2654,0
MRC001256,2026-08-31,5,2,1,1,1749,9,0,3,5,0,6386.71,2128.9,3,0.0,0.0,0
MRC001257,2026-08-31,5,0,1,1,334,89,0,0,0,0,0,0.0,0,0.0,0.0,0
MRC001258,2026-08-31,2,1,1,1,491,33,0,0,2,0,0,0.0,0,0.0,0.0,0
MRC001259,2026-08-31,5,2,1,0,1303,1,1,4,11,115.86,2200.55,550.14,4,0.9999,0.2106,0
MRC001260,2026-08-31,5,1,1,1,504,3,1,10,19,1890.78,9205.29,920.53,8,0.4,0.8216,0
MRC001261,2026-08-31,5,1,1,1,2066,2,1,2,6,1574.61,5027.23,2513.61,2,1.9996,1.2529,0
MRC001262,2026-08-31,5,0,1,1,1131,9,0,2,4,0,5405.02,2702.51,2,0.0,0.0,0
MRC001263,2026-08-31,5,0,1,1,1159,183,0,0,0,0,0,0.0,0,0.0,0.0,1
MRC001264,2026-08-31,3,3,0,1,268,9,0,5,9,0,17764.86,3552.97,5,0.0,0.0,0
MRC001265,2026-08-31,5,0,1,1,1789,43,0,0,2,0,0,0.0,0,0.0,0.0,1
MRC001266,2026-08-31,5,0,1,0,1833,13,0,2,3,0,282.58,141.29,2,0.0,0.0,1
MRC001267,2026-08-31,5,0,1,1,1909,1,4,21,41,15090.35,26386.3,1256.49,16,0.7619,2.2876,0
MRC001268,2026-08-31,0,2,1,1,1437,145,0,0,0,0,0,0.0,0,0.0,0.0,0
MRC001269,2026-08-31,0,1,1,1,845,8,0,2,3,0,1405.1,702.55,2,0.0,0.0,0
MRC001270,2026-08-31,3,1,1,1,427,0,2,6,12,1008.54,2263.63,377.27,6,1.3332,1.7822,0
MRC001271,2026-08-31,0,2,1,1,946,31,0,0,2,0,0,0.0,0,0.0,0.0,0
MRC001272,2026-08-31,5,0,1,0,1444,7,0,4,8,0,7938.13,1984.53,4,0.0,0.0,0
MRC001273,2026-08-31,0,2,1,1,511,4,1,7,8,791.27,6295.8,899.4,5,0.5714,0.5027,0
MRC001274,2026-08-31,5,0,0,1,375,33,0,0,6,0,0,0.0,0,0.0,0.0,0
MRC001275,2026-08-31,4,1,0,1,731,6,1,1,1,264.26,264.26,264.26,1,3.9984,4.0,0
MRC001276,2026-08-31,5,0,1,1,411,32,0,0,5,0,0,0.0,0,0.0,0.0,1
MRC001277,2026-08-31,2,3,0,1,288,25,0,1,3,0,3757.22,3757.22,1,0.0,0.0,1
MRC001278,2026-08-31,0,2,1,1,1317,4,1,4,9,1599.3,3024.84,756.21,3,0.9999,2.1149,0
MRC001279,2026-08-31,0,1,1,1,1885,14,0,4,10,0,1927.13,481.78,3,0.0,0.0,0
MRC001280,2026-08-31,3,0,1,1,1349,22,0,2,3,0,9202.38,4601.19,2,0.0,0.0,0
MRC001281,2026-08-31,5,0,0,1,456,3,1,6,9,1010.48,9300.78,1550.13,6,0.6666,0.4346,0
MRC001282,2026-08-31,5,1,0,1,997,1,3,12,22,985.85,16569.09,1380.76,10,1.0,0.238,0
MRC001283,2026-08-31,2,0,1,1,334,3,1,1,7,507.02,507.02,507.02,1,3.9984,4.0,0
MRC001284,2026-08-31,5,0,1,1,1615,17,0,3,7,0,1218.78,406.26,3,0.0,0.0,0
MRC001285,2026-08-31,0,1,1,1,766,10,0,3,3,0,5591.46,1863.82,3,0.0,0.0,0
MRC001286,2026-08-31,3,1,0,1,1103,10,0,1,4,0,1040.03,1040.03,1,0.0,0.0,0
MRC001287,2026-08-31,5,2,1,1,2227,8,0,1,3,0,373.65,373.65,1,0.0,0.0,0
MRC001288,2026-08-31,4,1,1,1,1539,7,0,3,7,0,7828.11,2609.37,3,0.0,0.0,1
MRC001289,2026-08-31,5,0,1,1,1928,7,0,5,8,0,5142.43,1028.49,5,0.0,0.0,0
MRC001290,2026-08-31,5,1,1,1,1021,14,0,1,2,0,3246.93,3246.93,1,0.0,0.0,0
MRC001291,2026-08-31,0,0,1,1,2290,12,0,2,3,0,2025.93,1012.97,2,0.0,0.0,0
MRC001292,2026-08-31,4,1,1,1,1819,12,0,2,6,0,1987.35,993.67,2,0.0,0.0,0
MRC001293,2026-08-31,4,1,1,1,1383,3,3,14,33,8405.36,28558.67,2039.9,10,0.8571,1.1773,0
MRC001294,2026-08-31,0,0,1,1,1522,0,1,4,13,2635.72,12897.61,3224.4,4,0.9999,0.8174,0
MRC001295,2026-08-31,0,0,1,1,1618,8,0,4,8,0,6038.39,1509.6,4,0.0,0.0,0
MRC001296,2026-08-31,5,2,1,0,606,1,1,7,13,420.35,4622.13,660.3,6,0.5714,0.3638,0
MRC001297,2026-08-31,0,1,1,1,806,25,0,1,4,0,2335.15,2335.15,1,0.0,0.0,0
MRC001298,2026-08-31,5,1,1,1,1756,1,6,13,25,12356.62,22958.09,1766.01,10,1.8461,2.1529,0
MRC001299,2026-08-31,5,1,1,1,1220,44,0,0,7,0,0,0.0,0,0.0,0.0,0
MRC001300,2026-08-31,5,1,1,1,1969,37,0,0,3,0,0,0.0,0,0.0,0.0,0
MRC001301,2026-08-31,5,0,1,1,1405,2,1,2,3,220.57,953.8,476.9,2,1.9996,0.925,0
MRC001302,2026-08-31,0,2,1,1,400,0,1,2,7,615.93,982.6,491.3,2,1.9996,2.5073,1
MRC001303,2026-08-31,0,2,1,1,1709,19,0,1,2,0,700.35,700.35,1,0.0,0.0,1
MRC001304,2026-08-31,4,0,0,1,1589,37,0,0,2,0,0,0.0,0,0.0,0.0,0
MRC001305,2026-08-31,5,0,1,1,1053,5,1,3,4,563.25,2962.61,987.54,3,1.3332,0.7605,0
MRC001306,2026-08-31,5,1,0,1,1984,40,0,0,1,0,0,0.0,0,0.0,0.0,0
MRC001307,2026-08-31,2,1,1,1,1023,17,0,1,2,0,3533.29,3533.29,1,0.0,0.0,1
MRC001308,2026-08-31,2,1,1,1,507,2,2,6,13,838.53,6218.37,1036.39,5,1.3332,0.5394,0
MRC001309,2026-08-31,3,1,1,1,521,1,2,8,15,1254.28,10710.4,1338.8,7,1.0,0.4684,0
MRC001310,2026-08-31,2,1,1,1,2227,1,5,25,40,7252.79,21361.32,854.45,17,0.8,1.3581,0
MRC001311,2026-08-31,5,1,1,1,1078,1,6,24,37,14239.39,27072.44,1128.02,18,1.0,2.1039,0
MRC001312,2026-08-31,4,0,1,1,1163,1,1,3,6,1787.7,3873.54,1291.18,3,1.3332,1.8461,0
MRC001313,2026-08-31,2,0,1,1,924,1,1,10,21,7265.39,16188.62,1618.86,7,0.4,1.7952,0
MRC001314,2026-08-31,5,1,1,1,1869,6,1,5,11,3228.47,11755.86,2351.17,4,0.7999,1.0985,0
MRC001315,2026-08-31,0,2,1,1,1580,1,1,3,6,905.97,1782.2,594.07,3,1.3332,2.0334,0
MRC001316,2026-08-31,2,1,0,0,2221,11,0,3,6,0,2474.16,824.72,2,0.0,0.0,0
MRC001317,2026-08-31,5,0,1,0,2211,0,1,7,16,215.99,8175.31,1167.9,5,0.5714,0.1057,0
MRC001318,2026-08-31,0,2,1,0,2419,0,52,254,474,97920.75,431295.97,1698.02,30,0.8189,0.9082,0
MRC001319,2026-08-31,5,1,1,1,976,2,3,7,15,5623.28,9685.05,1383.58,7,1.7142,2.3225,0
MRC001320,2026-08-31,2,1,1,1,1532,2,1,2,4,2262.5,2814.12,1407.06,2,1.9996,3.2159,0
MRC001321,2026-08-31,0,0,1,1,1014,1,3,7,12,2552.86,3153.2,450.46,5,1.7142,3.2384,0
MRC001322,2026-08-31,0,1,1,1,1795,2,2,3,7,4473.64,4938.8,1646.27,3,2.6663,3.6233,0
MRC001323,2026-08-31,4,1,1,1,1891,4,1,5,10,284.52,5001.14,1000.23,5,0.7999,0.2276,0
MRC001324,2026-08-31,0,1,0,1,806,8,0,4,14,0,5372.01,1343.0,4,0.0,0.0,0
MRC001325,2026-08-31,2,0,1,1,2135,10,0,3,4,0,5427.87,1809.29,3,0.0,0.0,0
MRC001326,2026-08-31,5,1,1,1,890,21,0,1,1,0,3101.89,3101.89,1,0.0,0.0,0
MRC001327,2026-08-31,5,0,1,1,2405,0,2,2,9,10487.11,10487.11,5243.56,2,3.9992,4.0,0
MRC001328,2026-08-31,5,3,1,1,2115,0,3,7,17,5951.61,8806.41,1258.06,6,1.7142,2.7033,0
MRC001329,2026-08-31,5,0,0,1,296,25,0,1,3,0,1566.56,1566.56,1,0.0,0.0,1
MRC001330,2026-08-31,5,1,0,0,1127,11,0,7,8,0,8561.32,1223.05,6,0.0,0.0,0
MRC001331,2026-08-31,5,1,1,1,1105,3,2,10,20,4498.46,19579.47,1957.95,9,0.8,0.919,0
MRC001332,2026-08-31,4,0,0,1,2054,3,2,2,3,2270.3,2270.3,1135.15,2,3.9992,4.0,0
MRC001333,2026-08-31,2,0,1,1,1839,1,1,1,1,743.36,743.36,743.36,1,3.9984,4.0,0
MRC001334,2026-08-31,3,0,1,1,367,30,0,0,3,0,0,0.0,0,0.0,0.0,0
MRC001335,2026-08-31,5,1,1,1,2093,9,0,3,5,0,6055.58,2018.53,3,0.0,0.0,0
MRC001336,2026-08-31,5,3,1,1,733,0,4,23,34,38383.26,64102.83,2787.08,16,0.6956,2.3951,0
MRC001337,2026-08-31,4,1,1,1,1064,14,0,1,2,0,3065.17,3065.17,1,0.0,0.0,1
MRC001338,2026-08-31,5,3,1,1,628,2,1,5,9,845.78,5040.03,1008.01,4,0.7999,0.6712,0
MRC001339,2026-08-31,0,0,1,1,601,38,0,0,2,0,0,0.0,0,0.0,0.0,0
MRC001340,2026-08-31,5,1,1,1,1408,6,1,1,1,843.47,843.47,843.47,1,3.9984,4.0,0
MRC001341,2026-08-31,5,2,1,1,442,61,0,0,0,0,0,0.0,0,0.0,0.0,1
MRC001342,2026-08-31,5,2,0,1,432,2,1,5,8,4744.75,8576.02,1715.2,5,0.7999,2.213,0
MRC001343,2026-08-31,5,0,1,1,1973,5,1,2,3,795.42,1696.01,848.0,2,1.9996,1.876,0
MRC001344,2026-08-31,4,1,1,0,1008,5,1,8,15,806.63,6205.02,775.63,7,0.5,0.52,0
MRC001345,2026-08-31,5,2,1,1,1673,4,1,3,7,4252.17,6965.79,2321.93,3,1.3332,2.4417,0
MRC001346,2026-08-31,5,1,1,1,2411,3,1,2,5,152.98,1672.88,836.44,2,1.9996,0.3658,0
MRC001347,2026-08-31,5,1,1,1,368,18,0,2,3,0,1720.54,860.27,2,0.0,0.0,0
MRC001348,2026-08-31,4,0,0,0,1992,5,1,3,6,3476.78,7604.28,2534.76,3,1.3332,1.8289,0
MRC001349,2026-08-31,0,0,0,0,496,1,3,21,34,12467.55,49537.95,2358.95,15,0.5714,1.0067,0
MRC001350,2026-08-31,2,1,1,1,1918,39,0,0,2,0,0,0.0,0,0.0,0.0,0
MRC001351,2026-08-31,5,1,1,1,925,4,2,6,8,480.56,5856.5,976.08,6,1.3332,0.3282,0
MRC001352,2026-08-31,5,0,1,1,552,2,1,2,2,928.72,1581.82,790.91,2,1.9996,2.3485,1
MRC001353,2026-08-31,5,0,1,1,756,0,5,9,23,13799.66,18846.22,2094.02,8,2.2221,2.9289,0
MRC001354,2026-08-31,5,1,1,1,1053,22,0,1,6,0,803.22,803.22,1,0.0,0.0,1
MRC001355,2026-08-31,5,1,1,1,1851,10,0,1,1,0,4287.92,4287.92,1,0.0,0.0,1
MRC001356,2026-08-31,4,1,1,1,1744,1,1,1,1,1251.19,1251.19,1251.19,1,3.9984,4.0,1
MRC001357,2026-08-31,5,1,1,1,1849,8,0,5,14,0,4744.34,948.87,5,0.0,0.0,0
MRC001358,2026-08-31,2,0,1,1,304,33,0,0,2,0,0,0.0,0,0.0,0.0,0
MRC001359,2026-08-31,4,2,1,1,2388,10,0,4,7,0,2731.96,682.99,4,0.0,0.0,0
MRC001360,2026-08-31,0,1,0,1,1205,20,0,1,3,0,102.29,102.29,1,0.0,0.0,0
MRC001361,2026-08-31,2,0,1,1,500,2,1,5,11,1220.31,7101.81,1420.36,5,0.7999,0.6873,0
MRC001362,2026-08-31,4,1,0,0,2285,13,0,1,3,0,484.22,484.22,1,0.0,0.0,1
MRC001363,2026-08-31,5,1,1,1,1989,12,0,1,1,0,776.28,776.28,1,0.0,0.0,0
MRC001364,2026-08-31,0,1,1,1,436,26,0,1,2,0,5848.98,5848.98,1,0.0,0.0,0
MRC001365,2026-08-31,4,1,0,1,1211,6,1,6,10,2352.16,4787.81,797.97,5,0.6666,1.9651,0
MRC001366,2026-08-31,0,1,1,1,2237,4,1,1,3,363.54,363.54,363.54,1,3.9984,4.0,0
MRC001367,2026-08-31,5,1,1,1,1748,0,1,8,13,1091.48,14950.7,1868.84,7,0.5,0.292,0
MRC001368,2026-08-31,5,0,0,0,682,5,1,2,4,510.48,1134.42,567.21,2,1.9996,1.8,0
MRC001369,2026-08-31,2,0,1,1,1787,15,0,3,5,0,3158.94,1052.98,3,0.0,0.0,0
MRC001370,2026-08-31,0,0,1,1,670,7,0,5,9,0,4252.83,850.57,5,0.0,0.0,0
MRC001371,2026-08-31,5,1,1,1,1025,2,1,2,4,1027.62,21394.18,10697.09,2,1.9996,0.1921,0
MRC001372,2026-08-31,5,1,1,1,684,33,0,0,1,0,0,0.0,0,0.0,0.0,0
MRC001373,2026-08-31,5,1,0,1,1772,0,5,10,16,2820.71,7206.59,720.66,9,1.9999,1.5656,0
MRC001374,2026-08-31,3,0,1,1,2291,8,0,2,4,0,3191.6,1595.8,2,0.0,0.0,0
MRC001375,2026-08-31,5,1,1,1,354,4,1,3,11,1023.82,5980.31,1993.44,3,1.3332,0.6848,0
MRC001376,2026-08-31,5,0,1,1,1576,5,1,4,8,316.08,2475.59,618.9,4,0.9999,0.5107,0
MRC001377,2026-08-31,2,1,1,1,799,5,1,2,5,1053.49,3411.16,1705.58,2,1.9996,1.2353,0
MRC001378,2026-08-31,5,1,1,1,1897,1,4,11,17,7378.59,13820.85,1256.44,7,1.4545,2.1355,0
MRC001379,2026-08-31,4,0,1,1,561,0,8,16,30,10491.74,18132.51,1133.28,12,2.0,2.3145,0
MRC001380,2026-08-31,5,0,1,1,1057,3,1,6,12,6251.12,7659.48,1276.58,6,0.6666,3.2645,0
MRC001381,2026-08-31,2,1,1,1,706,1,1,6,13,493.64,3883.58,647.26,5,0.6666,0.5084,0
MRC001382,2026-08-31,0,1,1,1,2165,0,4,18,34,5641.07,29075.26,1615.29,14,0.8889,0.7761,0
MRC001383,2026-08-31,5,0,1,1,437,27,0,1,1,0,390.0,390.0,1,0.0,0.0,1
MRC001384,2026-08-31,5,2,0,1,1528,2,2,2,3,2768.55,2768.55,1384.27,2,3.9992,4.0,1
MRC001385,2026-08-31,2,3,1,1,520,3,1,2,5,106.11,247.79,123.9,2,1.9996,1.7129,1
MRC001386,2026-08-31,5,2,0,1,1567,0,6,19,35,7025.73,24941.39,1312.7,13,1.2631,1.1268,0
MRC001387,2026-08-31,2,0,0,1,1934,1,3,8,15,3043.13,11766.37,1470.8,8,1.4999,1.0345,0
MRC001388,2026-08-31,5,1,1,1,1900,41,0,0,1,0,0,0.0,0,0.0,0.0,1
MRC001389,2026-08-31,5,0,1,1,329,8,0,2,2,0,1331.13,665.57,2,0.0,0.0,0
MRC001390,2026-08-31,2,2,1,1,1947,17,0,1,1,0,216.45,216.45,1,0.0,0.0,1
MRC001391,2026-08-31,5,1,1,1,905,2,1,3,4,160.07,3346.2,1115.4,2,1.3332,0.1913,0
MRC001392,2026-08-31,5,0,1,1,1746,3,2,9,14,1083.47,11731.39,1303.49,9,0.8888,0.3694,0
MRC001393,2026-08-31,0,0,1,1,2362,0,4,14,28,2931.84,10145.22,724.66,11,1.1428,1.1559,0
MRC001394,2026-08-31,5,2,0,1,516,13,0,3,9,0,4726.15,1575.38,3,0.0,0.0,0
MRC001395,2026-08-31,2,2,0,1,1049,26,0,1,3,0,2033.56,2033.56,1,0.0,0.0,0
MRC001396,2026-08-31,5,1,0,1,2150,1,2,6,7,708.04,8234.49,1372.41,5,1.3332,0.3439,0
MRC001397,2026-08-31,0,1,1,0,566,0,2,14,23,6423.15,32897.98,2349.86,10,0.5714,0.781,0
MRC001398,2026-08-31,4,1,0,0,827,1,7,36,80,11961.23,51413.41,1428.15,21,0.7778,0.9306,0
MRC001399,2026-08-31,5,2,1,0,1456,45,0,0,1,0,0,0.0,0,0.0,0.0,1
MRC001400,2026-08-31,0,1,1,1,2433,1,8,21,36,9873.96,56317.85,2681.8,15,1.5238,0.7013,0
MRC001401,2026-08-31,5,1,1,1,900,1,1,2,7,150.84,926.99,463.5,2,1.9996,0.6509,0
MRC001402,2026-08-31,5,1,1,0,1099,7,0,8,14,0,12228.19,1528.52,6,0.0,0.0,0
MRC001403,2026-08-31,5,2,1,1,1995,7,0,5,11,0,5734.24,1146.85,5,0.0,0.0,0
MRC001404,2026-08-31,0,0,1,1,519,1,1,10,22,1986.79,14676.84,1467.68,9,0.4,0.5415,0
MRC001405,2026-08-31,5,1,1,1,972,3,1,2,4,173.04,3125.42,1562.71,2,1.9996,0.2215,0
MRC001406,2026-08-31,5,0,1,1,947,1,1,3,5,201.58,970.97,323.66,3,1.3332,0.8304,0
MRC001407,2026-08-31,2,1,1,1,1133,9,0,3,8,0,1571.37,523.79,3,0.0,0.0,0
MRC001408,2026-08-31,5,1,0,1,1510,4,2,11,21,1930.62,20203.14,1836.65,8,0.7272,0.3822,0
MRC001409,2026-08-31,5,0,1,1,741,1,2,4,7,1086.62,8021.16,2005.29,4,1.9998,0.5419,0
MRC001410,2026-08-31,5,1,1,1,1112,28,0,1,1,0,483.16,483.16,1,0.0,0.0,0
MRC001411,2026-08-31,3,0,1,1,2260,4,1,3,5,2110.29,4132.84,1377.61,3,1.3332,2.0425,0
MRC001412,2026-08-31,5,2,1,1,2067,7,0,3,5,0,1889.86,629.95,3,0.0,0.0,0
MRC001413,2026-08-31,5,2,1,1,2346,7,0,8,11,0,7995.55,999.44,7,0.0,0.0,0
MRC001414,2026-08-31,5,1,1,1,1747,12,0,1,4,0,198.43,198.43,1,0.0,0.0,0
MRC001415,2026-08-31,5,1,1,1,1529,0,4,9,17,6969.46,21892.17,2432.46,9,1.7777,1.2734,0
MRC001416,2026-08-31,5,0,1,1,723,109,0,0,0,0,0,0.0,0,0.0,0.0,1
MRC001417,2026-08-31,5,2,0,1,604,1,1,2,5,147.15,1312.63,656.32,2,1.9996,0.4484,0
MRC001418,2026-08-31,5,1,1,1,1434,1,3,4,8,4065.9,4668.38,1167.1,3,2.9997,3.4838,0
MRC001419,2026-08-31,0,0,0,1,1141,5,1,30,54,230.8,45691.57,1523.05,16,0.1333,0.0202,0
MRC001420,2026-08-31,0,3,1,1,1977,5,3,5,11,7040.29,7602.1,1520.42,3,2.3998,3.7044,0
MRC001421,2026-08-31,5,0,0,0,278,4,3,5,7,2835.32,3324.37,664.87,4,2.3998,3.4116,0
MRC001422,2026-08-31,5,1,1,0,2204,10,0,2,7,0,2570.44,1285.22,2,0.0,0.0,0
MRC001423,2026-08-31,5,0,0,0,629,3,1,4,5,10.0,2379.47,594.87,3,0.9999,0.0168,0
MRC001424,2026-08-31,5,1,1,1,1119,1,3,20,44,3931.72,19245.57,962.28,13,0.6,0.8172,0
MRC001425,2026-08-31,5,0,1,1,1035,31,0,0,2,0,0,0.0,0,0.0,0.0,0
MRC001426,2026-08-31,2,0,1,0,2276,79,0,0,0,0,0,0.0,0,0.0,0.0,0
MRC001427,2026-08-31,5,1,1,1,1831,0,3,11,20,2778.23,8288.08,753.46,10,1.0909,1.3408,0
MRC001428,2026-08-31,0,3,1,1,335,3,1,2,6,5429.32,9156.39,4578.19,2,1.9996,2.3718,0
MRC001429,2026-08-31,3,0,1,1,2120,5,1,3,9,428.32,1087.29,362.43,3,1.3332,1.5757,0
MRC001430,2026-08-31,0,1,1,1,1735,0,1,5,10,134.4,5731.71,1146.34,5,0.7999,0.0938,1
MRC001431,2026-08-31,3,1,1,1,405,1,3,6,15,6079.38,13863.03,2310.51,6,1.9999,1.7541,0
MRC001432,2026-08-31,3,2,1,0,1965,10,0,3,13,0,3847.06,1282.35,3,0.0,0.0,0
MRC001433,2026-08-31,5,0,1,1,331,24,0,3,4,0,2589.41,863.14,2,0.0,0.0,0
MRC001434,2026-08-31,5,1,0,1,1185,10,0,7,10,0,8335.14,1190.73,6,0.0,0.0,0
MRC001435,2026-08-31,2,2,0,0,611,17,0,1,4,0,1349.48,1349.48,1,0.0,0.0,0
MRC001436,2026-08-31,0,0,0,1,280,2,2,6,11,3425.44,9395.15,1565.86,5,1.3332,1.4584,0
MRC001437,2026-08-31,0,1,1,0,1479,26,0,1,3,0,838.58,838.58,1,0.0,0.0,0
MRC001438,2026-08-31,5,2,0,1,1758,1,1,5,6,1773.66,3293.65,658.73,4,0.7999,2.154,0
MRC001439,2026-08-31,5,0,0,1,1305,5,1,5,12,688.7,15495.24,3099.05,5,0.7999,0.1778,0
MRC001440,2026-08-31,2,1,1,1,1005,3,2,7,14,2210.74,8064.29,1152.04,5,1.1428,1.0966,0
MRC001441,2026-08-31,4,0,1,0,1378,3,1,9,27,1902.17,15956.07,1772.9,8,0.4444,0.4769,0
MRC001442,2026-08-31,5,2,1,1,588,132,0,0,0,0,0,0.0,0,0.0,0.0,0
MRC001443,2026-08-31,5,2,1,1,366,0,2,7,11,1132.49,7038.98,1005.57,6,1.1428,0.6436,0
MRC001444,2026-08-31,2,1,0,1,600,11,0,4,5,0,4017.84,1004.46,3,0.0,0.0,0
MRC001445,2026-08-31,0,1,1,1,375,19,0,3,4,0,1525.63,508.54,3,0.0,0.0,0
MRC001446,2026-08-31,2,1,0,1,1937,81,0,0,0,0,0,0.0,0,0.0,0.0,1
MRC001447,2026-08-31,4,0,1,1,1587,25,0,1,5,0,807.57,807.57,1,0.0,0.0,0
MRC001448,2026-08-31,2,0,1,1,666,5,1,1,5,574.61,574.61,574.61,1,3.9984,4.0,0
MRC001449,2026-08-31,0,0,1,1,1502,1,1,1,2,341.32,341.32,341.32,1,3.9984,4.0,0
MRC001450,2026-08-31,5,0,1,1,1314,5,1,4,4,811.12,4605.78,1151.44,4,0.9999,0.7044,0
MRC001451,2026-08-31,3,1,1,1,500,2,2,15,26,4581.41,21811.64,1454.11,14,0.5333,0.8402,0
MRC001452,2026-08-31,4,0,0,1,2377,0,11,35,83,16850.81,60884.1,1739.55,18,1.2571,1.1071,0
MRC001453,2026-08-31,3,0,0,1,2306,12,0,2,5,0,1150.28,575.14,2,0.0,0.0,0
MRC001454,2026-08-31,5,1,0,1,1915,1,1,1,1,312.84,312.84,312.84,1,3.9984,4.0,0
MRC001455,2026-08-31,5,0,0,1,2023,0,3,7,9,7328.48,18761.28,2680.18,7,1.7142,1.5625,0
MRC001456,2026-08-31,5,0,1,1,1452,45,0,0,1,0,0,0.0,0,0.0,0.0,1
MRC001457,2026-08-31,0,0,1,1,2013,24,0,1,5,0,1207.34,1207.34,1,0.0,0.0,0
MRC001458,2026-08-31,5,0,0,1,1411,1,2,3,6,2965.63,5199.36,1733.12,3,2.6663,2.2815,0
MRC001459,2026-08-31,5,1,0,1,619,15,0,1,3,0,1097.34,1097.34,1,0.0,0.0,0
MRC001460,2026-08-31,5,1,1,1,622,1,2,3,5,2161.89,2671.58,890.53,3,2.6663,3.2369,0
MRC001461,2026-08-31,2,2,1,1,2122,60,0,0,0,0,0,0.0,0,0.0,0.0,0
MRC001462,2026-08-31,2,1,1,1,1232,0,1,3,8,90.79,2542.67,847.56,3,1.3332,0.1428,0
MRC001463,2026-08-31,0,1,0,1,1850,6,1,10,22,1311.24,11042.6,1104.26,8,0.4,0.475,0
MRC001464,2026-08-31,5,2,1,1,573,9,0,4,8,0,8300.61,2075.15,4,0.0,0.0,1
MRC001465,2026-08-31,5,1,0,1,1235,1,2,5,10,2206.88,5266.49,1053.3,5,1.5999,1.6762,0
MRC001466,2026-08-31,2,1,1,0,439,6,1,1,1,461.08,461.08,461.08,1,3.9984,4.0,0
MRC001467,2026-08-31,3,1,1,1,739,0,1,2,3,1264.78,1787.36,893.68,2,1.9996,2.8305,0
MRC001468,2026-08-31,0,0,1,1,495,96,0,0,0,0,0,0.0,0,0.0,0.0,0
MRC001469,2026-08-31,0,0,0,1,711,4,1,8,13,3658.73,11873.1,1484.14,7,0.5,1.2326,0
MRC001470,2026-08-31,5,0,1,1,1582,36,0,0,2,0,0,0.0,0,0.0,0.0,0
MRC001471,2026-08-31,3,1,1,1,268,14,0,1,1,0,1815.82,1815.82,1,0.0,0.0,0
MRC001472,2026-08-31,5,0,1,1,679,2,3,7,11,2858.84,6408.15,915.45,6,1.7142,1.7845,0
MRC001473,2026-08-31,5,1,0,1,1766,6,1,5,10,1238.21,5568.56,1113.71,5,0.7999,0.8894,0
MRC001474,2026-08-31,5,2,1,1,583,23,0,2,5,0,1648.34,824.17,2,0.0,0.0,0
MRC001475,2026-08-31,5,1,0,1,1470,3,2,3,7,2690.17,2999.33,999.78,3,2.6663,3.5877,0
MRC001476,2026-08-31,0,0,1,1,2151,5,1,1,2,887.62,887.62,887.62,1,3.9984,4.0,0
MRC001477,2026-08-31,5,1,1,1,1961,0,1,10,20,2454.17,19323.34,1932.33,10,0.4,0.508,0
MRC001478,2026-08-31,5,0,1,1,523,22,0,1,6,0,1003.29,1003.29,1,0.0,0.0,0
MRC001479,2026-08-31,4,3,1,1,579,6,1,2,4,719.6,2401.72,1200.86,2,1.9996,1.1985,1
MRC001480,2026-08-31,0,1,1,1,1798,4,1,13,32,1074.02,11842.52,910.96,11,0.3077,0.3628,0
MRC001481,2026-08-31,4,1,1,0,1014,2,2,6,8,1503.97,10007.94,1667.99,6,1.3332,0.6011,0
MRC001482,2026-08-31,0,1,1,1,1168,4,2,6,7,1040.4,4939.19,823.2,6,1.3332,0.8426,0
MRC001483,2026-08-31,3,1,0,1,1298,1,2,8,16,548.44,16249.57,2031.2,8,1.0,0.135,0
MRC001484,2026-08-31,0,1,0,1,1522,5,1,3,5,1528.6,2285.14,761.71,3,1.3332,2.6757,0
MRC001485,2026-08-31,5,0,1,1,1238,28,0,1,4,0,330.06,330.06,1,0.0,0.0,0
MRC001486,2026-08-31,0,0,1,0,308,3,1,6,10,1267.07,9845.92,1640.99,5,0.6666,0.5148,0
MRC001487,2026-08-31,0,0,0,1,463,5,1,2,5,1510.7,7843.53,3921.76,2,1.9996,0.7704,0
MRC001488,2026-08-31,2,1,1,1,257,0,1,1,2,175.56,175.56,175.56,1,3.9984,4.0,0
MRC001489,2026-08-31,0,2,0,1,835,38,0,0,1,0,0,0.0,0,0.0,0.0,1
MRC001490,2026-08-31,5,1,1,1,2042,18,0,1,3,0,119.69,119.69,1,0.0,0.0,0
MRC001491,2026-08-31,2,1,1,0,2380,66,0,0,0,0,0,0.0,0,0.0,0.0,0
MRC001492,2026-08-31,4,2,1,1,1295,16,0,1,3,0,338.76,338.76,1,0.0,0.0,0
MRC001493,2026-08-31,0,0,1,1,316,5,1,6,11,815.94,4164.38,694.06,6,0.6666,0.7837,0
MRC001494,2026-08-31,2,0,1,1,412,11,0,3,6,0,2499.7,833.23,3,0.0,0.0,0
MRC001495,2026-08-31,5,2,1,1,2037,4,1,4,12,117.38,4735.13,1183.78,4,0.9999,0.0992,0
MRC001496,2026-08-31,5,2,1,1,1007,2,1,7,10,1301.47,13648.79,1949.83,7,0.5714,0.3814,0
MRC001497,2026-08-31,2,1,1,1,2183,17,0,1,1,0,325.56,325.56,1,0.0,0.0,1
MRC001498,2026-08-31,5,0,0,0,1363,3,3,8,14,2325.06,11929.88,1491.23,5,1.4999,0.7796,0
MRC001499,2026-08-31,5,3,1,1,2178,12,0,3,5,0,1080.8,360.27,3,0.0,0.0,0
MRC001500,2026-08-31,5,1,0,1,553,0,4,25,45,2545.87,44979.55,1799.18,17,0.64,0.2264,0
MRC001501,2026-08-31,5,1,1,1,2132,11,0,2,3,0,384.69,192.34,2,0.0,0.0,0
MRC001502,2026-08-31,4,0,1,1,1450,47,0,0,1,0,0,0.0,0,0.0,0.0,1
MRC001503,2026-08-31,5,1,0,1,1212,0,4,6,18,4927.68,5198.13,866.36,5,2.6665,3.7919,0
MRC001504,2026-08-31,5,2,1,1,1412,2,1,5,13,359.86,5392.9,1078.58,4,0.7999,0.2669,0
MRC001505,2026-08-31,5,2,1,1,971,0,2,3,16,2058.06,3029.36,1009.79,3,2.6663,2.7175,0
MRC001506,2026-08-31,5,1,1,1,1574,8,0,4,10,0,2348.13,587.03,4,0.0,0.0,0
MRC001507,2026-08-31,5,1,0,1,1939,0,8,42,82,4874.0,47332.04,1126.95,22,0.7619,0.4119,0
MRC001508,2026-08-31,0,1,1,1,2027,10,0,2,6,0,3267.36,1633.68,2,0.0,0.0,0
MRC001509,2026-08-31,5,1,1,0,2394,0,3,8,18,2273.07,8103.26,1012.91,6,1.4999,1.1221,0
MRC001510,2026-08-31,5,1,1,1,1158,11,0,3,3,0,2052.48,684.16,2,0.0,0.0,1
MRC001511,2026-08-31,3,0,1,1,1936,11,0,5,11,0,4524.21,904.84,4,0.0,0.0,0
MRC001512,2026-08-31,3,0,1,1,2198,2,1,5,8,162.89,11979.82,2395.96,4,0.7999,0.0544,0
MRC001513,2026-08-31,5,1,1,1,295,2,3,11,18,5391.9,19967.78,1815.25,9,1.0909,1.0801,0
MRC001514,2026-08-31,5,0,1,1,1294,1,3,7,19,4795.14,9469.59,1352.8,7,1.7142,2.0255,0
MRC001515,2026-08-31,3,0,1,1,1788,180,0,0,0,0,0,0.0,0,0.0,0.0,1
MRC001516,2026-08-31,0,2,1,1,1255,5,1,3,8,595.47,1885.54,628.51,3,1.3332,1.2632,0
MRC001517,2026-08-31,5,1,1,1,475,14,0,3,4,0,2117.65,705.88,3,0.0,0.0,1
MRC001518,2026-08-31,5,0,1,1,1689,17,0,2,4,0,10497.35,5248.67,2,0.0,0.0,1
MRC001519,2026-08-31,5,0,0,1,1144,9,0,2,5,0,4641.19,2320.59,2,0.0,0.0,0
MRC001520,2026-08-31,0,1,0,1,1606,2,1,9,13,7535.43,15984.01,1776.0,7,0.4444,1.8857,0
MRC001521,2026-08-31,5,1,1,1,259,3,2,6,8,2985.09,5252.04,875.34,4,1.3332,2.2735,0
MRC001522,2026-08-31,5,1,1,1,281,0,1,3,6,186.54,1603.16,534.39,3,1.3332,0.4654,0
MRC001523,2026-08-31,3,1,1,1,1574,17,0,2,2,0,5056.19,2528.09,2,0.0,0.0,0
MRC001524,2026-08-31,0,0,1,1,2403,1,3,10,26,5212.27,10165.28,1016.53,9,1.2,2.051,0
MRC001525,2026-08-31,5,1,1,1,1654,1,2,4,4,1015.44,4759.53,1189.88,3,1.9998,0.8534,0
MRC001526,2026-08-31,0,0,1,1,2316,11,0,4,6,0,2324.54,581.13,4,0.0,0.0,0
MRC001527,2026-08-31,2,1,1,1,2108,0,6,20,51,10184.81,32399.21,1619.96,17,1.2,1.2574,0
MRC001528,2026-08-31,5,0,1,0,871,22,0,2,3,0,925.65,462.82,2,0.0,0.0,1
MRC001529,2026-08-31,5,0,1,1,480,7,0,1,2,0,287.26,287.26,1,0.0,0.0,0
MRC001530,2026-08-31,2,0,1,0,1477,9,0,2,2,0,1868.13,934.07,2,0.0,0.0,0
MRC001531,2026-08-31,5,2,0,1,1612,73,0,0,0,0,0,0.0,0,0.0,0.0,1
MRC001532,2026-08-31,5,0,1,1,1940,20,0,1,2,0,1284.86,1284.86,1,0.0,0.0,0
MRC001533,2026-08-31,0,0,1,1,1395,7,0,5,8,0,12541.23,2508.25,5,0.0,0.0,0
MRC001534,2026-08-31,4,0,0,1,2268,7,0,5,5,0,1444.08,288.82,5,0.0,0.0,0
MRC001535,2026-08-31,5,1,0,1,2101,3,1,2,3,271.09,2344.86,1172.43,2,1.9996,0.4624,0
MRC001536,2026-08-31,5,1,1,1,1537,2,1,1,4,494.56,494.56,494.56,1,3.9984,4.0,0
MRC001537,2026-08-31,2,2,1,1,1461,6,1,8,10,1502.85,5591.97,699.0,6,0.5,1.075,0
MRC001538,2026-08-31,5,1,1,1,298,143,0,0,0,0,0,0.0,0,0.0,0.0,1
MRC001539,2026-08-31,5,1,0,1,1963,15,0,1,4,0,4186.53,4186.53,1,0.0,0.0,1
MRC001540,2026-08-31,5,1,1,1,1744,16,0,2,11,0,215.55,107.78,2,0.0,0.0,1
MRC001541,2026-08-31,5,0,1,1,2215,0,1,4,8,898.26,5223.56,1305.89,4,0.9999,0.6879,0
MRC001542,2026-08-31,0,2,1,1,460,0,1,2,4,624.98,2160.81,1080.4,2,1.9996,1.1569,0
MRC001543,2026-08-31,0,2,1,1,576,26,0,1,4,0,562.27,562.27,1,0.0,0.0,0
MRC001544,2026-08-31,0,0,1,1,1723,2,1,4,9,1471.97,6071.91,1517.98,4,0.9999,0.9697,0
MRC001545,2026-08-31,5,1,1,1,1326,3,1,8,20,1110.74,10026.4,1253.3,8,0.5,0.4431,0
MRC001546,2026-08-31,5,0,1,1,1540,26,0,2,2,0,2901.7,1450.85,2,0.0,0.0,0
MRC001547,2026-08-31,5,1,1,1,1206,0,2,10,18,11727.75,20114.97,2011.5,9,0.8,2.3321,0
MRC001548,2026-08-31,0,1,0,1,1656,9,0,8,26,0,7705.51,963.19,7,0.0,0.0,0
MRC001549,2026-08-31,5,2,0,1,1695,26,0,1,1,0,413.7,413.7,1,0.0,0.0,1
MRC001550,2026-08-31,0,0,1,0,670,2,2,4,8,3355.04,5115.6,1278.9,4,1.9998,2.6234,0
MRC001551,2026-08-31,2,1,0,1,1918,15,0,1,1,0,1783.7,1783.7,1,0.0,0.0,0
MRC001552,2026-08-31,4,1,1,1,1335,84,0,0,0,0,0,0.0,0,0.0,0.0,1
MRC001553,2026-08-31,5,0,0,1,1514,12,0,4,11,0,12040.33,3010.08,4,0.0,0.0,0
MRC001554,2026-08-31,0,1,1,1,1607,3,1,7,12,1303.04,6604.5,943.5,7,0.5714,0.7892,0
MRC001555,2026-08-31,5,1,1,1,1883,7,0,11,17,0,23148.65,2104.42,10,0.0,0.0,0
MRC001556,2026-08-31,5,1,1,1,913,31,0,0,3,0,0,0.0,0,0.0,0.0,0
MRC001557,2026-08-31,5,3,1,1,271,10,0,3,8,0,2777.0,925.67,3,0.0,0.0,0
MRC001558,2026-08-31,0,0,1,0,653,54,0,0,1,0,0,0.0,0,0.0,0.0,0
MRC001559,2026-08-31,5,0,1,1,2367,2,1,3,10,767.19,6839.19,2279.73,3,1.3332,0.4487,0
MRC001560,2026-08-31,5,0,1,1,743,19,0,2,4,0,1625.87,812.93,2,0.0,0.0,0
MRC001561,2026-08-31,5,0,1,1,801,1,3,12,21,6539.68,24466.58,2038.88,11,1.0,1.0692,0
MRC001562,2026-08-31,5,1,0,1,2131,29,0,1,3,0,230.73,230.73,1,0.0,0.0,0
MRC001563,2026-08-31,5,2,0,1,772,3,1,2,6,611.44,1308.47,654.24,2,1.9996,1.8692,0
MRC001564,2026-08-31,5,1,1,1,1272,2,2,2,8,888.96,888.96,444.48,2,3.9992,4.0,0
MRC001565,2026-08-31,3,1,1,0,1066,0,1,3,4,702.22,2630.38,876.79,3,1.3332,1.0679,1
MRC001566,2026-08-31,5,0,1,1,1701,11,0,1,1,0,438.52,438.52,1,0.0,0.0,0
MRC001567,2026-08-31,0,0,0,1,1556,12,0,5,8,0,3492.67,698.53,5,0.0,0.0,0
MRC001568,2026-08-31,5,2,1,0,1382,3,1,1,2,1415.6,1415.6,1415.6,1,3.9984,4.0,1
MRC001569,2026-08-31,0,1,1,1,1352,0,2,4,10,4625.06,14412.31,3603.08,4,1.9998,1.2836,0
MRC001570,2026-08-31,2,0,1,0,2079,2,4,8,16,12314.02,18716.59,2339.57,6,1.9999,2.6317,0
MRC001571,2026-08-31,2,2,1,1,1527,4,1,3,11,1663.78,3303.22,1101.07,3,1.3332,2.0147,0
MRC001572,2026-08-31,4,1,1,0,1368,50,0,0,2,0,0,0.0,0,0.0,0.0,0
MRC001573,2026-08-31,2,0,1,1,2195,17,0,1,2,0,2138.83,2138.83,1,0.0,0.0,0
MRC001574,2026-08-31,5,1,1,1,460,2,1,3,6,188.18,382.52,127.51,3,1.3332,1.9678,0
MRC001575,2026-08-31,2,1,1,1,2078,9,0,3,4,0,11331.25,3777.08,2,0.0,0.0,0
MRC001576,2026-08-31,0,0,1,1,689,49,0,0,1,0,0,0.0,0,0.0,0.0,0
MRC001577,2026-08-31,5,2,1,1,981,4,5,13,21,4508.96,17705.99,1362.0,10,1.5384,1.0186,0
MRC001578,2026-08-31,5,1,1,1,285,0,5,21,42,5013.73,21030.01,1001.43,13,0.9524,0.9536,0
MRC001579,2026-08-31,5,1,1,1,1505,1,1,2,7,127.44,1310.15,655.08,2,1.9996,0.3891,0
MRC001580,2026-08-31,2,2,1,1,2073,5,2,6,14,7163.75,10429.15,1738.19,5,1.3332,2.7476,0
MRC001581,2026-08-31,0,1,1,1,1091,0,3,18,38,2104.53,26808.63,1489.37,14,0.6667,0.314,0
MRC001582,2026-08-31,0,1,1,1,1706,2,2,2,4,3379.22,3379.22,1689.61,2,3.9992,4.0,0
MRC001583,2026-08-31,2,0,1,1,1115,26,0,1,1,0,537.27,537.27,1,0.0,0.0,1
MRC001584,2026-08-31,5,0,0,1,1915,4,1,19,38,701.91,23971.62,1261.66,14,0.2105,0.1171,0
MRC001585,2026-08-31,5,1,1,1,2439,8,0,2,5,0,922.85,461.43,2,0.0,0.0,0
MRC001586,2026-08-31,2,0,1,1,1819,6,1,5,6,1359.84,6780.05,1356.01,5,0.7999,0.8023,0
MRC001587,2026-08-31,5,1,1,1,1000,1,1,3,8,304.59,3982.72,1327.57,2,1.3332,0.3059,0
MRC001588,2026-08-31,5,0,1,1,2058,0,1,1,2,370.35,370.35,370.35,1,3.9984,4.0,1
MRC001589,2026-08-31,4,0,1,1,339,0,18,69,122,35002.38,127476.86,1847.49,26,1.0435,1.0983,0
MRC001590,2026-08-31,5,1,1,1,2413,14,0,1,4,0,953.95,953.95,1,0.0,0.0,1
MRC001591,2026-08-31,4,0,1,1,2091,0,1,1,5,583.76,583.76,583.76,1,3.9984,4.0,0
MRC001592,2026-08-31,5,1,1,1,1684,0,4,11,18,4931.6,13781.2,1252.84,10,1.4545,1.4314,0
MRC001593,2026-08-31,2,1,1,1,1613,0,2,10,22,525.34,8667.94,866.79,8,0.8,0.2424,0
MRC001594,2026-08-31,5,0,1,1,808,0,5,12,26,15752.6,22536.74,1878.06,11,1.6666,2.7959,0
MRC001595,2026-08-31,2,0,1,1,1199,1,1,4,5,1120.59,2931.82,732.96,4,0.9999,1.5289,1
MRC001596,2026-08-31,5,1,1,1,478,4,1,2,5,1110.86,5409.06,2704.53,2,1.9996,0.8215,0
MRC001597,2026-08-31,5,0,1,1,997,42,0,0,1,0,0,0.0,0,0.0,0.0,0
MRC001598,2026-08-31,5,1,1,1,1545,7,0,3,7,0,1673.24,557.75,3,0.0,0.0,0
MRC001599,2026-08-31,0,1,1,1,1048,4,1,4,7,2029.77,3066.21,766.55,3,0.9999,2.6479,1
MRC001600,2026-08-31,5,1,1,0,1941,4,2,3,10,2753.0,3303.8,1101.27,2,2.6663,3.3331,0
MRC001601,2026-08-31,3,1,0,1,2121,0,4,18,37,5336.98,33889.85,1882.77,12,0.8889,0.6299,0
MRC001602,2026-08-31,4,2,1,1,1484,0,3,5,12,4362.03,25747.88,5149.58,5,2.3998,0.6777,0
MRC001603,2026-08-31,5,0,0,1,1001,5,3,17,27,4723.83,41441.04,2437.71,12,0.7059,0.456,0
MRC001604,2026-08-31,0,2,1,1,920,7,0,5,8,0,2174.98,435.0,4,0.0,0.0,0
MRC001605,2026-08-31,2,2,1,1,1451,0,1,6,21,154.56,3563.37,593.89,6,0.6666,0.1735,0
MRC001606,2026-08-31,3,1,1,1,1829,4,1,5,9,800.46,3708.2,741.64,5,0.7999,0.8634,0
MRC001607,2026-08-31,2,0,1,1,533,0,2,10,15,2316.45,13353.04,1335.3,8,0.8,0.6939,0
MRC001608,2026-08-31,5,0,1,1,1235,1,2,10,18,2160.64,10106.62,1010.66,8,0.8,0.8551,0
MRC001609,2026-08-31,4,2,1,1,1219,0,3,6,10,3934.2,6834.9,1139.15,5,1.9999,2.3024,0
MRC001610,2026-08-31,0,0,1,1,883,6,1,1,1,2375.64,2375.64,2375.64,1,3.9984,4.0,1
MRC001611,2026-08-31,0,2,0,1,776,0,7,15,25,5875.04,14224.95,948.33,12,1.8666,1.652,0
MRC001612,2026-08-31,0,1,1,1,2094,2,1,6,11,5334.6,15198.79,2533.13,6,0.6666,1.404,0
MRC001613,2026-08-31,5,1,1,1,1201,13,0,3,8,0,2440.33,813.44,3,0.0,0.0,0
MRC001614,2026-08-31,5,1,1,1,1516,3,1,1,10,512.21,512.21,512.21,1,3.9984,4.0,0
MRC001615,2026-08-31,5,0,1,1,340,1,3,6,9,1315.08,2666.58,444.43,6,1.9999,1.9727,0
MRC001616,2026-08-31,2,1,1,1,876,3,4,16,36,2453.75,25571.96,1598.25,13,1.0,0.3838,0
MRC001617,2026-08-31,5,2,1,1,745,7,0,2,6,0,5636.19,2818.1,2,0.0,0.0,0
MRC001618,2026-08-31,0,0,1,1,975,1,2,5,10,1020.53,3058.68,611.74,4,1.5999,1.3346,0
MRC001619,2026-08-31,4,2,1,1,2095,1,1,1,2,1064.04,1064.04,1064.04,1,3.9984,4.0,0
MRC001620,2026-08-31,5,3,1,0,1506,1,3,6,14,8749.1,11602.48,1933.75,5,1.9999,3.0163,0
MRC001621,2026-08-31,5,0,1,1,2228,24,0,1,7,0,169.57,169.57,1,0.0,0.0,0
MRC001622,2026-08-31,5,1,1,1,1181,23,0,1,2,0,1057.72,1057.72,1,0.0,0.0,0
MRC001623,2026-08-31,5,0,1,1,1939,3,1,3,5,1205.73,8614.49,2871.5,3,1.3332,0.5599,0
MRC001624,2026-08-31,5,1,1,1,607,4,1,3,5,872.36,1311.27,437.09,3,1.3332,2.6611,1
MRC001625,2026-08-31,0,3,1,1,2038,6,1,4,4,710.57,3226.18,806.55,4,0.9999,0.881,0
MRC001626,2026-08-31,0,2,1,1,1590,21,0,1,1,0,1829.74,1829.74,1,0.0,0.0,0
MRC001627,2026-08-31,0,2,1,1,341,2,2,3,5,6044.72,6643.92,2214.64,3,2.6663,3.6392,0
MRC001628,2026-08-31,5,0,0,1,1762,116,0,0,0,0,0,0.0,0,0.0,0.0,0
MRC001629,2026-08-31,5,1,1,1,1304,1,3,6,10,3586.34,9858.91,1643.15,4,1.9999,1.4551,0
MRC001630,2026-08-31,5,0,1,1,257,0,2,5,6,3224.62,7029.33,1405.87,5,1.5999,1.835,0
MRC001631,2026-08-31,2,2,0,1,2107,84,0,0,0,0,0,0.0,0,0.0,0.0,0
MRC001632,2026-08-31,5,0,0,0,1430,70,0,0,0,0,0,0.0,0,0.0,0.0,0
MRC001633,2026-08-31,3,0,1,1,1582,11,0,4,11,0,1720.95,430.24,4,0.0,0.0,0
MRC001634,2026-08-31,5,0,1,1,1518,32,0,0,1,0,0,0.0,0,0.0,0.0,1
MRC001635,2026-08-31,3,0,1,1,454,0,4,15,27,3442.08,13340.92,889.39,10,1.0666,1.032,0
MRC001636,2026-08-31,0,0,1,0,982,180,0,0,0,0,0,0.0,0,0.0,0.0,1
MRC001637,2026-08-31,0,0,1,1,1790,112,0,0,0,0,0,0.0,0,0.0,0.0,1
MRC001638,2026-08-31,5,2,1,1,997,27,0,1,1,0,1095.79,1095.79,1,0.0,0.0,1
MRC001639,2026-08-31,5,1,1,1,2198,6,1,8,13,1546.75,7762.34,970.29,8,0.5,0.7971,0
MRC001640,2026-08-31,2,0,1,1,951,0,4,12,17,4738.14,18650.88,1554.24,10,1.3333,1.0162,0
MRC001641,2026-08-31,2,1,1,1,1261,14,0,3,13,0,2286.56,762.19,2,0.0,0.0,0
MRC001642,2026-08-31,2,1,1,1,1230,34,0,0,1,0,0,0.0,0,0.0,0.0,0
MRC001643,2026-08-31,5,1,1,1,298,15,0,1,4,0,413.47,413.47,1,0.0,0.0,0
MRC001644,2026-08-31,0,0,1,1,2031,23,0,1,2,0,332.01,332.01,1,0.0,0.0,0
MRC001645,2026-08-31,0,1,1,1,553,0,2,4,9,21354.65,24636.96,6159.24,4,1.9998,3.4671,0
MRC001646,2026-08-31,5,1,0,0,1281,18,0,2,8,0,3797.56,1898.78,2,0.0,0.0,0
MRC001647,2026-08-31,3,0,1,1,2240,27,0,1,1,0,1054.58,1054.58,1,0.0,0.0,1
MRC001648,2026-08-31,0,1,1,1,2428,1,1,8,14,581.42,7634.51,954.31,6,0.5,0.3046,0
MRC001649,2026-08-31,0,1,0,1,760,1,2,15,24,940.39,17065.41,1137.69,13,0.5333,0.2204,0
MRC001650,2026-08-31,4,1,1,1,1078,3,2,4,7,1113.5,2505.73,626.43,4,1.9998,1.7775,0
MRC001651,2026-08-31,4,0,1,1,1493,20,0,2,12,0,1709.81,854.9,2,0.0,0.0,0
MRC001652,2026-08-31,0,1,1,1,1784,46,0,0,1,0,0,0.0,0,0.0,0.0,1
MRC001653,2026-08-31,4,1,1,0,803,43,0,0,2,0,0,0.0,0,0.0,0.0,0
MRC001654,2026-08-31,5,0,0,1,1456,64,0,0,0,0,0,0.0,0,0.0,0.0,1
MRC001655,2026-08-31,5,0,1,1,2079,7,0,1,7,0,2036.41,2036.41,1,0.0,0.0,0
MRC001656,2026-08-31,5,0,0,0,1922,2,1,5,5,572.28,5041.5,1008.3,5,0.7999,0.4541,0
MRC001657,2026-08-31,2,0,1,1,2053,0,2,10,12,3876.03,21757.42,2175.74,8,0.8,0.7126,0
MRC001658,2026-08-31,2,0,1,1,2198,3,1,6,6,839.58,5564.82,927.47,5,0.6666,0.6035,0
MRC001659,2026-08-31,5,0,1,1,2139,0,4,15,28,2252.92,36456.76,2430.45,11,1.0666,0.2472,0
MRC001660,2026-08-31,5,1,1,1,1375,2,1,4,14,2273.13,5534.46,1383.62,4,0.9999,1.6429,0
MRC001661,2026-08-31,3,1,1,1,2385,11,0,4,6,0,5481.08,1370.27,4,0.0,0.0,1
MRC001662,2026-08-31,4,1,1,0,1337,2,1,2,3,488.11,1265.4,632.7,2,1.9996,1.5429,0
MRC001663,2026-08-31,2,1,1,1,1807,0,1,1,1,1418.65,1418.65,1418.65,1,3.9984,4.0,1
MRC001664,2026-08-31,3,1,1,1,2316,0,1,10,26,2621.85,18475.97,1847.6,8,0.4,0.5676,0
MRC001665,2026-08-31,3,2,1,1,351,50,0,0,1,0,0,0.0,0,0.0,0.0,1
MRC001666,2026-08-31,0,1,1,1,2297,201,0,0,0,0,0,0.0,0,0.0,0.0,1
MRC001667,2026-08-31,5,1,1,1,2052,6,1,3,8,400.05,5413.4,1804.47,3,1.3332,0.2956,0
MRC001668,2026-08-31,5,0,1,0,2435,5,1,3,3,430.0,7760.23,2586.74,3,1.3332,0.2216,1
MRC001669,2026-08-31,5,1,1,1,1945,7,0,4,6,0,3484.98,871.25,4,0.0,0.0,0
MRC001670,2026-08-31,4,1,1,1,598,19,0,2,4,0,7831.78,3915.89,2,0.0,0.0,0
MRC001671,2026-08-31,5,1,1,1,916,3,1,9,14,233.32,13031.18,1447.91,6,0.4444,0.0716,0
MRC001672,2026-08-31,5,1,1,1,264,2,2,5,13,11766.06,14417.58,2883.52,4,1.5999,3.2644,0
MRC001673,2026-08-31,0,2,1,1,1585,7,0,5,12,0,8857.47,1771.49,4,0.0,0.0,0
MRC001674,2026-08-31,5,2,1,1,1212,11,0,2,4,0,346.34,173.17,2,0.0,0.0,0
MRC001675,2026-08-31,5,1,1,1,1294,123,0,0,0,0,0,0.0,0,0.0,0.0,1
MRC001676,2026-08-31,5,3,1,1,1859,17,0,2,3,0,283.88,141.94,2,0.0,0.0,0
MRC001677,2026-08-31,4,2,1,1,2049,5,1,1,2,408.16,408.16,408.16,1,3.9984,4.0,0
MRC001678,2026-08-31,5,0,0,1,416,0,5,26,50,7861.79,77866.84,2994.88,20,0.7692,0.4039,0
MRC001679,2026-08-31,5,1,0,0,2260,12,0,1,4,0,899.18,899.18,1,0.0,0.0,0
MRC001680,2026-08-31,0,0,0,1,1073,3,1,4,8,968.4,4083.75,1020.94,4,0.9999,0.9485,0
MRC001681,2026-08-31,0,0,1,1,1900,2,1,9,24,770.42,9902.42,1100.27,7,0.4444,0.3112,0
MRC001682,2026-08-31,0,0,1,1,1527,0,3,5,8,4248.64,6729.4,1345.88,5,2.3998,2.5254,0
MRC001683,2026-08-31,4,1,0,1,1226,3,1,1,3,547.62,547.62,547.62,1,3.9984,4.0,0
MRC001684,2026-08-31,5,0,1,1,721,0,2,10,20,1706.77,5511.99,551.2,10,0.8,1.2386,1
MRC001685,2026-08-31,5,0,1,1,671,29,0,1,5,0,1467.89,1467.89,1,0.0,0.0,0
MRC001686,2026-08-31,0,0,1,1,1854,5,1,6,11,1911.62,10416.13,1736.02,6,0.6666,0.7341,0
MRC001687,2026-08-31,5,1,1,0,959,5,1,6,16,425.87,4394.34,732.39,5,0.6666,0.3877,0
MRC001688,2026-08-31,0,2,1,1,758,48,0,0,1,0,0,0.0,0,0.0,0.0,0
MRC001689,2026-08-31,5,3,1,1,269,0,2,4,8,611.14,2792.52,698.13,4,1.9998,0.8754,0
MRC001690,2026-08-31,5,1,1,1,2093,0,4,12,27,1848.02,19158.36,1596.53,12,1.3333,0.3858,0
MRC001691,2026-08-31,5,0,1,1,1121,7,0,3,6,0,6158.23,2052.74,2,0.0,0.0,0
MRC001692,2026-08-31,5,2,1,1,1017,1,1,9,21,402.01,16765.12,1862.79,8,0.4444,0.0959,0
MRC001693,2026-08-31,5,0,1,1,1069,21,0,1,1,0,971.88,971.88,1,0.0,0.0,0
MRC001694,2026-08-31,0,3,1,1,1565,0,6,25,51,4898.68,29621.79,1184.87,18,0.96,0.6615,0
MRC001695,2026-08-31,0,1,1,1,1309,17,0,2,3,0,1689.04,844.52,2,0.0,0.0,0
MRC001696,2026-08-31,5,1,1,1,1445,9,0,3,6,0,6572.51,2190.84,2,0.0,0.0,0
MRC001697,2026-08-31,0,0,1,1,864,3,4,15,25,4100.44,31212.52,2080.83,10,1.0666,0.5255,0
MRC001698,2026-08-31,2,0,0,1,904,1,2,15,27,652.5,19571.47,1304.76,11,0.5333,0.1334,0
MRC001699,2026-08-31,4,1,0,1,2142,6,2,6,12,12579.69,17925.75,2987.62,5,1.3332,2.8071,0
MRC001700,2026-08-31,5,1,1,0,1216,8,0,1,2,0,1861.68,1861.68,1,0.0,0.0,0
MRC001701,2026-08-31,5,2,0,1,2382,0,2,4,9,9469.79,12000.74,3000.18,4,1.9998,3.1564,0
MRC001702,2026-08-31,5,1,1,1,2105,5,1,4,7,901.44,15416.11,3854.03,4,0.9999,0.2339,0
MRC001703,2026-08-31,5,1,1,1,1812,58,0,0,1,0,0,0.0,0,0.0,0.0,0
MRC001704,2026-08-31,0,0,1,1,1455,2,2,6,12,584.39,7491.4,1248.57,6,1.3332,0.312,0
MRC001705,2026-08-31,0,1,1,0,2086,2,2,4,5,1536.39,2158.27,539.57,4,1.9998,2.8474,0
MRC001706,2026-08-31,5,0,1,1,378,22,0,3,3,0,6915.29,2305.1,3,0.0,0.0,1
MRC001707,2026-08-31,5,1,1,1,1347,2,1,2,2,612.46,870.58,435.29,2,1.9996,2.814,0
MRC001708,2026-08-31,2,1,1,1,1814,0,4,11,36,4423.5,22014.2,2001.29,9,1.4545,0.8038,0
MRC001709,2026-08-31,5,2,0,0,493,3,1,2,3,1708.98,4078.06,2039.03,2,1.9996,1.6763,0
MRC001710,2026-08-31,5,1,1,1,655,23,0,1,2,0,1742.97,1742.97,1,0.0,0.0,0
MRC001711,2026-08-31,4,0,1,1,399,1,2,2,7,980.05,980.05,490.02,2,3.9992,4.0,0
MRC001712,2026-08-31,2,2,1,1,1319,1,4,17,31,2063.19,20280.89,1192.99,14,0.9412,0.4069,0
MRC001713,2026-08-31,2,1,0,1,1440,24,0,1,1,0,1896.54,1896.54,1,0.0,0.0,1
MRC001714,2026-08-31,5,1,1,1,1280,10,0,3,4,0,3774.36,1258.12,3,0.0,0.0,1
MRC001715,2026-08-31,5,1,0,1,377,13,0,1,3,0,3733.68,3733.68,1,0.0,0.0,0
MRC001716,2026-08-31,3,2,1,1,1319,1,1,3,4,1230.35,9001.93,3000.64,3,1.3332,0.5467,0
MRC001717,2026-08-31,5,0,0,1,2197,12,0,4,8,0,2501.87,625.47,4,0.0,0.0,0
MRC001718,2026-08-31,5,1,1,1,324,50,0,0,2,0,0,0.0,0,0.0,0.0,1
MRC001719,2026-08-31,0,1,0,1,1952,0,3,21,39,3923.82,41744.54,1987.84,17,0.5714,0.376,0
MRC001720,2026-08-31,5,0,1,1,852,21,0,3,7,0,2817.7,939.23,3,0.0,0.0,1
MRC001721,2026-08-31,5,2,1,1,420,0,1,1,2,518.0,518.0,518.0,1,3.9984,4.0,1
MRC001722,2026-08-31,5,0,1,0,367,57,0,0,1,0,0,0.0,0,0.0,0.0,0
MRC001723,2026-08-31,0,0,1,0,284,14,0,2,3,0,4063.03,2031.51,2,0.0,0.0,0
MRC001724,2026-08-31,5,0,1,1,1163,2,1,1,5,244.41,244.41,244.41,1,3.9984,4.0,0
MRC001725,2026-08-31,5,2,0,1,1345,1,2,6,10,627.05,7104.91,1184.15,5,1.3332,0.353,0
MRC001726,2026-08-31,0,1,1,1,1614,1,1,1,1,171.3,171.3,171.3,1,3.9984,4.0,0
MRC001727,2026-08-31,4,0,1,0,434,6,1,3,5,1644.58,2475.68,825.23,3,1.3332,2.6572,0
MRC001728,2026-08-31,0,0,0,0,1686,20,0,2,3,0,2854.37,1427.18,1,0.0,0.0,1
MRC001729,2026-08-31,5,0,0,1,1873,45,0,0,1,0,0,0.0,0,0.0,0.0,0
MRC001730,2026-08-31,5,0,1,1,398,0,3,7,17,11052.89,16540.1,2362.87,5,1.7142,2.673,0
MRC001731,2026-08-31,0,1,0,1,1732,1,2,19,28,474.2,18004.87,947.62,13,0.421,0.1053,0
MRC001732,2026-08-31,5,0,1,0,516,3,3,17,35,5437.98,29916.18,1759.78,12,0.7059,0.7271,0
MRC001733,2026-08-31,2,0,1,1,1216,22,0,1,2,0,1648.24,1648.24,1,0.0,0.0,1
MRC001734,2026-08-31,5,0,0,0,1702,1,1,1,5,290.22,290.22,290.22,1,3.9984,4.0,0
MRC001735,2026-08-31,2,1,1,1,2160,0,5,26,50,3540.49,48251.22,1855.82,16,0.7692,0.2935,0
MRC001736,2026-08-31,3,1,1,1,1417,11,0,2,4,0,2429.71,1214.86,2,0.0,0.0,0
MRC001737,2026-08-31,5,1,1,0,1208,15,0,1,1,0,907.31,907.31,1,0.0,0.0,0
MRC001738,2026-08-31,4,1,1,1,2078,0,4,13,24,5043.38,17505.42,1346.57,12,1.2307,1.1524,0
MRC001739,2026-08-31,5,3,1,0,729,12,0,2,6,0,822.43,411.22,2,0.0,0.0,0
MRC001740,2026-08-31,5,1,1,1,705,1,3,5,13,18532.08,24639.02,4927.8,5,2.3998,3.0086,0
MRC001741,2026-08-31,3,2,1,1,1276,7,0,1,1,0,190.78,190.78,1,0.0,0.0,0
MRC001742,2026-08-31,5,1,1,1,519,18,0,2,4,0,1331.12,665.56,2,0.0,0.0,0
MRC001743,2026-08-31,3,0,1,0,305,4,2,5,14,7083.41,14533.05,2906.61,5,1.5999,1.9496,0
MRC001744,2026-08-31,5,2,1,0,1048,21,0,1,2,0,523.35,523.35,1,0.0,0.0,0
MRC001745,2026-08-31,2,1,1,1,590,1,6,14,21,2079.35,25601.37,1828.67,10,1.7142,0.3249,0
MRC001746,2026-08-31,5,1,1,1,1648,12,0,3,3,0,3509.72,1169.91,2,0.0,0.0,0
MRC001747,2026-08-31,4,0,0,1,1455,2,1,4,8,739.28,4265.31,1066.33,4,0.9999,0.6933,0
MRC001748,2026-08-31,0,1,1,1,1318,0,7,21,44,9750.09,25323.78,1205.89,13,1.3333,1.5401,0
MRC001749,2026-08-31,0,2,1,1,1341,35,0,0,2,0,0,0.0,0,0.0,0.0,1
MRC001750,2026-08-31,0,0,1,1,472,8,0,5,7,0,4504.92,900.98,5,0.0,0.0,0
MRC001751,2026-08-31,5,0,1,1,1136,8,0,4,12,0,4529.19,1132.3,3,0.0,0.0,0
MRC001752,2026-08-31,5,0,0,1,412,9,0,6,13,0,3880.7,646.78,5,0.0,0.0,0
MRC001753,2026-08-31,5,1,1,1,1032,3,2,4,9,6984.59,10234.44,2558.61,4,1.9998,2.7298,0
MRC001754,2026-08-31,0,2,1,1,1737,28,0,1,1,0,784.64,784.64,1,0.0,0.0,0
MRC001755,2026-08-31,5,1,1,1,2412,4,2,4,7,1161.09,8942.23,2235.56,4,1.9998,0.5194,0
MRC001756,2026-08-31,5,2,1,1,905,2,1,2,5,4564.24,5742.85,2871.42,2,1.9996,3.1791,0
MRC001757,2026-08-31,2,1,1,1,834,88,0,0,0,0,0,0.0,0,0.0,0.0,1
MRC001758,2026-08-31,3,1,1,1,1719,0,4,9,20,2894.36,13245.34,1471.7,9,1.7777,0.8741,0
MRC001759,2026-08-31,5,0,1,1,2262,26,0,1,3,0,395.73,395.73,1,0.0,0.0,0
MRC001760,2026-08-31,0,0,1,1,901,6,1,1,2,202.62,202.62,202.62,1,3.9984,4.0,0
MRC001761,2026-08-31,3,1,1,1,2088,25,0,1,4,0,1086.02,1086.02,1,0.0,0.0,0
MRC001762,2026-08-31,5,0,0,0,944,10,0,1,3,0,421.23,421.23,1,0.0,0.0,1
MRC001763,2026-08-31,0,0,0,1,1653,8,0,1,4,0,475.07,475.07,1,0.0,0.0,0
MRC001764,2026-08-31,5,2,1,1,715,104,0,0,0,0,0,0.0,0,0.0,0.0,0
MRC001765,2026-08-31,3,1,1,1,829,2,2,4,8,546.46,3775.42,943.86,4,1.9998,0.579,0
MRC001766,2026-08-31,5,0,1,1,2406,0,3,17,33,1743.57,16972.34,998.37,10,0.7059,0.4109,0
MRC001767,2026-08-31,5,1,1,1,1107,19,0,1,7,0,1386.1,1386.1,1,0.0,0.0,0
MRC001768,2026-08-31,5,1,1,1,292,42,0,0,1,0,0,0.0,0,0.0,0.0,0
MRC001769,2026-08-31,5,2,1,1,1944,14,0,2,4,0,874.29,437.14,2,0.0,0.0,1
MRC001770,2026-08-31,5,1,1,1,535,21,0,3,10,0,5713.43,1904.48,2,0.0,0.0,0
MRC001771,2026-08-31,5,0,1,1,498,88,0,0,0,0,0,0.0,0,0.0,0.0,0
MRC001772,2026-08-31,3,0,1,1,2084,44,0,0,2,0,0,0.0,0,0.0,0.0,1
MRC001773,2026-08-31,0,0,1,1,1018,25,0,1,1,0,282.24,282.24,1,0.0,0.0,1
MRC001774,2026-08-31,5,1,1,1,558,0,1,4,7,146.55,3246.94,811.74,4,0.9999,0.1805,0
MRC001775,2026-08-31,5,1,1,1,2389,0,10,25,53,10016.65,37901.79,1516.07,18,1.6,1.0571,0
MRC001776,2026-08-31,3,1,1,0,870,31,0,0,2,0,0,0.0,0,0.0,0.0,1
MRC001777,2026-08-31,5,1,1,1,1639,3,3,7,12,4361.31,12052.17,1721.74,6,1.7142,1.4475,0
MRC001778,2026-08-31,5,0,1,1,831,11,0,1,1,0,1907.16,1907.16,1,0.0,0.0,0
MRC001779,2026-08-31,2,0,1,1,1526,36,0,0,2,0,0,0.0,0,0.0,0.0,1
MRC001780,2026-08-31,0,0,1,1,1779,4,1,19,34,1268.23,20363.62,1071.77,16,0.2105,0.2491,0
MRC001781,2026-08-31,0,1,0,1,1912,1,10,36,63,17310.41,53914.3,1497.62,22,1.1111,1.2843,0
MRC001782,2026-08-31,2,1,1,1,1155,2,1,5,10,207.19,4371.91,874.38,5,0.7999,0.1896,0
MRC001783,2026-08-31,5,2,1,0,1602,0,3,7,14,4599.93,16305.5,2329.36,6,1.7142,1.1284,0
MRC001784,2026-08-31,0,0,0,1,2093,4,2,7,8,570.02,5367.5,766.79,7,1.1428,0.4248,0
MRC001785,2026-08-31,0,1,1,1,2093,23,0,1,6,0,1024.17,1024.17,1,0.0,0.0,1
MRC001786,2026-08-31,4,0,1,1,1890,0,2,4,10,556.41,1509.15,377.29,3,1.9998,1.4748,0
MRC001787,2026-08-31,5,1,1,1,1130,7,0,6,10,0,2985.46,497.58,6,0.0,0.0,0
MRC001788,2026-08-31,5,0,1,1,1417,5,2,15,28,4292.26,16059.49,1070.63,12,0.5333,1.0691,0
MRC001789,2026-08-31,2,1,0,0,2371,5,1,3,7,340.33,653.64,217.88,2,1.3332,2.0827,0
MRC001790,2026-08-31,0,0,0,1,801,6,1,3,7,494.87,1710.26,570.09,3,1.3332,1.1574,0
MRC001791,2026-08-31,0,0,1,1,1770,8,0,3,3,0,1742.26,580.75,3,0.0,0.0,0
MRC001792,2026-08-31,0,1,1,0,1988,2,1,8,12,999.71,11510.46,1438.81,7,0.5,0.3474,0
MRC001793,2026-08-31,2,0,1,1,1307,0,7,39,76,6939.33,61637.07,1580.44,22,0.7179,0.4503,0
MRC001794,2026-08-31,0,1,0,0,2149,2,2,8,14,3050.22,13034.6,1629.33,8,1.0,0.936,0
MRC001795,2026-08-31,2,0,1,1,1192,2,2,6,14,5293.62,7893.68,1315.61,5,1.3332,2.6825,0
MRC001796,2026-08-31,5,2,1,1,2084,9,0,6,17,0,13974.04,2329.01,6,0.0,0.0,0
MRC001797,2026-08-31,3,0,1,1,1664,3,5,10,22,5281.67,18707.95,1870.8,8,1.9999,1.1293,0
MRC001798,2026-08-31,5,1,1,1,369,0,9,38,70,24419.26,57762.43,1520.06,20,0.9474,1.691,0
MRC001799,2026-08-31,0,2,1,1,2056,5,1,2,2,830.08,1532.2,766.1,2,1.9996,2.167,0
MRC001800,2026-08-31,4,1,1,0,1782,0,2,8,14,3575.12,10913.94,1364.24,7,1.0,1.3103,0
MRC001801,2026-08-31,5,0,1,1,742,72,0,0,0,0,0,0.0,0,0.0,0.0,1
MRC001802,2026-08-31,2,1,1,1,1795,7,0,12,23,0,10482.1,873.51,10,0.0,0.0,0
MRC001803,2026-08-31,5,0,1,1,1374,0,1,3,6,4257.79,6927.9,2309.3,3,1.3332,2.4583,0
MRC001804,2026-08-31,5,1,1,1,2317,8,0,5,8,0,16947.04,3389.41,5,0.0,0.0,0
MRC001805,2026-08-31,3,1,1,0,922,84,0,0,0,0,0,0.0,0,0.0,0.0,1
MRC001806,2026-08-31,2,1,1,1,832,3,1,4,7,1291.14,12897.49,3224.37,4,0.9999,0.4004,1
MRC001807,2026-08-31,3,2,1,1,384,1,3,3,7,5445.52,5445.52,1815.17,3,3.9995,4.0,0
MRC001808,2026-08-31,0,0,0,1,1975,8,0,3,8,0,8881.16,2960.39,3,0.0,0.0,0
MRC001809,2026-08-31,0,0,1,1,2409,0,2,4,7,1792.38,3471.67,867.92,4,1.9998,2.0651,0
MRC001810,2026-08-31,0,1,1,1,1762,69,0,0,0,0,0,0.0,0,0.0,0.0,1
MRC001811,2026-08-31,5,1,1,0,1063,13,0,1,2,0,920.01,920.01,1,0.0,0.0,0
MRC001812,2026-08-31,5,0,1,1,2177,9,0,3,4,0,6840.7,2280.23,3,0.0,0.0,1
MRC001813,2026-08-31,2,1,1,1,810,6,1,6,12,883.03,7900.56,1316.76,6,0.6666,0.4471,0
MRC001814,2026-08-31,4,1,1,1,1771,5,1,5,5,574.95,5365.09,1073.02,5,0.7999,0.4287,1
MRC001815,2026-08-31,5,2,0,1,1561,133,0,0,0,0,0,0.0,0,0.0,0.0,1
MRC001816,2026-08-31,5,1,1,1,2119,5,2,4,8,3813.8,9927.72,2481.93,3,1.9998,1.5366,0
MRC001817,2026-08-31,2,0,1,1,2380,9,0,4,9,0,4069.56,1017.39,4,0.0,0.0,0
MRC001818,2026-08-31,2,0,1,1,1042,0,3,12,30,2776.93,21598.89,1799.91,9,1.0,0.5143,0
MRC001819,2026-08-31,5,1,1,1,465,8,0,5,16,0,4444.45,888.89,5,0.0,0.0,0
MRC001820,2026-08-31,5,0,1,1,601,3,1,1,3,926.95,926.95,926.95,1,3.9984,4.0,0
MRC001821,2026-08-31,5,0,1,1,1872,0,7,13,25,12897.49,17420.63,1340.05,9,2.1538,2.9614,0
MRC001822,2026-08-31,2,0,1,1,1050,19,0,1,2,0,2958.27,2958.27,1,0.0,0.0,0
MRC001823,2026-08-31,0,1,1,1,562,9,0,3,7,0,3815.95,1271.98,3,0.0,0.0,0
MRC001824,2026-08-31,5,2,0,1,2037,18,0,4,7,0,3893.91,973.48,4,0.0,0.0,0
MRC001825,2026-08-31,2,0,1,1,1674,2,4,10,25,2035.57,21511.55,2151.15,8,1.5999,0.3785,0
MRC001826,2026-08-31,5,0,0,1,544,0,6,30,57,8448.16,34687.44,1156.25,20,0.8,0.9742,0
MRC001827,2026-08-31,0,1,1,1,1815,1,2,10,26,930.91,21212.88,2121.29,9,0.8,0.1755,0
MRC001828,2026-08-31,5,0,1,0,1650,25,0,1,2,0,4033.05,4033.05,1,0.0,0.0,0
MRC001829,2026-08-31,5,3,1,1,2408,4,1,3,9,154.72,1621.38,540.46,3,1.3332,0.3817,0
MRC001830,2026-08-31,5,1,1,1,2414,2,2,2,4,5288.3,5288.3,2644.15,2,3.9992,4.0,0
MRC001831,2026-08-31,5,1,1,1,2388,20,0,1,2,0,1075.35,1075.35,1,0.0,0.0,0
MRC001832,2026-08-31,5,2,1,1,2212,20,0,1,3,0,375.3,375.3,1,0.0,0.0,0
MRC001833,2026-08-31,0,1,0,1,1990,0,1,17,39,1139.79,19700.69,1158.86,12,0.2353,0.2314,0
MRC001834,2026-08-31,2,0,1,1,1723,0,1,11,14,171.28,6546.61,595.15,9,0.3636,0.1047,0
MRC001835,2026-08-31,0,1,1,1,1447,1,6,23,51,8947.2,43137.01,1875.52,16,1.0435,0.8297,0
MRC001836,2026-08-31,5,1,1,1,1988,42,0,0,2,0,0,0.0,0,0.0,0.0,0
MRC001837,2026-08-31,5,1,1,1,2367,13,0,1,4,0,194.41,194.41,1,0.0,0.0,0
MRC001838,2026-08-31,0,3,1,1,511,0,2,7,10,8171.96,13419.16,1917.02,6,1.1428,2.4359,0
MRC001839,2026-08-31,0,0,0,1,555,1,2,6,12,713.44,11434.12,1905.69,6,1.3332,0.2496,0
MRC001840,2026-08-31,2,1,1,1,1346,26,0,1,4,0,1075.7,1075.7,1,0.0,0.0,0
MRC001841,2026-08-31,4,0,0,1,898,8,0,9,14,0,7737.97,859.77,7,0.0,0.0,0
MRC001842,2026-08-31,5,0,1,1,1419,23,0,3,11,0,1738.15,579.38,3,0.0,0.0,0
MRC001843,2026-08-31,0,1,1,1,937,61,0,0,0,0,0,0.0,0,0.0,0.0,1
MRC001844,2026-08-31,5,1,1,0,1967,6,1,5,11,464.05,9310.42,1862.08,5,0.7999,0.1994,0
MRC001845,2026-08-31,3,1,0,1,2219,3,1,8,17,1170.47,8398.4,1049.8,7,0.5,0.5575,0
MRC001846,2026-08-31,2,0,1,1,874,11,0,4,6,0,14732.62,3683.15,4,0.0,0.0,0
MRC001847,2026-08-31,0,0,1,1,1944,10,0,1,1,0,457.53,457.53,1,0.0,0.0,1
MRC001848,2026-08-31,5,1,1,1,489,8,0,2,4,0,2721.07,1360.53,2,0.0,0.0,0
MRC001849,2026-08-31,5,1,1,1,1997,1,1,5,11,461.36,3003.19,600.64,5,0.7999,0.6145,0
MRC001850,2026-08-31,5,1,1,1,1782,11,0,2,3,0,1473.95,736.98,2,0.0,0.0,0
MRC001851,2026-08-31,2,1,0,1,1809,12,0,6,19,0,10044.79,1674.13,6,0.0,0.0,0
MRC001852,2026-08-31,5,2,1,1,1333,2,1,8,15,60.7,12039.5,1504.94,7,0.5,0.0202,0
MRC001853,2026-08-31,5,1,0,1,490,16,0,3,6,0,4815.91,1605.3,3,0.0,0.0,0
MRC001854,2026-08-31,5,0,1,1,2097,5,1,4,4,1051.84,4148.03,1037.01,4,0.9999,1.0143,0
MRC001855,2026-08-31,5,1,1,1,496,2,1,3,9,1866.98,5637.82,1879.27,3,1.3332,1.3246,0
MRC001856,2026-08-31,5,1,0,1,1309,0,2,3,9,2966.04,4892.11,1630.7,3,2.6663,2.4252,0
MRC001857,2026-08-31,2,2,0,1,637,4,1,2,4,191.09,5966.88,2983.44,2,1.9996,0.1281,1
MRC001858,2026-08-31,5,1,1,1,2106,17,0,2,5,0,1369.1,684.55,2,0.0,0.0,0
MRC001859,2026-08-31,2,1,1,1,1511,10,0,3,7,0,2109.0,703.0,3,0.0,0.0,0
MRC001860,2026-08-31,5,1,1,1,1366,0,6,20,39,17265.45,47369.26,2368.46,15,1.2,1.4579,0
MRC001861,2026-08-31,5,1,1,1,950,3,2,6,13,4554.36,7669.45,1278.24,6,1.3332,2.3753,0
MRC001862,2026-08-31,5,2,1,1,1967,3,3,11,26,3065.5,15359.94,1396.36,8,1.0909,0.7983,0
MRC001863,2026-08-31,3,2,1,1,715,4,1,1,2,486.47,486.47,486.47,1,3.9984,4.0,0
MRC001864,2026-08-31,5,0,1,1,1831,2,1,2,4,745.64,1996.71,998.36,2,1.9996,1.4937,0
MRC001865,2026-08-31,5,0,1,1,2374,0,5,25,46,3643.15,27692.51,1107.7,18,0.8,0.5262,0
MRC001866,2026-08-31,5,1,1,0,838,22,0,1,2,0,321.65,321.65,1,0.0,0.0,0
MRC001867,2026-08-31,5,1,0,1,1755,12,0,2,3,0,1943.54,971.77,2,0.0,0.0,0
MRC001868,2026-08-31,0,2,1,1,933,7,0,1,5,0,574.29,574.29,1,0.0,0.0,0
MRC001869,2026-08-31,2,0,1,0,2288,0,8,26,53,19141.32,34832.53,1339.71,22,1.2308,2.1981,0
MRC001870,2026-08-31,5,2,1,0,2221,14,0,1,1,0,480.15,480.15,1,0.0,0.0,0
MRC001871,2026-08-31,5,1,1,1,942,0,1,6,11,61.74,5060.95,843.49,6,0.6666,0.0488,0
MRC001872,2026-08-31,5,0,0,1,761,2,3,8,15,2908.48,10652.45,1331.56,8,1.4999,1.0921,0
MRC001873,2026-08-31,5,0,1,0,437,9,0,2,2,0,1763.23,881.62,2,0.0,0.0,0
MRC001874,2026-08-31,2,1,1,1,1781,4,1,2,5,219.88,2663.82,1331.91,2,1.9996,0.3302,0
MRC001875,2026-08-31,2,0,1,1,2266,21,0,2,3,0,6057.62,3028.81,2,0.0,0.0,0
MRC001876,2026-08-31,5,1,1,0,574,4,2,6,15,5207.49,10780.93,1796.82,4,1.3332,1.9321,0
MRC001877,2026-08-31,2,1,1,1,2040,1,2,16,36,14087.12,75380.25,4711.27,12,0.5,0.7475,0
MRC001878,2026-08-31,5,1,1,0,1907,15,0,2,3,0,5674.51,2837.26,2,0.0,0.0,0
MRC001879,2026-08-31,5,0,0,0,1288,4,1,2,4,1786.98,4041.47,2020.73,2,1.9996,1.7686,0
MRC001880,2026-08-31,5,3,1,1,744,0,12,50,84,22312.7,76101.91,1522.04,25,0.96,1.1728,0
MRC001881,2026-08-31,2,1,1,1,1683,5,1,2,3,384.55,1184.95,592.48,2,1.9996,1.2981,0
MRC001882,2026-08-31,5,1,0,1,1555,151,0,0,0,0,0,0.0,0,0.0,0.0,0
MRC001883,2026-08-31,0,1,0,1,2030,0,4,18,29,3377.54,15533.59,862.98,14,0.8889,0.8697,0
MRC001884,2026-08-31,0,1,0,1,1489,0,1,4,11,384.92,8269.26,2067.32,4,0.9999,0.1862,0
MRC001885,2026-08-31,2,2,1,1,363,13,0,4,8,0,5476.91,1369.23,4,0.0,0.0,0
MRC001886,2026-08-31,0,1,0,1,701,0,8,29,67,10963.25,62878.88,2168.24,18,1.1034,0.6974,0
MRC001887,2026-08-31,5,1,1,1,1088,30,0,0,1,0,0,0.0,0,0.0,0.0,1
MRC001888,2026-08-31,5,0,1,1,1330,20,0,3,7,0,4802.25,1600.75,3,0.0,0.0,0
MRC001889,2026-08-31,0,0,1,1,1021,59,0,0,2,0,0,0.0,0,0.0,0.0,0
MRC001890,2026-08-31,5,1,0,1,2178,6,1,6,12,1207.43,8466.86,1411.14,5,0.6666,0.5704,0
MRC001891,2026-08-31,3,0,1,1,871,21,0,1,1,0,560.17,560.17,1,0.0,0.0,0
MRC001892,2026-08-31,5,1,1,1,1743,12,0,1,2,0,1959.69,1959.69,1,0.0,0.0,1
MRC001893,2026-08-31,5,2,1,1,1046,1,1,5,13,194.57,3548.64,709.73,5,0.7999,0.2193,0
MRC001894,2026-08-31,5,1,1,1,2425,1,1,2,5,3156.09,3312.12,1656.06,2,1.9996,3.8116,0
MRC001895,2026-08-31,0,0,1,1,2258,66,0,0,0,0,0,0.0,0,0.0,0.0,0
MRC001896,2026-08-31,0,1,1,1,1971,5,1,2,3,1832.72,6301.42,3150.71,2,1.9996,1.1634,0
MRC001897,2026-08-31,5,0,1,1,1928,20,0,2,7,0,1474.11,737.05,2,0.0,0.0,0
MRC001898,2026-08-31,5,1,1,0,1662,20,0,1,1,0,2257.46,2257.46,1,0.0,0.0,1
MRC001899,2026-08-31,5,1,1,1,1540,3,1,4,9,563.01,5255.64,1313.91,4,0.9999,0.4285,0
MRC001900,2026-08-31,2,1,1,1,1487,2,2,10,29,1997.26,25127.02,2512.7,8,0.8,0.3179,0
MRC001901,2026-08-31,0,1,1,1,315,3,2,6,10,1147.39,13840.34,2306.72,5,1.3332,0.3316,0
MRC001902,2026-08-31,5,1,1,1,2305,3,2,4,7,2966.07,4602.14,1150.54,4,1.9998,2.578,0
MRC001903,2026-08-31,2,0,1,1,2401,0,1,8,8,1676.59,9965.97,1245.75,8,0.5,0.6729,0
MRC001904,2026-08-31,5,0,1,1,1408,36,0,0,1,0,0,0.0,0,0.0,0.0,0
MRC001905,2026-08-31,5,1,1,1,2159,0,1,5,11,1223.13,10789.86,2157.97,5,0.7999,0.4534,0
MRC001906,2026-08-31,4,2,1,1,1136,9,0,3,3,0,6944.31,2314.77,2,0.0,0.0,0
MRC001907,2026-08-31,0,0,1,1,502,80,0,0,0,0,0,0.0,0,0.0,0.0,0
MRC001908,2026-08-31,2,0,1,1,2080,0,2,6,10,1529.96,10148.06,1691.34,6,1.3332,0.6031,0
MRC001909,2026-08-31,2,0,1,1,1370,172,0,0,0,0,0,0.0,0,0.0,0.0,1
MRC001910,2026-08-31,5,1,0,1,2311,34,0,0,1,0,0,0.0,0,0.0,0.0,0
MRC001911,2026-08-31,5,0,1,1,722,5,1,2,4,100.8,1702.66,851.33,2,1.9996,0.2368,0
MRC001912,2026-08-31,4,1,1,1,1303,17,0,2,4,0,850.74,425.37,2,0.0,0.0,0
MRC001913,2026-08-31,3,0,1,1,1715,0,4,17,30,5279.82,23585.73,1387.4,13,0.9412,0.8954,0
MRC001914,2026-08-31,0,1,1,1,556,3,3,9,16,2998.11,10914.33,1212.7,9,1.3333,1.0988,0
MRC001915,2026-08-31,4,0,1,1,2434,1,1,4,7,1121.32,2225.84,556.46,4,0.9999,2.0151,0
MRC001916,2026-08-31,5,1,1,1,1586,8,0,3,6,0,2241.86,747.29,3,0.0,0.0,0
MRC001917,2026-08-31,5,0,0,1,632,14,0,1,2,0,1279.41,1279.41,1,0.0,0.0,0
MRC001918,2026-08-31,5,1,1,1,1875,0,1,11,23,3987.93,21090.0,1917.27,9,0.3636,0.7564,0
MRC001919,2026-08-31,0,2,1,1,2176,116,0,0,0,0,0,0.0,0,0.0,0.0,0
MRC001920,2026-08-31,3,0,1,1,1073,7,0,6,11,0,8507.14,1417.86,5,0.0,0.0,0
MRC001921,2026-08-31,5,2,1,1,1589,12,0,2,3,0,9610.46,4805.23,2,0.0,0.0,0
MRC001922,2026-08-31,5,0,1,1,1891,1,2,6,9,1899.43,6415.49,1069.25,6,1.3332,1.1843,0
MRC001923,2026-08-31,5,1,1,1,574,3,1,6,12,339.71,5700.1,950.02,6,0.6666,0.2384,0
MRC001924,2026-08-31,5,1,1,1,1417,2,4,7,14,4073.24,8329.47,1189.92,5,2.2856,1.9561,0
MRC001925,2026-08-31,0,0,0,1,1478,1,8,20,31,9824.78,24603.46,1230.17,15,1.6,1.5973,0
MRC001926,2026-08-31,5,1,1,1,915,184,0,0,0,0,0,0.0,0,0.0,0.0,0
MRC001927,2026-08-31,5,0,1,1,911,0,3,9,20,2677.0,14752.41,1639.16,9,1.3333,0.7258,0
MRC001928,2026-08-31,2,1,1,1,1632,10,0,2,7,0,1594.11,797.06,2,0.0,0.0,0
MRC001929,2026-08-31,5,1,1,1,1899,13,0,2,3,0,3473.45,1736.72,2,0.0,0.0,0
MRC001930,2026-08-31,3,2,1,1,1106,0,9,29,55,17896.77,45061.09,1553.83,19,1.2414,1.5887,0
MRC001931,2026-08-31,5,0,1,1,577,1,2,5,10,447.33,1739.89,347.98,5,1.5999,1.0284,0
MRC001932,2026-08-31,0,2,1,1,1976,11,0,3,4,0,3122.68,1040.89,2,0.0,0.0,1
MRC001933,2026-08-31,5,0,0,1,636,4,3,11,17,1768.96,9253.82,841.26,9,1.0909,0.7646,0
MRC001934,2026-08-31,2,1,1,1,263,15,0,3,6,0,5138.75,1712.92,3,0.0,0.0,0
MRC001935,2026-08-31,5,0,1,1,961,0,1,1,2,657.69,657.69,657.69,1,3.9984,4.0,1
MRC001936,2026-08-31,3,0,1,1,2044,19,0,1,4,0,592.73,592.73,1,0.0,0.0,0
MRC001937,2026-08-31,4,0,1,1,1910,18,0,1,3,0,2199.3,2199.3,1,0.0,0.0,0
MRC001938,2026-08-31,5,1,1,1,926,11,0,1,3,0,2189.53,2189.53,1,0.0,0.0,0
MRC001939,2026-08-31,5,0,1,1,1391,1,5,6,8,3687.94,4547.16,757.86,3,3.3331,3.2442,0
MRC001940,2026-08-31,5,1,1,1,2353,0,2,8,13,1438.36,5531.92,691.49,7,1.0,1.04,0
MRC001941,2026-08-31,5,3,1,0,1827,18,0,2,7,0,928.53,464.26,2,0.0,0.0,0
MRC001942,2026-08-31,5,0,1,0,1915,2,7,31,60,3281.06,25236.25,814.07,19,0.9032,0.5201,0
MRC001943,2026-08-31,5,0,1,1,448,10,0,3,4,0,6203.82,2067.94,3,0.0,0.0,0
MRC001944,2026-08-31,5,0,0,1,783,0,3,13,21,14771.79,34248.44,2634.5,10,0.923,1.7253,0
MRC001945,2026-08-31,0,0,1,1,484,0,5,15,22,10277.81,18595.39,1239.69,13,1.3333,2.2108,0
MRC001946,2026-08-31,5,1,1,1,2395,2,2,14,31,309.57,33434.58,2388.18,10,0.5714,0.037,0
MRC001947,2026-08-31,5,1,1,1,1004,1,5,29,58,10551.21,76603.03,2641.48,18,0.6896,0.551,0
MRC001948,2026-08-31,5,0,1,1,1348,14,0,1,1,0,324.84,324.84,1,0.0,0.0,0
MRC001949,2026-08-31,2,0,0,1,1462,14,0,4,8,0,1865.78,466.44,4,0.0,0.0,0
MRC001950,2026-08-31,2,1,1,1,1399,6,1,2,5,632.1,2444.73,1222.37,2,1.9996,1.0342,0
MRC001951,2026-08-31,0,0,1,1,370,10,0,5,6,0,1937.65,387.53,5,0.0,0.0,0
MRC001952,2026-08-31,5,1,1,1,2244,16,0,2,4,0,4876.83,2438.41,2,0.0,0.0,0
MRC001953,2026-08-31,2,2,1,1,1088,58,0,0,1,0,0,0.0,0,0.0,0.0,0
MRC001954,2026-08-31,4,0,0,1,2263,22,0,1,2,0,388.72,388.72,1,0.0,0.0,0
MRC001955,2026-08-31,4,1,1,1,1928,2,1,3,8,1522.96,4516.28,1505.43,3,1.3332,1.3489,0
MRC001956,2026-08-31,5,2,1,1,1779,4,2,5,11,3789.05,5047.02,1009.4,5,1.5999,3.003,0
MRC001957,2026-08-31,2,1,1,1,1792,30,0,0,2,0,0,0.0,0,0.0,0.0,0
MRC001958,2026-08-31,5,1,0,1,2394,41,0,0,3,0,0,0.0,0,0.0,0.0,0
MRC001959,2026-08-31,0,1,0,1,919,21,0,2,5,0,6624.28,3312.14,2,0.0,0.0,0
MRC001960,2026-08-31,5,1,1,1,975,16,0,1,1,0,11952.91,11952.91,1,0.0,0.0,0
MRC001961,2026-08-31,0,1,1,1,1722,17,0,5,9,0,9061.48,1812.3,5,0.0,0.0,0
MRC001962,2026-08-31,3,1,1,1,764,0,3,5,9,7038.38,9822.48,1964.5,5,2.3998,2.8662,0
MRC001963,2026-08-31,3,1,0,1,2013,2,1,9,25,9600.48,20340.4,2260.04,9,0.4444,1.888,0
MRC001964,2026-08-31,5,1,1,1,320,19,0,1,3,0,945.91,945.91,1,0.0,0.0,1
MRC001965,2026-08-31,5,1,1,1,2217,4,1,2,9,1337.46,1729.34,864.67,2,1.9996,3.0936,0
MRC001966,2026-08-31,3,2,1,1,1013,1,2,9,21,490.91,16036.15,1781.79,7,0.8888,0.1225,0
MRC001967,2026-08-31,0,0,1,1,266,9,0,1,1,0,619.55,619.55,1,0.0,0.0,1
MRC001968,2026-08-31,5,0,1,1,1573,3,1,10,23,293.84,19798.03,1979.8,9,0.4,0.0594,0
MRC001969,2026-08-31,2,0,0,1,858,20,0,3,4,0,1725.07,575.02,3,0.0,0.0,1
MRC001970,2026-08-31,5,0,1,1,924,4,1,4,9,605.27,2923.22,730.81,4,0.9999,0.8282,0
MRC001971,2026-08-31,5,1,1,1,1308,6,1,4,6,276.14,5668.2,1417.05,4,0.9999,0.1949,0
MRC001972,2026-08-31,5,0,1,1,1523,1,1,6,11,459.78,10207.05,1701.17,5,0.6666,0.1802,0
MRC001973,2026-08-31,5,1,0,1,554,1,2,11,32,1335.8,13213.78,1201.25,10,0.7272,0.4044,0
MRC001974,2026-08-31,4,1,1,1,362,1,2,6,10,2117.22,12048.26,2008.04,5,1.3332,0.7029,0
MRC001975,2026-08-31,4,0,1,1,1265,1,6,10,17,4690.55,10569.99,1057.0,7,2.3999,1.775,0
MRC001976,2026-08-31,0,0,1,1,1030,7,0,2,3,0,981.67,490.84,2,0.0,0.0,0
MRC001977,2026-08-31,3,1,1,1,1528,20,0,1,3,0,162.48,162.48,1,0.0,0.0,0
MRC001978,2026-08-31,5,1,1,1,1891,16,0,2,7,0,4789.51,2394.76,2,0.0,0.0,1
MRC001979,2026-08-31,5,1,1,0,1599,6,1,2,6,62.08,444.22,222.11,2,1.9996,0.559,0
MRC001980,2026-08-31,5,0,1,1,484,8,0,2,3,0,1887.44,943.72,2,0.0,0.0,0
MRC001981,2026-08-31,0,0,1,1,2433,8,0,2,6,0,435.51,217.75,2,0.0,0.0,0
MRC001982,2026-08-31,5,0,1,1,1818,9,0,6,9,0,14338.13,2389.69,6,0.0,0.0,0
MRC001983,2026-08-31,0,0,0,0,364,13,0,6,13,0,11251.44,1875.24,4,0.0,0.0,0
MRC001984,2026-08-31,2,3,1,0,1924,1,3,21,33,2696.73,24015.98,1143.62,14,0.5714,0.4492,0
MRC001985,2026-08-31,5,0,1,1,2181,0,1,9,22,1115.03,9088.07,1009.79,8,0.4444,0.4908,0
MRC001986,2026-08-31,2,0,1,1,1499,5,1,2,4,3738.45,4410.99,2205.49,2,1.9996,3.3901,1
MRC001987,2026-08-31,0,2,1,1,2075,88,0,0,0,0,0,0.0,0,0.0,0.0,1
MRC001988,2026-08-31,4,1,1,1,2193,3,2,7,13,2967.15,11209.88,1601.41,6,1.1428,1.0588,0
MRC001989,2026-08-31,5,1,1,1,2363,5,1,3,7,2938.13,9229.1,3076.37,3,1.3332,1.2734,0
MRC001990,2026-08-31,0,1,1,0,2342,12,0,1,4,0,995.53,995.53,1,0.0,0.0,0
MRC001991,2026-08-31,5,2,0,1,680,47,0,0,2,0,0,0.0,0,0.0,0.0,0
MRC001992,2026-08-31,5,0,1,1,332,17,0,2,4,0,5616.19,2808.1,2,0.0,0.0,0
MRC001993,2026-08-31,2,0,0,1,1681,28,0,1,11,0,168.38,168.38,1,0.0,0.0,0
MRC001994,2026-08-31,4,2,1,1,1740,17,0,1,2,0,1153.54,1153.54,1,0.0,0.0,1
MRC001995,2026-08-31,5,1,1,1,1500,180,0,0,0,0,0,0.0,0,0.0,0.0,0
MRC001996,2026-08-31,2,3,1,1,775,4,5,12,24,7917.95,16716.16,1393.01,8,1.6666,1.8947,0
MRC001997,2026-08-31,5,0,1,1,2330,13,0,3,3,0,4194.84,1398.28,2,0.0,0.0,1
MRC001998,2026-08-31,5,2,0,1,1148,1,2,3,10,1739.73,2706.55,902.18,3,2.6663,2.5711,0
MRC001999,2026-08-31,0,0,0,1,1877,1,3,15,35,2519.24,16215.03,1081.0,13,0.8,0.6215,0
MRC002000,2026-08-31,5,1,1,1,1618,0,1,1,2,744.24,744.24,744.24,1,3.9984,4.0,1
MRC002001,2026-08-31,3,2,1,1,2213,6,1,2,3,425.88,888.32,444.16,2,1.9996,1.9177,1
MRC002002,2026-08-31,5,0,1,1,1813,48,0,0,2,0,0,0.0,0,0.0,0.0,0
MRC002003,2026-08-31,5,0,1,0,1643,0,1,2,4,711.04,3179.06,1589.53,2,1.9996,0.8947,1
MRC002004,2026-08-31,5,1,1,1,2092,20,0,3,9,0,2809.33,936.44,2,0.0,0.0,0
MRC002005,2026-08-31,5,2,1,1,375,1,2,4,11,6008.97,7028.94,1757.24,4,1.9998,3.4196,0
MRC002006,2026-08-31,5,0,1,1,1798,7,0,6,9,0,12134.82,2022.47,6,0.0,0.0,0
MRC002007,2026-08-31,3,2,1,1,1537,6,1,6,9,4719.23,7381.5,1230.25,6,0.6666,2.5573,0
MRC002008,2026-08-31,5,0,1,1,1955,0,3,8,20,9321.83,15585.17,1948.15,7,1.4999,2.3925,0
MRC002009,2026-08-31,4,1,1,1,746,1,1,7,10,1227.35,14532.36,2076.05,6,0.5714,0.3378,0
MRC002010,2026-08-31,5,0,0,1,1565,22,0,1,1,0,1105.38,1105.38,1,0.0,0.0,0
MRC002011,2026-08-31,5,2,1,1,877,0,1,5,13,974.96,5276.7,1055.34,5,0.7999,0.7391,0
MRC002012,2026-08-31,4,0,1,1,512,4,1,1,2,468.47,468.47,468.47,1,3.9984,4.0,0
MRC002013,2026-08-31,5,1,1,0,1514,0,4,12,22,8181.11,15114.47,1259.54,10,1.3333,2.1651,0
MRC002014,2026-08-31,5,0,1,0,303,4,1,3,7,196.76,11893.11,3964.37,3,1.3332,0.0662,0
MRC002015,2026-08-31,5,2,1,1,460,2,1,1,3,2145.51,2145.51,2145.51,1,3.9984,4.0,0
MRC002016,2026-08-31,5,1,1,1,1414,1,2,4,8,5744.23,7482.44,1870.61,4,1.9998,3.0708,1
MRC002017,2026-08-31,0,0,1,1,2220,9,0,10,23,0,16836.29,1683.63,9,0.0,0.0,0
MRC002018,2026-08-31,0,0,1,1,1820,2,1,3,5,160.36,6650.15,2216.72,3,1.3332,0.0965,0
MRC002019,2026-08-31,2,1,1,1,290,7,0,3,5,0,9628.66,3209.55,3,0.0,0.0,0
MRC002020,2026-08-31,5,1,1,1,494,1,2,4,14,431.75,1985.7,496.42,4,1.9998,0.8697,0
MRC002021,2026-08-31,2,2,1,0,1198,9,0,4,5,0,4066.65,1016.66,4,0.0,0.0,0
MRC002022,2026-08-31,5,1,1,1,1195,15,0,3,6,0,1256.78,418.93,3,0.0,0.0,0
MRC002023,2026-08-31,4,1,1,1,344,11,0,3,6,0,2629.66,876.55,3,0.0,0.0,0
MRC002024,2026-08-31,4,1,1,1,816,34,0,0,1,0,0,0.0,0,0.0,0.0,1
MRC002025,2026-08-31,5,1,1,1,534,3,1,1,6,3163.8,3163.8,3163.8,1,3.9984,4.0,0
MRC002026,2026-08-31,0,0,1,1,1496,119,0,0,0,0,0,0.0,0,0.0,0.0,1
MRC002027,2026-08-31,5,0,1,1,1695,0,2,3,5,1438.79,3275.54,1091.85,3,2.6663,1.757,0
MRC002028,2026-08-31,2,0,1,1,1110,45,0,0,1,0,0,0.0,0,0.0,0.0,0
MRC002029,2026-08-31,5,1,1,0,1505,0,1,3,8,9019.1,14622.24,4874.08,3,1.3332,2.4672,0
MRC002030,2026-08-31,5,0,1,1,697,1,4,10,18,10673.04,18136.4,1813.64,7,1.5999,2.3539,0
MRC002031,2026-08-31,0,1,1,1,2117,0,3,10,19,6499.26,12724.52,1272.45,9,1.2,2.0431,0
MRC002032,2026-08-31,0,0,0,0,266,24,0,1,2,0,988.56,988.56,1,0.0,0.0,0
MRC002033,2026-08-31,0,1,1,1,1359,24,0,1,3,0,667.5,667.5,1,0.0,0.0,0
MRC002034,2026-08-31,5,0,0,1,959,4,2,8,14,788.38,9065.97,1133.25,7,1.0,0.3478,0
MRC002035,2026-08-31,5,1,1,1,1242,5,1,7,12,112.73,13210.17,1887.17,7,0.5714,0.0341,0
MRC002036,2026-08-31,5,0,1,1,1384,5,1,1,4,213.0,213.0,213.0,1,3.9984,4.0,0
MRC002037,2026-08-31,4,0,1,1,1668,28,0,1,1,0,6121.91,6121.91,1,0.0,0.0,0
MRC002038,2026-08-31,5,0,1,1,2287,20,0,1,4,0,1201.81,1201.81,1,0.0,0.0,0
MRC002039,2026-08-31,4,1,0,1,1483,10,0,1,1,0,1539.33,1539.33,1,0.0,0.0,1
MRC002040,2026-08-31,5,1,1,1,754,5,2,5,11,2834.55,6673.88,1334.78,4,1.5999,1.6989,0
MRC002041,2026-08-31,5,0,0,1,1402,0,2,7,13,4580.57,6276.7,896.67,7,1.1428,2.9191,0
MRC002042,2026-08-31,2,1,0,1,1376,15,0,1,4,0,15773.7,15773.7,1,0.0,0.0,0
MRC002043,2026-08-31,3,1,1,0,2146,44,0,0,1,0,0,0.0,0,0.0,0.0,1
MRC002044,2026-08-31,4,1,0,1,1494,0,4,12,21,2214.59,25517.27,2126.44,11,1.3333,0.3472,0
MRC002045,2026-08-31,2,1,1,1,2153,7,0,3,12,0,2297.69,765.9,3,0.0,0.0,0
MRC002046,2026-08-31,5,0,1,1,1675,0,1,5,13,1167.66,5013.66,1002.73,5,0.7999,0.9316,0
MRC002047,2026-08-31,5,1,1,1,1506,28,0,1,1,0,1750.29,1750.29,1,0.0,0.0,0
MRC002048,2026-08-31,5,1,1,1,974,58,0,0,1,0,0,0.0,0,0.0,0.0,0
MRC002049,2026-08-31,3,1,1,1,816,12,0,4,8,0,2430.94,607.74,3,0.0,0.0,0
MRC002050,2026-08-31,4,0,1,1,474,1,2,9,18,7250.8,13053.57,1450.4,9,0.8888,2.2219,0
MRC002051,2026-08-31,5,1,1,1,1454,20,0,1,1,0,4952.06,4952.06,1,0.0,0.0,0
MRC002052,2026-08-31,3,0,1,1,2270,13,0,1,6,0,1055.48,1055.48,1,0.0,0.0,0
MRC002053,2026-08-31,0,1,0,1,284,14,0,1,1,0,1469.66,1469.66,1,0.0,0.0,0
MRC002054,2026-08-31,2,0,1,1,2338,30,0,0,5,0,0,0.0,0,0.0,0.0,0
MRC002055,2026-08-31,5,0,1,1,2134,1,2,2,6,5387.57,5387.57,2693.78,2,3.9992,4.0,0
MRC002056,2026-08-31,5,1,0,1,1214,10,0,7,11,0,30343.92,4334.85,5,0.0,0.0,0
MRC002057,2026-08-31,4,2,1,1,942,32,0,0,1,0,0,0.0,0,0.0,0.0,0
MRC002058,2026-08-31,5,0,1,0,1525,2,3,14,29,7646.75,21752.5,1553.75,10,0.8571,1.4061,0
MRC002059,2026-08-31,2,1,0,1,2126,1,1,3,5,677.54,3750.22,1250.07,3,1.3332,0.7227,0
MRC002060,2026-08-31,4,1,1,1,320,3,3,13,27,8670.85,34428.32,2648.33,10,0.923,1.0074,0
MRC002061,2026-08-31,0,2,1,1,1238,0,4,8,14,5072.29,18369.71,2296.21,8,1.9999,1.1045,0
MRC002062,2026-08-31,5,1,1,1,360,14,0,1,7,0,941.5,941.5,1,0.0,0.0,0
MRC002063,2026-08-31,2,0,1,1,1664,1,7,38,62,6691.28,67207.28,1768.61,20,0.7368,0.3982,0
MRC002064,2026-08-31,5,0,1,1,424,13,0,2,4,0,3662.95,1831.47,2,0.0,0.0,1
MRC002065,2026-08-31,4,1,0,1,948,0,1,4,5,13427.13,16289.92,4072.48,4,0.9999,3.297,0
MRC002066,2026-08-31,5,0,1,1,1871,45,0,0,2,0,0,0.0,0,0.0,0.0,1
MRC002067,2026-08-31,5,2,1,1,1900,1,1,2,4,359.5,1336.3,668.15,2,1.9996,1.0761,0
MRC002068,2026-08-31,2,2,1,1,753,3,2,8,16,337.03,4188.86,523.61,8,1.0,0.3218,0
MRC002069,2026-08-31,5,2,1,1,1377,8,0,8,20,0,14819.03,1852.38,8,0.0,0.0,0
MRC002070,2026-08-31,0,0,1,1,660,0,1,2,2,184.67,823.02,411.51,2,1.9996,0.8975,0
MRC002071,2026-08-31,0,1,1,1,1549,13,0,1,2,0,82.29,82.29,1,0.0,0.0,0
MRC002072,2026-08-31,5,1,1,1,275,4,2,6,11,2947.82,10756.86,1792.81,6,1.3332,1.0962,0
MRC002073,2026-08-31,5,0,1,1,2035,17,0,3,5,0,16529.02,5509.67,3,0.0,0.0,0
MRC002074,2026-08-31,4,0,1,1,307,9,0,1,4,0,778.07,778.07,1,0.0,0.0,0
MRC002075,2026-08-31,3,0,1,1,1586,0,2,8,17,4406.68,9324.43,1165.55,8,1.0,1.8904,0
MRC002076,2026-08-31,2,0,1,0,1142,1,2,11,16,1716.86,18973.48,1724.86,9,0.7272,0.3619,0
MRC002077,2026-08-31,3,2,0,1,745,7,0,9,17,0,13137.3,1459.7,9,0.0,0.0,0
MRC002078,2026-08-31,5,2,1,0,1440,8,0,5,6,0,9901.25,1980.25,5,0.0,0.0,0
MRC002079,2026-08-31,5,0,1,1,566,4,2,10,24,1370.91,9414.88,941.49,8,0.8,0.5824,0
MRC002080,2026-08-31,5,1,1,1,1522,3,1,2,6,1586.81,2439.31,1219.65,2,1.9996,2.6021,0
MRC002081,2026-08-31,5,0,1,1,1665,45,0,0,2,0,0,0.0,0,0.0,0.0,0
MRC002082,2026-08-31,5,0,1,1,1257,1,1,1,1,391.15,391.15,391.15,1,3.9984,4.0,0
MRC002083,2026-08-31,2,0,1,1,1047,20,0,3,4,0,2167.64,722.55,2,0.0,0.0,1
MRC002084,2026-08-31,4,1,1,1,1261,87,0,0,0,0,0,0.0,0,0.0,0.0,1
MRC002085,2026-08-31,5,1,1,1,2347,8,0,4,8,0,3558.7,889.68,4,0.0,0.0,0
MRC002086,2026-08-31,4,2,1,0,1902,8,0,2,3,0,3517.27,1758.63,2,0.0,0.0,0
MRC002087,2026-08-31,5,2,1,1,269,106,0,0,0,0,0,0.0,0,0.0,0.0,1
MRC002088,2026-08-31,0,0,0,1,889,37,0,0,2,0,0,0.0,0,0.0,0.0,0
MRC002089,2026-08-31,5,1,1,0,311,16,0,5,10,0,6600.36,1320.07,5,0.0,0.0,0
MRC002090,2026-08-31,0,0,0,1,776,15,0,1,8,0,3877.82,3877.82,1,0.0,0.0,0
MRC002091,2026-08-31,5,0,1,1,1957,1,1,5,11,7552.75,16329.68,3265.94,5,0.7999,1.8501,0
MRC002092,2026-08-31,5,1,1,1,2123,0,2,3,9,1128.52,2258.3,752.77,3,2.6663,1.9989,0
MRC002093,2026-08-31,0,0,0,1,1255,35,0,0,5,0,0,0.0,0,0.0,0.0,0
MRC002094,2026-08-31,5,0,1,1,1763,5,2,12,19,324.87,21700.04,1808.34,11,0.6666,0.0599,0
MRC002095,2026-08-31,5,0,1,1,1066,54,0,0,1,0,0,0.0,0,0.0,0.0,0
MRC002096,2026-08-31,2,0,1,0,1298,2,1,3,4,1296.15,2015.95,671.98,3,1.3332,2.5718,0
MRC002097,2026-08-31,4,2,1,1,2068,0,2,9,24,1711.2,4805.38,533.93,8,0.8888,1.4244,0
MRC002098,2026-08-31,5,0,0,1,858,1,4,8,19,4439.38,9094.94,1136.87,6,1.9999,1.9525,0
MRC002099,2026-08-31,5,1,0,1,952,15,0,1,5,0,707.38,707.38,1,0.0,0.0,0
MRC002100,2026-08-31,2,3,1,0,555,6,1,1,2,4582.31,4582.31,4582.31,1,3.9984,4.0,0
MRC002101,2026-08-31,5,1,1,1,734,12,0,1,4,0,244.97,244.97,1,0.0,0.0,0
MRC002102,2026-08-31,4,1,1,1,338,10,0,1,1,0,81.23,81.23,1,0.0,0.0,1
MRC002103,2026-08-31,0,2,1,1,2039,5,2,10,26,2387.41,10872.71,1087.27,9,0.8,0.8783,0
MRC002104,2026-08-31,5,0,1,1,2119,8,0,1,4,0,742.63,742.63,1,0.0,0.0,0
MRC002105,2026-08-31,0,0,1,1,1177,1,2,10,18,1745.31,11319.09,1131.91,9,0.8,0.6168,0
MRC002106,2026-08-31,4,1,1,1,1553,19,0,2,5,0,3075.34,1537.67,2,0.0,0.0,0
MRC002107,2026-08-31,3,1,1,1,800,2,3,15,33,1950.31,16915.19,1127.68,11,0.8,0.4612,0
MRC002108,2026-08-31,4,1,1,1,357,2,2,5,9,5608.96,7370.32,1474.06,5,1.5999,3.0441,0
MRC002109,2026-08-31,4,0,1,1,1383,3,1,7,12,1527.66,8243.91,1177.7,7,0.5714,0.7412,0
MRC002110,2026-08-31,5,1,1,1,603,9,0,2,5,0,4847.94,2423.97,2,0.0,0.0,0
MRC002111,2026-08-31,3,1,1,1,2110,28,0,1,2,0,1732.91,1732.91,1,0.0,0.0,1
MRC002112,2026-08-31,5,3,1,1,867,4,1,5,7,2150.86,7653.94,1530.79,5,0.7999,1.1241,0
MRC002113,2026-08-31,5,0,1,1,1868,5,1,2,3,217.11,810.69,405.35,2,1.9996,1.0712,0
MRC002114,2026-08-31,5,0,1,0,831,13,0,3,5,0,5138.6,1712.87,3,0.0,0.0,0
MRC002115,2026-08-31,4,2,1,1,533,24,0,1,1,0,2493.86,2493.86,1,0.0,0.0,0
MRC002116,2026-08-31,5,1,1,1,1455,3,1,1,3,2490.72,2490.72,2490.72,1,3.9984,4.0,1
MRC002117,2026-08-31,0,0,0,1,657,1,2,6,10,9034.89,16190.57,2698.43,6,1.3332,2.2321,0
MRC002118,2026-08-31,4,0,1,1,1129,8,0,5,8,0,5818.33,1163.67,5,0.0,0.0,0
MRC002119,2026-08-31,5,1,1,0,897,17,0,1,3,0,188.18,188.18,1,0.0,0.0,0
MRC002120,2026-08-31,5,1,1,1,2184,9,0,4,11,0,16677.17,4169.29,4,0.0,0.0,0
MRC002121,2026-08-31,5,1,1,1,1356,11,0,1,4,0,690.7,690.7,1,0.0,0.0,0
MRC002122,2026-08-31,0,2,1,1,1828,0,9,30,66,10127.6,30203.87,1006.8,17,1.2,1.3412,0
MRC002123,2026-08-31,0,0,1,1,1543,10,0,5,12,0,8796.76,1759.35,5,0.0,0.0,0
MRC002124,2026-08-31,5,0,0,1,2246,3,1,3,4,131.87,845.41,281.8,3,1.3332,0.6239,0
MRC002125,2026-08-31,5,1,1,1,1217,2,1,7,11,3636.85,14039.44,2005.63,7,0.5714,1.0362,0
MRC002126,2026-08-31,5,2,1,1,2142,0,2,7,18,7798.12,14133.41,2019.06,7,1.1428,2.207,0
MRC002127,2026-08-31,0,0,1,1,2219,8,0,3,4,0,6463.51,2154.5,3,0.0,0.0,0
MRC002128,2026-08-31,0,1,1,1,2270,23,0,2,3,0,1198.48,599.24,2,0.0,0.0,1
MRC002129,2026-08-31,5,0,1,1,1777,27,0,1,4,0,345.99,345.99,1,0.0,0.0,1
MRC002130,2026-08-31,5,0,1,1,2398,10,0,3,9,0,4954.44,1651.48,3,0.0,0.0,0
MRC002131,2026-08-31,0,2,1,0,1885,4,2,5,9,3588.94,14967.0,2993.4,5,1.5999,0.9592,0
MRC002132,2026-08-31,0,0,1,1,938,5,1,2,3,307.3,2986.46,1493.23,2,1.9996,0.4116,0
MRC002133,2026-08-31,4,0,1,1,600,0,1,7,7,2488.29,9949.99,1421.43,6,0.5714,1.0003,0
MRC002134,2026-08-31,0,1,1,1,715,39,0,0,2,0,0,0.0,0,0.0,0.0,1
MRC002135,2026-08-31,3,0,1,1,1510,10,0,5,8,0,8946.24,1789.25,3,0.0,0.0,0
MRC002136,2026-08-31,0,1,1,1,617,14,0,1,5,0,813.19,813.19,1,0.0,0.0,0
MRC002137,2026-08-31,5,1,0,1,776,15,0,2,6,0,203.29,101.64,2,0.0,0.0,0
MRC002138,2026-08-31,5,0,0,1,1629,0,4,22,46,3354.84,30444.11,1383.82,16,0.7273,0.4408,0
MRC002139,2026-08-31,5,1,1,1,984,0,2,9,16,4711.83,18255.85,2028.43,9,0.8888,1.0324,0
MRC002140,2026-08-31,5,0,1,1,1744,9,0,5,8,0,3941.42,788.28,5,0.0,0.0,0
MRC002141,2026-08-31,4,0,1,1,2436,74,0,0,0,0,0,0.0,0,0.0,0.0,0
MRC002142,2026-08-31,0,1,1,1,448,13,0,1,1,0,396.83,396.83,1,0.0,0.0,0
MRC002143,2026-08-31,2,0,1,0,1657,5,1,1,2,375.69,375.69,375.69,1,3.9984,4.0,1
MRC002144,2026-08-31,5,2,1,1,2051,0,2,3,7,1833.68,2334.51,778.17,3,2.6663,3.1419,0
MRC002145,2026-08-31,0,2,0,1,563,13,0,4,12,0,9254.56,2313.64,3,0.0,0.0,0
MRC002146,2026-08-31,2,2,1,1,1968,0,2,10,25,1152.62,28327.57,2832.76,9,0.8,0.1628,0
MRC002147,2026-08-31,2,0,0,1,1365,3,2,5,6,3461.47,19164.34,3832.87,5,1.5999,0.7225,0
MRC002148,2026-08-31,4,0,0,0,1630,1,1,12,21,269.62,14989.91,1249.16,9,0.3333,0.0719,0
MRC002149,2026-08-31,5,2,1,1,369,0,2,13,23,1819.17,12828.35,986.8,10,0.6154,0.5672,0
MRC002150,2026-08-31,5,1,1,1,1208,7,0,1,4,0,2441.15,2441.15,1,0.0,0.0,1
MRC002151,2026-08-31,3,1,1,1,1058,18,0,2,3,0,4982.32,2491.16,2,0.0,0.0,0
MRC002152,2026-08-31,5,2,0,1,592,7,0,4,10,0,3874.97,968.74,4,0.0,0.0,0
MRC002153,2026-08-31,0,0,1,1,1923,7,0,2,4,0,6693.68,3346.84,2,0.0,0.0,0
MRC002154,2026-08-31,0,0,1,1,1361,5,1,3,3,628.22,1424.24,474.75,3,1.3332,1.7644,0
MRC002155,2026-08-31,2,1,1,1,2175,11,0,2,6,0,1141.97,570.99,1,0.0,0.0,0
MRC002156,2026-08-31,5,1,1,1,604,6,1,3,5,4872.06,5592.48,1864.16,3,1.3332,3.4847,0
MRC002157,2026-08-31,5,0,1,1,1853,49,0,0,1,0,0,0.0,0,0.0,0.0,0
MRC002158,2026-08-31,0,1,0,1,1578,26,0,1,2,0,4099.34,4099.34,1,0.0,0.0,0
MRC002159,2026-08-31,5,1,0,1,1679,7,0,3,10,0,3123.47,1041.16,3,0.0,0.0,0
MRC002160,2026-08-31,2,0,1,1,934,5,1,3,6,260.07,3328.53,1109.51,3,1.3332,0.3125,0
MRC002161,2026-08-31,2,0,0,1,1766,64,0,0,0,0,0,0.0,0,0.0,0.0,0
MRC002162,2026-08-31,5,1,1,1,797,31,0,0,2,0,0,0.0,0,0.0,0.0,0
MRC002163,2026-08-31,5,1,0,1,1922,0,4,12,29,3755.06,11587.72,965.64,10,1.3333,1.2962,0
MRC002164,2026-08-31,5,2,1,1,1220,1,3,18,40,5137.74,19913.11,1106.28,16,0.6667,1.032,0
MRC002165,2026-08-31,5,0,1,1,1304,3,1,5,6,2249.68,11644.38,2328.88,5,0.7999,0.7728,0
MRC002166,2026-08-31,0,2,1,0,1525,18,0,1,2,0,941.21,941.21,1,0.0,0.0,0
MRC002167,2026-08-31,5,1,1,1,441,1,2,13,17,1782.56,12655.54,973.5,10,0.6154,0.5634,0
MRC002168,2026-08-31,5,1,1,1,1059,4,2,6,11,3336.37,6239.7,1039.95,6,1.3332,2.1388,0
MRC002169,2026-08-31,3,0,1,1,701,3,1,4,5,7501.45,9454.24,2363.56,4,0.9999,3.1738,0
MRC002170,2026-08-31,2,0,1,1,2362,7,0,8,17,0,13588.11,1698.51,8,0.0,0.0,0
MRC002171,2026-08-31,5,1,1,1,1178,3,1,2,3,3302.13,4224.01,2112.01,2,1.9996,3.127,0
MRC002172,2026-08-31,0,0,1,1,269,54,0,0,1,0,0,0.0,0,0.0,0.0,0
MRC002173,2026-08-31,2,0,0,1,313,11,0,5,8,0,6567.57,1313.51,5,0.0,0.0,0
MRC002174,2026-08-31,5,2,1,1,2251,4,2,3,7,4144.45,5122.16,1707.39,3,2.6663,3.2365,0
MRC002175,2026-08-31,5,0,1,1,599,5,1,6,16,591.95,6932.93,1155.49,6,0.6666,0.3415,0
MRC002176,2026-08-31,5,2,0,1,258,1,3,9,20,2584.62,19509.62,2167.74,9,1.3333,0.5299,0
MRC002177,2026-08-31,5,1,1,1,720,21,0,1,2,0,460.91,460.91,1,0.0,0.0,1
MRC002178,2026-08-31,0,2,0,0,730,31,0,0,4,0,0,0.0,0,0.0,0.0,0
MRC002179,2026-08-31,5,0,0,1,431,0,3,14,34,6061.87,13045.89,931.85,14,0.8571,1.8586,0
MRC002180,2026-08-31,5,1,0,0,2434,15,0,1,2,0,2797.3,2797.3,1,0.0,0.0,0
MRC002181,2026-08-31,5,1,1,1,386,2,1,1,1,605.68,605.68,605.68,1,3.9984,4.0,0
MRC002182,2026-08-31,2,2,1,1,1847,60,0,0,0,0,0,0.0,0,0.0,0.0,1
MRC002183,2026-08-31,5,0,1,1,2085,25,0,1,6,0,257.65,257.65,1,0.0,0.0,0
MRC002184,2026-08-31,5,0,1,1,1665,2,1,7,16,609.42,13034.94,1862.13,7,0.5714,0.187,0
MRC002185,2026-08-31,5,2,1,1,546,10,0,4,12,0,3676.02,919.0,4,0.0,0.0,0
MRC002186,2026-08-31,0,0,1,0,1843,28,0,1,3,0,2233.84,2233.84,1,0.0,0.0,0
MRC002187,2026-08-31,0,1,0,0,977,14,0,1,2,0,390.89,390.89,1,0.0,0.0,0
MRC002188,2026-08-31,5,0,1,1,1149,10,0,3,6,0,6611.73,2203.91,3,0.0,0.0,0
MRC002189,2026-08-31,0,0,1,1,806,5,1,3,9,209.08,5758.19,1919.4,3,1.3332,0.1452,0
MRC002190,2026-08-31,5,1,1,1,1970,15,0,2,3,0,3654.08,1827.04,2,0.0,0.0,1
MRC002191,2026-08-31,2,1,0,1,1523,24,0,1,5,0,46.52,46.52,1,0.0,0.0,0
MRC002192,2026-08-31,3,1,1,1,595,8,0,1,2,0,2069.8,2069.8,1,0.0,0.0,1
MRC002193,2026-08-31,0,1,1,1,1147,28,0,1,2,0,206.42,206.42,1,0.0,0.0,1
MRC002194,2026-08-31,0,1,1,1,1991,5,1,10,13,438.32,10061.41,1006.14,10,0.4,0.1743,0
MRC002195,2026-08-31,5,3,1,1,2305,4,1,3,6,609.17,18426.64,6142.21,3,1.3332,0.1322,0
MRC002196,2026-08-31,2,0,1,1,2309,0,3,9,16,10443.34,19556.16,2172.91,8,1.3333,2.1361,0
MRC002197,2026-08-31,4,0,1,1,551,17,0,1,1,0,1178.22,1178.22,1,0.0,0.0,0
MRC002198,2026-08-31,4,0,0,1,2131,0,1,4,9,1802.73,5770.24,1442.56,4,0.9999,1.2497,0
MRC002199,2026-08-31,4,1,1,1,1494,4,2,9,17,2262.87,10265.76,1140.64,8,0.8888,0.8817,0
MRC002200,2026-08-31,5,0,0,1,1873,1,3,23,47,3445.34,41885.0,1821.09,20,0.5217,0.329,0
MRC002201,2026-08-31,0,1,0,1,1099,2,1,6,13,9045.25,21681.96,3613.66,6,0.6666,1.6687,0
MRC002202,2026-08-31,2,1,0,1,1680,16,0,3,8,0,5159.31,1719.77,3,0.0,0.0,0
MRC002203,2026-08-31,5,1,0,1,821,24,0,2,3,0,1250.07,625.04,2,0.0,0.0,0
MRC002204,2026-08-31,3,2,1,1,1395,11,0,2,5,0,3603.0,1801.5,2,0.0,0.0,0
MRC002205,2026-08-31,5,1,1,0,750,205,0,0,0,0,0,0.0,0,0.0,0.0,0
MRC002206,2026-08-31,4,1,1,1,1120,23,0,2,3,0,927.9,463.95,2,0.0,0.0,1
MRC002207,2026-08-31,5,0,1,1,1148,2,3,35,58,5836.6,47332.99,1352.37,22,0.3429,0.4932,0
MRC002208,2026-08-31,2,1,1,1,2148,33,0,0,2,0,0,0.0,0,0.0,0.0,0
MRC002209,2026-08-31,4,0,1,1,1629,40,0,0,1,0,0,0.0,0,0.0,0.0,1
MRC002210,2026-08-31,5,2,1,1,1671,2,3,11,12,2734.79,11674.04,1061.28,9,1.0909,0.9371,0
MRC002211,2026-08-31,5,1,1,1,877,10,0,4,8,0,6640.92,1660.23,4,0.0,0.0,0
MRC002212,2026-08-31,5,0,1,1,1207,2,1,11,20,1415.53,18005.32,1636.85,10,0.3636,0.3145,0
MRC002213,2026-08-31,5,0,1,1,1290,33,0,0,2,0,0,0.0,0,0.0,0.0,0
MRC002214,2026-08-31,0,1,1,1,1971,4,1,4,6,3466.09,9143.12,2285.78,4,0.9999,1.5164,0
MRC002215,2026-08-31,5,2,1,1,662,2,2,9,18,1456.88,28720.99,3191.22,8,0.8888,0.2029,0
MRC002216,2026-08-31,5,0,1,1,375,35,0,0,1,0,0,0.0,0,0.0,0.0,0
MRC002217,2026-08-31,2,0,1,0,1360,15,0,2,6,0,698.81,349.4,2,0.0,0.0,0
MRC002218,2026-08-31,4,1,0,1,2033,0,1,3,5,3230.24,9979.34,3326.45,3,1.3332,1.2948,0
MRC002219,2026-08-31,0,3,1,0,1859,22,0,1,3,0,455.77,455.77,1,0.0,0.0,0
MRC002220,2026-08-31,5,2,1,1,2028,5,1,4,7,3029.0,12601.61,3150.4,4,0.9999,0.9615,0
MRC002221,2026-08-31,0,0,1,1,1116,1,4,6,12,6828.08,7637.04,1272.84,6,2.6665,3.5763,0
MRC002222,2026-08-31,4,1,0,1,756,0,2,8,16,2110.06,7633.99,954.25,8,1.0,1.1056,0
MRC002223,2026-08-31,5,1,1,1,1698,1,5,21,35,5025.07,23844.47,1135.45,14,0.9524,0.843,0
MRC002224,2026-08-31,5,1,0,1,339,0,11,59,112,9073.01,89155.61,1511.11,25,0.7458,0.4071,0
MRC002225,2026-08-31,0,1,1,0,2213,5,1,3,11,31.19,3028.62,1009.54,3,1.3332,0.0412,0
MRC002226,2026-08-31,5,1,1,0,1816,7,0,1,3,0,577.43,577.43,1,0.0,0.0,0
MRC002227,2026-08-31,3,1,1,1,1358,14,0,2,7,0,4976.04,2488.02,2,0.0,0.0,0
MRC002228,2026-08-31,5,0,1,0,693,8,0,4,9,0,11822.51,2955.63,4,0.0,0.0,0
MRC002229,2026-08-31,0,0,0,1,803,1,1,1,1,1664.35,1664.35,1664.35,1,3.9984,4.0,1
MRC002230,2026-08-31,0,0,1,1,2433,23,0,2,4,0,199.9,99.95,1,0.0,0.0,0
MRC002231,2026-08-31,5,0,0,1,288,0,4,13,23,9293.06,24929.42,1917.65,10,1.2307,1.4911,0
MRC002232,2026-08-31,0,1,1,1,277,42,0,0,2,0,0,0.0,0,0.0,0.0,1
MRC002233,2026-08-31,3,2,1,1,1016,35,0,0,3,0,0,0.0,0,0.0,0.0,1
MRC002234,2026-08-31,0,2,0,0,759,3,1,1,4,2553.48,2553.48,2553.48,1,3.9984,4.0,0
MRC002235,2026-08-31,5,0,1,1,1735,2,1,6,9,1025.63,8724.62,1454.1,6,0.6666,0.4702,0
MRC002236,2026-08-31,5,0,1,1,348,0,9,32,68,12101.28,65758.62,2054.96,23,1.125,0.7361,0
MRC002237,2026-08-31,5,1,0,1,1973,50,0,0,2,0,0,0.0,0,0.0,0.0,0
MRC002238,2026-08-31,5,1,1,1,1967,11,0,3,10,0,986.32,328.77,3,0.0,0.0,0
MRC002239,2026-08-31,5,0,0,1,758,44,0,0,5,0,0,0.0,0,0.0,0.0,0
MRC002240,2026-08-31,5,2,0,1,1521,24,0,1,4,0,1527.78,1527.78,1,0.0,0.0,0
MRC002241,2026-08-31,2,0,1,1,1724,0,2,3,8,1254.8,1381.5,460.5,3,2.6663,3.6332,0
MRC002242,2026-08-31,5,0,1,1,2110,20,0,3,5,0,11060.72,3686.91,2,0.0,0.0,0
MRC002243,2026-08-31,5,1,1,1,1857,1,13,59,113,32718.26,90686.26,1537.06,27,0.8813,1.4431,0
MRC002244,2026-08-31,5,1,1,1,2360,6,1,5,14,2049.59,3485.17,697.03,5,0.7999,2.3524,0
MRC002245,2026-08-31,5,1,1,1,510,30,0,0,3,0,0,0.0,0,0.0,0.0,1
MRC002246,2026-08-31,4,1,1,1,1590,1,2,16,33,3785.34,15064.56,941.53,16,0.5,1.0051,0
MRC002247,2026-08-31,5,2,0,1,1945,8,0,2,12,0,454.33,227.17,2,0.0,0.0,0
MRC002248,2026-08-31,5,0,0,1,763,5,1,4,6,152.57,13904.44,3476.11,4,0.9999,0.0439,0
MRC002249,2026-08-31,5,1,1,1,734,4,1,5,10,602.81,7881.76,1576.35,5,0.7999,0.3059,0
MRC002250,2026-08-31,5,0,1,1,459,9,0,2,5,0,4002.92,2001.46,2,0.0,0.0,0
MRC002251,2026-08-31,5,1,1,1,2410,26,0,1,3,0,4878.89,4878.89,1,0.0,0.0,1
MRC002252,2026-08-31,5,1,1,1,2149,37,0,0,1,0,0,0.0,0,0.0,0.0,1
MRC002253,2026-08-31,0,1,1,0,521,0,1,4,11,2220.05,6807.43,1701.86,4,0.9999,1.3045,0
MRC002254,2026-08-31,5,0,0,1,792,1,1,3,5,1377.96,3327.85,1109.28,3,1.3332,1.6563,0
MRC002255,2026-08-31,0,2,1,1,1258,7,0,2,10,0,1140.23,570.12,2,0.0,0.0,0
MRC002256,2026-08-31,2,0,1,1,2209,28,0,1,3,0,1990.64,1990.64,1,0.0,0.0,0
MRC002257,2026-08-31,0,2,0,0,2061,30,0,0,1,0,0,0.0,0,0.0,0.0,0
MRC002258,2026-08-31,5,0,1,1,2176,4,2,8,16,2185.83,7774.64,971.83,6,1.0,1.1246,0
MRC002259,2026-08-31,4,2,1,1,2066,6,1,3,4,1927.34,4005.17,1335.06,3,1.3332,1.9249,0
MRC002260,2026-08-31,5,1,1,1,1628,1,2,10,15,905.11,9356.22,935.62,8,0.8,0.387,0
MRC002261,2026-08-31,3,1,1,1,892,1,3,6,10,6303.91,8895.36,1482.56,6,1.9999,2.8347,0
MRC002262,2026-08-31,5,1,0,1,1576,3,4,16,43,3329.94,26881.14,1680.07,13,1.0,0.4955,0
MRC002263,2026-08-31,4,1,1,1,1336,4,2,6,15,2071.79,5952.14,992.02,6,1.3332,1.3923,0
MRC002264,2026-08-31,0,1,0,1,2334,6,2,6,10,4114.58,5911.79,985.3,5,1.3332,2.784,0
MRC002265,2026-08-31,5,1,0,1,1236,0,2,10,16,704.49,9613.6,961.36,9,0.8,0.2931,0
MRC002266,2026-08-31,5,1,1,1,1908,11,0,2,6,0,5557.64,2778.82,2,0.0,0.0,0
MRC002267,2026-08-31,3,1,1,1,636,55,0,0,1,0,0,0.0,0,0.0,0.0,1
MRC002268,2026-08-31,5,1,1,1,1749,4,2,5,7,5499.23,6385.49,1277.1,5,1.5999,3.4448,0
MRC002269,2026-08-31,5,1,1,1,1248,3,5,15,39,15722.47,26462.43,1764.16,12,1.3333,2.3766,0
MRC002270,2026-08-31,5,1,1,1,1209,91,0,0,0,0,0,0.0,0,0.0,0.0,1
MRC002271,2026-08-31,5,1,1,1,1906,1,1,4,14,1193.38,2831.53,707.88,4,0.9999,1.6858,0
MRC002272,2026-08-31,5,1,0,1,1314,15,0,1,2,0,386.85,386.85,1,0.0,0.0,0
MRC002273,2026-08-31,5,3,1,1,385,3,1,2,3,577.57,622.05,311.03,2,1.9996,3.714,0
MRC002274,2026-08-31,2,0,1,1,1106,1,1,5,6,167.58,1726.67,345.33,4,0.7999,0.3882,0
MRC002275,2026-08-31,0,0,0,1,2361,3,2,4,11,1956.51,2671.68,667.92,4,1.9998,2.9293,0
MRC002276,2026-08-31,4,0,1,1,2324,7,0,5,6,0,3045.27,609.05,5,0.0,0.0,0
MRC002277,2026-08-31,5,1,0,1,1599,1,5,13,26,8854.29,28257.27,2173.64,13,1.5384,1.2534,0
MRC002278,2026-08-31,5,1,1,0,1651,5,1,13,25,818.11,17315.06,1331.93,9,0.3077,0.189,0
MRC002279,2026-08-31,2,1,1,0,831,0,1,5,6,409.62,7969.85,1593.97,5,0.7999,0.2056,0
MRC002280,2026-08-31,5,0,1,1,1962,0,3,11,24,6005.5,24036.48,2185.13,10,1.0909,0.9994,0
MRC002281,2026-08-31,0,2,1,1,1566,56,0,0,1,0,0,0.0,0,0.0,0.0,0
MRC002282,2026-08-31,4,1,1,1,338,58,0,0,1,0,0,0.0,0,0.0,0.0,0
MRC002283,2026-08-31,5,1,1,0,2331,5,1,1,4,4019.77,4019.77,4019.77,1,3.9984,4.0,0
MRC002284,2026-08-31,2,0,1,0,2119,0,1,10,24,1350.02,17267.49,1726.75,8,0.4,0.3127,0
MRC002285,2026-08-31,4,0,1,1,435,25,0,1,3,0,2750.19,2750.19,1,0.0,0.0,0
MRC002286,2026-08-31,5,0,1,1,1169,180,0,0,0,0,0,0.0,0,0.0,0.0,1
MRC002287,2026-08-31,2,0,0,1,1879,6,2,6,11,3686.91,10354.72,1725.79,4,1.3332,1.4242,0
MRC002288,2026-08-31,5,1,1,0,1867,6,1,1,3,2986.29,2986.29,2986.29,1,3.9984,4.0,1
MRC002289,2026-08-31,5,0,1,1,622,15,0,2,6,0,2098.23,1049.12,2,0.0,0.0,0
MRC002290,2026-08-31,5,0,1,1,344,19,0,2,2,0,1739.44,869.72,2,0.0,0.0,0
MRC002291,2026-08-31,5,0,1,1,2408,21,0,2,2,0,3857.94,1928.97,2,0.0,0.0,0
MRC002292,2026-08-31,2,0,1,0,2210,0,12,59,110,14671.83,83671.42,1418.16,24,0.8136,0.7014,0
MRC002293,2026-08-31,5,0,0,1,1870,0,6,20,38,7275.97,40286.53,2014.33,18,1.2,0.7224,0
MRC002294,2026-08-31,2,0,0,1,1698,7,0,7,14,0,5925.79,846.54,6,0.0,0.0,0
MRC002295,2026-08-31,0,0,1,0,1756,7,0,3,8,0,917.59,305.86,3,0.0,0.0,0
MRC002296,2026-08-31,5,1,0,1,1256,0,4,10,22,2326.07,10458.85,1045.88,9,1.5999,0.8896,0
MRC002297,2026-08-31,5,2,1,1,1752,3,1,4,8,541.42,2970.5,742.62,4,0.9999,0.7291,0
MRC002298,2026-08-31,5,1,1,1,920,5,1,8,15,483.84,6775.98,847.0,6,0.5,0.2856,0
MRC002299,2026-08-31,0,0,0,1,439,13,0,3,11,0,9613.52,3204.51,3,0.0,0.0,0
MRC002300,2026-08-31,5,3,1,1,936,45,0,0,2,0,0,0.0,0,0.0,0.0,0
MRC002301,2026-08-31,0,3,1,0,899,0,4,7,12,10342.34,14234.55,2033.51,7,2.2856,2.9063,0
MRC002302,2026-08-31,2,1,1,1,919,7,0,4,7,0,2251.85,562.96,4,0.0,0.0,0
MRC002303,2026-08-31,5,0,1,1,1286,6,1,3,8,496.94,1283.6,427.87,3,1.3332,1.5486,0
MRC002304,2026-08-31,5,1,1,1,543,2,1,1,1,2164.43,2164.43,2164.43,1,3.9984,4.0,0
MRC002305,2026-08-31,5,3,1,1,1147,17,0,1,2,0,1080.25,1080.25,1,0.0,0.0,1
MRC002306,2026-08-31,4,1,1,1,1270,180,0,0,0,0,0,0.0,0,0.0,0.0,1
MRC002307,2026-08-31,5,1,0,1,667,6,1,5,9,374.26,3594.97,718.99,5,0.7999,0.4164,0
MRC002308,2026-08-31,5,1,1,0,1247,2,2,7,14,4659.51,14476.46,2068.07,6,1.1428,1.2875,0
MRC002309,2026-08-31,3,3,1,1,1730,1,4,10,23,4082.85,20303.74,2030.37,9,1.5999,0.8044,0
MRC002310,2026-08-31,5,0,1,1,1157,82,0,0,0,0,0,0.0,0,0.0,0.0,1
MRC002311,2026-08-31,2,0,1,1,262,4,2,4,6,2796.02,6108.39,1527.1,4,1.9998,1.8309,0
MRC002312,2026-08-31,5,2,1,0,1793,15,0,2,5,0,3919.59,1959.8,2,0.0,0.0,0
MRC002313,2026-08-31,5,0,1,0,1521,3,1,6,12,93.13,5504.34,917.39,6,0.6666,0.0677,0
MRC002314,2026-08-31,5,1,1,1,1174,53,0,0,1,0,0,0.0,0,0.0,0.0,0
MRC002315,2026-08-31,5,0,1,1,306,2,1,4,5,1945.79,3208.55,802.14,4,0.9999,2.4258,0
MRC002316,2026-08-31,5,0,1,0,451,28,0,1,1,0,923.68,923.68,1,0.0,0.0,0
MRC002317,2026-08-31,5,0,1,1,430,26,0,1,3,0,881.78,881.78,1,0.0,0.0,0
MRC002318,2026-08-31,2,1,1,1,2118,31,0,0,6,0,0,0.0,0,0.0,0.0,0
MRC002319,2026-08-31,5,1,0,1,931,6,1,2,9,348.36,689.77,344.88,2,1.9996,2.0202,0
MRC002320,2026-08-31,5,1,1,1,1185,92,0,0,0,0,0,0.0,0,0.0,0.0,0
MRC002321,2026-08-31,5,0,1,1,1777,4,2,4,4,2830.03,6444.56,1611.14,4,1.9998,1.7565,0
MRC002322,2026-08-31,4,2,1,1,1688,3,2,3,9,2502.65,3967.99,1322.66,3,2.6663,2.5228,0
MRC002323,2026-08-31,3,1,1,0,397,1,4,20,29,6028.12,65670.05,3283.5,16,0.8,0.3672,0
MRC002324,2026-08-31,5,3,1,1,2288,45,0,0,1,0,0,0.0,0,0.0,0.0,0
MRC002325,2026-08-31,5,0,0,1,836,10,0,4,8,0,13344.01,3336.0,4,0.0,0.0,0
MRC002326,2026-08-31,0,0,1,1,1933,5,1,2,4,596.0,1302.83,651.41,2,1.9996,1.8299,0
MRC002327,2026-08-31,0,1,1,1,2075,3,1,3,6,1092.67,2895.71,965.24,3,1.3332,1.5094,1
MRC002328,2026-08-31,2,2,1,1,1434,16,0,2,2,0,9316.35,4658.18,2,0.0,0.0,0
MRC002329,2026-08-31,0,0,0,1,611,23,0,1,3,0,467.61,467.61,1,0.0,0.0,0
MRC002330,2026-08-31,5,1,1,1,1447,0,2,3,4,3112.89,9242.79,3080.93,3,2.6663,1.3472,0
MRC002331,2026-08-31,5,1,1,1,791,3,1,11,22,8582.65,21333.33,1939.39,9,0.3636,1.6092,0
MRC002332,2026-08-31,3,0,1,1,2113,8,0,4,4,0,4280.18,1070.05,4,0.0,0.0,0
MRC002333,2026-08-31,4,1,1,1,1905,71,0,0,0,0,0,0.0,0,0.0,0.0,0
MRC002334,2026-08-31,5,0,1,0,2056,5,1,4,8,241.87,9344.72,2336.18,4,0.9999,0.1035,0
MRC002335,2026-08-31,5,0,0,1,2066,8,0,2,5,0,1338.73,669.37,2,0.0,0.0,0
MRC002336,2026-08-31,5,2,1,1,647,4,1,6,9,1301.89,10604.14,1767.36,5,0.6666,0.4911,0
MRC002337,2026-08-31,0,1,1,1,323,18,0,4,7,0,2491.21,622.8,4,0.0,0.0,0
MRC002338,2026-08-31,4,1,1,0,1625,28,0,1,3,0,1804.56,1804.56,1,0.0,0.0,0
MRC002339,2026-08-31,5,1,1,1,1598,12,0,1,2,0,2090.63,2090.63,1,0.0,0.0,0
MRC002340,2026-08-31,5,3,0,1,2148,1,2,14,25,4209.96,30945.59,2210.4,11,0.5714,0.5442,0
MRC002341,2026-08-31,4,1,1,1,1650,4,1,5,6,2543.25,5879.52,1175.9,5,0.7999,1.7302,0
MRC002342,2026-08-31,5,1,1,1,2012,1,2,6,13,12153.0,19427.34,3237.89,5,1.3332,2.5022,0
MRC002343,2026-08-31,0,0,1,1,1018,6,1,6,12,204.21,20152.6,3358.77,6,0.6666,0.0405,0
MRC002344,2026-08-31,5,1,0,1,529,4,1,6,16,79.17,2952.97,492.16,5,0.6666,0.1072,0
MRC002345,2026-08-31,0,1,0,1,339,94,0,0,0,0,0,0.0,0,0.0,0.0,0
MRC002346,2026-08-31,5,1,1,1,1208,0,3,3,6,5725.31,5725.31,1908.44,3,3.9995,4.0,0
MRC002347,2026-08-31,5,0,1,1,261,6,2,8,20,762.31,12116.73,1514.59,7,1.0,0.2517,0
MRC002348,2026-08-31,0,0,1,1,1389,9,0,5,12,0,7370.06,1474.01,4,0.0,0.0,0
MRC002349,2026-08-31,5,2,1,1,1132,7,0,3,8,0,3975.19,1325.06,3,0.0,0.0,0
MRC002350,2026-08-31,0,2,1,1,820,77,0,0,0,0,0,0.0,0,0.0,0.0,1
MRC002351,2026-08-31,2,0,1,1,1548,2,1,1,3,1896.17,1896.17,1896.17,1,3.9984,4.0,0
MRC002352,2026-08-31,0,1,1,1,1741,9,0,4,6,0,8039.97,2009.99,4,0.0,0.0,0
MRC002353,2026-08-31,4,1,0,1,343,13,0,2,5,0,1694.11,847.06,2,0.0,0.0,1
MRC002354,2026-08-31,5,1,1,1,1297,8,0,11,18,0,15562.15,1414.74,11,0.0,0.0,0
MRC002355,2026-08-31,0,1,0,1,2310,15,0,1,3,0,594.15,594.15,1,0.0,0.0,0
MRC002356,2026-08-31,5,1,1,1,907,3,1,1,1,750.31,750.31,750.31,1,3.9984,4.0,0
MRC002357,2026-08-31,0,0,1,1,1963,24,0,1,2,0,399.12,399.12,1,0.0,0.0,0
MRC002358,2026-08-31,3,0,1,1,993,1,1,4,5,148.11,16151.86,4037.96,4,0.9999,0.0367,0
MRC002359,2026-08-31,5,1,1,1,850,22,0,1,6,0,2713.7,2713.7,1,0.0,0.0,0
MRC002360,2026-08-31,5,1,1,1,2128,0,3,20,32,7243.82,26228.77,1311.44,17,0.6,1.1047,0
MRC002361,2026-08-31,0,0,0,1,1035,7,0,4,11,0,3565.72,891.43,4,0.0,0.0,0
MRC002362,2026-08-31,0,0,1,1,2149,39,0,0,2,0,0,0.0,0,0.0,0.0,0
MRC002363,2026-08-31,5,1,1,1,1687,38,0,0,1,0,0,0.0,0,0.0,0.0,0
MRC002364,2026-08-31,5,1,1,1,2032,3,1,2,2,421.83,1834.48,917.24,2,1.9996,0.9198,1
MRC002365,2026-08-31,5,0,0,1,2037,17,0,3,3,0,6090.18,2030.06,3,0.0,0.0,0
MRC002366,2026-08-31,0,1,1,0,2253,18,0,4,17,0,3004.23,751.06,4,0.0,0.0,0
MRC002367,2026-08-31,4,2,0,1,1469,2,1,12,26,205.19,14651.78,1220.98,9,0.3333,0.056,0
MRC002368,2026-08-31,5,0,0,1,2337,0,3,18,34,8607.57,35890.39,1993.91,12,0.6667,0.9593,0
MRC002369,2026-08-31,5,2,0,1,387,1,1,1,6,2432.24,2432.24,2432.24,1,3.9984,4.0,0
MRC002370,2026-08-31,5,0,0,1,1331,0,2,6,14,343.42,4628.18,771.36,6,1.3332,0.2968,0
MRC002371,2026-08-31,2,1,1,1,1123,7,0,3,7,0,3034.68,1011.56,3,0.0,0.0,0
MRC002372,2026-08-31,4,0,1,1,468,36,0,0,3,0,0,0.0,0,0.0,0.0,1
MRC002373,2026-08-31,5,0,1,0,2165,22,0,1,2,0,292.77,292.77,1,0.0,0.0,0
MRC002374,2026-08-31,5,0,1,1,2005,0,2,7,10,863.47,11100.79,1585.83,6,1.1428,0.3111,0
MRC002375,2026-08-31,0,0,0,1,1892,35,0,0,1,0,0,0.0,0,0.0,0.0,1
MRC002376,2026-08-31,5,2,1,0,1641,18,0,1,3,0,948.12,948.12,1,0.0,0.0,1
MRC002377,2026-08-31,5,1,1,0,1572,0,1,2,3,795.52,914.83,457.41,2,1.9996,3.4783,0
MRC002378,2026-08-31,2,2,0,1,1088,1,2,4,10,1275.15,3449.61,862.4,4,1.9998,1.4786,0
MRC002379,2026-08-31,2,1,1,1,1750,0,5,9,18,10847.77,13684.82,1520.54,7,2.2221,3.1707,0
MRC002380,2026-08-31,5,1,0,1,2388,14,0,5,9,0,3478.98,695.8,5,0.0,0.0,0
MRC002381,2026-08-31,2,0,1,1,805,32,0,0,2,0,0,0.0,0,0.0,0.0,0
MRC002382,2026-08-31,5,1,1,1,997,116,0,0,0,0,0,0.0,0,0.0,0.0,1
MRC002383,2026-08-31,5,1,0,0,495,1,3,7,15,1555.0,13795.2,1970.74,6,1.7142,0.4509,0
MRC002384,2026-08-31,0,2,1,1,2240,0,1,5,8,733.33,3612.68,722.54,4,0.7999,0.812,0
MRC002385,2026-08-31,5,2,1,0,1415,3,1,4,7,3749.08,7255.15,1813.79,4,0.9999,2.067,0
MRC002386,2026-08-31,2,0,1,1,1551,1,4,9,26,3719.71,28508.5,3167.61,6,1.7777,0.5219,0
MRC002387,2026-08-31,2,1,1,1,839,4,1,1,3,1508.36,1508.36,1508.36,1,3.9984,4.0,1
MRC002388,2026-08-31,5,1,1,1,337,40,0,0,2,0,0,0.0,0,0.0,0.0,0
MRC002389,2026-08-31,5,1,1,1,2015,3,1,3,4,3274.58,6796.44,2265.48,3,1.3332,1.9272,0
MRC002390,2026-08-31,5,0,1,1,2136,10,0,3,4,0,1659.81,553.27,3,0.0,0.0,0
MRC002391,2026-08-31,5,1,1,1,1002,0,1,7,12,136.26,25729.94,3675.71,6,0.5714,0.0212,0
MRC002392,2026-08-31,5,1,1,0,1922,0,2,9,12,2934.85,16394.96,1821.66,8,0.8888,0.716,0
MRC002393,2026-08-31,5,0,1,1,1506,8,0,7,17,0,25564.4,3652.06,6,0.0,0.0,0
MRC002394,2026-08-31,5,1,1,1,1660,0,1,6,14,1539.06,8865.33,1477.56,6,0.6666,0.6944,0
MRC002395,2026-08-31,4,0,1,1,634,1,2,2,2,2338.35,2338.35,1169.18,2,3.9992,4.0,0
MRC002396,2026-08-31,2,2,1,1,1599,17,0,2,6,0,2621.42,1310.71,2,0.0,0.0,0
MRC002397,2026-08-31,3,0,1,1,609,1,2,9,14,2632.18,20469.77,2274.42,7,0.8888,0.5144,0
MRC002398,2026-08-31,0,0,0,1,735,10,0,2,4,0,1256.23,628.12,2,0.0,0.0,0
MRC002399,2026-08-31,5,0,0,1,1036,11,0,3,9,0,11857.86,3952.62,3,0.0,0.0,0
MRC002400,2026-08-31,2,2,0,1,725,0,4,6,15,5121.21,6934.26,1155.71,6,2.6665,2.9541,0
MRC002401,2026-08-31,4,1,1,0,2243,5,1,4,4,255.1,6239.97,1559.99,4,0.9999,0.1635,0
MRC002402,2026-08-31,4,0,1,1,320,15,0,1,6,0,1129.37,1129.37,1,0.0,0.0,0
MRC002403,2026-08-31,4,0,1,1,2232,7,0,1,1,0,177.37,177.37,1,0.0,0.0,0
MRC002404,2026-08-31,2,1,1,0,593,1,2,8,24,1107.49,21259.54,2657.44,8,1.0,0.2084,0
MRC002405,2026-08-31,5,1,1,0,2158,14,0,1,2,0,1733.24,1733.24,1,0.0,0.0,0
MRC002406,2026-08-31,5,0,0,1,992,20,0,1,10,0,682.28,682.28,1,0.0,0.0,0
MRC002407,2026-08-31,4,3,1,1,2269,4,1,3,8,1872.42,3684.71,1228.24,2,1.3332,2.0326,0
MRC002408,2026-08-31,4,0,1,1,1438,1,1,4,10,5803.58,7778.67,1944.67,4,0.9999,2.9844,0
MRC002409,2026-08-31,5,1,1,1,1326,1,2,11,16,2779.82,22651.05,2059.19,8,0.7272,0.4909,0
MRC002410,2026-08-31,0,0,1,1,542,7,0,3,5,0,10848.09,3616.03,3,0.0,0.0,0
MRC002411,2026-08-31,3,1,1,1,1204,2,1,8,25,194.97,24288.61,3036.08,6,0.5,0.0321,0
MRC002412,2026-08-31,3,1,1,1,1475,5,1,4,5,1568.07,4404.52,1101.13,4,0.9999,1.4241,1
MRC002413,2026-08-31,5,1,1,1,2405,1,2,5,10,698.62,3201.83,640.37,5,1.5999,0.8728,0
MRC002414,2026-08-31,5,1,1,0,832,50,0,0,2,0,0,0.0,0,0.0,0.0,0
MRC002415,2026-08-31,5,2,1,1,437,8,0,5,15,0,4344.13,868.83,4,0.0,0.0,0
MRC002416,2026-08-31,5,2,1,1,811,23,0,1,2,0,237.4,237.4,1,0.0,0.0,1
MRC002417,2026-08-31,5,1,0,1,788,4,1,3,4,334.2,3760.08,1253.36,3,1.3332,0.3555,0
MRC002418,2026-08-31,4,1,1,1,2328,2,1,4,6,259.17,3035.05,758.76,4,0.9999,0.3416,0
MRC002419,2026-08-31,4,2,1,1,585,5,2,5,13,5463.18,8901.51,1780.3,4,1.5999,2.4549,0
MRC002420,2026-08-31,2,0,1,1,2425,0,2,6,8,1524.58,4765.19,794.2,6,1.3332,1.2798,1
MRC002421,2026-08-31,2,0,1,0,504,0,22,94,177,27157.9,125645.89,1336.66,30,0.9362,0.8646,0
MRC002422,2026-08-31,3,0,1,1,2029,1,1,2,5,1870.26,5722.14,2861.07,2,1.9996,1.3074,0
MRC002423,2026-08-31,4,2,1,1,1162,0,1,7,8,2886.09,7707.88,1101.13,5,0.5714,1.4977,0
MRC002424,2026-08-31,4,0,1,1,375,14,0,7,14,0,16006.66,2286.67,6,0.0,0.0,0
MRC002425,2026-08-31,2,0,1,1,1598,5,2,7,10,792.79,3689.83,527.12,6,1.1428,0.8594,0
MRC002426,2026-08-31,5,1,1,0,1849,12,0,4,4,0,5213.24,1303.31,3,0.0,0.0,0
MRC002427,2026-08-31,5,0,1,1,2089,8,0,4,8,0,5496.43,1374.11,3,0.0,0.0,0
MRC002428,2026-08-31,5,0,1,1,646,1,2,4,6,1262.35,3339.81,834.95,4,1.9998,1.5119,0
MRC002429,2026-08-31,4,1,0,1,1605,1,4,25,41,4158.47,27186.84,1087.47,19,0.64,0.6118,0
MRC002430,2026-08-31,2,0,1,0,1500,0,1,2,4,1980.3,2625.65,1312.83,2,1.9996,3.0169,0
MRC002431,2026-08-31,5,3,1,1,1223,5,2,4,6,8618.85,10511.73,2627.93,3,1.9998,3.2797,0
MRC002432,2026-08-31,5,0,1,1,2209,4,1,1,3,836.38,836.38,836.38,1,3.9984,4.0,1
MRC002433,2026-08-31,5,2,1,1,1181,12,0,1,1,0,1404.89,1404.89,1,0.0,0.0,0
MRC002434,2026-08-31,3,1,1,1,1087,90,0,0,0,0,0,0.0,0,0.0,0.0,0
MRC002435,2026-08-31,0,0,1,0,1404,4,1,3,4,1746.98,7082.96,2360.99,3,1.3332,0.9866,0
MRC002436,2026-08-31,5,0,1,0,2286,24,0,1,2,0,2041.54,2041.54,1,0.0,0.0,0
MRC002437,2026-08-31,5,1,0,1,2152,16,0,1,2,0,284.52,284.52,1,0.0,0.0,0
MRC002438,2026-08-31,5,0,1,1,1804,5,1,2,2,138.43,950.76,475.38,2,1.9996,0.5824,1
MRC002439,2026-08-31,3,0,1,1,433,7,0,5,6,0,14513.81,2902.76,5,0.0,0.0,0
MRC002440,2026-08-31,2,2,1,1,914,4,2,5,8,382.81,2544.68,508.94,5,1.5999,0.6017,0
MRC002441,2026-08-31,4,1,1,1,290,5,1,6,11,1955.21,16987.47,2831.25,6,0.6666,0.4604,0
MRC002442,2026-08-31,5,2,1,1,464,6,1,2,4,119.01,2188.55,1094.28,2,1.9996,0.2175,0
MRC002443,2026-08-31,3,0,1,1,2074,9,0,3,6,0,4993.81,1664.6,2,0.0,0.0,0
MRC002444,2026-08-31,0,0,1,1,2038,40,0,0,2,0,0,0.0,0,0.0,0.0,0
MRC002445,2026-08-31,2,1,1,1,481,9,0,2,5,0,2212.61,1106.3,2,0.0,0.0,0
MRC002446,2026-08-31,5,0,1,1,1257,15,0,2,5,0,759.92,379.96,2,0.0,0.0,0
MRC002447,2026-08-31,2,0,0,1,867,160,0,0,0,0,0,0.0,0,0.0,0.0,1
MRC002448,2026-08-31,2,0,1,1,415,2,4,36,54,8648.4,48387.62,1344.1,22,0.4444,0.7149,0
MRC002449,2026-08-31,5,0,1,1,1090,8,0,5,8,0,7727.69,1545.54,5,0.0,0.0,0
MRC002450,2026-08-31,5,1,1,1,482,23,0,1,3,0,294.04,294.04,1,0.0,0.0,0
MRC002451,2026-08-31,5,0,1,1,1865,0,2,7,10,523.52,11504.99,1643.57,7,1.1428,0.182,0
MRC002452,2026-08-31,5,3,1,1,2369,0,10,39,65,6956.23,74144.69,1901.15,22,1.0256,0.3753,0
MRC002453,2026-08-31,0,0,1,1,1180,3,2,8,20,2459.18,10697.94,1337.24,7,1.0,0.9195,0
MRC002454,2026-08-31,5,0,1,1,787,10,0,1,10,0,134.32,134.32,1,0.0,0.0,0
MRC002455,2026-08-31,5,0,1,1,1348,23,0,1,1,0,378.78,378.78,1,0.0,0.0,1
MRC002456,2026-08-31,3,1,0,0,2369,11,0,1,2,0,3086.07,3086.07,1,0.0,0.0,0
MRC002457,2026-08-31,5,2,1,1,605,35,0,0,1,0,0,0.0,0,0.0,0.0,1
MRC002458,2026-08-31,4,2,0,1,1745,4,1,4,4,592.18,10952.5,2738.12,4,0.9999,0.2163,0
MRC002459,2026-08-31,5,0,1,1,460,2,2,7,14,2490.15,7225.55,1032.22,7,1.1428,1.3785,0
MRC002460,2026-08-31,4,1,1,1,913,5,2,10,16,7602.93,12956.66,1295.67,9,0.8,2.3472,0
MRC002461,2026-08-31,0,2,1,1,1216,1,1,9,16,595.94,7729.37,858.82,7,0.4444,0.3084,0
MRC002462,2026-08-31,5,0,1,0,1095,20,0,2,5,0,1268.6,634.3,2,0.0,0.0,1
MRC002463,2026-08-31,4,1,0,1,647,0,2,5,8,2060.3,10295.12,2059.02,5,1.5999,0.8005,0
MRC002464,2026-08-31,5,0,1,0,1954,0,2,7,13,3962.0,7667.44,1095.35,6,1.1428,2.0669,0
MRC002465,2026-08-31,2,1,1,1,1727,78,0,0,0,0,0,0.0,0,0.0,0.0,1
MRC002466,2026-08-31,2,1,1,1,1208,9,0,5,11,0,11432.21,2286.44,3,0.0,0.0,0
MRC002467,2026-08-31,2,1,1,1,1171,0,10,29,57,18340.31,33063.93,1140.14,20,1.3793,2.2188,0
MRC002468,2026-08-31,2,2,1,1,420,28,0,1,3,0,276.58,276.58,1,0.0,0.0,0
MRC002469,2026-08-31,5,1,1,1,1700,36,0,0,1,0,0,0.0,0,0.0,0.0,1
MRC002470,2026-08-31,5,2,1,1,759,23,0,1,3,0,2876.39,2876.39,1,0.0,0.0,0
MRC002471,2026-08-31,5,1,1,1,914,84,0,0,0,0,0,0.0,0,0.0,0.0,1
MRC002472,2026-08-31,5,0,1,0,2136,4,1,1,3,677.17,677.17,677.17,1,3.9984,4.0,1
MRC002473,2026-08-31,5,1,1,1,1660,22,0,1,2,0,3688.96,3688.96,1,0.0,0.0,0
MRC002474,2026-08-31,5,1,1,1,1778,0,3,9,18,960.32,10788.1,1198.68,8,1.3333,0.3561,0
MRC002475,2026-08-31,4,2,1,1,835,20,0,2,11,0,4695.45,2347.72,2,0.0,0.0,0
MRC002476,2026-08-31,0,0,1,1,1351,7,0,2,6,0,5917.84,2958.92,2,0.0,0.0,0
MRC002477,2026-08-31,5,2,1,1,286,0,8,19,29,6981.73,17386.61,915.08,14,1.6842,1.6062,0
MRC002478,2026-08-31,5,1,1,1,793,10,0,5,6,0,8326.64,1665.33,5,0.0,0.0,0
MRC002479,2026-08-31,2,1,1,1,2005,0,1,2,5,267.21,522.01,261.0,2,1.9996,2.0475,0
MRC002480,2026-08-31,5,1,1,1,1293,2,4,26,60,10615.9,43690.18,1680.39,16,0.6154,0.9719,0
MRC002481,2026-08-31,2,1,0,1,1644,0,3,7,14,2967.0,7311.08,1044.44,7,1.7142,1.6233,0
MRC002482,2026-08-31,5,1,1,1,1980,2,2,6,11,3454.86,7080.81,1180.13,6,1.3332,1.9517,0
MRC002483,2026-08-31,2,1,0,1,2304,43,0,0,2,0,0,0.0,0,0.0,0.0,0
MRC002484,2026-08-31,5,0,1,1,435,13,0,2,4,0,1070.93,535.47,2,0.0,0.0,1
MRC002485,2026-08-31,4,1,0,0,1526,36,0,0,2,0,0,0.0,0,0.0,0.0,0
MRC002486,2026-08-31,0,0,1,1,2430,1,3,16,36,2094.39,16416.95,1026.06,12,0.75,0.5103,0
MRC002487,2026-08-31,5,1,1,1,693,62,0,0,0,0,0,0.0,0,0.0,0.0,1
MRC002488,2026-08-31,0,1,1,1,2135,4,1,9,17,2910.18,7908.91,878.77,7,0.4444,1.4718,0
MRC002489,2026-08-31,5,0,1,1,1524,13,0,5,8,0,3882.99,776.6,4,0.0,0.0,0
MRC002490,2026-08-31,5,1,0,1,951,135,0,0,0,0,0,0.0,0,0.0,0.0,1
MRC002491,2026-08-31,4,1,0,1,1968,1,9,19,22,11121.27,23815.17,1253.43,13,1.8947,1.8679,0
MRC002492,2026-08-31,4,1,1,1,2159,9,0,5,7,0,14732.71,2946.54,5,0.0,0.0,0
MRC002493,2026-08-31,5,1,1,1,568,67,0,0,0,0,0,0.0,0,0.0,0.0,1
MRC002494,2026-08-31,5,1,1,1,1746,6,1,4,12,377.77,5837.07,1459.27,4,0.9999,0.2589,0
MRC002495,2026-08-31,5,1,1,1,2303,7,0,3,3,0,1353.8,451.27,3,0.0,0.0,1
MRC002496,2026-08-31,0,0,0,1,1712,27,0,1,2,0,12061.67,12061.67,1,0.0,0.0,0
MRC002497,2026-08-31,5,0,1,1,1452,0,2,3,5,3314.87,4645.99,1548.66,3,2.6663,2.854,0
MRC002498,2026-08-31,3,1,1,1,562,16,0,3,7,0,3102.74,1034.25,3,0.0,0.0,1
MRC002499,2026-08-31,5,0,1,1,1240,82,0,0,0,0,0,0.0,0,0.0,0.0,0
MRC002500,2026-08-31,2,0,1,1,2236,1,4,12,17,5329.96,27441.92,2286.83,11,1.3333,0.7769,0
MRC002501,2026-08-31,0,0,1,1,2003,4,2,10,12,2860.07,20695.84,2069.58,10,0.8,0.5528,0
MRC002502,2026-08-31,5,0,1,0,1240,12,0,5,9,0,9629.35,1925.87,4,0.0,0.0,0
MRC002503,2026-08-31,5,3,1,1,931,16,0,1,4,0,360.19,360.19,1,0.0,0.0,0
MRC002504,2026-08-31,2,0,1,1,2012,7,0,4,4,0,6673.38,1668.35,4,0.0,0.0,0
MRC002505,2026-08-31,5,0,1,1,2371,10,0,2,4,0,2006.25,1003.12,2,0.0,0.0,0
MRC002506,2026-08-31,0,2,1,1,911,38,0,0,1,0,0,0.0,0,0.0,0.0,0
MRC002507,2026-08-31,0,3,1,1,2028,1,3,18,37,2008.18,18443.38,1024.63,16,0.6667,0.4355,0
MRC002508,2026-08-31,0,0,1,1,929,0,1,4,12,1397.12,2267.68,566.92,4,0.9999,2.4644,0
MRC002509,2026-08-31,2,2,1,1,2064,30,0,0,3,0,0,0.0,0,0.0,0.0,0
MRC002510,2026-08-31,0,0,1,0,2364,22,0,1,1,0,981.81,981.81,1,0.0,0.0,0
MRC002511,2026-08-31,2,1,1,1,1706,63,0,0,0,0,0,0.0,0,0.0,0.0,0
MRC002512,2026-08-31,0,0,1,1,1342,18,0,1,2,0,820.37,820.37,1,0.0,0.0,0
MRC002513,2026-08-31,5,1,0,1,943,1,1,2,11,1154.44,1874.11,937.06,2,1.9996,2.464,0
MRC002514,2026-08-31,5,0,1,1,387,0,1,4,10,1037.64,9110.13,2277.53,4,0.9999,0.4556,0
MRC002515,2026-08-31,5,1,0,1,371,0,2,5,7,481.04,3342.64,668.53,5,1.5999,0.5756,0
MRC002516,2026-08-31,4,0,1,1,2083,5,1,5,6,1317.94,3172.73,634.55,5,0.7999,1.6616,0
MRC002517,2026-08-31,5,1,1,1,1702,3,2,2,2,4139.09,4139.09,2069.55,2,3.9992,4.0,1
MRC002518,2026-08-31,4,1,1,1,753,0,5,20,32,2967.69,27313.31,1365.67,18,1.0,0.4346,0
MRC002519,2026-08-31,5,0,1,1,1463,4,1,2,5,3182.25,5704.56,2852.28,2,1.9996,2.2314,0
MRC002520,2026-08-31,5,2,1,1,2177,4,2,4,12,1527.69,2156.57,539.14,4,1.9998,2.8336,0
MRC002521,2026-08-31,2,0,1,1,1672,3,1,1,1,390.67,390.67,390.67,1,3.9984,4.0,0
MRC002522,2026-08-31,0,0,1,1,2259,1,2,6,12,376.93,4102.13,683.69,6,1.3332,0.3675,0
MRC002523,2026-08-31,5,0,1,1,513,0,6,22,50,8148.88,36683.26,1667.42,13,1.0909,0.8886,0
MRC002524,2026-08-31,5,0,1,1,415,22,0,1,2,0,710.65,710.65,1,0.0,0.0,0
MRC002525,2026-08-31,5,0,0,0,1713,23,0,2,2,0,2313.37,1156.68,2,0.0,0.0,1
MRC002526,2026-08-31,5,1,0,1,1529,11,0,2,2,0,1282.1,641.05,2,0.0,0.0,0
MRC002527,2026-08-31,5,1,1,0,1760,46,0,0,1,0,0,0.0,0,0.0,0.0,1
MRC002528,2026-08-31,0,1,1,0,2401,0,2,3,5,2325.4,3273.35,1091.12,3,2.6663,2.8416,1
MRC002529,2026-08-31,5,1,1,1,494,21,0,1,1,0,3170.54,3170.54,1,0.0,0.0,0
MRC002530,2026-08-31,2,1,1,1,2291,1,2,7,11,18341.85,20252.98,2893.28,6,1.1428,3.6225,0
MRC002531,2026-08-31,5,0,0,1,389,0,7,29,45,9795.46,43042.29,1484.22,17,0.9655,0.9103,0
MRC002532,2026-08-31,0,1,1,1,1404,7,0,2,2,0,2479.84,1239.92,2,0.0,0.0,0
MRC002533,2026-08-31,5,2,1,1,2074,0,1,5,9,2218.6,9953.09,1990.62,5,0.7999,0.8916,0
MRC002534,2026-08-31,5,0,1,1,1743,2,1,5,9,875.87,2811.26,562.25,5,0.7999,1.2462,0
MRC002535,2026-08-31,4,1,1,1,743,0,2,6,11,567.57,8132.85,1355.48,6,1.3332,0.2791,0
MRC002536,2026-08-31,2,2,0,1,1577,0,6,16,32,9418.87,29891.24,1868.2,13,1.5,1.2604,0
MRC002537,2026-08-31,5,1,1,1,2228,6,1,3,8,3600.94,16437.43,5479.14,2,1.3332,0.8763,0
MRC002538,2026-08-31,5,3,1,1,701,4,2,5,8,1222.15,2438.91,487.78,5,1.5999,2.0044,0
MRC002539,2026-08-31,5,0,1,1,2305,3,1,1,2,681.6,681.6,681.6,1,3.9984,4.0,1
MRC002540,2026-08-31,2,1,1,1,1683,4,1,13,22,904.1,19805.09,1523.47,11,0.3077,0.1826,0
MRC002541,2026-08-31,5,0,1,1,446,68,0,0,0,0,0,0.0,0,0.0,0.0,0
MRC002542,2026-08-31,5,0,1,0,984,8,0,2,3,0,2068.78,1034.39,2,0.0,0.0,0
MRC002543,2026-08-31,2,3,1,1,2140,3,2,6,10,660.61,5566.86,927.81,6,1.3332,0.4747,0
MRC002544,2026-08-31,3,0,1,1,995,0,2,22,45,3602.21,29226.26,1328.47,17,0.3636,0.493,0
MRC002545,2026-08-31,0,3,0,1,2325,4,1,7,12,480.85,7053.08,1007.58,6,0.5714,0.2727,0
MRC002546,2026-08-31,0,1,0,1,1174,17,0,2,5,0,4944.32,2472.16,2,0.0,0.0,0
MRC002547,2026-08-31,2,2,0,1,1005,25,0,1,1,0,1550.2,1550.2,1,0.0,0.0,0
MRC002548,2026-08-31,5,3,0,1,2119,6,2,13,30,1161.26,23861.2,1835.48,10,0.6154,0.1947,0
MRC002549,2026-08-31,2,1,1,1,1973,1,2,4,5,6173.76,11137.76,2784.44,4,1.9998,2.2172,0
MRC002550,2026-08-31,4,3,0,1,777,8,0,2,4,0,2052.78,1026.39,2,0.0,0.0,1
MRC002551,2026-08-31,5,1,1,0,1963,17,0,6,8,0,5939.09,989.85,5,0.0,0.0,0
MRC002552,2026-08-31,5,1,1,0,804,0,1,3,4,678.83,3642.7,1214.23,3,1.3332,0.7454,0
MRC002553,2026-08-31,5,1,1,1,2213,5,1,1,4,775.25,775.25,775.25,1,3.9984,4.0,0
MRC002554,2026-08-31,0,0,1,1,273,11,0,1,1,0,496.61,496.61,1,0.0,0.0,0
MRC002555,2026-08-31,5,0,0,1,1703,3,1,1,1,5016.58,5016.58,5016.58,1,3.9984,4.0,0
MRC002556,2026-08-31,2,0,1,1,595,3,1,1,1,208.25,208.25,208.25,1,3.9984,4.0,1
MRC002557,2026-08-31,5,1,1,1,1735,16,0,1,2,0,5633.5,5633.5,1,0.0,0.0,0
MRC002558,2026-08-31,4,0,1,1,2395,0,3,3,5,6703.67,6703.67,2234.56,3,3.9995,4.0,0
MRC002559,2026-08-31,0,1,1,1,1715,2,1,5,6,2780.33,6556.59,1311.32,4,0.7999,1.6962,0
MRC002560,2026-08-31,2,1,1,1,1205,16,0,2,3,0,6241.45,3120.72,2,0.0,0.0,0
MRC002561,2026-08-31,5,1,1,1,2055,6,1,9,17,1017.39,13847.67,1538.63,8,0.4444,0.2939,0
MRC002562,2026-08-31,2,2,1,0,683,9,0,3,7,0,4178.09,1392.7,3,0.0,0.0,0
MRC002563,2026-08-31,4,3,1,1,1443,5,1,4,6,788.4,4584.07,1146.02,3,0.9999,0.6879,0
MRC002564,2026-08-31,5,2,0,0,2367,21,0,1,2,0,844.77,844.77,1,0.0,0.0,0
MRC002565,2026-08-31,5,1,0,1,1034,15,0,2,6,0,1187.65,593.83,2,0.0,0.0,0
MRC002566,2026-08-31,0,0,1,1,316,1,4,17,38,1708.68,46853.11,2756.07,15,0.9412,0.1459,0
MRC002567,2026-08-31,5,2,1,1,1221,1,2,4,10,1255.78,2196.98,549.25,4,1.9998,2.2864,0
MRC002568,2026-08-31,5,0,1,1,1314,0,2,11,21,959.33,11426.5,1038.77,10,0.7272,0.3358,0
MRC002569,2026-08-31,2,0,1,0,2031,7,0,3,5,0,6383.05,2127.68,3,0.0,0.0,0
MRC002570,2026-08-31,5,0,1,1,2015,6,3,9,22,3524.97,8951.98,994.66,6,1.3333,1.5751,0
MRC002571,2026-08-31,5,1,0,1,1000,25,0,1,2,0,890.06,890.06,1,0.0,0.0,0
MRC002572,2026-08-31,2,1,1,1,1945,226,0,0,0,0,0,0.0,0,0.0,0.0,1
MRC002573,2026-08-31,0,0,0,1,569,34,0,0,6,0,0,0.0,0,0.0,0.0,0
MRC002574,2026-08-31,2,1,1,1,670,1,1,2,7,746.1,1186.78,593.39,2,1.9996,2.5147,0
MRC002575,2026-08-31,4,0,1,1,1576,0,2,8,18,2390.35,11624.69,1453.09,8,1.0,0.8225,0
MRC002576,2026-08-31,3,0,1,0,1803,44,0,0,1,0,0,0.0,0,0.0,0.0,0
MRC002577,2026-08-31,5,0,1,1,2020,9,0,1,5,0,261.08,261.08,1,0.0,0.0,0
MRC002578,2026-08-31,5,0,1,1,1616,4,1,1,4,2244.59,2244.59,2244.59,1,3.9984,4.0,0
MRC002579,2026-08-31,2,1,0,1,536,1,4,21,39,2301.98,32946.77,1568.89,14,0.7619,0.2795,0
MRC002580,2026-08-31,5,0,1,1,1732,1,4,17,29,2267.3,21675.75,1275.04,14,0.9412,0.4184,0
MRC002581,2026-08-31,0,0,1,1,1194,0,2,4,5,549.95,3913.11,978.28,4,1.9998,0.5622,0
MRC002582,2026-08-31,3,0,1,1,838,1,1,1,3,125.34,125.34,125.34,1,3.9984,4.0,1
MRC002583,2026-08-31,0,1,0,0,997,139,0,0,0,0,0,0.0,0,0.0,0.0,1
MRC002584,2026-08-31,5,3,1,1,2028,3,2,4,9,3427.81,8392.09,2098.02,4,1.9998,1.6338,0
MRC002585,2026-08-31,5,1,1,1,644,10,0,3,3,0,1066.78,355.59,3,0.0,0.0,0
MRC002586,2026-08-31,4,1,1,1,1478,3,1,1,1,308.36,308.36,308.36,1,3.9984,4.0,0
MRC002587,2026-08-31,5,2,1,1,438,7,0,3,6,0,3998.71,1332.9,3,0.0,0.0,0
MRC002588,2026-08-31,5,0,0,1,1841,76,0,0,0,0,0,0.0,0,0.0,0.0,0
MRC002589,2026-08-31,5,0,0,1,584,5,1,7,13,1245.11,13754.8,1964.97,6,0.5714,0.3621,0
MRC002590,2026-08-31,5,1,1,1,2309,17,0,2,3,0,1033.94,516.97,2,0.0,0.0,0
MRC002591,2026-08-31,0,0,0,1,2184,77,0,0,0,0,0,0.0,0,0.0,0.0,0
MRC002592,2026-08-31,5,1,1,1,2126,30,0,0,4,0,0,0.0,0,0.0,0.0,0
MRC002593,2026-08-31,0,1,1,1,1018,11,0,1,1,0,713.36,713.36,1,0.0,0.0,0
MRC002594,2026-08-31,5,0,1,1,1966,1,2,7,10,1300.75,5414.94,773.56,7,1.1428,0.9609,1
MRC002595,2026-08-31,4,1,1,1,551,1,3,11,21,1705.73,8768.08,797.1,9,1.0909,0.7782,0
MRC002596,2026-08-31,5,1,1,1,889,0,1,10,21,1362.01,19371.18,1937.12,10,0.4,0.2812,0
MRC002597,2026-08-31,5,0,1,1,546,8,0,7,12,0,15228.33,2175.48,6,0.0,0.0,0
MRC002598,2026-08-31,0,2,0,1,375,0,2,5,8,1821.83,4982.69,996.54,5,1.5999,1.4625,0
MRC002599,2026-08-31,2,1,1,0,1058,8,0,1,2,0,1606.73,1606.73,1,0.0,0.0,0
MRC002600,2026-08-31,5,0,1,1,1512,27,0,1,1,0,779.1,779.1,1,0.0,0.0,1
MRC002601,2026-08-31,0,0,1,1,2141,11,0,5,9,0,6650.93,1330.19,5,0.0,0.0,0
MRC002602,2026-08-31,5,0,0,1,332,8,0,1,3,0,19.51,19.51,1,0.0,0.0,0
MRC002603,2026-08-31,5,0,1,1,1146,2,3,7,19,4935.87,16312.59,2330.37,7,1.7142,1.2103,0
MRC002604,2026-08-31,2,0,1,1,1817,5,1,1,3,1995.27,1995.27,1995.27,1,3.9984,4.0,0
MRC002605,2026-08-31,5,0,0,0,697,2,2,8,12,6123.7,14047.59,1755.95,8,1.0,1.7437,0
MRC002606,2026-08-31,3,2,1,1,1866,4,1,1,1,394.46,394.46,394.46,1,3.9984,4.0,0
MRC002607,2026-08-31,5,2,0,0,1502,14,0,3,7,0,1134.57,378.19,3,0.0,0.0,0
MRC002608,2026-08-31,0,1,1,1,1486,20,0,3,11,0,2154.23,718.08,3,0.0,0.0,0
MRC002609,2026-08-31,0,1,0,1,529,3,2,3,7,3908.79,4211.45,1403.82,3,2.6663,3.7125,0
MRC002610,2026-08-31,0,1,1,1,624,2,1,5,8,597.6,7649.39,1529.88,5,0.7999,0.3125,0
MRC002611,2026-08-31,5,1,1,1,2174,23,0,1,3,0,1384.49,1384.49,1,0.0,0.0,1
MRC002612,2026-08-31,5,2,0,1,2170,0,2,5,17,1154.15,3514.04,702.81,5,1.5999,1.3138,0
MRC002613,2026-08-31,5,1,0,1,1245,3,1,3,4,535.57,4497.39,1499.13,3,1.3332,0.4763,0
MRC002614,2026-08-31,0,1,0,1,1559,74,0,0,0,0,0,0.0,0,0.0,0.0,0
MRC002615,2026-08-31,3,2,1,0,1441,17,0,2,3,0,3356.67,1678.34,2,0.0,0.0,0
MRC002616,2026-08-31,5,1,0,1,1382,2,3,13,17,6363.86,20972.94,1613.3,13,0.923,1.2137,0
MRC002617,2026-08-31,5,0,1,0,1813,12,0,2,2,0,2353.71,1176.86,2,0.0,0.0,1
MRC002618,2026-08-31,0,0,1,0,1497,89,0,0,0,0,0,0.0,0,0.0,0.0,1
MRC002619,2026-08-31,5,1,1,1,530,15,0,1,2,0,834.11,834.11,1,0.0,0.0,0
MRC002620,2026-08-31,0,0,1,1,438,8,0,1,6,0,633.26,633.26,1,0.0,0.0,0
MRC002621,2026-08-31,0,0,1,1,2114,1,1,4,5,1089.25,4439.62,1109.9,4,0.9999,0.9814,0
MRC002622,2026-08-31,5,0,1,1,1874,3,3,7,21,2370.66,5185.1,740.73,7,1.7142,1.8288,0
MRC002623,2026-08-31,5,0,1,1,691,0,7,14,41,6585.43,20810.69,1486.48,11,1.9999,1.2658,0
MRC002624,2026-08-31,2,3,1,0,389,20,0,1,1,0,200.83,200.83,1,0.0,0.0,1
MRC002625,2026-08-31,3,0,1,1,736,28,0,1,4,0,1292.61,1292.61,1,0.0,0.0,0
MRC002626,2026-08-31,5,0,1,1,1520,100,0,0,0,0,0,0.0,0,0.0,0.0,1
MRC002627,2026-08-31,0,1,1,1,1532,13,0,7,13,0,6373.25,910.46,6,0.0,0.0,0
MRC002628,2026-08-31,5,0,1,1,626,3,1,3,4,447.85,1756.58,585.53,3,1.3332,1.0198,0
MRC002629,2026-08-31,2,1,1,1,641,3,2,3,4,561.93,841.85,280.62,3,2.6663,2.67,0
MRC002630,2026-08-31,0,1,0,1,710,0,2,12,24,1084.39,16898.69,1408.22,11,0.6666,0.2567,0
MRC002631,2026-08-31,5,0,0,1,1225,8,0,1,2,0,781.23,781.23,1,0.0,0.0,0
MRC002632,2026-08-31,3,1,1,1,766,11,0,1,1,0,1153.5,1153.5,1,0.0,0.0,0
MRC002633,2026-08-31,4,0,1,1,1254,106,0,0,0,0,0,0.0,0,0.0,0.0,0
MRC002634,2026-08-31,2,1,1,1,288,0,2,15,34,998.15,27889.26,1859.28,11,0.5333,0.1432,0
MRC002635,2026-08-31,5,2,1,1,2302,0,2,8,19,1787.1,15347.67,1918.46,7,1.0,0.4658,0
MRC002636,2026-08-31,5,2,1,1,2205,6,1,2,7,2792.42,3756.81,1878.4,2,1.9996,2.9732,0
MRC002637,2026-08-31,5,0,1,1,996,12,0,2,2,0,1785.61,892.81,2,0.0,0.0,0
MRC002638,2026-08-31,5,1,1,1,2014,2,3,8,15,4019.55,7586.57,948.32,7,1.4999,2.1193,0
MRC002639,2026-08-31,2,1,1,1,1426,0,16,60,121,15900.73,124645.73,2077.43,24,1.0667,0.5103,0
MRC002640,2026-08-31,5,2,1,1,325,32,0,0,2,0,0,0.0,0,0.0,0.0,1
MRC002641,2026-08-31,5,0,1,1,879,10,0,2,3,0,1604.93,802.47,2,0.0,0.0,0
MRC002642,2026-08-31,5,1,1,1,381,2,2,11,19,22756.64,32734.29,2975.84,10,0.7272,2.7808,0
MRC002643,2026-08-31,0,0,1,1,1803,10,0,3,4,0,3038.01,1012.67,3,0.0,0.0,0
MRC002644,2026-08-31,2,0,0,1,1967,19,0,1,3,0,2796.22,2796.22,1,0.0,0.0,1
MRC002645,2026-08-31,0,1,1,1,1605,130,0,0,0,0,0,0.0,0,0.0,0.0,1
MRC002646,2026-08-31,2,1,0,1,271,14,0,3,4,0,8734.92,2911.64,3,0.0,0.0,0
MRC002647,2026-08-31,5,0,1,0,772,23,0,2,3,0,2225.89,1112.94,2,0.0,0.0,0
MRC002648,2026-08-31,5,2,1,1,1281,1,1,12,26,1340.86,14978.99,1248.25,11,0.3333,0.3581,0
MRC002649,2026-08-31,5,1,1,1,573,21,0,1,2,0,3361.84,3361.84,1,0.0,0.0,0
MRC002650,2026-08-31,5,3,1,1,491,3,2,10,17,4609.93,12891.23,1289.12,7,0.8,1.4304,0
MRC002651,2026-08-31,5,1,1,1,922,1,1,2,4,372.43,844.8,422.4,2,1.9996,1.7634,1
MRC002652,2026-08-31,5,2,0,1,1549,1,1,3,7,79.17,3973.96,1324.65,3,1.3332,0.0797,0
MRC002653,2026-08-31,5,1,1,1,450,3,1,7,15,6827.94,18058.35,2579.76,7,0.5714,1.5124,0
MRC002654,2026-08-31,5,0,0,1,2438,4,1,3,7,296.59,2272.3,757.43,3,1.3332,0.5221,0
MRC002655,2026-08-31,0,0,1,1,1259,41,0,0,2,0,0,0.0,0,0.0,0.0,1
MRC002656,2026-08-31,3,2,1,1,632,1,1,1,2,1290.93,1290.93,1290.93,1,3.9984,4.0,0
MRC002657,2026-08-31,3,0,1,0,300,6,1,2,5,757.28,2846.82,1423.41,2,1.9996,1.064,0
MRC002658,2026-08-31,5,1,1,1,2347,4,1,1,2,181.48,181.48,181.48,1,3.9984,4.0,1
MRC002659,2026-08-31,5,1,1,1,1556,0,3,17,30,1986.35,25121.15,1477.71,13,0.7059,0.3163,0
MRC002660,2026-08-31,5,0,1,1,2148,5,1,4,7,48.29,3467.11,866.78,4,0.9999,0.0557,0
MRC002661,2026-08-31,3,0,1,1,1954,29,0,1,3,0,3125.03,3125.03,1,0.0,0.0,0
MRC002662,2026-08-31,0,1,1,1,2411,1,1,3,9,3703.88,8836.03,2945.34,3,1.3332,1.6767,0
MRC002663,2026-08-31,5,0,0,1,2201,0,2,2,2,2512.18,2512.18,1256.09,1,3.9992,4.0,0
MRC002664,2026-08-31,5,1,1,1,1931,39,0,0,1,0,0,0.0,0,0.0,0.0,0
MRC002665,2026-08-31,5,0,1,1,2116,0,1,2,2,1734.6,4624.48,2312.24,2,1.9996,1.5004,1
MRC002666,2026-08-31,5,1,1,1,2129,4,1,7,11,390.76,13791.43,1970.2,7,0.5714,0.1133,0
MRC002667,2026-08-31,0,0,1,1,813,2,1,2,5,271.16,3084.03,1542.01,2,1.9996,0.3517,0
MRC002668,2026-08-31,5,1,1,1,1556,3,2,4,5,4499.79,4925.36,1231.34,4,1.9998,3.6544,0
MRC002669,2026-08-31,5,0,1,1,2411,0,5,21,42,4639.06,35644.49,1697.36,14,0.9524,0.5206,0
MRC002670,2026-08-31,5,0,1,1,2152,10,0,1,1,0,2960.04,2960.04,1,0.0,0.0,1
MRC002671,2026-08-31,5,2,1,1,486,29,0,1,3,0,1063.79,1063.79,1,0.0,0.0,0
MRC002672,2026-08-31,3,0,1,1,500,122,0,0,0,0,0,0.0,0,0.0,0.0,0
MRC002673,2026-08-31,5,1,1,0,694,3,1,2,3,2007.95,2501.33,1250.66,2,1.9996,3.211,0
MRC002674,2026-08-31,2,0,1,1,1877,23,0,1,3,0,4759.98,4759.98,1,0.0,0.0,0
MRC002675,2026-08-31,0,0,1,1,1117,6,1,2,5,1041.31,1975.2,987.6,2,1.9996,2.1088,0
MRC002676,2026-08-31,5,0,0,0,1630,8,0,2,2,0,1189.64,594.82,2,0.0,0.0,0
MRC002677,2026-08-31,5,2,0,1,562,7,0,3,7,0,2527.09,842.36,2,0.0,0.0,1
MRC002678,2026-08-31,5,1,1,0,387,1,9,42,82,10160.81,62094.56,1478.44,20,0.8571,0.6545,0
MRC002679,2026-08-31,2,0,0,1,1941,4,2,3,4,1054.29,2177.36,725.79,3,2.6663,1.9368,0
MRC002680,2026-08-31,0,1,1,1,894,4,2,3,5,911.55,986.67,328.89,3,2.6663,3.6955,0
MRC002681,2026-08-31,4,1,0,1,351,11,0,1,1,0,910.58,910.58,1,0.0,0.0,1
MRC002682,2026-08-31,5,1,0,1,729,4,1,7,16,166.93,5666.62,809.52,6,0.5714,0.1178,0
MRC002683,2026-08-31,5,3,1,1,963,4,2,5,7,1452.25,4211.57,842.31,4,1.5999,1.3793,0
MRC002684,2026-08-31,5,1,1,1,1142,28,0,2,4,0,1523.8,761.9,2,0.0,0.0,0
MRC002685,2026-08-31,2,1,1,1,2216,1,2,9,17,2181.1,9640.31,1071.15,8,0.8888,0.905,0
MRC002686,2026-08-31,3,0,1,1,690,33,0,0,4,0,0,0.0,0,0.0,0.0,0
MRC002687,2026-08-31,5,3,0,1,1576,19,0,1,4,0,411.37,411.37,1,0.0,0.0,0
MRC002688,2026-08-31,4,1,0,1,857,51,0,0,1,0,0,0.0,0,0.0,0.0,1
MRC002689,2026-08-31,5,0,1,1,1346,21,0,2,5,0,1508.0,754.0,2,0.0,0.0,0
MRC002690,2026-08-31,5,3,0,1,903,12,0,1,2,0,3228.26,3228.26,1,0.0,0.0,0
MRC002691,2026-08-31,0,3,1,1,1009,6,1,1,1,1562.96,1562.96,1562.96,1,3.9984,4.0,0
MRC002692,2026-08-31,0,1,0,1,1567,5,2,8,18,2809.92,9707.02,1213.38,7,1.0,1.1579,0
MRC002693,2026-08-31,5,0,1,1,1545,2,4,8,15,22213.15,25649.88,3206.24,6,1.9999,3.4641,0
MRC002694,2026-08-31,5,1,1,1,551,123,0,0,0,0,0,0.0,0,0.0,0.0,0
MRC002695,2026-08-31,5,2,1,0,599,0,1,2,4,605.88,1747.58,873.79,2,1.9996,1.3868,0
MRC002696,2026-08-31,5,1,0,1,783,12,0,1,3,0,128.95,128.95,1,0.0,0.0,1
MRC002697,2026-08-31,5,0,0,1,2222,7,0,6,13,0,12245.26,2040.88,6,0.0,0.0,0
MRC002698,2026-08-31,5,0,1,0,949,8,0,3,6,0,2349.49,783.16,3,0.0,0.0,0
MRC002699,2026-08-31,5,0,1,1,1519,6,1,3,6,310.74,3492.18,1164.06,2,1.3332,0.3559,0
MRC002700,2026-08-31,0,0,1,1,1238,3,2,7,18,720.73,10059.19,1437.03,7,1.1428,0.2866,0
MRC002701,2026-08-31,5,1,1,1,1030,4,1,10,17,5404.14,25669.2,2566.92,9,0.4,0.8421,0
MRC002702,2026-08-31,2,0,1,1,340,0,5,14,30,5244.52,18680.87,1334.35,10,1.4285,1.123,0
MRC002703,2026-08-31,2,1,1,1,1220,17,0,2,5,0,1761.01,880.51,2,0.0,0.0,0
MRC002704,2026-08-31,2,2,1,1,2440,180,0,0,0,0,0,0.0,0,0.0,0.0,0
MRC002705,2026-08-31,5,1,0,1,2312,0,4,11,20,2924.11,9980.07,907.28,8,1.4545,1.172,0
MRC002706,2026-08-31,0,0,1,1,913,0,3,5,13,3558.47,5041.05,1008.21,5,2.3998,2.8236,0
MRC002707,2026-08-31,5,2,1,0,1421,2,1,7,12,3067.47,8681.44,1240.21,7,0.5714,1.4133,0
MRC002708,2026-08-31,5,0,1,1,884,28,0,1,2,0,495.71,495.71,1,0.0,0.0,1
MRC002709,2026-08-31,0,2,1,1,2270,18,0,2,3,0,1252.7,626.35,2,0.0,0.0,1
MRC002710,2026-08-31,5,0,1,1,1469,25,0,1,7,0,1575.73,1575.73,1,0.0,0.0,0
MRC002711,2026-08-31,5,1,1,1,2267,7,0,1,2,0,969.91,969.91,1,0.0,0.0,1
MRC002712,2026-08-31,0,1,0,1,2123,5,1,4,7,508.95,9568.22,2392.06,4,0.9999,0.2128,0
MRC002713,2026-08-31,0,0,0,1,972,0,11,52,126,10891.55,96598.32,1857.66,25,0.8461,0.451,0
MRC002714,2026-08-31,5,1,1,1,1255,0,10,36,76,29920.87,102518.82,2847.75,24,1.1111,1.1674,0
MRC002715,2026-08-31,0,0,0,0,1501,2,1,7,10,208.49,4517.62,645.37,6,0.5714,0.1846,0
MRC002716,2026-08-31,0,1,1,1,800,1,2,2,2,5547.96,5547.96,2773.98,2,3.9992,4.0,0
MRC002717,2026-08-31,5,0,1,1,2074,2,2,5,7,12826.58,14119.36,2823.87,5,1.5999,3.6338,0
MRC002718,2026-08-31,5,1,1,1,1493,8,0,9,16,0,21470.67,2385.63,8,0.0,0.0,0
MRC002719,2026-08-31,5,1,0,1,710,4,3,14,34,3310.28,17324.27,1237.45,11,0.8571,0.7643,0
MRC002720,2026-08-31,3,1,1,1,1312,1,1,1,2,3107.72,3107.72,3107.72,1,3.9984,4.0,1
MRC002721,2026-08-31,5,0,1,1,2052,40,0,0,1,0,0,0.0,0,0.0,0.0,0
MRC002722,2026-08-31,5,1,1,1,1181,13,0,3,6,0,1815.51,605.17,3,0.0,0.0,0
MRC002723,2026-08-31,5,1,1,0,1808,145,0,0,0,0,0,0.0,0,0.0,0.0,1
MRC002724,2026-08-31,5,0,1,1,2406,17,0,1,1,0,44.42,44.42,1,0.0,0.0,0
MRC002725,2026-08-31,5,1,1,1,989,46,0,0,1,0,0,0.0,0,0.0,0.0,1
MRC002726,2026-08-31,3,0,1,1,2433,1,2,8,10,884.54,10453.04,1306.63,7,1.0,0.3385,0
MRC002727,2026-08-31,2,0,1,1,1162,24,0,2,5,0,3394.44,1697.22,2,0.0,0.0,0
MRC002728,2026-08-31,3,1,1,1,1484,4,2,8,14,494.47,3060.77,382.6,8,1.0,0.6462,0
MRC002729,2026-08-31,3,0,1,1,1945,12,0,1,1,0,768.34,768.34,1,0.0,0.0,0
MRC002730,2026-08-31,2,0,1,0,405,32,0,0,2,0,0,0.0,0,0.0,0.0,1
MRC002731,2026-08-31,5,1,1,1,1789,0,1,5,9,6770.71,15651.35,3130.27,4,0.7999,1.7304,0
MRC002732,2026-08-31,5,1,1,1,1495,2,1,2,2,456.36,5769.6,2884.8,2,1.9996,0.3164,1
MRC002733,2026-08-31,2,0,1,1,1688,20,0,2,2,0,1187.19,593.6,2,0.0,0.0,0
MRC002734,2026-08-31,0,0,1,0,2338,0,4,14,25,4788.73,25069.55,1790.68,10,1.1428,0.7641,0
MRC002735,2026-08-31,4,1,0,1,1317,13,0,2,6,0,4100.68,2050.34,2,0.0,0.0,0
MRC002736,2026-08-31,4,1,0,1,2279,3,1,1,2,454.37,454.37,454.37,1,3.9984,4.0,0
MRC002737,2026-08-31,5,1,0,1,1497,16,0,5,6,0,9121.39,1824.28,4,0.0,0.0,0
MRC002738,2026-08-31,5,1,0,0,727,21,0,2,5,0,2364.98,1182.49,2,0.0,0.0,0
MRC002739,2026-08-31,4,1,1,1,1682,7,0,5,8,0,10674.86,2134.97,5,0.0,0.0,0
MRC002740,2026-08-31,5,2,1,1,672,7,0,2,2,0,750.41,375.21,2,0.0,0.0,1
MRC002741,2026-08-31,0,0,0,1,2221,24,0,2,4,0,1626.52,813.26,2,0.0,0.0,0
MRC002742,2026-08-31,0,0,1,1,589,1,4,14,23,8411.64,16888.11,1206.29,13,1.1428,1.9923,0
MRC002743,2026-08-31,5,0,1,1,1346,0,10,27,57,11700.23,31185.71,1155.03,20,1.4815,1.5007,0
MRC002744,2026-08-31,3,0,1,1,2048,45,0,0,1,0,0,0.0,0,0.0,0.0,0
MRC002745,2026-08-31,5,1,1,1,277,6,1,6,9,398.28,11013.9,1835.65,6,0.6666,0.1446,0
MRC002746,2026-08-31,5,2,1,1,1327,10,0,1,3,0,2423.28,2423.28,1,0.0,0.0,0
MRC002747,2026-08-31,5,0,0,1,1363,13,0,1,3,0,734.46,734.46,1,0.0,0.0,0
MRC002748,2026-08-31,0,0,1,1,995,34,0,0,4,0,0,0.0,0,0.0,0.0,0
MRC002749,2026-08-31,5,1,1,1,1727,1,4,9,16,5298.25,20282.35,2253.59,9,1.7777,1.0449,0
MRC002750,2026-08-31,5,3,0,1,966,1,2,6,12,730.33,17110.01,2851.67,6,1.3332,0.1707,0
MRC002751,2026-08-31,4,0,1,1,1075,0,16,58,107,21461.81,63813.61,1100.23,26,1.1034,1.3453,0
MRC002752,2026-08-31,5,1,1,1,858,23,0,1,2,0,690.52,690.52,1,0.0,0.0,0
MRC002753,2026-08-31,2,2,0,0,1621,180,0,0,0,0,0,0.0,0,0.0,0.0,0
MRC002754,2026-08-31,5,1,1,1,2185,0,6,29,55,2668.52,49856.46,1719.19,18,0.8276,0.2141,0
MRC002755,2026-08-31,5,1,0,0,645,4,1,5,7,633.42,4552.21,910.44,5,0.7999,0.5566,0
MRC002756,2026-08-31,3,1,0,1,1152,18,0,3,5,0,6311.65,2103.88,3,0.0,0.0,1
MRC002757,2026-08-31,0,0,1,1,750,3,1,5,9,2204.92,8999.31,1799.86,4,0.7999,0.98,0
MRC002758,2026-08-31,5,1,1,1,790,20,0,1,1,0,1443.43,1443.43,1,0.0,0.0,1
MRC002759,2026-08-31,3,0,1,0,2379,11,0,3,5,0,373.11,124.37,3,0.0,0.0,0
MRC002760,2026-08-31,0,1,1,1,1809,1,2,7,9,3118.28,8366.09,1195.16,6,1.1428,1.4909,0
MRC002761,2026-08-31,0,2,1,0,2320,1,2,14,21,8373.25,19725.51,1408.96,12,0.5714,1.698,0
MRC002762,2026-08-31,5,0,1,1,1645,0,1,4,12,375.48,8500.19,2125.05,4,0.9999,0.1767,0
MRC002763,2026-08-31,0,1,0,1,1713,0,3,10,18,11146.26,30495.26,3049.53,9,1.2,1.462,0
MRC002764,2026-08-31,5,0,1,1,1820,1,3,5,7,1448.22,3478.61,695.72,5,2.3998,1.6653,0
MRC002765,2026-08-31,5,0,1,0,1683,4,2,11,32,3001.55,16175.49,1470.5,9,0.7272,0.7422,0
MRC002766,2026-08-31,4,1,1,1,2052,3,2,10,17,1003.22,12808.14,1280.81,8,0.8,0.3133,0
MRC002767,2026-08-31,5,0,1,1,969,16,0,1,6,0,5735.79,5735.79,1,0.0,0.0,0
MRC002768,2026-08-31,4,1,1,1,478,11,0,2,2,0,625.7,312.85,2,0.0,0.0,1
MRC002769,2026-08-31,5,0,1,1,1324,38,0,0,1,0,0,0.0,0,0.0,0.0,1
MRC002770,2026-08-31,5,2,1,0,261,1,1,6,11,973.01,8807.26,1467.88,5,0.6666,0.4419,0
MRC002771,2026-08-31,4,0,1,1,360,20,0,2,3,0,1367.33,683.66,2,0.0,0.0,1
MRC002772,2026-08-31,3,0,1,1,367,5,1,4,8,538.08,8647.93,2161.98,4,0.9999,0.2489,0
MRC002773,2026-08-31,3,1,1,1,426,5,1,2,3,399.48,1152.69,576.35,2,1.9996,1.3863,0
MRC002774,2026-08-31,5,1,0,1,1801,13,0,1,3,0,226.3,226.3,1,0.0,0.0,1
MRC002775,2026-08-31,2,0,0,1,1562,10,0,1,1,0,2528.43,2528.43,1,0.0,0.0,0
MRC002776,2026-08-31,5,2,0,1,2298,13,0,2,7,0,795.68,397.84,2,0.0,0.0,0
MRC002777,2026-08-31,5,0,1,1,890,7,0,4,8,0,7781.07,1945.27,4,0.0,0.0,0
MRC002778,2026-08-31,0,0,0,1,980,18,0,2,2,0,798.87,399.44,2,0.0,0.0,0
MRC002779,2026-08-31,3,1,1,1,1327,11,0,1,1,0,3172.43,3172.43,1,0.0,0.0,0
MRC002780,2026-08-31,0,1,1,1,1963,0,20,93,165,24090.28,144961.51,1558.73,28,0.8602,0.6647,0
MRC002781,2026-08-31,5,1,1,1,2290,1,5,12,22,8775.87,28392.18,2366.01,10,1.6666,1.2364,0
MRC002782,2026-08-31,2,2,1,1,1850,0,1,14,21,967.46,23265.01,1661.79,10,0.2857,0.1663,0
MRC002783,2026-08-31,5,1,1,0,1365,7,0,6,30,0,4554.94,759.16,6,0.0,0.0,0
MRC002784,2026-08-31,2,0,1,1,2394,3,2,5,9,11258.95,13596.1,2719.22,4,1.5999,3.3124,0
MRC002785,2026-08-31,0,0,1,1,653,18,0,3,4,0,3962.11,1320.7,3,0.0,0.0,0
MRC002786,2026-08-31,5,0,1,1,1285,1,4,13,26,2826.85,13730.64,1056.2,13,1.2307,0.8235,0
MRC002787,2026-08-31,5,1,1,0,796,2,2,15,23,1200.31,14504.42,966.96,13,0.5333,0.331,0
MRC002788,2026-08-31,5,0,1,1,619,7,0,5,9,0,8582.16,1716.43,5,0.0,0.0,0
MRC002789,2026-08-31,5,1,1,1,1123,11,0,6,16,0,8372.28,1395.38,5,0.0,0.0,0
MRC002790,2026-08-31,4,1,1,1,1929,26,0,1,1,0,712.36,712.36,1,0.0,0.0,1
MRC002791,2026-08-31,5,1,1,1,956,0,2,7,8,5717.6,11661.9,1665.99,6,1.1428,1.9611,0
MRC002792,2026-08-31,0,0,1,1,2046,0,7,26,44,16907.87,45033.71,1732.07,15,1.0769,1.5018,0
MRC002793,2026-08-31,0,0,1,1,1591,0,3,10,17,2478.92,7525.91,752.59,9,1.2,1.3175,0
MRC002794,2026-08-31,5,2,1,1,1802,53,0,0,1,0,0,0.0,0,0.0,0.0,1
MRC002795,2026-08-31,5,1,1,1,788,2,1,2,6,16259.75,17046.07,8523.03,2,1.9996,3.8155,1
MRC002796,2026-08-31,4,1,1,1,2143,4,2,14,29,3345.49,39087.4,2791.96,12,0.5714,0.3424,0
MRC002797,2026-08-31,0,1,0,1,702,2,1,6,15,448.8,6180.63,1030.11,5,0.6666,0.2905,0
MRC002798,2026-08-31,5,2,0,1,1068,12,0,3,8,0,4685.96,1561.99,3,0.0,0.0,0
MRC002799,2026-08-31,0,0,1,1,1968,7,0,2,4,0,1931.91,965.95,2,0.0,0.0,0
MRC002800,2026-08-31,4,2,1,1,1765,7,0,2,5,0,2812.15,1406.08,2,0.0,0.0,0
MRC002801,2026-08-31,0,0,1,0,911,5,1,1,2,5354.93,5354.93,5354.93,1,3.9984,4.0,0
MRC002802,2026-08-31,0,3,1,0,833,3,1,1,2,595.5,595.5,595.5,1,3.9984,4.0,0
MRC002803,2026-08-31,2,0,1,1,1203,0,2,9,17,11122.62,17998.68,1999.85,8,0.8888,2.4719,0
MRC002804,2026-08-31,5,0,1,1,1232,3,1,5,7,3396.84,4998.9,999.78,5,0.7999,2.7181,0
MRC002805,2026-08-31,2,0,1,1,386,1,3,8,14,5066.33,8414.2,1051.78,7,1.4999,2.4085,0
MRC002806,2026-08-31,3,2,1,1,786,2,1,7,16,2460.11,22162.68,3166.1,7,0.5714,0.444,0
MRC002807,2026-08-31,5,3,0,1,594,2,4,16,31,10768.9,24564.51,1535.28,11,1.0,1.7536,0
MRC002808,2026-08-31,3,0,1,1,594,5,1,8,18,3342.28,23460.06,2932.51,7,0.5,0.5699,0
MRC002809,2026-08-31,5,0,1,1,1029,4,2,10,17,2220.05,10028.5,1002.85,8,0.8,0.8855,0
MRC002810,2026-08-31,5,0,1,1,335,12,0,5,10,0,3788.92,757.78,5,0.0,0.0,0
MRC002811,2026-08-31,5,0,0,1,1736,2,1,2,4,201.29,1229.42,614.71,2,1.9996,0.6549,0
MRC002812,2026-08-31,5,1,1,0,1724,15,0,2,5,0,5897.73,2948.86,2,0.0,0.0,0
MRC002813,2026-08-31,5,0,0,1,738,1,2,4,8,2644.32,5579.59,1394.9,4,1.9998,1.8957,0
MRC002814,2026-08-31,5,3,1,1,2169,2,2,7,15,11332.96,16995.1,2427.87,6,1.1428,2.6673,0
MRC002815,2026-08-31,5,2,1,1,1554,0,4,17,35,4524.42,32207.65,1894.57,13,0.9412,0.5619,0
MRC002816,2026-08-31,0,0,1,1,944,32,0,0,2,0,0,0.0,0,0.0,0.0,0
MRC002817,2026-08-31,5,1,1,1,680,10,0,2,5,0,6083.29,3041.64,2,0.0,0.0,0
MRC002818,2026-08-31,5,3,1,1,1194,12,0,1,6,0,1598.84,1598.84,1,0.0,0.0,0
MRC002819,2026-08-31,2,2,0,1,2354,0,6,16,37,5512.39,17084.19,1067.76,11,1.5,1.2906,0
MRC002820,2026-08-31,5,1,1,1,264,0,1,3,5,4723.16,7817.91,2605.97,3,1.3332,2.4166,0
MRC002821,2026-08-31,2,0,1,1,300,9,0,3,6,0,3579.97,1193.32,3,0.0,0.0,0
MRC002822,2026-08-31,4,0,1,1,1159,3,2,4,7,6704.67,7868.59,1967.15,4,1.9998,3.4083,0
MRC002823,2026-08-31,5,1,1,1,2265,1,3,5,6,1470.6,6127.08,1225.42,5,2.3998,0.9601,1
MRC002824,2026-08-31,4,0,0,0,871,22,0,1,1,0,420.49,420.49,1,0.0,0.0,1
MRC002825,2026-08-31,2,1,1,1,1890,60,0,0,0,0,0,0.0,0,0.0,0.0,0
MRC002826,2026-08-31,2,1,0,1,1511,4,1,2,7,3836.95,4394.55,2197.28,2,1.9996,3.4925,1
MRC002827,2026-08-31,5,1,0,1,692,3,1,4,9,4704.93,6168.17,1542.04,4,0.9999,3.0511,0
MRC002828,2026-08-31,5,0,1,1,2242,4,1,3,4,659.09,1500.75,500.25,3,1.3332,1.7567,0
MRC002829,2026-08-31,5,1,0,0,613,0,3,9,17,1703.32,24386.51,2709.61,8,1.3333,0.2794,0
MRC002830,2026-08-31,5,2,0,1,1362,19,0,2,4,0,4346.73,2173.36,2,0.0,0.0,0
MRC002831,2026-08-31,5,0,1,1,1704,1,1,2,6,2945.52,3555.38,1777.69,2,1.9996,3.3139,0
MRC002832,2026-08-31,5,0,1,0,1733,16,0,1,2,0,402.25,402.25,1,0.0,0.0,0
MRC002833,2026-08-31,5,2,1,1,2123,12,0,4,9,0,5358.72,1339.68,4,0.0,0.0,0
MRC002834,2026-08-31,2,1,1,1,1798,21,0,2,5,0,1715.91,857.95,2,0.0,0.0,0
MRC002835,2026-08-31,5,1,0,1,1693,0,4,11,21,968.55,9578.39,870.76,9,1.4545,0.4045,0
MRC002836,2026-08-31,3,2,1,1,590,1,3,7,7,1224.86,11903.13,1700.45,5,1.7142,0.4116,0
MRC002837,2026-08-31,0,1,1,1,926,2,1,4,13,528.52,3633.14,908.28,4,0.9999,0.5819,0
MRC002838,2026-08-31,4,3,0,1,1014,5,1,2,2,370.56,671.06,335.53,2,1.9996,2.2088,0
MRC002839,2026-08-31,5,2,1,1,1067,0,6,12,23,9217.48,16511.73,1375.98,11,1.9999,2.233,0
MRC002840,2026-08-31,0,0,1,1,504,0,2,11,24,856.24,18174.53,1652.23,10,0.7272,0.1884,0
MRC002841,2026-08-31,5,0,0,1,464,5,1,3,3,1678.34,2924.88,974.96,3,1.3332,2.2953,1
MRC002842,2026-08-31,2,0,1,1,1220,11,0,6,9,0,14286.78,2381.13,5,0.0,0.0,0
MRC002843,2026-08-31,3,1,1,1,1836,9,0,3,5,0,4450.67,1483.56,3,0.0,0.0,0
MRC002844,2026-08-31,0,1,1,1,2195,15,0,5,10,0,9719.81,1943.96,4,0.0,0.0,0
MRC002845,2026-08-31,5,1,0,1,2311,4,2,3,7,4398.25,8443.15,2814.38,3,2.6663,2.0837,0
MRC002846,2026-08-31,2,3,1,1,1307,180,0,0,0,0,0,0.0,0,0.0,0.0,0
MRC002847,2026-08-31,0,1,0,1,2219,7,0,3,7,0,1137.92,379.31,3,0.0,0.0,0
MRC002848,2026-08-31,5,1,1,1,1253,2,2,8,14,4640.5,16647.02,2080.88,8,1.0,1.115,0
MRC002849,2026-08-31,5,1,1,1,1291,1,5,12,19,6984.39,13358.93,1113.24,11,1.6666,2.0913,0
MRC002850,2026-08-31,5,1,1,1,714,67,0,0,0,0,0,0.0,0,0.0,0.0,0
MRC002851,2026-08-31,3,0,1,1,1629,7,0,2,4,0,4123.77,2061.88,2,0.0,0.0,0
MRC002852,2026-08-31,0,1,1,1,934,4,1,2,3,3214.46,4362.2,2181.1,2,1.9996,2.9476,0
MRC002853,2026-08-31,5,1,0,1,1316,239,0,0,0,0,0,0.0,0,0.0,0.0,1
MRC002854,2026-08-31,5,0,1,1,2303,3,1,1,3,829.86,829.86,829.86,1,3.9984,4.0,0
MRC002855,2026-08-31,0,1,1,1,1450,10,0,2,4,0,3016.5,1508.25,2,0.0,0.0,0
MRC002856,2026-08-31,5,1,0,1,919,0,2,6,7,1269.95,6159.02,1026.5,6,1.3332,0.8248,0
MRC002857,2026-08-31,5,0,1,1,1721,86,0,0,0,0,0,0.0,0,0.0,0.0,1
MRC002858,2026-08-31,5,2,1,1,1855,25,0,1,2,0,89.68,89.68,1,0.0,0.0,0
MRC002859,2026-08-31,5,0,1,1,1582,1,2,4,6,4472.56,10183.26,2545.82,4,1.9998,1.7568,1
MRC002860,2026-08-31,2,1,1,1,349,2,3,9,15,23556.57,26511.52,2945.72,6,1.3333,3.5542,0
MRC002861,2026-08-31,3,1,1,0,751,0,16,70,124,36332.61,114539.03,1636.27,29,0.9143,1.2688,0
MRC002862,2026-08-31,0,0,1,1,537,9,0,2,5,0,9734.58,4867.29,2,0.0,0.0,0
MRC002863,2026-08-31,2,1,1,1,2345,107,0,0,0,0,0,0.0,0,0.0,0.0,0
MRC002864,2026-08-31,5,0,1,0,937,48,0,0,1,0,0,0.0,0,0.0,0.0,0
MRC002865,2026-08-31,5,0,1,1,1293,20,0,2,6,0,4702.13,2351.07,2,0.0,0.0,0
MRC002866,2026-08-31,2,1,0,1,2226,64,0,0,0,0,0,0.0,0,0.0,0.0,0
MRC002867,2026-08-31,4,0,1,1,2422,0,6,19,30,22306.22,31613.36,1663.86,14,1.2631,2.8224,0
MRC002868,2026-08-31,5,3,1,1,736,3,1,2,6,501.72,1090.15,545.08,2,1.9996,1.8409,0
MRC002869,2026-08-31,4,1,1,1,2134,23,0,1,4,0,297.28,297.28,1,0.0,0.0,0
MRC002870,2026-08-31,0,0,1,1,1844,6,1,1,2,2118.25,2118.25,2118.25,1,3.9984,4.0,1
MRC002871,2026-08-31,0,2,1,0,1598,5,1,14,22,313.3,33491.74,2392.27,12,0.2857,0.0374,0
MRC002872,2026-08-31,5,1,1,1,623,11,0,2,2,0,4912.0,2456.0,2,0.0,0.0,1
MRC002873,2026-08-31,5,1,1,1,1767,7,0,5,9,0,6112.64,1222.53,4,0.0,0.0,0
MRC002874,2026-08-31,0,1,1,1,1596,2,1,2,3,463.95,1187.29,593.64,2,1.9996,1.5631,0
MRC002875,2026-08-31,0,2,1,1,1232,50,0,0,1,0,0,0.0,0,0.0,0.0,1
MRC002876,2026-08-31,5,0,1,1,1539,8,0,3,7,0,2167.13,722.38,3,0.0,0.0,0
MRC002877,2026-08-31,5,0,1,1,717,20,0,1,3,0,9409.95,9409.95,1,0.0,0.0,1
MRC002878,2026-08-31,5,3,1,0,1615,1,1,1,1,1984.76,1984.76,1984.76,1,3.9984,4.0,1
MRC002879,2026-08-31,0,0,1,1,591,5,1,6,9,1522.24,7865.86,1310.98,6,0.6666,0.7741,0
MRC002880,2026-08-31,5,1,1,1,882,3,2,4,11,690.87,2597.19,649.3,4,1.9998,1.064,0
MRC002881,2026-08-31,5,1,0,1,1338,22,0,3,7,0,14971.22,4990.41,2,0.0,0.0,0
MRC002882,2026-08-31,5,1,0,1,611,21,0,2,2,0,1051.36,525.68,2,0.0,0.0,0
MRC002883,2026-08-31,0,1,1,1,2253,16,0,3,5,0,2136.09,712.03,2,0.0,0.0,0
MRC002884,2026-08-31,5,3,1,0,2193,12,0,1,3,0,192.56,192.56,1,0.0,0.0,0
MRC002885,2026-08-31,2,0,1,1,1293,32,0,0,1,0,0,0.0,0,0.0,0.0,1
MRC002886,2026-08-31,0,1,1,1,1501,12,0,2,5,0,5140.48,2570.24,2,0.0,0.0,0
MRC002887,2026-08-31,2,1,0,1,894,23,0,1,2,0,403.22,403.22,1,0.0,0.0,0
MRC002888,2026-08-31,5,0,0,1,720,6,1,3,4,1619.13,3765.95,1255.32,3,1.3332,1.7198,0
MRC002889,2026-08-31,2,2,1,1,2356,39,0,0,2,0,0,0.0,0,0.0,0.0,0
MRC002890,2026-08-31,5,1,0,1,1160,13,0,2,4,0,1408.28,704.14,2,0.0,0.0,0
MRC002891,2026-08-31,3,0,1,1,2340,9,0,8,15,0,12957.85,1619.73,6,0.0,0.0,0
MRC002892,2026-08-31,3,2,1,1,403,7,0,4,9,0,3940.3,985.08,4,0.0,0.0,0
MRC002893,2026-08-31,0,2,1,1,490,59,0,0,1,0,0,0.0,0,0.0,0.0,1
MRC002894,2026-08-31,5,0,0,1,1295,30,0,0,3,0,0,0.0,0,0.0,0.0,0
MRC002895,2026-08-31,0,1,1,1,1965,3,1,3,6,2393.52,3482.55,1160.85,2,1.3332,2.7492,0
MRC002896,2026-08-31,5,0,1,1,1183,10,0,4,5,0,7261.01,1815.25,4,0.0,0.0,0
MRC002897,2026-08-31,4,0,1,1,2092,2,1,2,4,1819.82,2422.78,1211.39,2,1.9996,3.0045,0
MRC002898,2026-08-31,2,0,1,1,547,4,1,4,9,648.85,7369.99,1842.5,4,0.9999,0.3522,0
MRC002899,2026-08-31,3,2,1,0,2127,15,0,3,7,0,5927.25,1975.75,3,0.0,0.0,0
MRC002900,2026-08-31,0,0,1,0,1227,1,1,2,2,4424.72,5380.75,2690.38,2,1.9996,3.2893,0
MRC002901,2026-08-31,4,0,0,1,879,5,1,3,4,3173.1,15309.64,5103.21,3,1.3332,0.829,0
MRC002902,2026-08-31,5,1,1,1,1654,11,0,1,2,0,692.2,692.2,1,0.0,0.0,0
MRC002903,2026-08-31,0,1,1,1,1958,0,5,19,40,7776.03,26473.98,1393.37,14,1.0526,1.1749,0
MRC002904,2026-08-31,2,0,0,1,2285,1,1,2,5,818.56,2272.56,1136.28,2,1.9996,1.4408,0
MRC002905,2026-08-31,2,0,1,0,448,15,0,1,6,0,960.45,960.45,1,0.0,0.0,0
MRC002906,2026-08-31,2,1,1,1,1793,1,1,10,15,1171.35,39983.72,3998.37,9,0.4,0.1172,0
MRC002907,2026-08-31,5,1,1,1,944,10,0,3,5,0,1773.59,591.2,3,0.0,0.0,0
MRC002908,2026-08-31,4,1,1,1,1354,60,0,0,0,0,0,0.0,0,0.0,0.0,0
MRC002909,2026-08-31,5,0,0,1,1266,2,1,4,9,376.1,3289.08,822.27,4,0.9999,0.4574,0
MRC002910,2026-08-31,5,1,1,1,1939,22,0,5,7,0,7457.57,1491.51,4,0.0,0.0,0
MRC002911,2026-08-31,2,1,0,1,1127,0,12,37,66,16486.78,52685.04,1423.92,19,1.2973,1.2517,0
MRC002912,2026-08-31,5,0,1,1,868,2,1,6,12,239.62,3038.51,506.42,6,0.6666,0.3154,0
MRC002913,2026-08-31,5,0,1,1,1321,0,1,8,15,264.75,14136.0,1767.0,7,0.5,0.0749,0
MRC002914,2026-08-31,0,1,1,0,1718,2,1,7,13,922.53,12029.7,1718.53,6,0.5714,0.3068,0
MRC002915,2026-08-31,2,0,1,1,2106,16,0,1,3,0,567.61,567.61,1,0.0,0.0,0
MRC002916,2026-08-31,4,0,0,0,268,101,0,0,0,0,0,0.0,0,0.0,0.0,0
MRC002917,2026-08-31,0,2,1,1,1499,5,1,1,2,444.46,444.46,444.46,1,3.9984,4.0,1
MRC002918,2026-08-31,5,1,1,1,415,4,1,7,14,1144.97,6092.67,870.38,6,0.5714,0.7517,0
MRC002919,2026-08-31,5,1,1,1,1611,0,6,17,31,25718.58,41412.09,2436.01,12,1.4117,2.4842,0
MRC002920,2026-08-31,5,0,1,1,1621,8,0,11,15,0,18535.67,1685.06,8,0.0,0.0,0
MRC002921,2026-08-31,4,1,1,1,2125,4,1,6,12,1495.45,16259.98,2710.0,6,0.6666,0.3679,0
MRC002922,2026-08-31,4,1,1,1,677,0,6,19,44,9798.78,23454.25,1234.43,15,1.2631,1.6711,0
MRC002923,2026-08-31,5,2,1,1,1993,15,0,1,2,0,786.88,786.88,1,0.0,0.0,0
MRC002924,2026-08-31,5,1,1,1,1761,20,0,2,2,0,2955.67,1477.84,2,0.0,0.0,1
MRC002925,2026-08-31,0,1,0,1,1710,6,1,5,9,1127.61,5859.28,1171.86,5,0.7999,0.7698,0
MRC002926,2026-08-31,5,0,1,1,1648,1,3,15,28,2150.19,19027.3,1268.49,12,0.8,0.452,0
MRC002927,2026-08-31,5,1,1,1,1458,22,0,1,2,0,188.8,188.8,1,0.0,0.0,1
MRC002928,2026-08-31,5,2,1,1,396,106,0,0,0,0,0,0.0,0,0.0,0.0,1
MRC002929,2026-08-31,5,1,1,1,2033,9,0,5,8,0,10150.33,2030.07,4,0.0,0.0,0
MRC002930,2026-08-31,5,1,1,1,1114,1,2,8,13,1183.2,10164.45,1270.56,6,1.0,0.4656,0
MRC002931,2026-08-31,0,2,1,0,485,175,0,0,0,0,0,0.0,0,0.0,0.0,1
MRC002932,2026-08-31,2,2,0,1,1596,7,0,7,13,0,3540.9,505.84,6,0.0,0.0,0
MRC002933,2026-08-31,5,0,1,1,2326,40,0,0,4,0,0,0.0,0,0.0,0.0,1
MRC002934,2026-08-31,0,0,1,1,1815,1,3,8,13,3085.94,8536.1,1067.01,7,1.4999,1.4461,0
MRC002935,2026-08-31,0,1,1,1,794,47,0,0,2,0,0,0.0,0,0.0,0.0,0
MRC002936,2026-08-31,5,3,1,1,2040,30,0,0,1,0,0,0.0,0,0.0,0.0,1
MRC002937,2026-08-31,5,1,1,1,2106,7,0,8,10,0,11314.46,1414.31,6,0.0,0.0,0
MRC002938,2026-08-31,5,0,0,0,979,0,5,14,22,5560.6,18391.16,1313.65,9,1.4285,1.2094,0
MRC002939,2026-08-31,5,1,0,1,1399,0,1,9,14,213.64,14843.37,1649.26,8,0.4444,0.0576,0
MRC002940,2026-08-31,5,0,0,1,2085,0,5,34,68,10566.49,45766.1,1346.06,21,0.5882,0.9235,0
MRC002941,2026-08-31,0,0,1,1,601,22,0,1,3,0,242.97,242.97,1,0.0,0.0,0
MRC002942,2026-08-31,5,0,0,1,1031,24,0,3,4,0,1841.06,613.69,3,0.0,0.0,1
MRC002943,2026-08-31,5,0,1,0,1254,6,2,2,3,2164.04,2164.04,1082.02,1,3.9992,4.0,1
MRC002944,2026-08-31,5,1,1,1,272,9,0,1,3,0,1569.14,1569.14,1,0.0,0.0,0
MRC002945,2026-08-31,4,0,1,1,621,5,1,2,7,441.77,4395.31,2197.65,2,1.9996,0.402,0
MRC002946,2026-08-31,0,0,1,0,1589,7,0,2,4,0,6417.15,3208.57,2,0.0,0.0,1
MRC002947,2026-08-31,5,1,1,1,832,3,2,8,14,15318.01,20527.79,2565.97,8,1.0,2.9848,0
MRC002948,2026-08-31,4,0,1,1,785,8,0,6,12,0,15049.09,2508.18,6,0.0,0.0,0
MRC002949,2026-08-31,0,1,1,0,903,2,5,22,40,11850.14,33111.59,1505.07,15,0.9091,1.4315,0
MRC002950,2026-08-31,5,0,1,1,528,22,0,1,1,0,2562.23,2562.23,1,0.0,0.0,0
MRC002951,2026-08-31,3,0,1,1,1648,9,0,4,6,0,8268.29,2067.07,4,0.0,0.0,0
MRC002952,2026-08-31,2,1,1,1,821,5,3,4,12,7588.72,12147.37,3036.84,3,2.9997,2.4989,0
MRC002953,2026-08-31,0,0,1,0,1680,3,1,5,6,89.09,5344.14,1068.83,5,0.7999,0.0667,0
MRC002954,2026-08-31,0,0,0,0,2065,42,0,0,2,0,0,0.0,0,0.0,0.0,0
MRC002955,2026-08-31,5,0,1,1,1302,5,2,2,3,608.51,608.51,304.25,2,3.9992,4.0,0
MRC002956,2026-08-31,5,0,1,1,2254,0,2,3,6,1064.48,2103.31,701.1,3,2.6663,2.0244,0
MRC002957,2026-08-31,0,0,1,1,685,0,2,5,11,2521.3,4386.53,877.31,4,1.5999,2.2991,0
MRC002958,2026-08-31,2,0,1,1,2358,14,0,4,6,0,5357.87,1339.47,4,0.0,0.0,0
MRC002959,2026-08-31,0,0,1,0,960,4,1,1,4,278.11,278.11,278.11,1,3.9984,4.0,0
MRC002960,2026-08-31,0,0,1,0,918,45,0,0,1,0,0,0.0,0,0.0,0.0,0
MRC002961,2026-08-31,4,2,1,1,2397,4,1,4,12,1648.89,12709.2,3177.3,4,0.9999,0.519,0
MRC002962,2026-08-31,3,0,1,1,1253,3,1,4,9,2155.25,5697.16,1424.29,4,0.9999,1.5132,0
MRC002963,2026-08-31,4,0,1,1,1890,1,3,13,29,3266.21,12764.01,981.85,12,0.923,1.0236,0
MRC002964,2026-08-31,2,1,1,1,2010,18,0,1,1,0,196.61,196.61,1,0.0,0.0,0
MRC002965,2026-08-31,5,0,0,1,1236,5,1,3,5,3705.6,4921.47,1640.49,3,1.3332,3.0118,0
MRC002966,2026-08-31,5,1,1,1,951,4,1,1,1,133.56,133.56,133.56,1,3.9984,4.0,0
MRC002967,2026-08-31,0,0,0,1,1330,2,1,10,21,573.1,21326.63,2132.66,10,0.4,0.1075,0
MRC002968,2026-08-31,0,1,0,1,1098,1,1,9,17,2400.65,8743.47,971.5,8,0.4444,1.0983,0
MRC002969,2026-08-31,0,2,1,1,1166,1,3,22,49,6306.31,32343.58,1470.16,13,0.5454,0.7799,0
MRC002970,2026-08-31,2,0,1,1,775,10,0,3,10,0,4006.88,1335.63,2,0.0,0.0,0
MRC002971,2026-08-31,5,0,1,1,2255,0,2,9,17,2501.97,9795.58,1088.4,8,0.8888,1.0217,0
MRC002972,2026-08-31,0,1,1,0,1507,18,0,2,5,0,5967.17,2983.59,2,0.0,0.0,0
MRC002973,2026-08-31,5,3,1,1,1997,7,0,7,12,0,19682.85,2811.84,6,0.0,0.0,0
MRC002974,2026-08-31,5,1,1,1,1697,0,1,1,5,5356.85,5356.85,5356.85,1,3.9984,4.0,0
MRC002975,2026-08-31,0,1,1,1,1028,9,0,5,9,0,4064.72,812.94,3,0.0,0.0,0
MRC002976,2026-08-31,0,0,0,1,952,1,7,32,56,15487.43,55948.14,1748.38,18,0.875,1.1073,0
MRC002977,2026-08-31,0,1,0,1,2403,6,1,3,6,361.65,1423.52,474.51,3,1.3332,1.0162,0
MRC002978,2026-08-31,0,0,1,1,309,25,0,1,2,0,1459.55,1459.55,1,0.0,0.0,0
MRC002979,2026-08-31,3,1,1,1,901,34,0,0,8,0,0,0.0,0,0.0,0.0,1
MRC002980,2026-08-31,0,0,1,1,1864,1,1,5,7,1500.98,10119.48,2023.9,4,0.7999,0.5933,0
MRC002981,2026-08-31,5,1,1,1,1449,9,0,2,5,0,1400.45,700.22,2,0.0,0.0,0
MRC002982,2026-08-31,5,0,1,0,1604,3,1,3,8,570.39,1913.61,637.87,3,1.3332,1.1923,0
MRC002983,2026-08-31,5,1,1,1,304,6,1,7,16,592.99,8045.37,1149.34,6,0.5714,0.2948,0
MRC002984,2026-08-31,5,1,1,1,735,1,2,11,21,2130.6,19650.86,1786.44,10,0.7272,0.4337,0
MRC002985,2026-08-31,3,2,1,0,1566,1,10,42,78,25446.05,59442.69,1415.3,24,0.9524,1.7123,0
MRC002986,2026-08-31,5,3,0,1,944,20,0,2,4,0,1273.37,636.68,2,0.0,0.0,0
MRC002987,2026-08-31,5,1,1,0,1284,5,1,7,12,17941.68,34121.24,4874.46,7,0.5714,2.1033,0
MRC002988,2026-08-31,2,1,0,1,2348,3,1,3,8,338.58,2156.47,718.82,3,1.3332,0.628,0
MRC002989,2026-08-31,0,0,1,1,1651,12,0,3,5,0,4289.22,1429.74,3,0.0,0.0,0
MRC002990,2026-08-31,2,2,0,1,1633,0,3,8,13,6823.5,17697.68,2212.21,7,1.4999,1.5422,0
MRC002991,2026-08-31,4,1,1,0,686,42,0,0,1,0,0,0.0,0,0.0,0.0,1
MRC002992,2026-08-31,3,1,0,1,1558,6,1,7,12,1225.71,9730.91,1390.13,7,0.5714,0.5038,0
MRC002993,2026-08-31,2,1,1,0,2354,0,6,27,50,6474.44,29055.27,1076.12,19,0.8889,0.8913,0
MRC002994,2026-08-31,5,1,1,1,1654,2,3,10,20,3046.3,11530.55,1153.05,8,1.2,1.0568,0
MRC002995,2026-08-31,5,2,1,1,1972,1,6,14,28,9030.94,35464.67,2533.19,13,1.7142,1.0186,0
MRC002996,2026-08-31,4,2,1,1,2342,7,0,1,13,0,233.33,233.33,1,0.0,0.0,0
MRC002997,2026-08-31,3,1,1,1,2226,5,1,1,3,2846.43,2846.43,2846.43,1,3.9984,4.0,0
MRC002998,2026-08-31,2,0,1,1,999,12,0,1,3,0,8965.91,8965.91,1,0.0,0.0,0
MRC002999,2026-08-31,5,2,0,1,902,4,1,1,3,685.87,685.87,685.87,1,3.9984,4.0,0
MRC003000,2026-08-31,5,1,0,0,870,84,0,0,0,0,0,0.0,0,0.0,0.0,1
MRC003001,2026-08-31,0,1,1,1,1939,3,1,13,16,776.7,10948.3,842.18,11,0.3077,0.2838,0
MRC003002,2026-08-31,5,1,1,0,1080,1,2,12,29,314.78,16320.55,1360.05,7,0.6666,0.0771,0
MRC003003,2026-08-31,0,1,1,0,2054,8,0,3,11,0,24057.45,8019.15,3,0.0,0.0,0
MRC003004,2026-08-31,5,1,0,1,2007,6,1,10,13,5421.55,27890.74,2789.07,7,0.4,0.7775,0
MRC003005,2026-08-31,5,1,1,1,1712,14,0,2,8,0,7394.71,3697.36,2,0.0,0.0,0
MRC003006,2026-08-31,2,2,1,0,521,1,1,4,5,1204.19,2819.34,704.84,4,0.9999,1.7085,0
MRC003007,2026-08-31,5,2,1,1,1812,50,0,0,1,0,0,0.0,0,0.0,0.0,1
MRC003008,2026-08-31,5,1,0,1,708,14,0,2,7,0,2258.69,1129.35,2,0.0,0.0,0
MRC003009,2026-08-31,5,0,1,1,1464,6,1,4,7,88.78,4867.14,1216.79,4,0.9999,0.073,0
MRC003010,2026-08-31,3,1,1,1,755,6,1,2,7,5315.56,6147.87,3073.94,2,1.9996,3.4585,0
MRC003011,2026-08-31,5,1,1,1,392,6,1,4,7,343.7,8638.61,2159.65,4,0.9999,0.1591,0
MRC003012,2026-08-31,2,1,0,1,1647,10,0,2,3,0,2095.23,1047.62,2,0.0,0.0,0
MRC003013,2026-08-31,5,2,1,1,1243,0,2,2,3,1552.66,1552.66,776.33,1,3.9992,4.0,0
MRC003014,2026-08-31,5,0,1,1,1658,0,2,2,5,12175.72,12175.72,6087.86,2,3.9992,4.0,0
MRC003015,2026-08-31,0,0,1,1,1328,3,1,1,1,1529.62,1529.62,1529.62,1,3.9984,4.0,0
MRC003016,2026-08-31,4,2,1,1,1069,66,0,0,0,0,0,0.0,0,0.0,0.0,0
MRC003017,2026-08-31,4,2,1,1,291,18,0,1,3,0,2539.75,2539.75,1,0.0,0.0,0
MRC003018,2026-08-31,0,1,0,0,860,60,0,0,0,0,0,0.0,0,0.0,0.0,1
MRC003019,2026-08-31,2,0,1,1,2181,2,1,8,9,318.23,11584.77,1448.1,7,0.5,0.1099,0
MRC003020,2026-08-31,0,1,1,1,1905,5,2,2,3,982.5,982.5,491.25,2,3.9992,4.0,0
MRC003021,2026-08-31,5,1,1,1,1270,30,0,0,2,0,0,0.0,0,0.0,0.0,1
MRC003022,2026-08-31,0,1,1,1,326,16,0,1,3,0,2331.23,2331.23,1,0.0,0.0,1
MRC003023,2026-08-31,4,0,1,1,2409,40,0,0,3,0,0,0.0,0,0.0,0.0,1
MRC003024,2026-08-31,5,0,1,1,1871,1,2,6,15,1802.61,13874.01,2312.34,6,1.3332,0.5197,0
MRC003025,2026-08-31,2,1,1,1,305,5,3,8,15,5713.08,21378.9,2672.36,7,1.4999,1.0689,0
MRC003026,2026-08-31,5,1,1,0,716,10,0,1,4,0,58.76,58.76,1,0.0,0.0,1
MRC003027,2026-08-31,5,1,1,0,628,2,1,2,9,508.07,1416.25,708.12,2,1.9996,1.435,0
MRC003028,2026-08-31,5,0,1,1,2229,6,1,4,6,67.36,5201.54,1300.38,4,0.9999,0.0518,0
MRC003029,2026-08-31,5,0,1,1,2342,20,0,2,7,0,1146.6,573.3,2,0.0,0.0,0
MRC003030,2026-08-31,0,0,1,1,1160,0,4,21,41,10721.0,29128.33,1387.06,14,0.7619,1.4722,0
MRC003031,2026-08-31,0,2,0,1,645,26,0,1,2,0,976.9,976.9,1,0.0,0.0,0
MRC003032,2026-08-31,5,1,0,1,1660,0,3,9,26,532.21,10332.29,1148.03,8,1.3333,0.206,0
MRC003033,2026-08-31,5,1,1,1,852,5,1,3,4,128.17,4468.68,1489.56,3,1.3332,0.1147,0
MRC003034,2026-08-31,5,1,0,1,521,5,1,4,5,1862.72,3820.26,955.07,4,0.9999,1.9504,0
MRC003035,2026-08-31,5,2,0,1,822,41,0,0,2,0,0,0.0,0,0.0,0.0,0
MRC003036,2026-08-31,0,0,0,1,811,10,0,1,1,0,233.74,233.74,1,0.0,0.0,0
MRC003037,2026-08-31,5,1,0,1,374,2,1,3,5,319.66,2588.85,862.95,3,1.3332,0.4939,0
MRC003038,2026-08-31,5,2,1,1,1787,19,0,1,3,0,1882.52,1882.52,1,0.0,0.0,1
MRC003039,2026-08-31,5,0,0,0,1026,3,1,5,10,8619.5,21493.97,4298.79,5,0.7999,1.6041,0
MRC003040,2026-08-31,4,1,1,1,1459,4,2,6,10,574.62,6732.99,1122.17,5,1.3332,0.3414,0
MRC003041,2026-08-31,5,1,1,1,1459,90,0,0,0,0,0,0.0,0,0.0,0.0,1
MRC003042,2026-08-31,0,3,0,1,1940,0,3,8,14,955.53,4826.19,603.27,6,1.4999,0.792,0
MRC003043,2026-08-31,5,1,0,1,1922,0,4,13,28,4131.09,16766.99,1289.77,11,1.2307,0.9855,0
MRC003044,2026-08-31,4,0,1,1,1488,31,0,0,4,0,0,0.0,0,0.0,0.0,0
MRC003045,2026-08-31,5,2,1,1,2088,19,0,1,4,0,1063.36,1063.36,1,0.0,0.0,0
MRC003046,2026-08-31,4,1,1,1,1500,3,1,14,28,1307.03,14339.67,1024.26,11,0.2857,0.3646,0
MRC003047,2026-08-31,5,1,1,0,314,16,0,4,10,0,2821.12,705.28,4,0.0,0.0,0
MRC003048,2026-08-31,5,0,1,1,2132,3,2,5,8,659.85,7708.91,1541.78,4,1.5999,0.3424,0
MRC003049,2026-08-31,2,0,0,1,1938,3,1,8,14,1129.24,16093.89,2011.74,7,0.5,0.2807,0
MRC003050,2026-08-31,5,1,0,0,1184,1,1,4,9,107.18,2699.93,674.98,4,0.9999,0.1588,0
MRC003051,2026-08-31,5,1,1,1,1101,3,2,14,25,4628.4,24088.57,1720.61,10,0.5714,0.7686,0
MRC003052,2026-08-31,5,2,0,1,2212,0,1,4,9,1084.09,2369.05,592.26,4,0.9999,1.8304,0
MRC003053,2026-08-31,2,0,1,1,1187,2,1,4,14,1410.87,8296.11,2074.03,4,0.9999,0.6803,0
MRC003054,2026-08-31,5,1,0,1,1070,1,1,9,19,361.53,9291.95,1032.44,8,0.4444,0.1556,0
MRC003055,2026-08-31,3,0,1,1,1857,180,0,0,0,0,0,0.0,0,0.0,0.0,1
MRC003056,2026-08-31,5,1,1,1,974,3,3,9,19,1995.31,7910.67,878.96,8,1.3333,1.0089,0
MRC003057,2026-08-31,5,0,1,1,1139,8,0,1,3,0,56.25,56.25,1,0.0,0.0,0
MRC003058,2026-08-31,5,1,1,1,1960,4,1,6,12,393.38,10106.91,1684.48,6,0.6666,0.1557,0
MRC003059,2026-08-31,0,0,0,1,744,9,0,11,30,0,11795.37,1072.31,9,0.0,0.0,0
MRC003060,2026-08-31,2,1,1,1,282,7,0,2,3,0,904.39,452.19,2,0.0,0.0,0
MRC003061,2026-08-31,0,0,1,1,992,1,1,3,5,602.09,3689.85,1229.95,3,1.3332,0.6527,0
MRC003062,2026-08-31,4,1,0,1,633,4,2,6,13,2344.04,5092.31,848.72,6,1.3332,1.8412,0
MRC003063,2026-08-31,0,0,1,0,1047,10,0,1,2,0,237.3,237.3,1,0.0,0.0,1
MRC003064,2026-08-31,4,1,1,1,413,0,4,32,68,7788.5,36507.2,1140.85,22,0.5,0.8534,0
MRC003065,2026-08-31,5,1,1,0,1544,2,2,3,5,4204.08,4584.56,1528.19,3,2.6663,3.668,0
MRC003066,2026-08-31,3,0,1,1,1375,2,5,20,33,7017.53,25306.98,1265.35,15,1.0,1.1092,0
MRC003067,2026-08-31,0,0,1,0,851,1,1,2,4,191.3,807.32,403.66,2,1.9996,0.9478,0
MRC003068,2026-08-31,5,0,1,1,1629,4,1,4,8,1209.09,2822.42,705.61,4,0.9999,1.7136,0
MRC003069,2026-08-31,5,1,0,1,572,1,3,7,20,9641.07,17459.97,2494.28,6,1.7142,2.2087,0
MRC003070,2026-08-31,5,3,1,1,279,1,1,1,2,65.49,65.49,65.49,1,3.9984,4.0,0
MRC003071,2026-08-31,5,0,0,1,1298,20,0,1,2,0,1149.29,1149.29,1,0.0,0.0,0
MRC003072,2026-08-31,5,1,1,0,609,3,1,6,12,152.81,3763.89,627.31,6,0.6666,0.1624,0
MRC003073,2026-08-31,5,1,0,0,2127,15,0,4,5,0,5987.63,1496.91,4,0.0,0.0,0
MRC003074,2026-08-31,5,1,1,1,918,5,1,1,2,1293.9,1293.9,1293.9,1,3.9984,4.0,0
MRC003075,2026-08-31,5,1,1,1,1193,3,2,11,26,1103.06,14639.18,1330.83,9,0.7272,0.3014,0
MRC003076,2026-08-31,2,3,0,1,899,1,7,23,42,6383.3,28432.96,1236.22,17,1.2174,0.898,0
MRC003077,2026-08-31,5,1,1,1,1204,1,4,11,29,17470.42,31557.95,2868.9,10,1.4545,2.2144,0
MRC003078,2026-08-31,5,2,1,1,469,24,0,1,1,0,706.32,706.32,1,0.0,0.0,0
MRC003079,2026-08-31,5,0,1,1,2297,3,1,3,4,1672.73,6952.04,2317.35,3,1.3332,0.9624,0
MRC003080,2026-08-31,5,2,1,1,634,22,0,1,2,0,7917.6,7917.6,1,0.0,0.0,0
MRC003081,2026-08-31,2,3,1,1,1121,0,2,5,11,2038.48,7308.14,1461.63,5,1.5999,1.1157,0
MRC003082,2026-08-31,2,2,1,1,2107,114,0,0,0,0,0,0.0,0,0.0,0.0,1
MRC003083,2026-08-31,5,0,1,1,1188,34,0,0,3,0,0,0.0,0,0.0,0.0,0
MRC003084,2026-08-31,5,2,0,1,1787,14,0,2,5,0,9062.6,4531.3,2,0.0,0.0,0
MRC003085,2026-08-31,5,0,1,1,406,27,0,1,1,0,212.06,212.06,1,0.0,0.0,0
MRC003086,2026-08-31,5,1,1,1,903,1,1,9,17,3975.96,11543.09,1282.57,8,0.4444,1.3778,0
MRC003087,2026-08-31,5,0,1,1,1917,0,6,10,18,3725.59,7231.54,723.15,8,2.3999,2.0607,0
MRC003088,2026-08-31,5,1,1,1,832,16,0,1,3,0,1661.29,1661.29,1,0.0,0.0,0
MRC003089,2026-08-31,0,1,1,1,1161,1,1,3,5,327.81,1465.41,488.47,3,1.3332,0.8948,0
MRC003090,2026-08-31,5,0,0,1,432,99,0,0,0,0,0,0.0,0,0.0,0.0,1
MRC003091,2026-08-31,0,0,0,1,1359,2,1,3,6,1555.4,6666.93,2222.31,3,1.3332,0.9332,0
MRC003092,2026-08-31,3,0,1,1,1019,3,2,11,24,3062.42,66098.0,6008.91,10,0.7272,0.1853,0
MRC003093,2026-08-31,0,1,1,0,2136,13,0,2,4,0,1108.5,554.25,2,0.0,0.0,1
MRC003094,2026-08-31,5,2,0,0,1126,14,0,2,2,0,1686.26,843.13,2,0.0,0.0,1
MRC003095,2026-08-31,2,1,1,1,2064,1,3,12,23,5286.25,22623.32,1885.28,9,1.0,0.9347,0
MRC003096,2026-08-31,0,1,1,1,2232,7,0,3,5,0,3679.93,1226.64,3,0.0,0.0,0
MRC003097,2026-08-31,5,2,1,1,2090,3,2,19,38,7992.74,42779.05,2251.53,14,0.421,0.7474,0
MRC003098,2026-08-31,5,0,1,0,1880,0,16,76,130,23941.44,110777.88,1457.6,27,0.8421,0.8645,0
MRC003099,2026-08-31,0,1,1,1,1532,3,3,5,6,10454.81,11504.2,2300.84,4,2.3998,3.6351,0
MRC003100,2026-08-31,5,1,0,1,1303,2,2,15,26,1042.16,21171.75,1411.45,12,0.5333,0.1969,0
MRC003101,2026-08-31,0,0,1,1,434,29,0,1,3,0,439.46,439.46,1,0.0,0.0,1
MRC003102,2026-08-31,0,1,1,1,551,125,0,0,0,0,0,0.0,0,0.0,0.0,1
MRC003103,2026-08-31,0,1,1,0,1087,78,0,0,0,0,0,0.0,0,0.0,0.0,0
MRC003104,2026-08-31,5,1,1,1,1690,1,4,13,21,2329.17,14397.51,1107.5,13,1.2307,0.6471,0
MRC003105,2026-08-31,5,1,0,1,267,25,0,1,7,0,6297.61,6297.61,1,0.0,0.0,0
MRC003106,2026-08-31,5,0,1,1,2302,3,1,2,4,1516.96,2397.89,1198.94,2,1.9996,2.5305,0
MRC003107,2026-08-31,5,1,1,1,2426,59,0,0,1,0,0,0.0,0,0.0,0.0,0
MRC003108,2026-08-31,5,0,0,1,427,19,0,2,4,0,4060.04,2030.02,2,0.0,0.0,0
MRC003109,2026-08-31,5,2,1,1,467,45,0,0,3,0,0,0.0,0,0.0,0.0,0
MRC003110,2026-08-31,5,0,1,1,2111,22,0,1,2,0,750.72,750.72,1,0.0,0.0,0
MRC003111,2026-08-31,2,1,0,0,693,2,2,3,4,869.15,5617.31,1872.44,3,2.6663,0.6189,0
MRC003112,2026-08-31,0,1,1,1,650,14,0,2,9,0,2688.49,1344.24,2,0.0,0.0,0
MRC003113,2026-08-31,0,0,1,0,666,18,0,2,3,0,2338.82,1169.41,2,0.0,0.0,1
MRC003114,2026-08-31,5,0,1,1,1789,0,2,3,4,1585.25,1616.07,538.69,3,2.6663,3.9237,0
MRC003115,2026-08-31,3,0,0,1,546,1,1,3,3,742.81,1355.22,451.74,3,1.3332,2.1924,1
MRC003116,2026-08-31,0,1,1,1,658,2,1,5,8,1790.45,7564.98,1513.0,5,0.7999,0.9467,0
MRC003117,2026-08-31,5,2,1,1,1125,16,0,3,13,0,4292.69,1430.9,3,0.0,0.0,0
MRC003118,2026-08-31,5,0,1,1,1568,29,0,1,4,0,559.88,559.88,1,0.0,0.0,0
MRC003119,2026-08-31,4,1,1,1,2420,19,0,2,5,0,2221.9,1110.95,2,0.0,0.0,0
MRC003120,2026-08-31,4,2,1,1,776,0,2,4,13,10008.8,12792.83,3198.21,3,1.9998,3.1295,0
MRC003121,2026-08-31,4,1,0,1,813,18,0,1,2,0,5235.76,5235.76,1,0.0,0.0,0
MRC003122,2026-08-31,2,2,1,1,1440,4,1,5,8,66.37,4216.14,843.23,5,0.7999,0.063,0
MRC003123,2026-08-31,5,1,1,1,1169,208,0,0,0,0,0,0.0,0,0.0,0.0,1
MRC003124,2026-08-31,5,1,1,1,1568,1,1,2,6,177.35,473.31,236.65,2,1.9996,1.4988,0
MRC003125,2026-08-31,0,0,1,1,795,0,1,6,8,1367.82,3876.43,646.07,6,0.6666,1.4114,0
MRC003126,2026-08-31,5,0,1,1,1608,29,0,1,6,0,54.98,54.98,1,0.0,0.0,0
MRC003127,2026-08-31,0,1,1,1,2279,1,1,7,17,1186.13,8000.72,1142.96,4,0.5714,0.593,0
MRC003128,2026-08-31,2,2,0,1,1748,11,0,9,14,0,15155.52,1683.95,7,0.0,0.0,0
MRC003129,2026-08-31,2,0,1,0,1863,4,1,9,19,719.87,8089.95,898.88,7,0.4444,0.3559,0
MRC003130,2026-08-31,5,2,1,0,407,23,0,2,5,0,2096.48,1048.24,2,0.0,0.0,0
MRC003131,2026-08-31,3,0,1,1,2228,8,0,7,11,0,22936.17,3276.6,7,0.0,0.0,0
MRC003132,2026-08-31,5,1,1,1,1793,3,2,4,6,924.59,8263.29,2065.82,3,1.9998,0.4476,0
MRC003133,2026-08-31,0,2,1,1,1627,3,1,2,5,533.61,719.09,359.55,2,1.9996,2.9682,0
MRC003134,2026-08-31,5,2,0,1,594,4,1,7,10,2638.04,11965.29,1709.33,6,0.5714,0.8819,0
MRC003135,2026-08-31,0,1,1,0,1466,11,0,3,8,0,3140.21,1046.74,3,0.0,0.0,0
MRC003136,2026-08-31,2,0,1,1,1736,2,3,13,29,11356.53,24711.86,1900.91,13,0.923,1.8382,0
MRC003137,2026-08-31,5,0,1,1,1619,3,2,6,13,1048.2,6272.5,1045.42,6,1.3332,0.6684,0
MRC003138,2026-08-31,5,0,1,1,528,16,0,1,2,0,463.83,463.83,1,0.0,0.0,0
MRC003139,2026-08-31,0,1,1,1,346,6,1,3,5,1357.61,6713.8,2237.93,3,1.3332,0.8088,0
MRC003140,2026-08-31,5,0,1,1,1304,5,1,10,23,879.63,14191.98,1419.2,8,0.4,0.2479,0
MRC003141,2026-08-31,5,1,1,1,1824,4,4,21,35,7040.02,26241.07,1249.57,15,0.7619,1.0731,0
MRC003142,2026-08-31,5,0,0,1,1102,0,1,4,9,2216.79,7136.38,1784.1,4,0.9999,1.2425,0
MRC003143,2026-08-31,5,1,0,1,1759,10,0,7,12,0,7085.43,1012.2,6,0.0,0.0,0
MRC003144,2026-08-31,0,0,1,1,2370,0,5,14,27,6114.31,27287.74,1949.12,11,1.4285,0.8963,0
MRC003145,2026-08-31,5,1,1,1,2200,2,1,2,5,2624.62,9912.54,4956.27,2,1.9996,1.0591,0
MRC003146,2026-08-31,0,1,1,1,1635,5,1,5,7,905.25,3033.15,606.63,5,0.7999,1.1938,0
MRC003147,2026-08-31,0,3,1,1,1848,3,2,9,15,3250.84,26937.34,2993.04,6,0.8888,0.4827,0
MRC003148,2026-08-31,5,2,1,0,449,3,1,3,8,523.56,8921.32,2973.77,3,1.3332,0.2347,0
MRC003149,2026-08-31,5,1,1,1,443,1,5,14,38,5202.49,20953.97,1496.71,12,1.4285,0.9931,0
MRC003150,2026-08-31,0,0,0,1,1788,17,0,2,3,0,5523.83,2761.91,2,0.0,0.0,0
MRC003151,2026-08-31,5,2,1,1,2007,12,0,2,5,0,571.54,285.77,2,0.0,0.0,0
MRC003152,2026-08-31,5,2,0,1,681,2,2,24,36,3595.28,31601.65,1316.74,16,0.3333,0.4551,0
MRC003153,2026-08-31,5,2,1,0,1551,17,0,1,2,0,493.46,493.46,1,0.0,0.0,1
MRC003154,2026-08-31,4,1,1,1,882,16,0,5,6,0,3806.4,761.28,4,0.0,0.0,0
MRC003155,2026-08-31,2,0,1,1,494,3,2,3,6,686.14,1105.26,368.42,3,2.6663,2.4832,1
MRC003156,2026-08-31,0,1,1,1,1083,19,0,2,6,0,6863.45,3431.73,2,0.0,0.0,0
MRC003157,2026-08-31,4,1,1,1,1235,19,0,1,2,0,1784.54,1784.54,1,0.0,0.0,1
MRC003158,2026-08-31,2,0,1,0,1953,3,1,5,6,535.56,5272.53,1054.51,5,0.7999,0.4063,0
MRC003159,2026-08-31,2,1,1,1,2145,1,2,4,9,1917.68,5247.55,1311.89,4,1.9998,1.4618,0
MRC003160,2026-08-31,0,1,0,1,2319,6,2,6,10,10827.57,22980.27,3830.05,4,1.3332,1.8847,1
MRC003161,2026-08-31,0,0,0,1,485,1,2,12,23,3509.39,16062.22,1338.52,10,0.6666,0.8739,0
MRC003162,2026-08-31,5,1,0,1,2276,97,0,0,0,0,0,0.0,0,0.0,0.0,1
MRC003163,2026-08-31,5,1,1,1,1388,0,1,1,7,1342.91,1342.91,1342.91,1,3.9984,4.0,0
MRC003164,2026-08-31,2,1,1,1,629,13,0,1,2,0,268.93,268.93,1,0.0,0.0,0
MRC003165,2026-08-31,5,0,1,1,1671,0,1,2,3,1588.72,3747.87,1873.93,2,1.9996,1.6956,0
MRC003166,2026-08-31,4,2,1,1,389,23,0,1,4,0,433.63,433.63,1,0.0,0.0,0
MRC003167,2026-08-31,2,1,1,1,1265,21,0,1,4,0,1122.47,1122.47,1,0.0,0.0,0
MRC003168,2026-08-31,5,1,1,1,2067,6,1,2,4,839.88,2156.3,1078.15,2,1.9996,1.558,0
MRC003169,2026-08-31,5,1,1,1,2379,15,0,5,9,0,3148.67,629.73,5,0.0,0.0,0
MRC003170,2026-08-31,4,0,1,0,886,132,0,0,0,0,0,0.0,0,0.0,0.0,1
MRC003171,2026-08-31,2,1,1,0,638,19,0,3,5,0,3013.05,1004.35,3,0.0,0.0,0
MRC003172,2026-08-31,3,0,1,0,1530,3,1,2,5,1015.46,2911.72,1455.86,2,1.9996,1.395,1
MRC003173,2026-08-31,5,2,1,1,600,9,0,3,14,0,3335.43,1111.81,3,0.0,0.0,0
MRC003174,2026-08-31,2,0,1,0,2395,8,0,2,3,0,3052.32,1526.16,2,0.0,0.0,0
MRC003175,2026-08-31,5,3,1,0,973,0,2,4,6,2970.6,3839.85,959.96,4,1.9998,3.0945,0
MRC003176,2026-08-31,4,1,1,0,664,0,1,3,5,2717.6,5296.0,1765.33,3,1.3332,2.0526,0
MRC003177,2026-08-31,3,0,1,0,777,0,1,1,2,605.49,605.49,605.49,1,3.9984,4.0,0
MRC003178,2026-08-31,4,1,1,1,1076,3,1,3,5,4825.96,5930.73,1976.91,3,1.3332,3.2549,0
MRC003179,2026-08-31,5,0,1,1,1877,0,2,8,23,2638.42,33981.45,4247.68,8,1.0,0.3106,0
MRC003180,2026-08-31,5,2,1,1,2152,3,1,1,1,46.21,46.21,46.21,1,3.9984,4.0,1
MRC003181,2026-08-31,2,1,0,0,1865,7,0,4,6,0,11986.03,2996.51,4,0.0,0.0,0
MRC003182,2026-08-31,5,1,1,1,1677,2,3,11,19,1227.42,7885.51,716.86,11,1.0909,0.6226,0
MRC003183,2026-08-31,0,1,1,1,847,4,2,10,17,966.52,7474.23,747.42,10,0.8,0.5173,0
MRC003184,2026-08-31,2,3,1,1,2305,2,1,5,21,893.18,53986.98,10797.4,5,0.7999,0.0662,0
MRC003185,2026-08-31,5,1,1,1,2441,13,0,2,5,0,826.39,413.2,2,0.0,0.0,0
MRC003186,2026-08-31,5,1,1,1,1637,34,0,0,1,0,0,0.0,0,0.0,0.0,0
MRC003187,2026-08-31,5,1,1,1,1968,45,0,0,1,0,0,0.0,0,0.0,0.0,1
MRC003188,2026-08-31,5,0,1,1,920,4,1,2,4,557.71,919.72,459.86,2,1.9996,2.4256,0
MRC003189,2026-08-31,2,1,1,1,1234,1,4,13,17,11348.03,23621.56,1817.04,11,1.2307,1.9216,0
MRC003190,2026-08-31,2,1,1,0,2016,2,2,2,3,2178.82,2178.82,1089.41,2,3.9992,4.0,0
MRC003191,2026-08-31,5,2,1,0,1183,25,0,1,3,0,336.68,336.68,1,0.0,0.0,1
MRC003192,2026-08-31,4,1,1,1,1915,7,0,9,13,0,7762.64,862.52,8,0.0,0.0,0
MRC003193,2026-08-31,0,1,1,1,2135,3,1,5,11,633.12,7947.5,1589.5,5,0.7999,0.3187,0
MRC003194,2026-08-31,5,1,1,1,2296,13,0,2,2,0,5688.76,2844.38,2,0.0,0.0,1
MRC003195,2026-08-31,5,1,1,1,894,0,1,4,5,33.65,1821.21,455.3,4,0.9999,0.0739,0
MRC003196,2026-08-31,5,1,1,1,1297,5,1,6,16,206.28,2859.51,476.59,6,0.6666,0.2886,0
MRC003197,2026-08-31,4,2,1,0,1100,3,3,9,20,2201.44,5542.55,615.84,8,1.3333,1.5888,0
MRC003198,2026-08-31,0,0,1,1,1355,22,0,1,4,0,226.72,226.72,1,0.0,0.0,1
MRC003199,2026-08-31,5,1,1,1,1879,2,1,3,3,791.09,2502.03,834.01,3,1.3332,1.2647,0
MRC003200,2026-08-31,5,2,1,1,964,7,0,5,12,0,10356.01,2071.2,5,0.0,0.0,0
MRC003201,2026-08-31,0,1,1,1,766,85,0,0,0,0,0,0.0,0,0.0,0.0,0
MRC003202,2026-08-31,0,0,1,0,844,0,2,5,6,863.18,5434.22,1086.84,5,1.5999,0.6354,0
MRC003203,2026-08-31,0,1,0,0,1930,7,0,3,3,0,4744.78,1581.59,3,0.0,0.0,0
MRC003204,2026-08-31,5,0,1,1,2434,44,0,0,1,0,0,0.0,0,0.0,0.0,0
MRC003205,2026-08-31,5,0,1,1,482,0,5,20,30,9447.78,37037.1,1851.86,15,1.0,1.0204,0
MRC003206,2026-08-31,5,1,0,1,2392,29,0,1,3,0,679.31,679.31,1,0.0,0.0,0
MRC003207,2026-08-31,0,2,0,0,327,6,1,4,9,756.23,6556.1,1639.03,4,0.9999,0.4614,0
MRC003208,2026-08-31,5,0,1,1,1414,23,0,1,1,0,693.92,693.92,1,0.0,0.0,1
MRC003209,2026-08-31,5,2,0,1,549,0,4,19,31,13547.53,41316.99,2174.58,15,0.8421,1.3116,0
MRC003210,2026-08-31,0,1,1,1,2343,0,7,24,55,6535.26,34862.52,1452.6,17,1.1666,0.7498,0
MRC003211,2026-08-31,2,2,0,1,1921,29,0,1,1,0,1064.54,1064.54,1,0.0,0.0,0
MRC003212,2026-08-31,3,1,0,1,1035,1,1,5,9,307.65,15494.5,3098.9,5,0.7999,0.0794,0
MRC003213,2026-08-31,2,2,1,1,1756,5,1,9,23,1291.34,11332.03,1259.11,8,0.4444,0.4558,0
MRC003214,2026-08-31,5,2,1,1,2114,9,0,1,3,0,218.19,218.19,1,0.0,0.0,0
MRC003215,2026-08-31,5,3,1,0,732,9,0,3,10,0,5166.03,1722.01,3,0.0,0.0,0
MRC003216,2026-08-31,2,1,1,0,1644,43,0,0,1,0,0,0.0,0,0.0,0.0,1
MRC003217,2026-08-31,5,0,1,1,911,6,1,2,4,323.45,452.35,226.18,2,1.9996,2.8602,0
MRC003218,2026-08-31,5,1,1,1,1823,27,0,1,3,0,883.44,883.44,1,0.0,0.0,0
MRC003219,2026-08-31,0,1,1,0,1497,10,0,3,5,0,1047.6,349.2,3,0.0,0.0,0
MRC003220,2026-08-31,5,0,1,1,1826,0,1,3,3,784.48,2147.35,715.78,3,1.3332,1.4613,0
MRC003221,2026-08-31,4,2,0,1,1648,121,0,0,0,0,0,0.0,0,0.0,0.0,0
MRC003222,2026-08-31,2,0,1,1,1646,4,1,8,15,2895.14,11393.75,1424.22,7,0.5,1.0164,0
MRC003223,2026-08-31,5,2,1,1,441,40,0,0,1,0,0,0.0,0,0.0,0.0,0
MRC003224,2026-08-31,3,1,1,1,2119,1,4,12,36,4130.62,14966.12,1247.18,10,1.3333,1.104,0
MRC003225,2026-08-31,2,2,1,1,631,10,0,1,3,0,1246.68,1246.68,1,0.0,0.0,0
MRC003226,2026-08-31,0,2,1,1,1113,0,2,9,10,4697.63,12509.68,1389.96,8,0.8888,1.5021,0
MRC003227,2026-08-31,3,1,1,1,1373,1,1,8,14,649.22,8833.24,1104.15,8,0.5,0.294,0
MRC003228,2026-08-31,2,1,1,1,2112,6,1,1,2,331.17,331.17,331.17,1,3.9984,4.0,1
MRC003229,2026-08-31,5,0,1,1,1631,1,1,3,3,386.48,2309.68,769.89,3,1.3332,0.6693,0
MRC003230,2026-08-31,3,2,1,1,657,3,2,4,9,2142.97,4518.94,1129.73,4,1.9998,1.8969,0
MRC003231,2026-08-31,5,2,1,1,882,31,0,0,3,0,0,0.0,0,0.0,0.0,0
MRC003232,2026-08-31,2,0,1,1,693,25,0,1,2,0,1972.54,1972.54,1,0.0,0.0,1
MRC003233,2026-08-31,5,0,1,1,1548,0,2,4,12,2724.63,2982.14,745.54,4,1.9998,3.6546,0
MRC003234,2026-08-31,0,1,1,1,1824,26,0,1,2,0,1008.85,1008.85,1,0.0,0.0,0
MRC003235,2026-08-31,2,0,1,1,1806,22,0,2,5,0,9500.54,4750.27,1,0.0,0.0,0
MRC003236,2026-08-31,0,2,0,1,1896,0,3,8,17,7316.96,11029.63,1378.7,7,1.4999,2.6536,0
MRC003237,2026-08-31,0,0,1,1,1790,9,0,6,11,0,6978.64,1163.11,4,0.0,0.0,0
MRC003238,2026-08-31,5,2,0,0,2228,18,0,3,4,0,4909.56,1636.52,3,0.0,0.0,0
MRC003239,2026-08-31,5,3,0,1,2237,3,1,5,15,1690.53,8326.81,1665.36,5,0.7999,0.8121,0
MRC003240,2026-08-31,5,2,1,1,857,3,1,7,13,3077.97,9185.5,1312.21,7,0.5714,1.3404,0
MRC003241,2026-08-31,3,1,1,1,922,19,0,3,3,0,1547.79,515.93,3,0.0,0.0,0
MRC003242,2026-08-31,5,0,1,1,379,12,0,2,4,0,817.12,408.56,2,0.0,0.0,0
MRC003243,2026-08-31,5,2,1,1,841,0,6,16,27,10394.77,30164.33,1885.27,12,1.5,1.3784,0
MRC003244,2026-08-31,5,1,1,1,1365,3,1,2,12,1257.88,4464.35,2232.18,2,1.9996,1.127,0
MRC003245,2026-08-31,5,3,1,1,1696,26,0,1,2,0,1043.38,1043.38,1,0.0,0.0,0
MRC003246,2026-08-31,5,0,1,1,2169,39,0,0,4,0,0,0.0,0,0.0,0.0,0
MRC003247,2026-08-31,4,0,1,1,1554,0,1,10,17,593.83,23570.45,2357.05,8,0.4,0.1008,0
MRC003248,2026-08-31,5,3,1,0,2379,31,0,0,1,0,0,0.0,0,0.0,0.0,0
MRC003249,2026-08-31,0,2,1,0,1465,6,1,9,17,2713.53,9606.57,1067.4,6,0.4444,1.1299,0
MRC003250,2026-08-31,2,0,1,1,2131,4,2,25,40,3818.79,38386.16,1535.45,16,0.32,0.3979,0
MRC003251,2026-08-31,5,1,1,1,2022,4,1,5,10,359.81,9915.11,1983.02,5,0.7999,0.1452,0
MRC003252,2026-08-31,0,0,1,1,1327,27,0,1,3,0,527.59,527.59,1,0.0,0.0,0
MRC003253,2026-08-31,0,1,1,1,2163,2,1,5,5,276.96,4713.66,942.73,5,0.7999,0.235,0
MRC003254,2026-08-31,2,0,1,1,2143,2,4,11,22,3804.98,11436.39,1039.67,11,1.4545,1.3308,0
MRC003255,2026-08-31,5,1,1,0,939,6,1,2,7,117.65,338.36,169.18,2,1.9996,1.3908,0
MRC003256,2026-08-31,5,0,0,1,724,0,1,3,8,481.31,3311.86,1103.95,3,1.3332,0.5813,0
MRC003257,2026-08-31,5,0,1,0,522,18,0,1,3,0,1295.33,1295.33,1,0.0,0.0,1
MRC003258,2026-08-31,5,1,1,1,2269,6,1,2,3,823.58,2178.32,1089.16,2,1.9996,1.5123,0
MRC003259,2026-08-31,5,0,1,1,1223,2,3,8,16,3278.47,12736.04,1592.01,7,1.4999,1.0297,0
MRC003260,2026-08-31,5,1,1,1,1495,5,1,1,1,90.06,90.06,90.06,1,3.9984,4.0,1
MRC003261,2026-08-31,5,1,1,1,854,180,0,0,0,0,0,0.0,0,0.0,0.0,1
MRC003262,2026-08-31,4,1,1,1,1107,8,0,2,2,0,1015.84,507.92,2,0.0,0.0,0
MRC003263,2026-08-31,5,1,0,1,1136,4,1,5,8,349.77,8538.07,1707.61,4,0.7999,0.1639,0
MRC003264,2026-08-31,0,0,0,0,1527,0,3,8,22,2368.45,6464.21,808.03,7,1.4999,1.4656,0
MRC003265,2026-08-31,0,0,1,1,639,0,8,16,26,15420.45,23048.31,1440.52,11,2.0,2.6762,0
MRC003266,2026-08-31,5,2,1,1,1970,23,0,1,7,0,378.53,378.53,1,0.0,0.0,0
MRC003267,2026-08-31,0,2,0,1,1110,2,1,4,11,5500.87,22864.72,5716.18,3,0.9999,0.9623,0
MRC003268,2026-08-31,3,3,1,1,781,18,0,3,7,0,1175.8,391.93,3,0.0,0.0,0
MRC003269,2026-08-31,5,2,1,1,289,25,0,1,3,0,546.29,546.29,1,0.0,0.0,0
MRC003270,2026-08-31,0,1,1,1,479,13,0,3,3,0,3593.07,1197.69,3,0.0,0.0,0
MRC003271,2026-08-31,5,2,1,1,845,0,3,8,10,6622.94,11993.67,1499.21,8,1.4999,2.2088,0
MRC003272,2026-08-31,5,1,1,0,1858,20,0,1,4,0,1529.32,1529.32,1,0.0,0.0,0
MRC003273,2026-08-31,5,1,1,1,2124,0,6,32,56,8489.41,39518.07,1234.94,20,0.75,0.8593,0
MRC003274,2026-08-31,2,2,0,1,2338,180,0,0,0,0,0,0.0,0,0.0,0.0,1
MRC003275,2026-08-31,5,1,1,1,907,1,1,5,7,447.35,3413.35,682.67,5,0.7999,0.5242,0
MRC003276,2026-08-31,5,1,1,1,1648,1,2,4,8,1119.93,3069.23,767.31,4,1.9998,1.4596,0
MRC003277,2026-08-31,5,0,1,1,843,2,2,6,13,1405.62,3853.1,642.18,6,1.3332,1.4592,0
MRC003278,2026-08-31,2,0,1,1,568,51,0,0,1,0,0,0.0,0,0.0,0.0,0
MRC003279,2026-08-31,5,0,1,1,1443,6,1,2,3,904.77,2095.56,1047.78,2,1.9996,1.727,1
MRC003280,2026-08-31,5,2,1,1,1662,0,1,7,11,615.38,4476.56,639.51,7,0.5714,0.5499,0
MRC003281,2026-08-31,2,1,1,1,1919,1,2,13,19,1836.84,9711.06,747.0,10,0.6154,0.7566,0
MRC003282,2026-08-31,5,0,1,1,511,1,1,4,11,2193.45,6641.85,1660.46,3,0.9999,1.321,0
MRC003283,2026-08-31,5,1,1,1,1889,3,1,7,9,3071.45,8453.94,1207.71,7,0.5714,1.4533,0
MRC003284,2026-08-31,5,0,1,1,920,24,0,2,4,0,721.72,360.86,2,0.0,0.0,1
MRC003285,2026-08-31,5,1,1,0,865,1,3,7,12,2926.37,8348.64,1192.66,7,1.7142,1.4021,0
MRC003286,2026-08-31,3,0,1,1,326,0,5,14,22,7403.8,18062.24,1290.16,10,1.4285,1.6396,0
MRC003287,2026-08-31,5,1,1,1,703,31,0,0,3,0,0,0.0,0,0.0,0.0,0
MRC003288,2026-08-31,5,1,1,1,1322,0,3,7,20,7122.63,12433.55,1776.22,6,1.7142,2.2914,0
MRC003289,2026-08-31,0,1,1,1,670,16,0,1,1,0,1499.9,1499.9,1,0.0,0.0,0
MRC003290,2026-08-31,0,1,1,1,959,0,2,3,4,1451.88,2088.95,696.32,3,2.6663,2.7801,0
MRC003291,2026-08-31,2,1,1,1,1415,2,1,4,12,93.36,1785.43,446.36,4,0.9999,0.2092,0
MRC003292,2026-08-31,5,1,1,1,470,1,5,28,49,20052.34,43329.23,1547.47,17,0.7143,1.8512,0
MRC003293,2026-08-31,2,0,1,1,2169,2,1,4,5,185.88,6351.55,1587.89,4,0.9999,0.1171,0
MRC003294,2026-08-31,5,1,1,1,932,19,0,1,2,0,442.84,442.84,1,0.0,0.0,0
MRC003295,2026-08-31,5,1,1,1,1915,0,9,27,45,18012.6,49003.15,1814.93,19,1.3333,1.4703,0
MRC003296,2026-08-31,4,1,0,1,1671,4,1,1,4,3497.39,3497.39,3497.39,1,3.9984,4.0,0
MRC003297,2026-08-31,5,2,0,1,1898,0,2,9,14,2245.36,6271.68,696.85,8,0.8888,1.4321,0
MRC003298,2026-08-31,5,0,1,1,888,6,1,2,4,289.83,2314.05,1157.03,2,1.9996,0.501,0
MRC003299,2026-08-31,2,2,1,0,633,11,0,4,6,0,3580.91,895.23,4,0.0,0.0,0
MRC003300,2026-08-31,0,0,1,1,569,8,0,2,5,0,2715.27,1357.63,2,0.0,0.0,0
MRC003301,2026-08-31,0,1,1,1,758,1,5,30,56,2628.09,47900.22,1596.67,19,0.6667,0.2195,0
MRC003302,2026-08-31,0,2,1,1,1447,5,1,10,17,2745.63,13902.63,1390.26,8,0.4,0.79,0
MRC003303,2026-08-31,2,1,1,1,1621,0,7,23,46,13306.51,38959.69,1693.9,15,1.2174,1.3662,0
MRC003304,2026-08-31,5,2,0,1,1902,27,0,1,2,0,1401.06,1401.06,1,0.0,0.0,0
MRC003305,2026-08-31,2,2,1,1,2362,3,1,1,1,188.19,188.19,188.19,1,3.9984,4.0,1
MRC003306,2026-08-31,0,0,0,1,2070,14,0,3,7,0,2616.26,872.09,3,0.0,0.0,0
MRC003307,2026-08-31,4,3,1,1,1036,0,13,53,101,12988.55,87343.64,1647.99,26,0.9811,0.5948,0
MRC003308,2026-08-31,2,2,0,1,1288,13,0,3,9,0,2078.42,692.81,3,0.0,0.0,0
MRC003309,2026-08-31,5,1,1,1,2343,3,1,7,17,6007.36,14446.81,2063.83,7,0.5714,1.6633,0
MRC003310,2026-08-31,2,0,1,1,1810,79,0,0,0,0,0,0.0,0,0.0,0.0,0
MRC003311,2026-08-31,0,0,1,1,1167,84,0,0,0,0,0,0.0,0,0.0,0.0,0
MRC003312,2026-08-31,5,2,1,1,2077,0,2,4,7,6896.43,12112.9,3028.22,4,1.9998,2.2774,0
MRC003313,2026-08-31,5,2,1,0,554,0,6,34,56,4937.65,52455.6,1542.81,22,0.7059,0.3765,0
MRC003314,2026-08-31,5,2,0,1,1727,2,2,6,20,2031.03,5059.17,843.2,5,1.3332,1.6058,0
MRC003315,2026-08-31,5,1,1,1,2330,138,0,0,0,0,0,0.0,0,0.0,0.0,1
MRC003316,2026-08-31,5,0,1,1,1409,10,0,2,10,0,1798.12,899.06,2,0.0,0.0,0
MRC003317,2026-08-31,5,1,0,1,1596,29,0,1,2,0,213.08,213.08,1,0.0,0.0,1
MRC003318,2026-08-31,5,0,0,1,387,2,1,5,5,2183.19,11529.22,2305.84,5,0.7999,0.7574,0
MRC003319,2026-08-31,0,0,1,0,1578,6,1,6,13,1779.52,10657.53,1776.25,6,0.6666,0.6679,0
MRC003320,2026-08-31,5,0,1,0,890,0,4,15,29,5258.9,18206.33,1213.76,12,1.0666,1.1554,0
MRC003321,2026-08-31,5,0,0,1,2429,0,4,12,30,12574.8,24320.45,2026.7,9,1.3333,2.0682,0
MRC003322,2026-08-31,5,0,1,1,955,0,2,3,9,1401.82,1891.77,630.59,3,2.6663,2.964,0
MRC003323,2026-08-31,5,1,1,0,942,6,1,3,8,520.29,1023.25,341.08,3,1.3332,2.0339,0
MRC003324,2026-08-31,5,1,0,1,1120,2,4,10,22,3631.14,38493.77,3849.38,9,1.5999,0.3773,0
MRC003325,2026-08-31,0,1,1,1,1780,28,0,1,1,0,615.62,615.62,1,0.0,0.0,1
MRC003326,2026-08-31,5,1,1,1,2334,0,7,22,48,11979.88,22958.31,1043.56,16,1.2727,2.0872,0
MRC003327,2026-08-31,2,3,1,1,1013,3,1,1,5,2037.61,2037.61,2037.61,1,3.9984,4.0,0
MRC003328,2026-08-31,5,1,0,1,713,1,3,3,7,22927.8,22927.8,7642.6,2,3.9995,4.0,0
MRC003329,2026-08-31,5,1,0,1,1927,1,1,1,2,641.85,641.85,641.85,1,3.9984,4.0,0
MRC003330,2026-08-31,2,1,1,1,1440,11,0,1,2,0,2003.71,2003.71,1,0.0,0.0,1
MRC003331,2026-08-31,4,1,1,1,1250,9,0,4,8,0,3950.51,987.63,4,0.0,0.0,0
MRC003332,2026-08-31,2,1,1,1,2422,0,1,1,7,3346.84,3346.84,3346.84,1,3.9984,4.0,0
MRC003333,2026-08-31,5,1,0,1,1339,15,0,2,5,0,9432.7,4716.35,2,0.0,0.0,0
MRC003334,2026-08-31,5,1,1,0,1609,0,2,5,7,828.35,6690.36,1338.07,4,1.5999,0.4952,0
MRC003335,2026-08-31,5,1,0,1,2401,0,2,16,34,1032.71,24122.73,1507.67,13,0.5,0.1712,0
MRC003336,2026-08-31,0,1,1,1,713,1,6,32,61,4408.21,43801.8,1368.81,20,0.75,0.4026,0
MRC003337,2026-08-31,5,0,1,0,2229,3,3,13,22,4458.35,18919.12,1455.32,9,0.923,0.9426,0
MRC003338,2026-08-31,5,0,1,1,2355,19,0,1,3,0,132.67,132.67,1,0.0,0.0,0
MRC003339,2026-08-31,0,1,1,1,1285,66,0,0,0,0,0,0.0,0,0.0,0.0,1
MRC003340,2026-08-31,2,1,1,1,991,1,3,5,8,5285.33,13642.86,2728.57,4,2.3998,1.5496,0
MRC003341,2026-08-31,5,1,1,1,611,12,0,6,12,0,11623.48,1937.25,6,0.0,0.0,0
MRC003342,2026-08-31,2,0,1,1,361,0,2,7,13,2845.08,12312.95,1758.99,7,1.1428,0.9243,0
MRC003343,2026-08-31,0,0,1,0,2407,46,0,0,1,0,0,0.0,0,0.0,0.0,0
MRC003344,2026-08-31,4,0,0,1,1199,3,1,7,15,196.62,4950.53,707.22,6,0.5714,0.1589,0
MRC003345,2026-08-31,0,1,1,0,1716,2,5,20,30,29491.86,47122.37,2356.12,15,1.0,2.5034,0
MRC003346,2026-08-31,0,0,1,1,782,1,3,3,6,3003.98,3003.98,1001.33,3,3.9995,4.0,0
MRC003347,2026-08-31,4,0,1,1,964,7,0,4,6,0,7734.72,1933.68,3,0.0,0.0,0
MRC003348,2026-08-31,5,0,1,0,2046,2,1,2,2,2956.31,3453.93,1726.96,2,1.9996,3.4237,0
MRC003349,2026-08-31,3,1,0,1,1691,1,1,3,4,957.39,11683.82,3894.61,3,1.3332,0.3278,0
MRC003350,2026-08-31,5,0,0,1,737,25,0,1,2,0,370.38,370.38,1,0.0,0.0,1
MRC003351,2026-08-31,5,1,1,1,268,8,0,1,2,0,506.23,506.23,1,0.0,0.0,0
MRC003352,2026-08-31,3,1,1,0,2048,9,0,7,10,0,8634.36,1233.48,6,0.0,0.0,0
MRC003353,2026-08-31,0,2,1,1,431,5,2,3,8,7362.58,10371.02,3457.01,3,2.6663,2.8397,0
MRC003354,2026-08-31,4,1,1,1,336,3,1,5,13,2783.58,6100.77,1220.15,4,0.7999,1.8251,0
MRC003355,2026-08-31,4,0,1,1,913,0,4,10,24,10595.94,18786.23,1878.62,7,1.5999,2.2561,0
MRC003356,2026-08-31,5,1,1,1,2287,20,0,1,1,0,3425.62,3425.62,1,0.0,0.0,0
MRC003357,2026-08-31,5,1,1,0,1665,7,0,6,11,0,15227.79,2537.96,6,0.0,0.0,0
MRC003358,2026-08-31,2,0,1,1,349,9,0,1,2,0,205.32,205.32,1,0.0,0.0,1
MRC003359,2026-08-31,3,2,1,1,2260,9,0,1,4,0,956.69,956.69,1,0.0,0.0,0
MRC003360,2026-08-31,5,1,1,1,2307,0,1,7,11,318.39,5172.22,738.89,7,0.5714,0.2462,0
MRC003361,2026-08-31,2,0,1,1,1779,5,1,1,1,557.18,557.18,557.18,1,3.9984,4.0,0
MRC003362,2026-08-31,3,0,1,0,418,1,2,7,10,2326.4,5999.71,857.1,7,1.1428,1.551,0
MRC003363,2026-08-31,5,2,1,1,288,10,0,2,4,0,5219.29,2609.64,2,0.0,0.0,0
MRC003364,2026-08-31,5,3,1,1,2163,4,1,6,9,49.46,3545.32,590.89,6,0.6666,0.0558,0
MRC003365,2026-08-31,5,2,1,1,2054,4,2,8,19,1750.48,8321.16,1040.14,8,1.0,0.8415,0
MRC003366,2026-08-31,5,0,1,1,2073,28,0,1,4,0,93.74,93.74,1,0.0,0.0,0
MRC003367,2026-08-31,4,1,0,0,1320,10,0,6,16,0,10804.84,1800.81,4,0.0,0.0,0
MRC003368,2026-08-31,5,0,1,1,1555,1,1,12,22,56.61,15736.55,1311.38,10,0.3333,0.0144,0
MRC003369,2026-08-31,5,1,1,0,635,1,3,20,39,8955.3,50691.67,2534.58,15,0.6,0.7066,0
MRC003370,2026-08-31,2,1,0,1,335,4,1,7,10,1842.7,9404.88,1343.55,7,0.5714,0.7837,0
MRC003371,2026-08-31,5,3,1,1,740,17,0,1,1,0,2371.72,2371.72,1,0.0,0.0,0
MRC003372,2026-08-31,2,1,0,1,1614,60,0,0,0,0,0,0.0,0,0.0,0.0,0
MRC003373,2026-08-31,5,1,1,1,1135,78,0,0,0,0,0,0.0,0,0.0,0.0,1
MRC003374,2026-08-31,5,0,0,0,1606,0,3,8,13,2865.19,12464.34,1558.04,7,1.4999,0.9195,0
MRC003375,2026-08-31,5,1,0,1,1219,3,1,8,17,1622.67,5928.21,741.03,7,0.5,1.0949,0
MRC003376,2026-08-31,5,0,1,1,1474,2,1,4,10,479.18,4331.05,1082.76,4,0.9999,0.4426,0
MRC003377,2026-08-31,0,2,0,1,2335,35,0,0,3,0,0,0.0,0,0.0,0.0,0
MRC003378,2026-08-31,5,0,1,0,1636,1,1,3,6,465.56,1403.3,467.77,3,1.3332,1.327,0
MRC003379,2026-08-31,5,1,1,1,2341,5,3,13,28,5401.7,13747.22,1057.48,11,0.923,1.5717,0
MRC003380,2026-08-31,5,0,1,1,2372,0,2,3,9,1994.51,2124.06,708.02,3,2.6663,3.756,0
MRC003381,2026-08-31,5,1,0,1,1606,0,1,13,21,266.14,21283.53,1637.19,12,0.3077,0.05,0
MRC003382,2026-08-31,5,0,0,1,2432,0,36,116,219,102478.7,220563.36,1901.41,29,1.2414,1.8585,0
MRC003383,2026-08-31,5,1,1,1,801,3,1,8,14,1156.81,14388.5,1798.56,8,0.5,0.3216,0
MRC003384,2026-08-31,2,1,1,1,1394,33,0,0,1,0,0,0.0,0,0.0,0.0,1
MRC003385,2026-08-31,5,1,1,1,420,52,0,0,1,0,0,0.0,0,0.0,0.0,1
MRC003386,2026-08-31,5,2,1,1,457,1,3,5,8,4300.75,5819.41,1163.88,5,2.3998,2.9561,0
MRC003387,2026-08-31,4,0,0,1,546,7,0,4,12,0,2444.66,611.17,4,0.0,0.0,0
MRC003388,2026-08-31,5,1,0,1,549,2,1,5,6,1527.49,8127.6,1625.52,5,0.7999,0.7518,1
MRC003389,2026-08-31,4,2,1,1,1153,0,1,1,4,1635.89,1635.89,1635.89,1,3.9984,4.0,0
MRC003390,2026-08-31,5,0,0,1,1830,6,1,2,3,1039.46,5573.29,2786.64,2,1.9996,0.746,0
MRC003391,2026-08-31,0,2,1,1,2411,4,1,5,9,329.28,2314.77,462.95,5,0.7999,0.569,0
MRC003392,2026-08-31,5,2,0,1,2402,2,3,15,27,2510.9,21228.73,1415.25,12,0.8,0.4731,0
MRC003393,2026-08-31,2,2,1,1,647,0,3,16,32,3057.04,23498.81,1468.68,13,0.75,0.5204,0
MRC003394,2026-08-31,5,1,0,1,1209,0,9,27,48,19153.53,42275.37,1565.75,18,1.3333,1.8123,0
MRC003395,2026-08-31,0,1,1,1,1199,36,0,0,1,0,0,0.0,0,0.0,0.0,0
MRC003396,2026-08-31,5,1,1,1,471,6,1,5,6,498.49,6708.92,1341.78,5,0.7999,0.2972,0
MRC003397,2026-08-31,5,1,0,1,343,5,2,4,8,3872.36,11016.49,2754.12,4,1.9998,1.406,0
MRC003398,2026-08-31,5,3,1,1,1028,1,1,6,13,1220.55,14322.94,2387.16,6,0.6666,0.3409,0
MRC003399,2026-08-31,2,0,1,1,2128,6,1,1,4,690.5,690.5,690.5,1,3.9984,4.0,1
MRC003400,2026-08-31,0,1,1,1,1098,6,1,3,4,4298.62,4849.58,1616.53,3,1.3332,3.5456,0
MRC003401,2026-08-31,5,1,1,1,1094,2,3,10,20,2233.87,13795.78,1379.58,9,1.2,0.6477,0
MRC003402,2026-08-31,5,0,1,1,2434,8,0,1,5,0,1499.13,1499.13,1,0.0,0.0,0
MRC003403,2026-08-31,4,1,1,1,1081,12,0,3,5,0,2738.54,912.85,3,0.0,0.0,0
MRC003404,2026-08-31,5,1,1,1,1757,3,2,5,8,1747.03,3853.68,770.74,5,1.5999,1.8134,0
MRC003405,2026-08-31,0,1,1,1,2401,5,2,6,11,10363.43,12461.28,2076.88,5,1.3332,3.3266,0
MRC003406,2026-08-31,5,2,1,1,514,21,0,1,11,0,313.33,313.33,1,0.0,0.0,0
MRC003407,2026-08-31,4,0,1,1,1372,1,7,17,38,8228.52,28359.19,1668.19,12,1.647,1.1606,0
MRC003408,2026-08-31,5,2,1,0,993,24,0,1,1,0,1269.11,1269.11,1,0.0,0.0,1
MRC003409,2026-08-31,2,1,1,1,516,0,1,2,6,118.69,280.94,140.47,2,1.9996,1.6899,0
MRC003410,2026-08-31,0,2,1,1,363,3,2,6,9,3572.88,35337.64,5889.61,5,1.3332,0.4044,0
MRC003411,2026-08-31,2,0,1,1,1672,48,0,0,2,0,0,0.0,0,0.0,0.0,0
MRC003412,2026-08-31,2,1,0,1,1683,2,1,7,20,71.33,3045.29,435.04,6,0.5714,0.0937,0
MRC003413,2026-08-31,3,2,1,0,1484,1,2,7,18,5592.02,9137.58,1305.37,6,1.1428,2.4479,0
MRC003414,2026-08-31,5,0,1,1,1726,8,0,4,5,0,4973.02,1243.26,4,0.0,0.0,0
MRC003415,2026-08-31,5,1,1,1,1827,2,4,17,35,3239.47,21457.57,1262.21,13,0.9412,0.6039,0
MRC003416,2026-08-31,5,1,0,1,382,20,0,1,4,0,1439.02,1439.02,1,0.0,0.0,0
MRC003417,2026-08-31,5,1,1,0,331,0,3,12,18,3621.57,16710.01,1392.5,11,1.0,0.8669,0
MRC003418,2026-08-31,0,2,1,1,990,1,2,3,5,956.47,1746.04,582.01,3,2.6663,2.1912,0
MRC003419,2026-08-31,4,1,1,1,1499,5,1,1,3,432.07,432.07,432.07,1,3.9984,4.0,0
MRC003420,2026-08-31,2,2,1,1,2229,3,2,5,10,1588.27,4101.12,820.22,5,1.5999,1.5491,0
MRC003421,2026-08-31,2,1,1,1,2397,8,0,3,6,0,5410.7,1803.57,3,0.0,0.0,0
MRC003422,2026-08-31,5,1,1,1,2063,76,0,0,0,0,0,0.0,0,0.0,0.0,1
MRC003423,2026-08-31,5,2,0,1,893,7,0,7,11,0,7000.66,1000.09,6,0.0,0.0,0
MRC003424,2026-08-31,5,1,1,1,1511,1,2,7,18,3283.1,18947.96,2706.85,7,1.1428,0.6931,0
MRC003425,2026-08-31,5,0,1,0,510,6,1,3,4,1008.99,1975.41,658.47,3,1.3332,2.0431,0
MRC003426,2026-08-31,2,0,0,1,1315,23,0,2,2,0,4591.3,2295.65,2,0.0,0.0,0
MRC003427,2026-08-31,5,1,1,1,472,9,0,2,7,0,2099.61,1049.8,2,0.0,0.0,0
MRC003428,2026-08-31,0,1,1,1,2426,180,0,0,0,0,0,0.0,0,0.0,0.0,1
MRC003429,2026-08-31,0,1,0,1,1242,180,0,0,0,0,0,0.0,0,0.0,0.0,0
MRC003430,2026-08-31,2,1,1,1,1834,0,4,11,23,3025.95,9892.39,899.31,9,1.4545,1.2235,0
MRC003431,2026-08-31,0,2,1,1,484,2,3,9,23,2824.56,6497.35,721.93,8,1.3333,1.7389,0
MRC003432,2026-08-31,5,0,1,0,2338,4,1,3,7,12538.68,15921.39,5307.13,3,1.3332,3.1501,0
MRC003433,2026-08-31,0,1,1,1,1402,0,2,7,11,686.67,6592.27,941.75,6,1.1428,0.4167,0
MRC003434,2026-08-31,0,1,0,0,413,0,1,8,14,1835.49,12200.67,1525.08,8,0.5,0.6018,0
MRC003435,2026-08-31,5,0,0,1,1062,7,0,6,11,0,4423.04,737.17,6,0.0,0.0,0
MRC003436,2026-08-31,5,1,0,1,720,5,1,1,2,1634.39,1634.39,1634.39,1,3.9984,4.0,1
MRC003437,2026-08-31,5,1,0,1,407,18,0,2,6,0,932.99,466.5,1,0.0,0.0,0
MRC003438,2026-08-31,5,2,1,1,324,11,0,3,4,0,3707.82,1235.94,3,0.0,0.0,0
MRC003439,2026-08-31,5,1,1,1,1813,24,0,2,5,0,6585.19,3292.6,2,0.0,0.0,0
MRC003440,2026-08-31,0,0,1,1,2153,0,2,12,21,1543.8,12595.83,1049.65,9,0.6666,0.4903,0
MRC003441,2026-08-31,5,1,1,0,1699,2,6,22,39,7829.85,45344.44,2061.11,16,1.0909,0.6907,0
MRC003442,2026-08-31,0,2,1,1,1773,43,0,0,1,0,0,0.0,0,0.0,0.0,1
MRC003443,2026-08-31,2,1,1,0,338,13,0,4,7,0,1691.71,422.93,4,0.0,0.0,0
MRC003444,2026-08-31,5,0,1,1,645,5,1,2,5,531.92,812.31,406.15,2,1.9996,2.6193,0
MRC003445,2026-08-31,5,2,0,1,331,1,3,12,22,4401.36,11552.33,962.69,11,1.0,1.524,0
MRC003446,2026-08-31,5,0,0,1,2385,43,0,0,1,0,0,0.0,0,0.0,0.0,0
MRC003447,2026-08-31,5,0,1,1,1869,180,0,0,0,0,0,0.0,0,0.0,0.0,1
MRC003448,2026-08-31,5,1,1,0,2345,3,2,9,17,2001.21,12082.28,1342.48,9,0.8888,0.6625,0
MRC003449,2026-08-31,5,1,1,1,2234,5,2,10,17,2015.61,32171.74,3217.17,9,0.8,0.2506,0
MRC003450,2026-08-31,5,2,0,1,747,79,0,0,0,0,0,0.0,0,0.0,0.0,1
MRC003451,2026-08-31,5,0,1,1,1374,18,0,1,3,0,298.39,298.39,1,0.0,0.0,0
MRC003452,2026-08-31,2,1,1,0,1670,1,4,13,34,2569.35,16914.33,1301.1,9,1.2307,0.6076,0
MRC003453,2026-08-31,3,1,1,1,1877,1,1,2,4,304.48,3734.62,1867.31,2,1.9996,0.3261,0
MRC003454,2026-08-31,4,2,1,1,1716,2,1,2,7,1470.9,2387.33,1193.66,2,1.9996,2.4645,0
MRC003455,2026-08-31,5,2,1,1,1247,0,1,8,17,1856.25,8365.47,1045.68,6,0.5,0.8876,0
MRC003456,2026-08-31,0,1,1,1,265,3,1,3,4,1353.98,4063.63,1354.54,3,1.3332,1.3328,1
MRC003457,2026-08-31,5,0,1,1,2308,3,1,1,4,756.76,756.76,756.76,1,3.9984,4.0,0
MRC003458,2026-08-31,4,0,1,1,1761,68,0,0,0,0,0,0.0,0,0.0,0.0,1
MRC003459,2026-08-31,2,2,0,1,2084,8,0,1,5,0,354.88,354.88,1,0.0,0.0,1
MRC003460,2026-08-31,5,1,0,1,740,11,0,3,4,0,1807.95,602.65,3,0.0,0.0,0
MRC003461,2026-08-31,0,1,1,1,489,3,1,5,9,893.78,17619.1,3523.82,5,0.7999,0.2029,0
MRC003462,2026-08-31,5,2,1,1,2226,8,0,5,13,0,11643.67,2328.73,5,0.0,0.0,0
MRC003463,2026-08-31,5,2,1,1,2017,3,4,17,31,7844.4,23677.55,1392.8,14,0.9412,1.3252,0
MRC003464,2026-08-31,2,1,0,1,2089,0,10,32,62,9993.55,49226.56,1538.33,20,1.25,0.812,0
MRC003465,2026-08-31,0,2,0,1,1219,0,1,3,10,82.96,2929.24,976.41,3,1.3332,0.1133,0
MRC003466,2026-08-31,5,0,1,1,2235,0,1,1,4,3728.53,3728.53,3728.53,1,3.9984,4.0,0
MRC003467,2026-08-31,5,1,1,1,746,61,0,0,0,0,0,0.0,0,0.0,0.0,0
MRC003468,2026-08-31,2,3,1,1,1912,8,0,2,2,0,4436.95,2218.47,2,0.0,0.0,0
MRC003469,2026-08-31,4,0,1,1,1337,15,0,4,11,0,1656.28,414.07,3,0.0,0.0,0
MRC003470,2026-08-31,5,0,1,1,617,1,1,3,9,349.44,1089.68,363.23,3,1.3332,1.2827,1
MRC003471,2026-08-31,5,1,1,0,1824,4,1,3,6,2334.34,3755.95,1251.98,3,1.3332,2.486,0
MRC003472,2026-08-31,2,1,1,1,1044,0,2,2,3,3164.05,3164.05,1582.03,2,3.9992,4.0,0
MRC003473,2026-08-31,0,0,1,1,603,12,0,2,3,0,881.55,440.77,2,0.0,0.0,0
MRC003474,2026-08-31,0,0,1,1,1806,2,3,10,11,998.37,6453.88,645.39,10,1.2,0.6188,0
MRC003475,2026-08-31,0,0,1,0,1943,5,1,2,5,453.45,721.8,360.9,2,1.9996,2.5129,0
MRC003476,2026-08-31,5,0,0,1,963,154,0,0,0,0,0,0.0,0,0.0,0.0,1
MRC003477,2026-08-31,5,2,1,1,2369,3,1,3,6,2753.09,5977.74,1992.58,3,1.3332,1.8422,0
MRC003478,2026-08-31,5,1,1,0,1808,24,0,1,2,0,628.02,628.02,1,0.0,0.0,0
MRC003479,2026-08-31,5,1,0,1,305,0,4,8,17,6630.23,11756.55,1469.57,6,1.9999,2.2558,0
MRC003480,2026-08-31,0,0,1,1,991,0,2,11,20,962.36,13193.66,1199.42,9,0.7272,0.2918,0
MRC003481,2026-08-31,5,1,0,0,2385,26,0,2,2,0,2968.15,1484.08,2,0.0,0.0,1
MRC003482,2026-08-31,2,0,1,1,645,0,3,8,12,6530.55,10437.96,1304.74,8,1.4999,2.5026,0
MRC003483,2026-08-31,2,2,1,0,2340,3,1,4,4,77.44,5818.61,1454.65,4,0.9999,0.0532,0
MRC003484,2026-08-31,5,2,1,1,1389,7,0,1,1,0,4820.93,4820.93,1,0.0,0.0,1
MRC003485,2026-08-31,0,1,1,1,1732,2,3,10,15,17924.86,22889.55,2288.95,8,1.2,3.1324,0
MRC003486,2026-08-31,5,3,1,1,1756,31,0,0,1,0,0,0.0,0,0.0,0.0,0
MRC003487,2026-08-31,5,0,1,1,1375,5,3,12,20,6596.49,26265.79,2188.82,9,1.0,1.0046,0
MRC003488,2026-08-31,5,0,1,1,1387,95,0,0,0,0,0,0.0,0,0.0,0.0,0
MRC003489,2026-08-31,5,1,0,1,1496,42,0,0,1,0,0,0.0,0,0.0,0.0,1
MRC003490,2026-08-31,2,0,1,1,1659,1,4,22,49,10908.27,30259.71,1375.44,17,0.7273,1.442,0
MRC003491,2026-08-31,0,2,0,1,1868,86,0,0,0,0,0,0.0,0,0.0,0.0,1
MRC003492,2026-08-31,5,0,1,1,1214,14,0,1,2,0,572.96,572.96,1,0.0,0.0,1
MRC003493,2026-08-31,5,1,1,1,1208,12,0,3,3,0,3101.27,1033.76,3,0.0,0.0,0
MRC003494,2026-08-31,5,0,1,0,1957,35,0,0,2,0,0,0.0,0,0.0,0.0,0
MRC003495,2026-08-31,0,0,1,0,1911,5,2,6,13,1230.61,4754.48,792.41,6,1.3332,1.0353,0
MRC003496,2026-08-31,2,1,1,1,1677,97,0,0,0,0,0,0.0,0,0.0,0.0,0
MRC003497,2026-08-31,2,2,1,1,1264,1,2,5,9,4586.32,6225.67,1245.13,5,1.5999,2.9467,0
MRC003498,2026-08-31,5,1,1,1,1512,12,0,8,15,0,7684.55,960.57,6,0.0,0.0,0
MRC003499,2026-08-31,5,1,1,1,1504,30,0,0,2,0,0,0.0,0,0.0,0.0,0
MRC003500,2026-08-31,5,0,1,1,1208,9,0,7,13,0,6674.53,953.5,6,0.0,0.0,0
MRC003501,2026-08-31,2,0,1,0,647,7,0,3,6,0,2487.35,829.12,3,0.0,0.0,0
MRC003502,2026-08-31,5,0,0,1,1427,3,1,2,3,3074.8,3221.49,1610.75,2,1.9996,3.8179,0
MRC003503,2026-08-31,0,2,1,0,1224,1,6,28,66,16597.84,62660.26,2237.87,19,0.8571,1.0595,0
MRC003504,2026-08-31,4,0,0,0,368,1,7,9,18,14411.35,19933.62,2214.85,6,3.111,2.8919,0
MRC003505,2026-08-31,2,0,1,1,2344,0,3,10,15,7489.93,28280.21,2828.02,8,1.2,1.0594,0
MRC003506,2026-08-31,5,1,1,0,1713,5,1,10,18,240.47,8502.14,850.21,9,0.4,0.1131,0
MRC003507,2026-08-31,5,1,1,1,505,21,0,1,3,0,365.66,365.66,1,0.0,0.0,0
MRC003508,2026-08-31,2,1,1,1,703,3,2,5,11,2450.9,11779.85,2355.97,5,1.5999,0.8322,0
MRC003509,2026-08-31,5,0,1,1,1505,6,1,2,8,3571.74,4083.0,2041.5,2,1.9996,3.4991,0
MRC003510,2026-08-31,5,1,1,0,2136,25,0,2,3,0,2291.58,1145.79,2,0.0,0.0,0
MRC003511,2026-08-31,4,1,1,1,1317,3,1,2,3,150.06,551.73,275.87,2,1.9996,1.0879,0
MRC003512,2026-08-31,2,0,1,1,2031,2,2,4,8,6899.24,9910.32,2477.58,4,1.9998,2.7847,0
MRC003513,2026-08-31,5,1,1,1,537,5,1,4,8,1939.32,7304.96,1826.24,4,0.9999,1.0619,0
MRC003514,2026-08-31,5,0,1,1,1410,5,1,5,7,2440.66,6634.89,1326.98,5,0.7999,1.4714,0
MRC003515,2026-08-31,5,2,1,1,2064,23,0,1,3,0,411.19,411.19,1,0.0,0.0,0
MRC003516,2026-08-31,4,2,1,1,2107,16,0,1,7,0,1801.05,1801.05,1,0.0,0.0,0
MRC003517,2026-08-31,3,0,1,1,781,1,2,4,5,2130.78,4688.6,1172.15,4,1.9998,1.8178,0
MRC003518,2026-08-31,5,1,1,1,1722,1,7,18,33,7954.23,36681.33,2037.85,13,1.5555,0.8674,0
MRC003519,2026-08-31,2,1,0,1,343,7,0,2,9,0,6411.48,3205.74,2,0.0,0.0,0
MRC003520,2026-08-31,5,2,0,0,565,1,3,8,12,6837.98,10494.62,1311.83,6,1.4999,2.6063,0
MRC003521,2026-08-31,5,1,1,0,2223,31,0,0,2,0,0,0.0,0,0.0,0.0,0
MRC003522,2026-08-31,0,1,1,1,1875,38,0,0,1,0,0,0.0,0,0.0,0.0,0
MRC003523,2026-08-31,5,0,1,1,709,7,0,2,4,0,5754.66,2877.33,2,0.0,0.0,0
MRC003524,2026-08-31,5,0,1,1,2432,4,1,3,6,1140.4,1495.77,498.59,3,1.3332,3.0497,0
MRC003525,2026-08-31,0,1,1,1,2425,1,5,15,22,21560.65,50991.15,3399.41,15,1.3333,1.6913,0
MRC003526,2026-08-31,5,1,1,1,346,13,0,4,7,0,2607.75,651.94,3,0.0,0.0,1
MRC003527,2026-08-31,5,2,1,1,313,35,0,0,2,0,0,0.0,0,0.0,0.0,0
MRC003528,2026-08-31,5,2,1,1,792,3,1,9,16,1851.73,12957.27,1439.7,7,0.4444,0.5716,0
MRC003529,2026-08-31,5,1,1,1,1991,12,0,2,5,0,1929.53,964.77,2,0.0,0.0,0
MRC003530,2026-08-31,5,1,1,1,1563,1,1,7,12,2051.2,16995.42,2427.92,7,0.5714,0.4828,0
MRC003531,2026-08-31,0,2,1,1,1377,16,0,1,4,0,2856.29,2856.29,1,0.0,0.0,0
MRC003532,2026-08-31,5,2,1,1,1164,2,1,2,11,410.16,446.57,223.29,2,1.9996,3.6739,0
MRC003533,2026-08-31,5,2,0,0,1305,3,1,2,4,91.26,728.92,364.46,2,1.9996,0.5008,0
MRC003534,2026-08-31,5,3,1,1,1650,2,1,2,2,424.83,693.78,346.89,2,1.9996,2.4494,0
MRC003535,2026-08-31,5,1,1,1,396,8,0,1,7,0,992.92,992.92,1,0.0,0.0,0
MRC003536,2026-08-31,0,1,1,1,1538,1,2,3,4,1067.61,1326.82,442.27,3,2.6663,3.2186,0
MRC003537,2026-08-31,5,1,1,1,739,1,7,28,51,11640.79,50125.97,1790.21,18,1.0,0.9289,0
MRC003538,2026-08-31,0,0,1,1,1978,9,0,2,8,0,2446.08,1223.04,2,0.0,0.0,0
MRC003539,2026-08-31,2,1,1,1,683,21,0,4,6,0,8224.29,2056.07,3,0.0,0.0,0
MRC003540,2026-08-31,5,1,1,1,411,22,0,2,3,0,3300.09,1650.05,2,0.0,0.0,0
MRC003541,2026-08-31,5,1,0,0,1206,4,1,4,9,50.76,3195.77,798.94,4,0.9999,0.0635,0
MRC003542,2026-08-31,5,0,1,1,1219,4,1,1,3,2062.25,2062.25,2062.25,1,3.9984,4.0,1
MRC003543,2026-08-31,5,1,1,1,1390,0,4,9,19,17494.96,23143.02,2571.45,8,1.7777,3.0238,0
MRC003544,2026-08-31,0,1,0,1,2136,83,0,0,0,0,0,0.0,0,0.0,0.0,1
MRC003545,2026-08-31,5,1,0,1,1786,49,0,0,2,0,0,0.0,0,0.0,0.0,0
MRC003546,2026-08-31,0,0,1,1,1049,35,0,0,1,0,0,0.0,0,0.0,0.0,0
MRC003547,2026-08-31,5,1,1,1,1844,0,1,8,15,827.74,18929.06,2366.13,6,0.5,0.1749,0
MRC003548,2026-08-31,5,0,1,1,1357,17,0,1,3,0,752.37,752.37,1,0.0,0.0,0
MRC003549,2026-08-31,2,0,1,1,745,0,2,11,26,7791.79,15174.93,1379.54,11,0.7272,2.0539,0
MRC003550,2026-08-31,0,0,0,1,304,4,1,1,3,624.85,624.85,624.85,1,3.9984,4.0,0
MRC003551,2026-08-31,2,2,1,1,265,3,2,3,12,2423.54,2823.29,941.1,3,2.6663,3.4336,0
MRC003552,2026-08-31,5,1,0,0,746,4,2,3,7,8171.78,9253.3,3084.43,3,2.6663,3.5325,0
MRC003553,2026-08-31,5,1,1,1,2046,12,0,2,7,0,2678.78,1339.39,2,0.0,0.0,0
MRC003554,2026-08-31,0,2,1,0,1270,2,1,5,8,115.89,3504.7,700.94,5,0.7999,0.1323,0
MRC003555,2026-08-31,0,1,1,1,1244,10,0,5,9,0,6119.86,1223.97,5,0.0,0.0,0
MRC003556,2026-08-31,2,2,1,0,1128,10,0,2,3,0,1460.57,730.28,2,0.0,0.0,0
MRC003557,2026-08-31,0,0,1,1,816,48,0,0,1,0,0,0.0,0,0.0,0.0,0
MRC003558,2026-08-31,5,0,1,1,1818,6,1,3,5,64.41,2388.4,796.13,3,1.3332,0.1079,0
MRC003559,2026-08-31,5,0,0,1,284,35,0,0,3,0,0,0.0,0,0.0,0.0,1
MRC003560,2026-08-31,0,1,1,1,1593,6,1,5,11,1276.46,3253.82,650.76,5,0.7999,1.5692,0
MRC003561,2026-08-31,5,2,1,0,2304,0,5,17,25,5512.9,19580.12,1151.77,11,1.1764,1.1262,0
MRC003562,2026-08-31,2,1,0,0,2180,31,0,0,1,0,0,0.0,0,0.0,0.0,1
MRC003563,2026-08-31,4,1,1,1,1063,1,1,1,2,1039.45,1039.45,1039.45,1,3.9984,4.0,0
MRC003564,2026-08-31,5,0,0,0,2124,14,0,1,2,0,310.09,310.09,1,0.0,0.0,0
MRC003565,2026-08-31,0,2,0,0,776,11,0,2,3,0,1444.67,722.33,2,0.0,0.0,0
MRC003566,2026-08-31,5,1,1,1,784,0,2,11,15,2961.18,11710.56,1064.6,8,0.7272,1.0115,0
MRC003567,2026-08-31,5,0,1,1,1007,3,1,6,10,767.68,25524.72,4254.12,6,0.6666,0.1203,0
MRC003568,2026-08-31,5,3,1,0,295,2,6,29,56,3341.3,51146.76,1763.68,16,0.8276,0.2613,0
MRC003569,2026-08-31,2,1,1,1,837,3,2,5,9,2845.05,5434.36,1086.87,5,1.5999,2.0941,0
MRC003570,2026-08-31,5,0,1,1,2124,1,3,13,23,6273.28,12595.9,968.92,12,0.923,1.9922,0
MRC003571,2026-08-31,4,0,1,1,1922,13,0,1,6,0,264.38,264.38,1,0.0,0.0,0
MRC003572,2026-08-31,5,0,1,0,976,7,0,7,13,0,16088.04,2298.29,6,0.0,0.0,0
MRC003573,2026-08-31,4,2,1,1,939,22,0,1,3,0,1278.53,1278.53,1,0.0,0.0,1
MRC003574,2026-08-31,5,1,1,1,1015,4,1,2,3,7044.26,14968.93,7484.47,2,1.9996,1.8824,1
MRC003575,2026-08-31,0,2,1,1,516,0,3,9,19,5347.03,8914.64,990.52,8,1.3333,2.3992,0
MRC003576,2026-08-31,5,0,1,0,603,4,1,2,7,428.96,1293.58,646.79,2,1.9996,1.3264,0
MRC003577,2026-08-31,5,1,1,1,2426,0,4,7,10,5345.31,9808.05,1401.15,6,2.2856,2.18,0
MRC003578,2026-08-31,2,1,0,1,1771,0,7,14,21,17422.99,25686.47,1834.75,12,1.9999,2.7132,0
MRC003579,2026-08-31,5,1,1,1,1737,6,1,2,7,1329.86,4807.77,2403.88,2,1.9996,1.1064,0
MRC003580,2026-08-31,0,1,1,1,869,27,0,2,3,0,1706.73,853.37,2,0.0,0.0,0
MRC003581,2026-08-31,5,1,1,1,2127,2,1,1,3,3019.88,3019.88,3019.88,1,3.9984,4.0,0
MRC003582,2026-08-31,4,1,1,1,643,2,3,13,25,5573.95,30728.29,2363.71,9,0.923,0.7256,0
MRC003583,2026-08-31,0,2,1,1,2373,15,0,2,5,0,1289.68,644.84,2,0.0,0.0,1
MRC003584,2026-08-31,5,0,0,1,1356,2,2,4,9,775.13,3638.76,909.69,4,1.9998,0.8521,0
MRC003585,2026-08-31,5,1,1,1,979,12,0,3,6,0,809.78,269.93,3,0.0,0.0,0
MRC003586,2026-08-31,3,1,1,1,1896,11,0,3,6,0,5121.87,1707.29,2,0.0,0.0,0
MRC003587,2026-08-31,3,0,0,1,1168,1,2,13,22,4629.44,12183.67,937.21,10,0.6154,1.5199,0
MRC003588,2026-08-31,0,0,1,1,846,10,0,4,8,0,1530.63,382.66,4,0.0,0.0,0
MRC003589,2026-08-31,0,3,1,1,1750,0,4,17,26,7638.64,29143.51,1714.32,14,0.9412,1.0484,0
MRC003590,2026-08-31,5,0,1,1,1834,40,0,0,2,0,0,0.0,0,0.0,0.0,1
MRC003591,2026-08-31,5,0,0,1,1575,2,2,4,6,2302.89,5881.22,1470.31,4,1.9998,1.5663,0
MRC003592,2026-08-31,0,1,1,1,1266,1,2,5,7,7419.95,12784.54,2556.91,5,1.5999,2.3215,0
MRC003593,2026-08-31,2,0,1,1,975,1,6,25,59,9198.54,35305.68,1412.23,13,0.96,1.0422,0
MRC003594,2026-08-31,5,0,0,1,1139,3,1,2,4,2879.46,3977.59,1988.8,2,1.9996,2.8957,1
MRC003595,2026-08-31,5,0,1,1,2167,10,0,2,3,0,2855.5,1427.75,2,0.0,0.0,0
MRC003596,2026-08-31,5,0,1,1,1042,1,2,4,9,872.22,2477.35,619.34,3,1.9998,1.4083,0
MRC003597,2026-08-31,5,1,0,0,2370,0,1,3,4,1247.88,2169.94,723.31,3,1.3332,2.3003,0
MRC003598,2026-08-31,3,2,1,1,575,7,0,1,3,0,179.63,179.63,1,0.0,0.0,0
MRC003599,2026-08-31,5,0,1,0,612,1,4,7,14,6881.2,10604.4,1514.91,5,2.2856,2.5956,0
MRC003600,2026-08-31,2,1,1,0,983,3,1,5,8,1006.63,11420.79,2284.16,5,0.7999,0.3526,0
MRC003601,2026-08-31,0,1,1,1,263,32,0,0,7,0,0,0.0,0,0.0,0.0,0
MRC003602,2026-08-31,0,0,0,1,2178,4,1,3,4,640.8,1869.48,623.16,2,1.3332,1.3711,0
MRC003603,2026-08-31,5,1,1,1,1000,10,0,2,7,0,2113.91,1056.95,2,0.0,0.0,1
MRC003604,2026-08-31,4,1,1,1,480,4,1,4,7,1298.93,13646.16,3411.54,4,0.9999,0.3807,0
MRC003605,2026-08-31,5,0,0,1,1608,8,0,3,6,0,3200.06,1066.69,3,0.0,0.0,0
MRC003606,2026-08-31,5,1,1,1,2350,7,0,2,15,0,2746.12,1373.06,2,0.0,0.0,0
MRC003607,2026-08-31,2,0,1,1,2428,12,0,2,2,0,1928.39,964.2,2,0.0,0.0,1
MRC003608,2026-08-31,5,2,1,1,491,2,4,13,26,1519.43,17901.4,1377.03,11,1.2307,0.3395,0
MRC003609,2026-08-31,5,3,0,1,1989,12,0,2,4,0,3782.21,1891.11,2,0.0,0.0,0
MRC003610,2026-08-31,0,2,1,1,1048,2,1,4,8,654.58,14575.81,3643.95,4,0.9999,0.1796,0
MRC003611,2026-08-31,5,0,1,1,2084,25,0,1,2,0,625.22,625.22,1,0.0,0.0,0
MRC003612,2026-08-31,3,1,1,1,1581,2,2,5,10,832.69,1585.22,317.04,4,1.5999,2.1011,0
MRC003613,2026-08-31,2,1,1,1,1855,0,1,1,2,508.98,508.98,508.98,1,3.9984,4.0,0
MRC003614,2026-08-31,5,0,1,1,2087,5,1,3,7,5904.7,7547.71,2515.9,3,1.3332,3.1293,0
MRC003615,2026-08-31,5,2,1,1,2213,4,3,8,15,2147.26,11675.74,1459.47,8,1.4999,0.7356,0
MRC003616,2026-08-31,2,1,0,1,570,0,2,3,5,3709.14,4041.01,1347.0,3,2.6663,3.6715,0
MRC003617,2026-08-31,5,0,1,1,1838,89,0,0,0,0,0,0.0,0,0.0,0.0,1
MRC003618,2026-08-31,5,3,1,1,565,5,2,33,66,2764.32,56323.36,1706.77,21,0.2424,0.1963,0
MRC003619,2026-08-31,5,0,1,1,2319,2,1,1,3,595.61,595.61,595.61,1,3.9984,4.0,1
MRC003620,2026-08-31,0,1,0,1,1630,6,1,5,11,532.21,5298.45,1059.69,5,0.7999,0.4018,0
MRC003621,2026-08-31,4,0,1,1,677,25,0,1,1,0,471.72,471.72,1,0.0,0.0,0
MRC003622,2026-08-31,5,0,1,1,896,1,3,11,25,2606.84,29703.6,2700.33,8,1.0909,0.351,0
MRC003623,2026-08-31,5,3,1,1,2214,11,0,5,7,0,2317.47,463.49,5,0.0,0.0,0
MRC003624,2026-08-31,3,1,0,1,1665,12,0,4,4,0,10762.8,2690.7,4,0.0,0.0,0
MRC003625,2026-08-31,5,0,1,1,757,20,0,2,6,0,794.36,397.18,2,0.0,0.0,0
MRC003626,2026-08-31,4,1,0,0,2049,26,0,1,2,0,16522.34,16522.34,1,0.0,0.0,1
MRC003627,2026-08-31,5,2,0,1,1826,27,0,1,2,0,11996.88,11996.88,1,0.0,0.0,0
MRC003628,2026-08-31,5,2,1,0,424,2,3,9,16,5541.62,17503.93,1944.88,9,1.3333,1.2664,0
MRC003629,2026-08-31,5,2,1,1,875,10,0,14,31,0,48263.6,3447.4,10,0.0,0.0,0
MRC003630,2026-08-31,5,2,1,0,2102,13,0,3,3,0,2944.53,981.51,3,0.0,0.0,0
MRC003631,2026-08-31,5,1,0,1,1023,6,1,3,4,298.07,3710.74,1236.91,3,1.3332,0.3213,0
MRC003632,2026-08-31,0,0,1,1,339,2,2,7,12,963.98,3677.82,525.4,6,1.1428,1.0484,0
MRC003633,2026-08-31,5,2,1,1,1576,113,0,0,0,0,0,0.0,0,0.0,0.0,1
MRC003634,2026-08-31,5,0,0,1,2220,1,7,14,24,10900.06,16544.31,1181.74,11,1.9999,2.6354,0
MRC003635,2026-08-31,5,0,1,1,1472,3,1,2,2,1737.99,2162.48,1081.24,2,1.9996,3.2148,1
MRC003636,2026-08-31,4,1,0,1,2388,8,0,4,8,0,2099.08,524.77,4,0.0,0.0,0
MRC003637,2026-08-31,5,0,0,1,506,1,1,5,5,2484.8,10424.92,2084.98,5,0.7999,0.9534,0
MRC003638,2026-08-31,0,1,1,1,1715,30,0,0,4,0,0,0.0,0,0.0,0.0,0
MRC003639,2026-08-31,2,2,0,1,1676,6,1,1,3,309.87,309.87,309.87,1,3.9984,4.0,0
MRC003640,2026-08-31,0,1,1,1,2407,0,5,23,43,11661.66,54564.49,2372.37,15,0.8696,0.8549,0
MRC003641,2026-08-31,5,1,1,1,1395,215,0,0,0,0,0,0.0,0,0.0,0.0,1
MRC003642,2026-08-31,2,1,0,1,2053,10,0,1,2,0,264.91,264.91,1,0.0,0.0,0
MRC003643,2026-08-31,5,1,1,1,574,6,1,2,4,2842.89,2875.81,1437.9,2,1.9996,3.9542,1
MRC003644,2026-08-31,5,0,1,1,353,11,0,1,2,0,680.61,680.61,1,0.0,0.0,0
MRC003645,2026-08-31,5,0,1,1,1822,2,4,15,24,5535.37,29643.88,1976.26,12,1.0666,0.7469,0
MRC003646,2026-08-31,3,1,0,1,265,117,0,0,0,0,0,0.0,0,0.0,0.0,0
MRC003647,2026-08-31,5,1,1,1,2168,2,4,18,31,4191.6,27929.71,1551.65,14,0.8889,0.6003,0
MRC003648,2026-08-31,5,1,1,1,302,0,1,1,5,97.47,97.47,97.47,1,3.9984,4.0,0
MRC003649,2026-08-31,4,0,0,1,1761,21,0,1,1,0,71.26,71.26,1,0.0,0.0,0
MRC003650,2026-08-31,0,0,0,1,1244,1,1,1,1,115.06,115.06,115.06,1,3.9984,4.0,0
MRC003651,2026-08-31,5,1,1,1,1667,7,0,2,2,0,1193.72,596.86,2,0.0,0.0,0
MRC003652,2026-08-31,5,1,0,1,1619,21,0,1,2,0,5093.83,5093.83,1,0.0,0.0,0
MRC003653,2026-08-31,3,1,0,1,1227,6,1,4,7,862.01,9960.75,2490.19,4,0.9999,0.3462,0
MRC003654,2026-08-31,4,2,1,1,1309,3,1,6,9,613.09,8576.12,1429.35,6,0.6666,0.286,0
MRC003655,2026-08-31,5,1,1,1,1356,1,2,5,12,977.76,4293.48,858.7,4,1.5999,0.9109,0
MRC003656,2026-08-31,5,0,1,1,1736,19,0,1,3,0,1201.41,1201.41,1,0.0,0.0,0
MRC003657,2026-08-31,5,1,1,1,1808,6,1,1,4,701.52,701.52,701.52,1,3.9984,4.0,0
MRC003658,2026-08-31,5,0,0,1,1239,2,1,7,14,68.1,12924.91,1846.42,6,0.5714,0.0211,0
MRC003659,2026-08-31,5,0,1,1,1027,0,1,7,7,6681.98,13193.03,1884.72,7,0.5714,2.0259,0
MRC003660,2026-08-31,5,1,1,1,350,5,2,11,16,710.65,22292.67,2026.61,10,0.7272,0.1275,0
MRC003661,2026-08-31,5,0,1,1,1959,2,2,10,19,2798.36,7886.48,788.65,8,0.8,1.4193,0
MRC003662,2026-08-31,5,0,0,0,751,2,1,3,4,2202.57,5626.88,1875.63,3,1.3332,1.5657,1
MRC003663,2026-08-31,3,2,0,1,1205,0,1,4,6,690.45,2838.9,709.73,4,0.9999,0.9728,0
MRC003664,2026-08-31,5,1,1,1,2425,1,2,6,16,1769.16,6992.39,1165.4,6,1.3332,1.012,0
MRC003665,2026-08-31,5,2,1,1,1971,118,0,0,0,0,0,0.0,0,0.0,0.0,1
MRC003666,2026-08-31,5,2,0,1,1012,5,1,3,11,986.23,2048.56,682.85,3,1.3332,1.9257,0
MRC003667,2026-08-31,5,0,1,1,1294,4,1,4,7,398.27,2587.7,646.92,3,0.9999,0.6156,0
MRC003668,2026-08-31,0,1,0,1,966,18,0,1,7,0,382.41,382.41,1,0.0,0.0,0
MRC003669,2026-08-31,5,0,1,1,1625,28,0,1,1,0,191.12,191.12,1,0.0,0.0,0
MRC003670,2026-08-31,5,1,1,1,590,10,0,9,21,0,24861.12,2762.35,9,0.0,0.0,0
MRC003671,2026-08-31,2,0,1,0,2338,31,0,0,4,0,0,0.0,0,0.0,0.0,0
MRC003672,2026-08-31,2,0,1,1,2413,13,0,3,5,0,1479.74,493.25,3,0.0,0.0,0
MRC003673,2026-08-31,4,0,1,1,909,7,0,2,5,0,1765.65,882.83,2,0.0,0.0,0
MRC003674,2026-08-31,5,1,1,1,760,6,3,10,20,1329.17,12804.12,1280.41,6,1.2,0.4152,0
MRC003675,2026-08-31,5,0,1,1,1435,52,0,0,1,0,0,0.0,0,0.0,0.0,1
MRC003676,2026-08-31,5,1,1,1,1670,3,2,14,38,1077.63,20203.58,1443.11,12,0.5714,0.2134,0
MRC003677,2026-08-31,2,2,1,1,1663,0,2,14,29,1839.65,24983.51,1784.54,13,0.5714,0.2945,0
MRC003678,2026-08-31,5,1,1,1,348,10,0,1,1,0,1534.32,1534.32,1,0.0,0.0,0
MRC003679,2026-08-31,3,1,1,1,1810,0,1,13,24,2033.35,17335.95,1333.53,10,0.3077,0.4692,0
MRC003680,2026-08-31,5,0,1,1,402,1,1,7,9,337.88,4147.83,592.55,6,0.5714,0.3258,0
MRC003681,2026-08-31,0,2,1,1,1004,1,5,17,46,8525.84,27359.78,1609.4,13,1.1764,1.2465,0
MRC003682,2026-08-31,0,1,1,1,1823,0,3,11,24,1226.76,11212.97,1019.36,11,1.0909,0.4376,0
MRC003683,2026-08-31,5,1,1,1,2195,0,8,31,61,20274.15,45579.43,1470.3,21,1.0322,1.7792,0
MRC003684,2026-08-31,4,2,1,1,1644,19,0,1,1,0,2375.08,2375.08,1,0.0,0.0,1
MRC003685,2026-08-31,5,0,1,1,606,1,3,5,7,9029.1,14499.23,2899.85,3,2.3998,2.4909,0
MRC003686,2026-08-31,5,1,1,0,1743,2,1,2,3,538.46,3084.41,1542.2,2,1.9996,0.6983,1
MRC003687,2026-08-31,0,0,0,1,337,4,1,2,3,903.78,3572.43,1786.22,2,1.9996,1.0119,0
MRC003688,2026-08-31,5,0,1,1,761,1,7,40,73,9192.65,54212.06,1355.3,21,0.7,0.6783,0
MRC003689,2026-08-31,5,1,1,1,527,9,0,4,8,0,7277.09,1819.27,4,0.0,0.0,0
MRC003690,2026-08-31,5,1,1,1,2408,1,4,8,21,6896.53,7796.06,974.51,7,1.9999,3.5385,0
MRC003691,2026-08-31,5,0,1,1,1061,1,4,10,12,2747.65,9715.12,971.51,8,1.5999,1.1313,0
MRC003692,2026-08-31,4,1,0,1,1477,0,4,11,16,4530.35,30735.34,2794.12,9,1.4545,0.5896,0
MRC003693,2026-08-31,5,2,1,1,1984,4,1,2,6,1671.41,2487.52,1243.76,2,1.9996,2.6877,0
MRC003694,2026-08-31,5,2,0,1,2375,11,0,1,3,0,1564.27,1564.27,1,0.0,0.0,1
MRC003695,2026-08-31,5,0,0,1,2432,4,1,3,7,5739.61,6833.86,2277.95,3,1.3332,3.3595,0
MRC003696,2026-08-31,3,1,1,1,615,25,0,1,1,0,4967.18,4967.18,1,0.0,0.0,1
MRC003697,2026-08-31,4,0,1,1,1117,5,1,2,6,395.02,2097.99,1048.99,2,1.9996,0.7531,0
MRC003698,2026-08-31,5,1,0,1,1142,11,0,1,5,0,1008.0,1008.0,1,0.0,0.0,0
MRC003699,2026-08-31,3,0,1,1,1996,16,0,2,4,0,1215.36,607.68,2,0.0,0.0,0
MRC003700,2026-08-31,0,1,0,1,990,11,0,3,3,0,1526.53,508.84,3,0.0,0.0,0
MRC003701,2026-08-31,5,0,1,1,762,6,1,5,9,290.18,2011.44,402.29,4,0.7999,0.5771,0
MRC003702,2026-08-31,5,1,1,1,1906,0,4,10,19,12792.89,16939.16,1693.92,9,1.5999,3.0209,0
MRC003703,2026-08-31,5,0,0,1,1338,33,0,0,2,0,0,0.0,0,0.0,0.0,0
MRC003704,2026-08-31,2,0,1,1,1890,27,0,1,3,0,4174.34,4174.34,1,0.0,0.0,0
MRC003705,2026-08-31,5,1,1,1,1087,5,2,12,19,2204.23,20332.31,1694.36,12,0.6666,0.4336,0
MRC003706,2026-08-31,4,0,1,1,1320,1,1,2,7,835.87,4259.68,2129.84,2,1.9996,0.7849,0
MRC003707,2026-08-31,3,1,1,1,276,0,2,14,24,1368.14,9613.5,686.68,10,0.5714,0.5693,0
MRC003708,2026-08-31,3,1,1,1,292,8,0,9,23,0,10389.58,1154.4,8,0.0,0.0,0
MRC003709,2026-08-31,4,1,1,1,257,0,6,38,75,4437.21,44998.64,1184.17,22,0.6316,0.3944,0
MRC003710,2026-08-31,2,1,1,1,639,6,1,3,3,464.67,1758.12,586.04,3,1.3332,1.0572,0
MRC003711,2026-08-31,5,1,1,1,1016,1,6,20,36,10855.59,29198.35,1459.92,15,1.2,1.4872,0
MRC003712,2026-08-31,4,2,1,1,366,45,0,0,2,0,0,0.0,0,0.0,0.0,0
MRC003713,2026-08-31,5,0,1,1,608,1,7,35,68,21941.12,52915.26,1511.86,20,0.8,1.6586,0
MRC003714,2026-08-31,5,1,0,0,2107,2,1,5,12,344.53,5800.45,1160.09,3,0.7999,0.2376,0
MRC003715,2026-08-31,3,1,1,1,2124,1,1,4,8,351.68,903.87,225.97,4,0.9999,1.5563,0
MRC003716,2026-08-31,0,0,1,1,890,0,4,12,23,7439.16,11553.6,962.8,7,1.3333,2.5755,0
MRC003717,2026-08-31,4,0,1,1,2325,49,0,0,1,0,0,0.0,0,0.0,0.0,0
MRC003718,2026-08-31,0,0,1,1,514,109,0,0,0,0,0,0.0,0,0.0,0.0,1
MRC003719,2026-08-31,5,1,1,1,325,2,2,3,6,1469.78,2456.5,818.83,3,2.6663,2.3933,0
MRC003720,2026-08-31,5,0,1,1,1030,7,0,5,13,0,11307.37,2261.47,5,0.0,0.0,0
MRC003721,2026-08-31,5,1,1,1,835,0,7,23,47,10073.09,33849.72,1471.73,14,1.2174,1.1903,0
MRC003722,2026-08-31,0,1,0,1,425,123,0,0,0,0,0,0.0,0,0.0,0.0,0
MRC003723,2026-08-31,4,1,1,1,2108,0,5,13,33,6303.7,14367.57,1105.2,12,1.5384,1.755,0
MRC003724,2026-08-31,0,0,0,0,2395,12,0,1,3,0,127.73,127.73,1,0.0,0.0,0
MRC003725,2026-08-31,5,1,0,1,847,23,0,1,3,0,3360.18,3360.18,1,0.0,0.0,1
MRC003726,2026-08-31,4,1,1,1,945,2,2,3,6,1762.39,3460.96,1153.65,3,2.6663,2.0369,0
MRC003727,2026-08-31,4,0,0,1,1826,4,1,2,3,2800.44,4369.43,2184.72,2,1.9996,2.5637,0
MRC003728,2026-08-31,5,0,1,1,2295,9,0,6,9,0,12704.44,2117.41,5,0.0,0.0,0
MRC003729,2026-08-31,3,0,1,1,883,9,0,2,3,0,1237.88,618.94,2,0.0,0.0,0
MRC003730,2026-08-31,4,2,1,1,1748,30,0,0,2,0,0,0.0,0,0.0,0.0,1
MRC003731,2026-08-31,5,0,0,1,307,6,1,2,4,205.69,462.78,231.39,2,1.9996,1.7779,0
MRC003732,2026-08-31,0,0,1,1,1493,5,2,2,5,4115.25,4115.25,2057.62,2,3.9992,4.0,0
MRC003733,2026-08-31,0,0,1,0,2413,36,0,0,2,0,0,0.0,0,0.0,0.0,0
MRC003734,2026-08-31,0,0,1,1,1295,16,0,3,10,0,3422.88,1140.96,3,0.0,0.0,0
MRC003735,2026-08-31,2,1,1,1,1658,0,4,15,21,3174.98,21073.91,1404.93,13,1.0666,0.6026,0
MRC003736,2026-08-31,5,1,1,1,1758,4,1,14,27,8873.18,26309.06,1879.22,9,0.2857,1.3491,0
MRC003737,2026-08-31,3,1,1,1,1638,0,1,4,11,655.13,2099.33,524.83,4,0.9999,1.2483,0
MRC003738,2026-08-31,5,2,1,0,1756,28,0,1,1,0,342.34,342.34,1,0.0,0.0,0
MRC003739,2026-08-31,2,0,1,1,2194,1,1,6,10,364.13,4697.96,782.99,5,0.6666,0.31,0
MRC003740,2026-08-31,5,1,1,1,279,5,2,12,25,212.61,22728.9,1894.08,10,0.6666,0.0374,0
MRC003741,2026-08-31,5,1,1,1,2189,28,0,1,4,0,413.28,413.28,1,0.0,0.0,0
MRC003742,2026-08-31,2,1,1,1,2240,2,1,1,6,950.96,950.96,950.96,1,3.9984,4.0,0
MRC003743,2026-08-31,5,2,1,1,2232,6,1,8,13,2431.24,12529.85,1566.23,8,0.5,0.7761,0
MRC003744,2026-08-31,5,0,1,1,1061,2,4,19,32,2751.74,23676.48,1246.13,10,0.8421,0.4649,0
MRC003745,2026-08-31,5,1,1,1,1530,17,0,2,4,0,1609.26,804.63,2,0.0,0.0,1
MRC003746,2026-08-31,4,1,1,1,1028,12,0,3,17,0,2875.58,958.53,3,0.0,0.0,0
MRC003747,2026-08-31,5,0,1,1,2093,7,0,3,10,0,5390.67,1796.89,3,0.0,0.0,0
MRC003748,2026-08-31,3,2,1,1,1145,0,1,1,2,10638.92,10638.92,10638.92,1,3.9984,4.0,0
MRC003749,2026-08-31,5,0,1,1,940,0,1,11,23,3828.65,18334.47,1666.77,8,0.3636,0.8353,0
MRC003750,2026-08-31,5,0,0,0,1754,1,2,2,2,1094.81,1094.81,547.4,2,3.9992,4.0,0
MRC003751,2026-08-31,2,1,1,1,364,2,1,1,8,4035.64,4035.64,4035.64,1,3.9984,4.0,0
MRC003752,2026-08-31,5,1,0,0,1078,5,1,2,8,4149.07,4385.94,2192.97,2,1.9996,3.784,0
MRC003753,2026-08-31,5,2,1,1,707,185,0,0,0,0,0,0.0,0,0.0,0.0,1
MRC003754,2026-08-31,5,2,1,1,1073,9,0,10,22,0,19559.61,1955.96,7,0.0,0.0,0
MRC003755,2026-08-31,0,0,1,1,1237,0,1,6,8,162.59,11739.76,1956.63,6,0.6666,0.0554,0
MRC003756,2026-08-31,0,1,1,1,395,0,1,4,6,176.06,2857.98,714.5,4,0.9999,0.2464,0
MRC003757,2026-08-31,0,3,1,0,2146,17,0,3,4,0,3176.72,1058.91,3,0.0,0.0,0
MRC003758,2026-08-31,0,0,0,1,1167,19,0,2,4,0,1781.3,890.65,2,0.0,0.0,0
MRC003759,2026-08-31,5,1,1,0,1040,8,0,6,11,0,5338.86,889.81,6,0.0,0.0,0
MRC003760,2026-08-31,4,2,1,1,583,5,2,4,8,2712.27,4033.67,1008.42,4,1.9998,2.6896,0
MRC003761,2026-08-31,5,0,1,1,2432,1,1,3,3,5555.62,6050.24,2016.75,3,1.3332,3.673,0
MRC003762,2026-08-31,5,2,1,1,2126,5,1,2,3,17607.47,17904.25,8952.12,2,1.9996,3.9337,1
MRC003763,2026-08-31,5,1,1,1,1309,7,0,5,11,0,3031.51,606.3,5,0.0,0.0,0
MRC003764,2026-08-31,4,2,1,1,987,90,0,0,0,0,0,0.0,0,0.0,0.0,0
MRC003765,2026-08-31,5,1,1,1,1278,8,0,4,9,0,1831.51,457.88,3,0.0,0.0,0
MRC003766,2026-08-31,5,1,1,1,2356,7,0,2,4,0,9853.6,4926.8,2,0.0,0.0,1
MRC003767,2026-08-31,5,1,1,1,740,17,0,2,3,0,332.47,166.23,2,0.0,0.0,1
MRC003768,2026-08-31,0,0,0,1,1752,0,22,70,164,33069.72,88461.15,1263.73,28,1.2571,1.4953,0
MRC003769,2026-08-31,5,1,1,1,2231,0,4,20,45,7641.77,49495.85,2474.79,18,0.8,0.6176,0
MRC003770,2026-08-31,0,2,1,1,1909,8,0,4,9,0,5382.63,1345.66,4,0.0,0.0,0
MRC003771,2026-08-31,5,2,1,1,2158,6,1,10,14,772.44,20098.22,2009.82,9,0.4,0.1537,0
MRC003772,2026-08-31,5,3,1,1,2327,0,2,10,22,4828.8,18209.13,1820.91,9,0.8,1.0607,0
MRC003773,2026-08-31,4,1,1,1,388,7,0,3,7,0,8148.49,2716.16,3,0.0,0.0,0
MRC003774,2026-08-31,5,1,1,1,779,13,0,4,8,0,4528.08,1132.02,4,0.0,0.0,0
MRC003775,2026-08-31,0,1,1,0,572,17,0,1,4,0,378.85,378.85,1,0.0,0.0,0
MRC003776,2026-08-31,5,1,1,1,1496,5,1,8,18,344.16,17063.67,2132.96,7,0.5,0.0807,0
MRC003777,2026-08-31,5,1,1,1,1147,1,7,13,20,11238.24,25581.82,1967.83,9,2.1538,1.7572,0
MRC003778,2026-08-31,2,0,1,0,345,1,2,12,39,684.55,14080.58,1173.38,8,0.6666,0.1945,0
MRC003779,2026-08-31,2,0,1,0,1475,21,0,6,12,0,10104.14,1684.02,5,0.0,0.0,0
MRC003780,2026-08-31,0,1,1,1,477,0,13,36,69,13853.97,34028.46,945.24,20,1.4444,1.6285,0
MRC003781,2026-08-31,5,0,0,1,1146,5,1,4,6,1771.61,11822.06,2955.51,3,0.9999,0.5994,0
MRC003782,2026-08-31,5,0,1,1,1057,0,2,30,54,6334.04,49135.46,1637.85,22,0.2667,0.5156,0
MRC003783,2026-08-31,0,0,1,1,2209,2,2,3,5,3689.18,4262.94,1420.98,3,2.6663,3.4616,1
MRC003784,2026-08-31,3,2,1,1,1748,25,0,1,1,0,854.71,854.71,1,0.0,0.0,0
MRC003785,2026-08-31,0,3,1,1,1620,1,3,24,48,2642.55,45812.41,1908.85,16,0.5,0.2307,0
MRC003786,2026-08-31,5,1,1,1,2074,5,1,2,7,213.78,1359.98,679.99,2,1.9996,0.6288,0
MRC003787,2026-08-31,3,2,1,1,651,12,0,2,8,0,7428.56,3714.28,2,0.0,0.0,0
MRC003788,2026-08-31,0,2,1,1,817,1,1,1,4,237.97,237.97,237.97,1,3.9984,4.0,1
MRC003789,2026-08-31,5,0,1,1,1900,5,1,2,3,565.52,1158.41,579.2,2,1.9996,1.9527,1
MRC003790,2026-08-31,4,0,1,1,1893,7,0,1,3,0,3318.46,3318.46,1,0.0,0.0,0
MRC003791,2026-08-31,3,0,1,1,303,1,1,5,7,337.76,11303.1,2260.62,5,0.7999,0.1195,0
MRC003792,2026-08-31,5,0,1,0,747,2,1,1,1,134.71,134.71,134.71,1,3.9984,4.0,0
MRC003793,2026-08-31,5,1,1,1,753,89,0,0,0,0,0,0.0,0,0.0,0.0,0
MRC003794,2026-08-31,5,0,1,1,270,3,5,19,42,17278.22,37735.44,1986.08,17,1.0526,1.8315,0
MRC003795,2026-08-31,5,2,1,1,1701,5,1,3,5,182.32,1800.72,600.24,3,1.3332,0.405,0
MRC003796,2026-08-31,2,1,1,1,375,0,6,14,23,4847.3,11778.34,841.31,12,1.7142,1.6462,0
MRC003797,2026-08-31,5,0,1,1,2095,11,0,1,6,0,284.64,284.64,1,0.0,0.0,1
MRC003798,2026-08-31,4,3,1,0,1536,2,2,8,14,4418.37,14441.23,1805.15,6,1.0,1.2238,0
MRC003799,2026-08-31,5,2,1,1,1921,0,2,9,14,5732.1,45669.14,5074.35,7,0.8888,0.5021,0
MRC003800,2026-08-31,0,1,1,1,1343,0,2,6,14,933.49,6185.64,1030.94,6,1.3332,0.6036,0
MRC003801,2026-08-31,5,1,1,1,2377,12,0,2,3,0,1796.56,898.28,2,0.0,0.0,0
MRC003802,2026-08-31,5,3,1,1,847,13,0,5,9,0,6443.9,1288.78,4,0.0,0.0,0
MRC003803,2026-08-31,5,1,1,1,1476,4,1,8,16,763.3,5612.7,701.59,8,0.5,0.544,0
MRC003804,2026-08-31,3,2,1,1,271,6,1,3,6,375.59,8075.93,2691.98,3,1.3332,0.186,0
MRC003805,2026-08-31,5,0,1,1,2076,9,0,2,5,0,9316.77,4658.39,2,0.0,0.0,1
MRC003806,2026-08-31,4,1,1,1,1498,21,0,1,4,0,137.12,137.12,1,0.0,0.0,0
MRC003807,2026-08-31,5,1,0,1,641,10,0,2,3,0,1445.21,722.61,2,0.0,0.0,0
MRC003808,2026-08-31,5,0,1,1,2043,4,2,4,10,1228.24,2291.92,572.98,4,1.9998,2.1436,0
MRC003809,2026-08-31,3,0,1,0,2418,0,6,14,31,6654.07,23906.82,1707.63,13,1.7142,1.1133,0
MRC003810,2026-08-31,0,0,1,1,406,10,0,7,21,0,7204.03,1029.15,7,0.0,0.0,0
MRC003811,2026-08-31,5,0,0,1,2104,5,1,2,2,1445.62,2027.31,1013.65,2,1.9996,2.8523,1
MRC003812,2026-08-31,0,0,0,0,1866,0,11,30,53,12919.4,52361.61,1745.39,16,1.4666,0.9869,0
MRC003813,2026-08-31,5,1,1,0,1031,1,2,4,5,368.11,4143.5,1035.88,4,1.9998,0.3554,0
MRC003814,2026-08-31,0,2,0,1,1643,0,1,3,10,915.45,2301.25,767.08,3,1.3332,1.5912,0
MRC003815,2026-08-31,0,1,1,1,1973,19,0,2,3,0,1034.83,517.41,2,0.0,0.0,1
MRC003816,2026-08-31,0,1,1,1,1304,12,0,1,1,0,455.44,455.44,1,0.0,0.0,0
MRC003817,2026-08-31,2,0,0,1,1713,2,1,6,15,684.88,4053.79,675.63,6,0.6666,0.6758,0
MRC003818,2026-08-31,5,2,0,1,362,41,0,0,2,0,0,0.0,0,0.0,0.0,0
MRC003819,2026-08-31,3,0,1,1,2278,9,0,2,7,0,612.73,306.37,2,0.0,0.0,0
MRC003820,2026-08-31,5,0,1,1,2275,15,0,3,8,0,6303.03,2101.01,3,0.0,0.0,0
MRC003821,2026-08-31,5,1,1,1,716,10,0,2,2,0,2435.02,1217.51,2,0.0,0.0,0
MRC003822,2026-08-31,0,2,1,1,1300,44,0,0,1,0,0,0.0,0,0.0,0.0,1
MRC003823,2026-08-31,0,3,1,1,778,0,2,8,25,4752.64,13406.1,1675.76,7,1.0,1.4181,0
MRC003824,2026-08-31,5,1,1,1,1130,0,17,78,139,13867.66,88031.04,1128.6,27,0.8718,0.6301,0
MRC003825,2026-08-31,5,1,1,0,858,3,2,3,4,1904.4,3783.65,1261.22,3,2.6663,2.0133,0
MRC003826,2026-08-31,3,1,0,1,2139,2,1,5,12,708.27,1385.54,277.11,5,0.7999,2.0447,0
MRC003827,2026-08-31,4,1,1,1,1775,54,0,0,1,0,0,0.0,0,0.0,0.0,0
MRC003828,2026-08-31,5,0,1,1,2104,3,5,13,23,13568.19,25487.75,1960.6,11,1.5384,2.1294,0
MRC003829,2026-08-31,0,0,0,1,1989,5,1,1,3,1968.93,1968.93,1968.93,1,3.9984,4.0,0
MRC003830,2026-08-31,5,3,1,1,1846,1,1,6,12,491.03,3732.2,622.03,6,0.6666,0.5263,0
MRC003831,2026-08-31,0,3,1,1,621,1,2,9,14,1055.04,19663.68,2184.85,9,0.8888,0.2146,0
MRC003832,2026-08-31,5,0,0,1,2069,11,0,4,10,0,23549.61,5887.4,4,0.0,0.0,0
MRC003833,2026-08-31,2,0,1,1,1968,2,3,4,9,5441.76,6099.07,1524.77,4,2.9997,3.5689,0
MRC003834,2026-08-31,5,0,1,1,528,0,3,7,15,1013.42,7779.03,1111.29,7,1.7142,0.5211,0
MRC003835,2026-08-31,0,1,1,1,448,5,1,4,11,3850.0,6280.2,1570.05,4,0.9999,2.4522,0
MRC003836,2026-08-31,3,0,0,1,1919,0,2,12,22,2894.75,19695.12,1641.26,9,0.6666,0.5879,0
MRC003837,2026-08-31,0,1,1,1,1109,11,0,2,3,0,357.54,178.77,2,0.0,0.0,0
MRC003838,2026-08-31,5,0,1,1,973,23,0,1,7,0,1754.13,1754.13,1,0.0,0.0,0
MRC003839,2026-08-31,0,0,1,0,1123,1,5,12,25,18271.89,34581.39,2881.78,10,1.6666,2.1135,0
MRC003840,2026-08-31,0,0,1,1,2152,6,1,2,5,306.85,1461.15,730.58,2,1.9996,0.84,0
MRC003841,2026-08-31,5,1,1,1,1051,7,0,7,9,0,6312.96,901.85,6,0.0,0.0,0
MRC003842,2026-08-31,0,0,0,1,1065,4,1,7,13,812.16,10884.3,1554.9,7,0.5714,0.2985,0
MRC003843,2026-08-31,4,1,1,1,1129,4,2,7,19,1131.53,21580.58,3082.94,6,1.1428,0.2097,0
MRC003844,2026-08-31,5,1,1,1,375,51,0,0,1,0,0,0.0,0,0.0,0.0,0
MRC003845,2026-08-31,5,1,1,1,338,6,1,3,9,818.62,1457.44,485.81,3,1.3332,2.2467,0
MRC003846,2026-08-31,5,0,1,1,1162,0,2,7,10,7265.15,12554.64,1793.52,7,1.1428,2.3147,0
MRC003847,2026-08-31,2,1,1,1,293,0,2,8,20,2902.85,11811.42,1476.43,8,1.0,0.9831,0
MRC003848,2026-08-31,3,0,0,1,1910,1,1,1,5,312.43,312.43,312.43,1,3.9984,4.0,0
MRC003849,2026-08-31,5,1,0,1,1184,3,1,4,11,1070.98,6722.38,1680.6,4,0.9999,0.6373,0
MRC003850,2026-08-31,0,1,1,1,1351,23,0,1,2,0,495.17,495.17,1,0.0,0.0,1
MRC003851,2026-08-31,5,2,1,1,991,2,1,1,2,1170.81,1170.81,1170.81,1,3.9984,4.0,0
MRC003852,2026-08-31,0,3,0,1,1925,0,3,6,12,2249.68,5444.06,907.34,6,1.9999,1.6529,0
MRC003853,2026-08-31,5,1,1,1,1191,0,10,53,97,19676.21,91395.04,1724.43,24,0.7547,0.8612,0
MRC003854,2026-08-31,5,2,1,1,334,1,1,4,6,1082.39,7710.76,1927.69,4,0.9999,0.5615,0
MRC003855,2026-08-31,5,0,1,1,1323,23,0,1,4,0,620.19,620.19,1,0.0,0.0,0
MRC003856,2026-08-31,5,1,1,1,644,0,2,4,9,8862.29,9415.05,2353.76,4,1.9998,3.7652,0
MRC003857,2026-08-31,0,0,1,1,1557,21,0,1,1,0,2198.1,2198.1,1,0.0,0.0,0
MRC003858,2026-08-31,2,0,1,1,1488,0,2,9,19,6655.97,12666.21,1407.36,9,0.8888,2.102,0
MRC003859,2026-08-31,5,1,1,1,1293,11,0,3,4,0,2893.63,964.54,3,0.0,0.0,0
MRC003860,2026-08-31,3,1,1,1,1098,7,0,5,10,0,6673.4,1334.68,4,0.0,0.0,0
MRC003861,2026-08-31,3,1,1,1,1559,17,0,4,7,0,2566.68,641.67,4,0.0,0.0,0
MRC003862,2026-08-31,0,2,0,1,1743,1,1,10,19,427.37,14315.97,1431.6,10,0.4,0.1194,0
MRC003863,2026-08-31,5,1,1,1,2176,1,1,1,3,1420.33,1420.33,1420.33,1,3.9984,4.0,0
MRC003864,2026-08-31,2,2,1,1,2360,0,4,4,6,2366.51,2366.51,591.63,3,3.9996,4.0,0
MRC003865,2026-08-31,0,2,0,1,438,3,1,3,13,2225.54,2887.45,962.48,3,1.3332,3.0831,0
MRC003866,2026-08-31,5,2,1,1,1698,12,0,2,6,0,3306.08,1653.04,2,0.0,0.0,0
MRC003867,2026-08-31,3,0,1,1,441,7,0,4,9,0,2824.66,706.16,4,0.0,0.0,0
MRC003868,2026-08-31,3,1,1,0,1168,26,0,1,4,0,579.31,579.31,1,0.0,0.0,0
MRC003869,2026-08-31,5,1,1,1,1876,0,5,8,21,11668.63,16902.47,2112.81,6,2.4999,2.7614,0
MRC003870,2026-08-31,2,3,0,1,1442,4,2,8,16,524.27,5649.58,706.2,8,1.0,0.3712,0
MRC003871,2026-08-31,5,0,0,1,2022,5,1,6,8,276.53,7600.25,1266.71,6,0.6666,0.1455,0
MRC003872,2026-08-31,5,0,1,1,2251,9,0,3,10,0,2525.74,841.91,3,0.0,0.0,0
MRC003873,2026-08-31,5,0,0,1,2384,15,0,2,2,0,2464.65,1232.32,2,0.0,0.0,1
MRC003874,2026-08-31,4,0,1,1,1727,25,0,1,1,0,468.03,468.03,1,0.0,0.0,0
MRC003875,2026-08-31,0,2,1,1,1728,65,0,0,0,0,0,0.0,0,0.0,0.0,0
MRC003876,2026-08-31,5,0,1,1,2011,7,0,7,12,0,31256.81,4465.26,7,0.0,0.0,0
MRC003877,2026-08-31,0,0,1,0,766,0,1,2,7,399.56,8208.82,4104.41,2,1.9996,0.1947,0
MRC003878,2026-08-31,0,1,1,1,915,1,2,19,32,2295.66,39779.68,2093.67,14,0.421,0.2308,0
MRC003879,2026-08-31,5,1,0,1,1002,4,2,6,8,3064.99,5227.95,871.32,6,1.3332,2.3451,0
MRC003880,2026-08-31,5,0,1,1,1883,4,1,2,6,2541.17,3669.26,1834.63,2,1.9996,2.7702,0
MRC003881,2026-08-31,0,1,1,1,1024,13,0,4,10,0,5102.96,1275.74,3,0.0,0.0,0
MRC003882,2026-08-31,5,1,1,0,561,42,0,0,1,0,0,0.0,0,0.0,0.0,1
MRC003883,2026-08-31,5,3,1,1,2002,16,0,1,2,0,973.25,973.25,1,0.0,0.0,0
MRC003884,2026-08-31,5,1,1,1,1895,62,0,0,0,0,0,0.0,0,0.0,0.0,1
MRC003885,2026-08-31,5,3,0,1,1555,0,1,1,7,1964.77,1964.77,1964.77,1,3.9984,4.0,0
MRC003886,2026-08-31,5,0,0,0,2183,14,0,1,1,0,6299.37,6299.37,1,0.0,0.0,0
MRC003887,2026-08-31,4,1,1,1,1987,2,1,3,4,2248.94,5004.95,1668.32,3,1.3332,1.7974,0
MRC003888,2026-08-31,2,1,1,0,2224,10,0,2,2,0,6040.86,3020.43,2,0.0,0.0,0
MRC003889,2026-08-31,5,1,1,1,824,21,0,2,2,0,802.06,401.03,2,0.0,0.0,0
MRC003890,2026-08-31,5,1,0,1,511,5,2,10,23,804.75,14461.17,1446.12,7,0.8,0.2226,0
MRC003891,2026-08-31,5,0,1,1,1003,3,1,1,2,3272.35,3272.35,3272.35,1,3.9984,4.0,0
MRC003892,2026-08-31,5,0,1,1,2070,6,1,4,5,1180.17,19286.75,4821.69,4,0.9999,0.2448,0
MRC003893,2026-08-31,4,2,1,1,2277,0,1,3,3,453.89,3662.14,1220.71,2,1.3332,0.4958,0
MRC003894,2026-08-31,2,2,1,1,497,7,0,1,1,0,850.61,850.61,1,0.0,0.0,0
MRC003895,2026-08-31,5,0,1,1,2126,0,2,10,16,1414.05,21292.67,2129.27,9,0.8,0.2656,0
MRC003896,2026-08-31,0,1,0,1,1302,6,2,8,23,909.91,9826.62,1228.33,5,1.0,0.3704,0
MRC003897,2026-08-31,5,1,1,1,2044,5,1,2,6,237.46,1000.71,500.36,2,1.9996,0.9492,0
MRC003898,2026-08-31,5,1,1,1,1748,22,0,3,3,0,7747.65,2582.55,2,0.0,0.0,1
MRC003899,2026-08-31,5,0,1,1,388,5,1,5,10,386.7,6060.71,1212.14,5,0.7999,0.2552,0
MRC003900,2026-08-31,2,2,1,1,1315,8,0,3,5,0,3162.48,1054.16,3,0.0,0.0,0
MRC003901,2026-08-31,5,1,1,1,451,29,0,1,2,0,291.28,291.28,1,0.0,0.0,1
MRC003902,2026-08-31,0,1,1,1,999,0,2,9,14,505.26,32448.19,3605.35,8,0.8888,0.0623,0
MRC003903,2026-08-31,5,1,1,1,1912,0,6,32,61,24705.52,67747.98,2117.12,19,0.75,1.4587,0
MRC003904,2026-08-31,0,1,1,1,1751,63,0,0,0,0,0,0.0,0,0.0,0.0,0
MRC003905,2026-08-31,5,0,1,1,1796,6,1,7,16,12110.03,21073.81,3010.54,7,0.5714,2.2986,0
MRC003906,2026-08-31,5,2,1,1,1701,0,2,4,10,849.51,7047.18,1761.79,4,1.9998,0.4822,0
MRC003907,2026-08-31,5,0,0,1,289,102,0,0,0,0,0,0.0,0,0.0,0.0,1
MRC003908,2026-08-31,3,2,1,1,1530,0,2,3,5,3439.81,4732.01,1577.34,3,2.6663,2.9077,0
MRC003909,2026-08-31,4,2,1,0,1316,11,0,3,3,0,2203.46,734.49,3,0.0,0.0,0
MRC003910,2026-08-31,5,1,1,1,1411,2,4,14,29,3120.32,13211.06,943.65,14,1.1428,0.9448,0
MRC003911,2026-08-31,5,1,1,1,721,0,4,12,32,6245.36,19002.53,1583.54,9,1.3333,1.3146,0
MRC003912,2026-08-31,5,0,1,1,1799,8,0,2,5,0,632.17,316.08,2,0.0,0.0,0
MRC003913,2026-08-31,0,1,0,1,1584,2,1,12,21,2900.69,14373.17,1197.76,11,0.3333,0.8073,0
MRC003914,2026-08-31,5,1,1,1,1137,5,1,4,7,1213.94,2893.92,723.48,4,0.9999,1.6779,0
MRC003915,2026-08-31,5,0,1,1,380,1,2,7,16,2722.89,6554.83,936.4,6,1.1428,1.6616,0
MRC003916,2026-08-31,5,0,1,1,407,8,0,3,5,0,3870.22,1290.07,3,0.0,0.0,0
MRC003917,2026-08-31,5,3,1,1,1041,3,1,8,20,2820.66,5952.16,744.02,8,0.5,1.8956,0
MRC003918,2026-08-31,0,0,1,1,1431,2,1,9,24,351.99,7022.08,780.23,8,0.4444,0.2005,0
MRC003919,2026-08-31,5,0,1,1,2435,1,1,4,9,347.9,1374.27,343.57,4,0.9999,1.0126,0
MRC003920,2026-08-31,2,0,0,1,1837,45,0,0,2,0,0,0.0,0,0.0,0.0,0
MRC003921,2026-08-31,2,1,1,0,1317,4,2,4,4,5135.67,5638.71,1409.68,4,1.9998,3.6432,1
MRC003922,2026-08-31,5,1,1,1,910,4,1,2,12,38.2,288.36,144.18,2,1.9996,0.5299,0
MRC003923,2026-08-31,4,1,1,0,625,5,1,7,13,237.59,6552.68,936.1,7,0.5714,0.145,0
MRC003924,2026-08-31,5,1,0,1,564,8,0,2,4,0,1256.43,628.22,2,0.0,0.0,0
MRC003925,2026-08-31,0,0,1,1,414,1,3,7,9,3000.47,5565.64,795.09,6,1.7142,2.1564,0
MRC003926,2026-08-31,5,1,0,1,2249,60,0,0,0,0,0,0.0,0,0.0,0.0,0
MRC003927,2026-08-31,5,0,1,1,291,0,1,3,7,386.65,1430.12,476.71,3,1.3332,1.0814,0
MRC003928,2026-08-31,5,2,1,1,2144,2,1,4,6,494.9,30320.5,7580.12,4,0.9999,0.0653,0
MRC003929,2026-08-31,5,0,1,1,1531,1,2,11,39,2333.44,16401.77,1491.07,8,0.7272,0.5691,0
MRC003930,2026-08-31,5,0,0,1,1608,0,1,7,10,4398.03,26258.06,3751.15,7,0.5714,0.67,0
MRC003931,2026-08-31,4,1,1,1,2351,1,1,3,10,1764.3,2669.86,889.95,3,1.3332,2.6433,0
MRC003932,2026-08-31,5,0,1,1,1975,4,1,1,4,803.48,803.48,803.48,1,3.9984,4.0,0
MRC003933,2026-08-31,5,1,1,1,578,53,0,0,1,0,0,0.0,0,0.0,0.0,1
MRC003934,2026-08-31,3,1,1,1,2373,8,0,1,5,0,125.8,125.8,1,0.0,0.0,0
MRC003935,2026-08-31,2,2,1,1,641,32,0,0,3,0,0,0.0,0,0.0,0.0,0
MRC003936,2026-08-31,0,0,0,1,1500,76,0,0,0,0,0,0.0,0,0.0,0.0,1
MRC003937,2026-08-31,5,1,0,1,1656,1,7,22,39,12425.31,51279.44,2330.88,16,1.2727,0.9692,0
MRC003938,2026-08-31,5,1,1,1,790,1,1,4,4,872.58,3519.68,879.92,4,0.9999,0.9917,0
MRC003939,2026-08-31,2,0,0,1,1634,13,0,1,2,0,322.12,322.12,1,0.0,0.0,1
MRC003940,2026-08-31,2,1,1,1,1652,4,2,11,17,4000.17,21700.06,1972.73,9,0.7272,0.7374,0
MRC003941,2026-08-31,5,2,1,1,2398,21,0,2,5,0,9952.21,4976.1,2,0.0,0.0,0
MRC003942,2026-08-31,0,1,1,1,2255,6,1,9,13,1240.2,5773.64,641.52,9,0.4444,0.8592,0
MRC003943,2026-08-31,5,2,1,1,1130,41,0,0,2,0,0,0.0,0,0.0,0.0,1
MRC003944,2026-08-31,4,1,1,1,1764,7,0,7,12,0,6056.9,865.27,7,0.0,0.0,0
MRC003945,2026-08-31,0,1,1,1,2050,3,1,7,19,1884.1,9321.87,1331.7,7,0.5714,0.8085,0
MRC003946,2026-08-31,0,2,1,0,314,0,2,3,4,3368.7,4887.22,1629.07,3,2.6663,2.7572,0
MRC003947,2026-08-31,5,0,1,0,1753,14,0,8,10,0,7805.71,975.71,6,0.0,0.0,0
MRC003948,2026-08-31,5,1,1,1,2260,55,0,0,1,0,0,0.0,0,0.0,0.0,1
MRC003949,2026-08-31,0,1,1,1,519,1,4,12,25,2354.38,16978.56,1414.88,10,1.3333,0.5547,0
MRC003950,2026-08-31,0,2,1,1,1903,14,0,3,6,0,3403.68,1134.56,2,0.0,0.0,0
MRC003951,2026-08-31,5,2,1,0,388,12,0,4,9,0,2897.95,724.49,4,0.0,0.0,0
MRC003952,2026-08-31,0,0,1,1,1135,3,1,6,9,1191.84,8500.79,1416.8,6,0.6666,0.5608,0
MRC003953,2026-08-31,5,1,0,0,2047,65,0,0,0,0,0,0.0,0,0.0,0.0,0
MRC003954,2026-08-31,0,0,0,0,2414,24,0,1,3,0,309.49,309.49,1,0.0,0.0,0
MRC003955,2026-08-31,3,1,1,0,1847,13,0,6,17,0,4757.17,792.86,5,0.0,0.0,0
MRC003956,2026-08-31,2,1,0,1,1833,8,0,3,13,0,2169.46,723.15,3,0.0,0.0,0
MRC003957,2026-08-31,5,0,1,0,823,54,0,0,1,0,0,0.0,0,0.0,0.0,0
MRC003958,2026-08-31,5,2,1,1,2060,2,1,4,10,115.78,7565.6,1891.4,3,0.9999,0.0612,0
MRC003959,2026-08-31,0,1,0,1,1696,4,2,7,11,1011.63,3211.93,458.85,6,1.1428,1.2598,0
MRC003960,2026-08-31,4,1,1,1,2317,6,1,1,2,324.29,324.29,324.29,1,3.9984,4.0,0
MRC003961,2026-08-31,0,3,1,1,1574,0,1,2,2,3254.64,4877.46,2438.73,2,1.9996,2.6691,0
MRC003962,2026-08-31,0,1,1,1,343,9,0,1,2,0,1342.42,1342.42,1,0.0,0.0,0
MRC003963,2026-08-31,5,1,1,1,1373,1,1,6,15,820.8,5669.19,944.86,5,0.6666,0.5791,0
MRC003964,2026-08-31,4,0,1,1,1949,4,1,3,5,37.78,3997.17,1332.39,3,1.3332,0.0378,0
MRC003965,2026-08-31,2,0,1,1,1978,23,0,2,3,0,899.87,449.93,2,0.0,0.0,1
MRC003966,2026-08-31,0,0,0,1,1101,0,1,4,9,236.61,2774.92,693.73,4,0.9999,0.3411,0
MRC003967,2026-08-31,5,0,1,1,630,0,2,12,29,754.04,12582.75,1048.56,10,0.6666,0.2397,0
MRC003968,2026-08-31,5,0,1,1,2155,47,0,0,2,0,0,0.0,0,0.0,0.0,0
MRC003969,2026-08-31,5,1,1,1,2055,0,3,3,6,6425.84,6425.84,2141.95,3,3.9995,4.0,0
MRC003970,2026-08-31,5,1,0,1,2177,1,10,64,119,17503.98,89669.43,1401.08,25,0.625,0.7808,0
MRC003971,2026-08-31,5,0,1,1,1722,4,1,7,7,240.2,6922.09,988.87,6,0.5714,0.1388,0
MRC003972,2026-08-31,2,1,1,1,2067,8,0,1,2,0,739.05,739.05,1,0.0,0.0,0
MRC003973,2026-08-31,5,2,1,1,1137,0,1,2,3,483.88,1069.44,534.72,2,1.9996,1.8098,1
MRC003974,2026-08-31,5,0,1,1,1959,9,0,1,4,0,317.56,317.56,1,0.0,0.0,1
MRC003975,2026-08-31,0,1,1,1,1323,0,1,5,12,5541.75,7377.24,1475.45,4,0.7999,3.0048,0
MRC003976,2026-08-31,5,0,1,1,1992,2,2,5,12,1253.92,9262.55,1852.51,5,1.5999,0.5415,0
MRC003977,2026-08-31,4,1,1,0,576,2,1,4,6,86.57,1845.83,461.46,4,0.9999,0.1876,0
MRC003978,2026-08-31,0,1,1,1,904,1,4,19,41,7844.72,31176.51,1640.87,15,0.8421,1.0065,0
MRC003979,2026-08-31,5,0,1,1,725,5,1,6,10,161.87,17323.32,2887.22,6,0.6666,0.0374,0
MRC003980,2026-08-31,0,0,1,1,1145,12,0,2,6,0,3845.81,1922.9,2,0.0,0.0,0
MRC003981,2026-08-31,5,2,1,1,2036,35,0,0,2,0,0,0.0,0,0.0,0.0,0
MRC003982,2026-08-31,5,0,0,1,508,13,0,1,2,0,1013.02,1013.02,1,0.0,0.0,1
MRC003983,2026-08-31,5,1,1,0,1853,123,0,0,0,0,0,0.0,0,0.0,0.0,1
MRC003984,2026-08-31,2,1,1,1,2071,1,1,3,3,617.65,2155.6,718.53,3,1.3332,1.1461,0
MRC003985,2026-08-31,5,0,1,1,1723,41,0,0,3,0,0,0.0,0,0.0,0.0,0
MRC003986,2026-08-31,5,1,1,1,1668,1,1,6,17,65.79,4627.92,771.32,5,0.6666,0.0569,0
MRC003987,2026-08-31,4,1,0,0,559,7,0,3,6,0,4644.71,1548.24,3,0.0,0.0,0
MRC003988,2026-08-31,4,0,1,1,1595,1,2,9,15,1973.2,20424.58,2269.4,7,0.8888,0.3864,0
MRC003989,2026-08-31,5,2,1,1,751,2,1,10,15,12285.3,19386.22,1938.62,10,0.4,2.5349,0
MRC003990,2026-08-31,5,1,1,1,794,2,1,4,7,251.48,5624.08,1406.02,4,0.9999,0.1789,0
MRC003991,2026-08-31,2,1,1,1,2139,0,2,8,20,1322.09,8794.92,1099.37,6,1.0,0.6013,0
MRC003992,2026-08-31,2,0,1,1,1600,1,6,21,37,12557.27,34709.64,1652.84,14,1.1428,1.4471,0
MRC003993,2026-08-31,5,0,0,1,2427,28,0,1,2,0,3906.56,3906.56,1,0.0,0.0,0
MRC003994,2026-08-31,0,1,1,1,1250,5,1,10,19,3241.16,16261.81,1626.18,10,0.4,0.7972,0
MRC003995,2026-08-31,0,1,1,0,1038,7,0,4,9,0,7382.02,1845.5,3,0.0,0.0,0
MRC003996,2026-08-31,5,0,1,1,2431,10,0,11,18,0,30361.36,2760.12,9,0.0,0.0,0
MRC003997,2026-08-31,0,1,1,1,1617,8,0,3,7,0,12111.58,4037.19,3,0.0,0.0,0
MRC003998,2026-08-31,0,1,0,0,2142,0,3,15,29,1356.09,16822.97,1121.53,12,0.8,0.3224,0
MRC003999,2026-08-31,5,0,1,1,354,58,0,0,2,0,0,0.0,0,0.0,0.0,1
MRC004000,2026-08-31,5,1,1,1,1406,15,0,1,4,0,392.86,392.86,1,0.0,0.0,1
MRC004001,2026-08-31,3,1,1,1,2042,3,1,2,2,229.16,2043.57,1021.79,2,1.9996,0.4485,1
MRC004002,2026-08-31,2,1,0,1,2023,4,2,7,8,1616.41,5050.38,721.48,7,1.1428,1.2802,0
MRC004003,2026-08-31,5,1,1,1,1819,17,0,6,8,0,5559.76,926.63,5,0.0,0.0,0
MRC004004,2026-08-31,5,1,1,1,616,18,0,1,2,0,37.78,37.78,1,0.0,0.0,0
MRC004005,2026-08-31,5,2,0,1,1451,27,0,2,3,0,1161.37,580.69,2,0.0,0.0,0
MRC004006,2026-08-31,5,2,1,1,478,2,1,1,6,833.29,833.29,833.29,1,3.9984,4.0,0
MRC004007,2026-08-31,5,0,0,1,2009,33,0,0,2,0,0,0.0,0,0.0,0.0,0
MRC004008,2026-08-31,5,1,1,0,1634,1,1,5,9,1049.88,6800.31,1360.06,5,0.7999,0.6175,0
MRC004009,2026-08-31,5,2,1,1,680,36,0,0,3,0,0,0.0,0,0.0,0.0,0
MRC004010,2026-08-31,0,2,0,1,1845,0,4,10,13,3850.51,16495.23,1649.52,7,1.5999,0.9337,0
MRC004011,2026-08-31,5,0,1,1,1828,0,1,4,6,477.92,3136.19,784.05,4,0.9999,0.6096,0
MRC004012,2026-08-31,5,0,0,0,372,2,3,12,30,2774.71,17182.42,1431.87,9,1.0,0.6459,0
MRC004013,2026-08-31,2,0,1,1,451,7,0,7,19,0,6251.53,893.08,6,0.0,0.0,0
MRC004014,2026-08-31,0,2,1,1,696,6,1,7,13,1005.36,17927.66,2561.09,5,0.5714,0.2243,0
MRC004015,2026-08-31,5,2,0,1,410,1,4,10,13,3828.94,13960.58,1396.06,9,1.5999,1.0971,0
MRC004016,2026-08-31,5,2,0,1,1430,2,2,8,14,1120.34,5581.28,697.66,6,1.0,0.8029,0
MRC004017,2026-08-31,5,0,1,1,2179,3,1,4,7,1494.67,8955.37,2238.84,4,0.9999,0.6676,0
MRC004018,2026-08-31,3,2,0,0,394,17,0,4,5,0,8318.47,2079.62,4,0.0,0.0,0
MRC004019,2026-08-31,0,0,1,1,1599,0,4,24,52,6437.86,29086.96,1211.96,19,0.6667,0.8853,0
MRC004020,2026-08-31,4,1,1,1,1183,11,0,2,4,0,1059.97,529.99,2,0.0,0.0,1
MRC004021,2026-08-31,5,0,0,0,2084,8,0,1,2,0,705.77,705.77,1,0.0,0.0,0
MRC004022,2026-08-31,0,1,1,0,1310,7,0,4,12,0,1945.05,486.26,3,0.0,0.0,0
MRC004023,2026-08-31,5,1,0,1,1718,2,1,7,16,211.75,11399.28,1628.47,7,0.5714,0.0743,0
MRC004024,2026-08-31,2,0,1,0,2271,6,1,4,4,202.27,16934.4,4233.6,3,0.9999,0.0478,0
MRC004025,2026-08-31,5,0,1,1,554,12,0,1,2,0,3357.95,3357.95,1,0.0,0.0,1
MRC004026,2026-08-31,3,2,0,1,946,5,3,13,27,5815.29,19097.98,1469.08,11,0.923,1.218,0
MRC004027,2026-08-31,4,0,1,1,846,1,1,7,9,6764.71,19869.38,2838.48,7,0.5714,1.3618,0
MRC004028,2026-08-31,5,1,1,1,625,27,0,1,3,0,550.4,550.4,1,0.0,0.0,0
MRC004029,2026-08-31,5,0,1,0,1672,1,2,7,18,1332.27,5775.57,825.08,7,1.1428,0.9227,0
MRC004030,2026-08-31,0,0,0,1,273,130,0,0,0,0,0,0.0,0,0.0,0.0,0
MRC004031,2026-08-31,2,0,1,1,1100,1,1,7,13,535.6,10950.21,1564.32,6,0.5714,0.1956,0
MRC004032,2026-08-31,5,1,0,0,522,5,1,2,4,730.4,1962.51,981.25,2,1.9996,1.4887,0
MRC004033,2026-08-31,5,1,0,1,1601,1,7,15,36,20089.87,32876.24,2191.75,12,1.8666,2.4443,0
MRC004034,2026-08-31,3,0,0,1,1897,1,1,8,11,2805.22,15155.13,1894.39,6,0.5,0.7404,0
MRC004035,2026-08-31,5,2,1,1,1277,73,0,0,0,0,0,0.0,0,0.0,0.0,0
MRC004036,2026-08-31,0,0,0,1,1229,1,2,7,17,2049.95,15423.57,2203.37,6,1.1428,0.5316,0
MRC004037,2026-08-31,0,1,0,1,1239,177,0,0,0,0,0,0.0,0,0.0,0.0,1
MRC004038,2026-08-31,5,0,1,1,691,3,1,7,17,2564.86,17453.73,2493.39,7,0.5714,0.5878,0
MRC004039,2026-08-31,5,2,1,1,1077,26,0,1,1,0,553.11,553.11,1,0.0,0.0,1
MRC004040,2026-08-31,5,0,1,0,2295,19,0,3,3,0,2184.59,728.2,3,0.0,0.0,0
MRC004041,2026-08-31,0,1,1,1,346,1,1,2,6,245.83,413.67,206.84,2,1.9996,2.3771,0
MRC004042,2026-08-31,3,1,1,1,1977,2,1,6,10,376.18,14751.49,2458.58,5,0.6666,0.102,0
MRC004043,2026-08-31,5,1,1,1,616,0,15,47,74,14325.05,67446.92,1435.04,26,1.2766,0.8496,0
MRC004044,2026-08-31,4,2,1,0,506,71,0,0,0,0,0,0.0,0,0.0,0.0,1
MRC004045,2026-08-31,3,0,1,1,881,5,1,7,13,1156.08,12805.03,1829.29,7,0.5714,0.3611,0
MRC004046,2026-08-31,5,1,1,1,844,0,10,23,50,12921.98,55426.09,2409.83,17,1.7391,0.9326,0
MRC004047,2026-08-31,4,2,1,1,947,5,1,2,4,1764.12,2092.81,1046.4,2,1.9996,3.3718,1
MRC004048,2026-08-31,2,2,0,1,2113,23,0,2,4,0,4695.97,2347.99,2,0.0,0.0,0
MRC004049,2026-08-31,4,1,1,1,2233,0,2,3,6,1157.58,7351.51,2450.5,3,2.6663,0.6298,0
MRC004050,2026-08-31,5,1,1,1,1769,0,3,9,16,11422.61,41177.16,4575.24,7,1.3333,1.1096,0
MRC004051,2026-08-31,4,1,1,1,576,24,0,1,4,0,265.07,265.07,1,0.0,0.0,0
MRC004052,2026-08-31,0,1,1,1,2323,35,0,0,2,0,0,0.0,0,0.0,0.0,0
MRC004053,2026-08-31,0,2,1,1,2108,22,0,1,4,0,1049.52,1049.52,1,0.0,0.0,1
MRC004054,2026-08-31,0,2,1,1,423,0,2,12,25,875.03,12275.91,1022.99,9,0.6666,0.2851,0
MRC004055,2026-08-31,0,1,1,1,1103,5,1,1,2,1180.44,1180.44,1180.44,1,3.9984,4.0,1
MRC004056,2026-08-31,5,1,1,1,1951,54,0,0,1,0,0,0.0,0,0.0,0.0,0
MRC004057,2026-08-31,0,1,1,1,451,3,1,1,2,194.63,194.63,194.63,1,3.9984,4.0,0
MRC004058,2026-08-31,4,0,1,1,423,3,1,3,3,159.46,6292.17,2097.39,3,1.3332,0.1014,0
MRC004059,2026-08-31,0,2,0,1,1581,7,0,11,27,0,8969.85,815.44,9,0.0,0.0,0
MRC004060,2026-08-31,2,1,0,1,992,238,0,0,0,0,0,0.0,0,0.0,0.0,1
MRC004061,2026-08-31,0,0,1,1,1221,1,7,16,38,8196.2,42903.19,2681.45,12,1.75,0.7642,0
MRC004062,2026-08-31,5,1,1,1,1897,2,1,12,23,1586.86,16261.51,1355.13,12,0.3333,0.3903,0
MRC004063,2026-08-31,5,0,1,1,1447,8,0,6,7,0,10130.6,1688.43,4,0.0,0.0,0
MRC004064,2026-08-31,5,0,1,1,1810,131,0,0,0,0,0,0.0,0,0.0,0.0,0
MRC004065,2026-08-31,4,1,0,1,532,18,0,2,3,0,3442.45,1721.22,2,0.0,0.0,0
MRC004066,2026-08-31,5,1,1,1,261,41,0,0,3,0,0,0.0,0,0.0,0.0,0
MRC004067,2026-08-31,5,1,1,1,806,1,4,21,38,2195.88,16479.04,784.72,12,0.7619,0.533,0
MRC004068,2026-08-31,0,0,0,1,698,46,0,0,1,0,0,0.0,0,0.0,0.0,0
MRC004069,2026-08-31,5,1,1,1,965,14,0,2,3,0,1063.32,531.66,2,0.0,0.0,0
MRC004070,2026-08-31,5,0,0,1,1958,16,0,1,7,0,526.7,526.7,1,0.0,0.0,0
MRC004071,2026-08-31,2,2,1,1,589,23,0,1,1,0,1662.32,1662.32,1,0.0,0.0,1
MRC004072,2026-08-31,2,0,1,1,532,4,1,5,7,2802.83,6598.15,1319.63,4,0.7999,1.6992,0
MRC004073,2026-08-31,5,2,1,1,695,36,0,0,1,0,0,0.0,0,0.0,0.0,0
MRC004074,2026-08-31,0,0,1,1,970,0,17,57,104,22415.77,74203.15,1301.81,28,1.193,1.2083,0
MRC004075,2026-08-31,5,0,1,0,688,3,1,2,3,459.73,2321.76,1160.88,2,1.9996,0.792,1
MRC004076,2026-08-31,0,1,0,1,658,1,5,22,41,5435.1,36637.85,1665.36,15,0.9091,0.5934,0
MRC004077,2026-08-31,0,1,1,1,1523,62,0,0,0,0,0,0.0,0,0.0,0.0,0
MRC004078,2026-08-31,0,2,1,1,500,3,1,7,9,855.43,13626.81,1946.69,7,0.5714,0.2511,0
MRC004079,2026-08-31,2,1,1,1,593,4,2,3,7,596.1,2495.4,831.8,3,2.6663,0.9555,0
MRC004080,2026-08-31,5,0,1,1,2085,0,1,1,7,6175.48,6175.48,6175.48,1,3.9984,4.0,0
MRC004081,2026-08-31,5,0,1,0,296,13,0,2,5,0,1153.46,576.73,2,0.0,0.0,0
MRC004082,2026-08-31,5,1,1,1,391,1,1,8,14,1593.58,9237.56,1154.69,8,0.5,0.69,0
MRC004083,2026-08-31,3,1,1,1,408,0,1,5,14,1661.72,4489.91,897.98,5,0.7999,1.4804,0
MRC004084,2026-08-31,5,2,0,1,1428,9,0,4,6,0,4877.17,1219.29,4,0.0,0.0,0
MRC004085,2026-08-31,2,1,1,1,1775,9,0,1,3,0,238.64,238.64,1,0.0,0.0,0
MRC004086,2026-08-31,0,1,1,0,1770,3,1,2,2,2555.03,2832.93,1416.47,2,1.9996,3.6076,0
MRC004087,2026-08-31,5,2,0,1,1764,8,0,3,6,0,730.85,243.62,3,0.0,0.0,0
MRC004088,2026-08-31,5,0,1,1,382,0,2,5,7,1816.9,6021.05,1204.21,5,1.5999,1.207,0
MRC004089,2026-08-31,5,1,0,1,1009,0,2,7,7,460.75,5632.9,804.7,7,1.1428,0.3272,0
MRC004090,2026-08-31,3,2,1,1,1641,30,0,0,2,0,0,0.0,0,0.0,0.0,0
MRC004091,2026-08-31,5,1,1,0,1747,9,0,3,5,0,1911.15,637.05,3,0.0,0.0,0
MRC004092,2026-08-31,4,1,0,1,986,0,4,6,13,1987.25,6221.95,1036.99,5,2.6665,1.2776,0
MRC004093,2026-08-31,5,2,1,1,2107,180,0,0,0,0,0,0.0,0,0.0,0.0,1
MRC004094,2026-08-31,5,0,0,1,2078,0,1,9,17,1837.19,35566.31,3951.81,7,0.4444,0.2066,0
MRC004095,2026-08-31,5,2,0,1,1929,27,0,1,3,0,875.96,875.96,1,0.0,0.0,1
MRC004096,2026-08-31,0,1,1,1,1999,0,4,24,45,1751.58,40226.4,1676.1,15,0.6667,0.1742,0
MRC004097,2026-08-31,0,1,0,1,2387,0,3,11,24,1931.58,18530.52,1684.59,10,1.0909,0.417,0
MRC004098,2026-08-31,5,0,1,1,1991,5,1,3,3,901.49,4890.81,1630.27,3,1.3332,0.7373,0
MRC004099,2026-08-31,5,1,1,1,1536,2,1,2,3,160.99,347.45,173.73,2,1.9996,1.8534,0
MRC004100,2026-08-31,5,0,1,1,1128,0,1,13,38,619.09,20022.34,1540.18,10,0.3077,0.1237,0
MRC004101,2026-08-31,5,0,1,0,1048,4,1,6,16,2095.04,12555.98,2092.66,6,0.6666,0.6674,0
MRC004102,2026-08-31,4,1,1,1,2054,1,1,9,21,285.01,11218.84,1246.54,9,0.4444,0.1016,0
MRC004103,2026-08-31,0,0,1,1,903,0,1,10,20,327.58,20937.52,2093.75,10,0.4,0.0626,0
MRC004104,2026-08-31,5,1,1,1,1633,3,1,2,3,1307.32,3603.21,1801.61,2,1.9996,1.4513,0
MRC004105,2026-08-31,4,0,1,1,1355,7,0,3,8,0,4900.68,1633.56,3,0.0,0.0,0
MRC004106,2026-08-31,3,0,1,1,1084,10,0,1,4,0,3353.43,3353.43,1,0.0,0.0,0
MRC004107,2026-08-31,5,0,1,1,1241,9,0,2,2,0,1509.53,754.76,2,0.0,0.0,0
MRC004108,2026-08-31,2,1,0,1,433,1,1,4,7,392.78,8138.28,2034.57,4,0.9999,0.1931,0
MRC004109,2026-08-31,2,0,1,0,1807,10,0,4,5,0,3657.57,914.39,4,0.0,0.0,1
MRC004110,2026-08-31,0,0,0,1,402,13,0,2,6,0,1714.96,857.48,2,0.0,0.0,0
MRC004111,2026-08-31,4,1,1,1,418,3,1,2,3,1494.51,1911.58,955.79,2,1.9996,3.1273,0
MRC004112,2026-08-31,5,1,1,1,806,0,1,2,3,5315.86,5382.62,2691.31,2,1.9996,3.9504,0
MRC004113,2026-08-31,2,1,0,1,1417,0,4,25,40,5058.9,38228.89,1529.16,18,0.64,0.5293,0
MRC004114,2026-08-31,0,0,1,1,911,9,0,3,4,0,3626.85,1208.95,3,0.0,0.0,0
MRC004115,2026-08-31,0,2,1,1,2180,94,0,0,0,0,0,0.0,0,0.0,0.0,0
MRC004116,2026-08-31,0,1,1,1,2283,3,1,7,12,1242.88,9953.98,1422.0,7,0.5714,0.4995,0
MRC004117,2026-08-31,5,1,1,1,1116,2,2,15,27,854.75,12215.22,814.35,13,0.5333,0.2799,0
MRC004118,2026-08-31,5,0,1,1,2441,9,0,5,14,0,10992.47,2198.49,5,0.0,0.0,0
MRC004119,2026-08-31,3,0,1,1,451,24,0,2,3,0,228.24,114.12,1,0.0,0.0,0
MRC004120,2026-08-31,3,1,1,1,570,28,0,1,3,0,756.65,756.65,1,0.0,0.0,0
MRC004121,2026-08-31,0,0,1,0,1015,12,0,2,5,0,3068.58,1534.29,2,0.0,0.0,0
MRC004122,2026-08-31,3,1,1,1,2316,3,2,6,6,897.46,12428.67,2071.45,4,1.3332,0.2888,0
MRC004123,2026-08-31,0,0,1,1,1357,9,0,2,3,0,5624.84,2812.42,2,0.0,0.0,0
MRC004124,2026-08-31,5,0,1,1,1800,8,0,1,1,0,584.27,584.27,1,0.0,0.0,1
MRC004125,2026-08-31,0,0,1,1,1683,2,1,2,2,5940.34,7442.98,3721.49,2,1.9996,3.1925,0
MRC004126,2026-08-31,5,0,1,1,1346,2,1,5,10,391.07,6379.0,1275.8,5,0.7999,0.2452,0
MRC004127,2026-08-31,0,1,1,1,2292,25,0,1,1,0,304.02,304.02,1,0.0,0.0,0
MRC004128,2026-08-31,5,0,0,0,2342,6,1,5,7,1201.25,12167.95,2433.59,5,0.7999,0.3949,0
MRC004129,2026-08-31,0,1,1,1,1236,1,4,15,30,3186.01,12251.23,816.75,13,1.0666,1.0402,0
MRC004130,2026-08-31,5,0,1,1,1816,2,4,20,41,4024.85,20560.07,1028.0,14,0.8,0.783,0
MRC004131,2026-08-31,0,1,1,1,1620,29,0,2,5,0,2306.96,1153.48,1,0.0,0.0,0
MRC004132,2026-08-31,5,2,1,1,1554,1,3,7,17,3290.66,5485.65,783.66,6,1.7142,2.3995,0
MRC004133,2026-08-31,5,2,1,1,478,41,0,0,1,0,0,0.0,0,0.0,0.0,0
MRC004134,2026-08-31,4,1,1,1,714,10,0,2,5,0,3702.46,1851.23,2,0.0,0.0,0
MRC004135,2026-08-31,4,1,1,1,2420,40,0,0,4,0,0,0.0,0,0.0,0.0,0
MRC004136,2026-08-31,2,1,1,1,791,3,2,7,10,5182.27,8573.78,1224.83,7,1.1428,2.4177,0
MRC004137,2026-08-31,5,2,0,1,1681,5,1,11,20,1720.28,27230.41,2475.49,8,0.3636,0.2527,0
MRC004138,2026-08-31,5,1,1,1,2248,16,0,3,4,0,2459.87,819.96,3,0.0,0.0,0
MRC004139,2026-08-31,0,0,1,1,1573,31,0,0,5,0,0,0.0,0,0.0,0.0,0
MRC004140,2026-08-31,2,1,1,0,726,8,0,1,2,0,224.17,224.17,1,0.0,0.0,0
MRC004141,2026-08-31,4,0,1,1,2135,3,2,4,15,1592.46,5032.79,1258.2,4,1.9998,1.2657,0
MRC004142,2026-08-31,0,1,1,0,327,11,0,4,13,0,1438.83,359.71,4,0.0,0.0,0
MRC004143,2026-08-31,5,0,1,1,1837,2,2,7,10,2631.95,7754.17,1107.74,7,1.1428,1.3577,0
MRC004144,2026-08-31,2,0,1,1,838,2,4,20,47,9021.27,42102.37,2105.12,16,0.8,0.8571,0
MRC004145,2026-08-31,4,1,1,1,1656,58,0,0,1,0,0,0.0,0,0.0,0.0,1
MRC004146,2026-08-31,5,1,0,1,1307,12,0,1,2,0,845.99,845.99,1,0.0,0.0,1
MRC004147,2026-08-31,5,1,1,0,1500,7,0,3,7,0,4607.89,1535.96,2,0.0,0.0,0
MRC004148,2026-08-31,5,2,1,1,1091,1,3,14,26,10516.99,24139.86,1724.28,12,0.8571,1.7427,0
MRC004149,2026-08-31,0,2,1,1,1412,71,0,0,0,0,0,0.0,0,0.0,0.0,1
MRC004150,2026-08-31,5,1,0,1,2301,9,0,1,5,0,4578.24,4578.24,1,0.0,0.0,0
MRC004151,2026-08-31,5,3,0,1,2062,3,1,2,7,1899.84,3284.39,1642.19,2,1.9996,2.3138,0
MRC004152,2026-08-31,3,0,1,1,1171,5,2,8,15,4277.97,14642.52,1830.32,7,1.0,1.1686,0
MRC004153,2026-08-31,0,0,1,1,2313,5,1,2,8,1008.49,1364.01,682.0,2,1.9996,2.9574,0
MRC004154,2026-08-31,5,2,1,1,2199,10,0,3,9,0,2012.17,670.72,3,0.0,0.0,0
MRC004155,2026-08-31,3,1,1,1,1627,4,1,4,10,5646.93,10478.12,2619.53,3,0.9999,2.1557,0
MRC004156,2026-08-31,5,2,1,1,1556,11,0,1,1,0,264.99,264.99,1,0.0,0.0,1
MRC004157,2026-08-31,5,0,0,1,334,2,2,8,14,154.26,12683.03,1585.38,5,1.0,0.0487,0
MRC004158,2026-08-31,5,0,1,1,1402,12,0,16,35,0,22505.1,1406.57,13,0.0,0.0,0
MRC004159,2026-08-31,5,0,1,1,721,46,0,0,2,0,0,0.0,0,0.0,0.0,0
MRC004160,2026-08-31,5,1,1,1,607,20,0,1,3,0,111.39,111.39,1,0.0,0.0,0
MRC004161,2026-08-31,4,2,1,1,2132,24,0,1,4,0,684.29,684.29,1,0.0,0.0,0
MRC004162,2026-08-31,4,1,0,1,849,0,7,8,20,11770.17,14813.11,1851.64,7,3.4998,3.1783,0
MRC004163,2026-08-31,5,0,0,1,1601,21,0,1,4,0,1927.19,1927.19,1,0.0,0.0,0
MRC004164,2026-08-31,3,0,1,1,2151,15,0,1,1,0,82.39,82.39,1,0.0,0.0,1
MRC004165,2026-08-31,5,0,0,1,1563,0,4,15,26,37347.92,46134.01,3075.6,13,1.0666,3.2382,0
MRC004166,2026-08-31,5,1,1,0,1961,39,0,0,1,0,0,0.0,0,0.0,0.0,1
MRC004167,2026-08-31,3,1,1,1,1950,0,2,6,12,11650.57,13104.04,2184.01,5,1.3332,3.5563,0
MRC004168,2026-08-31,5,0,1,1,1234,132,0,0,0,0,0,0.0,0,0.0,0.0,0
MRC004169,2026-08-31,2,1,1,0,2271,0,3,5,9,1944.06,5540.63,1108.13,5,2.3998,1.4035,0
MRC004170,2026-08-31,5,1,0,1,2243,1,1,3,7,705.67,8213.08,2737.69,3,1.3332,0.3437,0
MRC004171,2026-08-31,0,0,1,1,994,8,0,1,2,0,3310.98,3310.98,1,0.0,0.0,1
MRC004172,2026-08-31,5,1,1,1,2046,8,0,6,15,0,4286.77,714.46,6,0.0,0.0,0
MRC004173,2026-08-31,5,1,1,1,656,13,0,1,1,0,7862.89,7862.89,1,0.0,0.0,0
MRC004174,2026-08-31,4,1,1,1,501,15,0,2,4,0,10451.76,5225.88,2,0.0,0.0,0
MRC004175,2026-08-31,2,0,1,1,1415,2,1,5,5,543.6,7702.67,1540.53,5,0.7999,0.2823,0
MRC004176,2026-08-31,2,0,1,1,1580,96,0,0,0,0,0,0.0,0,0.0,0.0,0
MRC004177,2026-08-31,5,1,1,1,1532,9,0,1,3,0,562.37,562.37,1,0.0,0.0,0
MRC004178,2026-08-31,2,0,0,1,2002,37,0,0,1,0,0,0.0,0,0.0,0.0,0
MRC004179,2026-08-31,0,2,1,1,1111,0,1,5,11,6200.23,14528.51,2905.7,5,0.7999,1.7071,0
MRC004180,2026-08-31,5,1,0,1,2023,0,1,6,18,6145.87,17259.4,2876.57,4,0.6666,1.4244,0
MRC004181,2026-08-31,4,1,0,0,2228,0,7,20,51,9464.64,33778.17,1688.91,15,1.4,1.1208,0
MRC004182,2026-08-31,3,1,0,1,456,30,0,0,4,0,0,0.0,0,0.0,0.0,0
MRC004183,2026-08-31,5,1,1,1,1238,19,0,2,3,0,1860.96,930.48,2,0.0,0.0,0
MRC004184,2026-08-31,0,0,0,1,747,11,0,3,6,0,1423.7,474.57,3,0.0,0.0,0
MRC004185,2026-08-31,0,0,1,1,1691,20,0,1,2,0,32.13,32.13,1,0.0,0.0,0
MRC004186,2026-08-31,5,1,1,1,1159,1,2,4,6,1253.42,3308.53,827.13,4,1.9998,1.5154,0
MRC004187,2026-08-31,5,1,0,0,872,4,1,4,10,2264.23,3329.95,832.49,4,0.9999,2.7198,0
MRC004188,2026-08-31,0,2,1,1,806,8,0,3,9,0,4017.27,1339.09,3,0.0,0.0,0
MRC004189,2026-08-31,5,1,0,1,1032,4,1,1,1,527.85,527.85,527.85,1,3.9984,4.0,1
MRC004190,2026-08-31,3,1,0,1,495,8,0,1,3,0,236.56,236.56,1,0.0,0.0,1
MRC004191,2026-08-31,0,0,1,1,485,44,0,0,1,0,0,0.0,0,0.0,0.0,1
MRC004192,2026-08-31,5,0,1,0,1630,18,0,4,4,0,14708.75,3677.19,4,0.0,0.0,0
MRC004193,2026-08-31,5,2,0,1,2316,6,1,4,10,1076.11,3679.66,919.91,4,0.9999,1.1698,0
MRC004194,2026-08-31,4,0,1,1,1365,10,0,10,21,0,12988.62,1298.86,8,0.0,0.0,0
MRC004195,2026-08-31,5,2,1,0,2283,17,0,2,5,0,5377.85,2688.93,2,0.0,0.0,0
MRC004196,2026-08-31,2,0,1,1,595,7,0,6,8,0,7824.76,1304.13,6,0.0,0.0,0
MRC004197,2026-08-31,4,1,1,1,2383,1,2,2,3,4570.7,4570.7,2285.35,2,3.9992,4.0,1
MRC004198,2026-08-31,4,0,1,1,1538,17,0,2,4,0,1616.95,808.47,2,0.0,0.0,0
MRC004199,2026-08-31,5,1,1,1,1882,3,1,5,14,431.28,10329.35,2065.87,4,0.7999,0.167,0
MRC004200,2026-08-31,5,0,1,1,392,42,0,0,1,0,0,0.0,0,0.0,0.0,0
MRC004201,2026-08-31,5,1,1,0,1576,7,0,12,24,0,13361.46,1113.46,10,0.0,0.0,0
MRC004202,2026-08-31,4,2,1,1,1093,17,0,5,10,0,1697.72,339.54,4,0.0,0.0,0
MRC004203,2026-08-31,5,1,1,1,2220,1,1,1,1,1704.74,1704.74,1704.74,1,3.9984,4.0,0
MRC004204,2026-08-31,5,0,0,1,1988,34,0,0,2,0,0,0.0,0,0.0,0.0,1
MRC004205,2026-08-31,2,1,1,1,2145,3,2,3,4,1399.14,1801.35,600.45,3,2.6663,3.1069,0
MRC004206,2026-08-31,0,1,0,1,2201,31,0,0,2,0,0,0.0,0,0.0,0.0,0
MRC004207,2026-08-31,5,0,0,1,1831,40,0,0,1,0,0,0.0,0,0.0,0.0,1
MRC004208,2026-08-31,4,1,1,0,792,4,1,1,1,1460.71,1460.71,1460.71,1,3.9984,4.0,1
MRC004209,2026-08-31,5,2,1,0,875,5,2,4,6,2463.59,3769.58,942.39,3,1.9998,2.6142,1
MRC004210,2026-08-31,3,1,0,1,2135,2,1,6,14,1638.7,6152.21,1025.37,6,0.6666,1.0654,0
MRC004211,2026-08-31,0,1,1,1,1571,21,0,1,2,0,1741.16,1741.16,1,0.0,0.0,0
MRC004212,2026-08-31,5,1,1,0,2205,1,2,4,9,2737.14,4144.42,1036.11,4,1.9998,2.6418,0
MRC004213,2026-08-31,5,1,1,0,1994,9,0,2,5,0,734.38,367.19,2,0.0,0.0,0
MRC004214,2026-08-31,5,0,1,1,1583,10,0,2,8,0,566.68,283.34,2,0.0,0.0,0
MRC004215,2026-08-31,5,1,1,1,590,8,0,3,5,0,10651.58,3550.53,3,0.0,0.0,1
MRC004216,2026-08-31,5,0,1,1,2403,0,1,4,8,2315.24,3225.83,806.46,4,0.9999,2.8709,0
MRC004217,2026-08-31,5,0,0,1,787,7,0,1,4,0,131.3,131.3,1,0.0,0.0,0
MRC004218,2026-08-31,0,0,1,1,794,0,2,11,20,9238.72,19829.26,1802.66,10,0.7272,1.8637,0
MRC004219,2026-08-31,5,2,1,0,576,2,2,3,9,1604.46,7926.23,2642.08,3,2.6663,0.8097,0
MRC004220,2026-08-31,2,0,0,1,407,3,1,2,7,9422.68,9907.58,4953.79,2,1.9996,3.8042,0
MRC004221,2026-08-31,5,0,0,1,1076,24,0,1,1,0,970.34,970.34,1,0.0,0.0,1
MRC004222,2026-08-31,5,0,1,1,2099,20,0,1,3,0,681.79,681.79,1,0.0,0.0,0
MRC004223,2026-08-31,0,0,1,1,2148,2,1,4,5,5749.78,6603.94,1650.98,4,0.9999,3.4826,0
MRC004224,2026-08-31,5,3,1,0,1329,7,0,3,5,0,2814.59,938.2,3,0.0,0.0,0
MRC004225,2026-08-31,0,1,1,1,944,4,1,3,8,259.14,2903.06,967.69,3,1.3332,0.3571,0
MRC004226,2026-08-31,0,1,1,1,1014,2,1,3,4,260.6,1695.94,565.31,3,1.3332,0.6146,0
MRC004227,2026-08-31,2,1,0,1,2264,8,0,5,12,0,4417.9,883.58,3,0.0,0.0,0
MRC004228,2026-08-31,5,0,1,1,377,5,1,11,23,1283.23,27881.86,2534.71,9,0.3636,0.1841,0
MRC004229,2026-08-31,0,1,1,1,382,4,1,3,11,86.6,1652.45,550.82,3,1.3332,0.2096,0
MRC004230,2026-08-31,3,3,1,1,398,29,0,1,2,0,720.64,720.64,1,0.0,0.0,0
MRC004231,2026-08-31,5,1,1,1,2197,26,0,1,2,0,1082.47,1082.47,1,0.0,0.0,0
MRC004232,2026-08-31,0,1,1,1,455,2,1,4,11,347.48,3277.75,819.44,3,0.9999,0.424,0
MRC004233,2026-08-31,5,1,1,1,2314,0,3,7,19,8656.16,14677.52,2096.79,6,1.7142,2.359,0
MRC004234,2026-08-31,2,2,1,1,658,1,2,4,7,14371.0,15880.33,3970.08,4,1.9998,3.6198,0
MRC004235,2026-08-31,5,0,1,0,1455,0,2,3,6,1583.44,3462.5,1154.17,3,2.6663,1.8292,0
MRC004236,2026-08-31,0,1,1,0,2377,1,3,10,16,5691.91,28509.33,2850.93,8,1.2,0.7986,0
MRC004237,2026-08-31,5,0,1,1,510,1,1,3,7,1344.7,2393.08,797.69,3,1.3332,2.2476,0
MRC004238,2026-08-31,5,1,0,1,871,70,0,0,0,0,0,0.0,0,0.0,0.0,1
MRC004239,2026-08-31,0,2,1,0,1846,28,0,1,1,0,96.72,96.72,1,0.0,0.0,1
MRC004240,2026-08-31,0,1,1,0,2042,1,8,22,48,8410.29,21446.87,974.86,16,1.4545,1.5686,0
MRC004241,2026-08-31,4,0,1,1,2239,73,0,0,0,0,0,0.0,0,0.0,0.0,1
MRC004242,2026-08-31,0,1,1,1,299,0,1,3,6,501.87,3067.62,1022.54,3,1.3332,0.6544,0
MRC004243,2026-08-31,5,2,1,1,1954,2,2,10,12,921.52,6187.42,618.74,9,0.8,0.5957,0
MRC004244,2026-08-31,5,1,1,1,960,15,0,1,1,0,172.52,172.52,1,0.0,0.0,1
MRC004245,2026-08-31,5,2,1,1,1475,55,0,0,2,0,0,0.0,0,0.0,0.0,0
MRC004246,2026-08-31,5,2,1,0,2237,0,1,1,4,3290.66,3290.66,3290.66,1,3.9984,4.0,1
MRC004247,2026-08-31,5,2,1,1,2228,0,5,21,51,10313.62,31979.66,1522.84,12,0.9524,1.29,0
MRC004248,2026-08-31,5,0,1,1,661,0,6,24,57,16607.15,42205.21,1758.55,15,1.0,1.5739,0
MRC004249,2026-08-31,2,1,0,1,1285,0,3,3,3,5594.08,5594.08,1864.69,3,3.9995,4.0,0
MRC004250,2026-08-31,2,2,0,1,877,2,1,7,12,580.2,16858.73,2408.39,7,0.5714,0.1377,0
MRC004251,2026-08-31,2,2,1,1,1600,3,2,4,11,2267.05,3042.93,760.73,3,1.9998,2.9801,0
MRC004252,2026-08-31,2,0,1,1,2062,7,0,5,6,0,2597.34,519.47,5,0.0,0.0,0
MRC004253,2026-08-31,2,0,1,1,951,157,0,0,0,0,0,0.0,0,0.0,0.0,0
MRC004254,2026-08-31,0,0,0,1,522,0,8,34,75,12464.61,47878.37,1408.19,22,0.9412,1.0414,0
MRC004255,2026-08-31,2,1,0,1,397,120,0,0,0,0,0,0.0,0,0.0,0.0,0
MRC004256,2026-08-31,5,2,0,1,373,5,1,5,7,605.96,5418.52,1083.7,5,0.7999,0.4473,0
MRC004257,2026-08-31,2,1,1,1,1057,2,1,1,1,113.96,113.96,113.96,1,3.9984,4.0,0
MRC004258,2026-08-31,0,0,1,1,2367,4,1,8,14,64.21,32457.82,4057.23,8,0.5,0.0079,0
MRC004259,2026-08-31,2,0,0,1,807,1,3,10,18,3985.82,17121.35,1712.13,8,1.2,0.9312,0
MRC004260,2026-08-31,5,2,1,1,1141,30,0,0,2,0,0,0.0,0,0.0,0.0,0
MRC004261,2026-08-31,5,0,1,1,1731,4,1,1,1,713.92,713.92,713.92,1,3.9984,4.0,0
MRC004262,2026-08-31,5,0,1,1,1694,160,0,0,0,0,0,0.0,0,0.0,0.0,0
MRC004263,2026-08-31,4,0,1,1,847,1,2,7,12,1215.53,4700.08,671.44,7,1.1428,1.0345,0
MRC004264,2026-08-31,0,2,1,0,534,1,1,6,13,464.45,24156.36,4026.06,6,0.6666,0.0769,0
MRC004265,2026-08-31,2,1,1,0,599,26,0,2,3,0,1673.81,836.91,2,0.0,0.0,0
MRC004266,2026-08-31,0,0,1,1,738,13,0,2,6,0,4204.0,2102.0,2,0.0,0.0,0
MRC004267,2026-08-31,2,0,0,1,445,2,5,21,45,7434.62,42788.58,2037.55,17,0.9524,0.695,0
MRC004268,2026-08-31,5,2,1,1,1262,1,1,8,16,625.23,7717.99,964.75,7,0.5,0.324,0
MRC004269,2026-08-31,0,1,1,1,1668,5,1,11,20,480.69,16001.18,1454.65,9,0.3636,0.1202,0
MRC004270,2026-08-31,2,1,1,1,1732,48,0,0,1,0,0,0.0,0,0.0,0.0,1
MRC004271,2026-08-31,5,0,1,1,2243,2,1,4,7,76.3,4511.98,1128.0,4,0.9999,0.0676,0
MRC004272,2026-08-31,3,0,0,1,897,2,2,2,6,709.36,709.36,354.68,2,3.9992,4.0,0
MRC004273,2026-08-31,0,2,1,1,1687,23,0,1,1,0,192.7,192.7,1,0.0,0.0,0
MRC004274,2026-08-31,0,1,0,0,2189,19,0,2,3,0,1618.29,809.14,2,0.0,0.0,1
MRC004275,2026-08-31,5,1,0,1,319,2,1,5,8,70.78,5816.31,1163.26,4,0.7999,0.0487,0
MRC004276,2026-08-31,0,2,1,1,1963,1,2,2,2,2393.18,2393.18,1196.59,2,3.9992,4.0,0
MRC004277,2026-08-31,5,1,1,1,449,0,1,2,2,546.0,966.63,483.31,2,1.9996,2.2594,0
MRC004278,2026-08-31,5,2,0,0,1462,34,0,0,5,0,0,0.0,0,0.0,0.0,1
MRC004279,2026-08-31,4,0,0,1,2072,9,0,8,12,0,8375.64,1046.95,7,0.0,0.0,0
MRC004280,2026-08-31,5,0,1,1,1260,39,0,0,2,0,0,0.0,0,0.0,0.0,0
MRC004281,2026-08-31,0,2,1,1,1480,10,0,1,3,0,1386.05,1386.05,1,0.0,0.0,0
MRC004282,2026-08-31,4,2,1,1,1610,0,3,7,17,2025.5,8043.38,1149.05,7,1.7142,1.0073,0
MRC004283,2026-08-31,2,1,1,1,1519,9,0,2,2,0,7033.9,3516.95,2,0.0,0.0,0
MRC004284,2026-08-31,5,1,1,1,1855,3,2,9,16,3758.75,16101.31,1789.03,8,0.8888,0.9338,0
MRC004285,2026-08-31,4,2,1,0,2134,1,4,8,12,12517.95,15934.57,1991.82,7,1.9999,3.1423,0
MRC004286,2026-08-31,0,1,1,1,551,0,5,9,13,11741.22,14706.8,1634.09,8,2.2221,3.1934,0
MRC004287,2026-08-31,5,0,1,1,1165,24,0,3,7,0,2014.79,671.6,2,0.0,0.0,1
MRC004288,2026-08-31,0,1,1,1,2120,113,0,0,0,0,0,0.0,0,0.0,0.0,1
MRC004289,2026-08-31,5,1,1,1,1090,1,4,19,29,7481.95,39775.46,2093.45,14,0.8421,0.7524,0
MRC004290,2026-08-31,5,1,0,1,1326,9,0,3,4,0,2641.41,880.47,3,0.0,0.0,0
MRC004291,2026-08-31,5,2,1,1,1878,62,0,0,0,0,0,0.0,0,0.0,0.0,0
MRC004292,2026-08-31,5,1,0,1,2300,7,0,5,10,0,13196.2,2639.24,5,0.0,0.0,0
MRC004293,2026-08-31,5,0,1,1,806,15,0,1,2,0,1860.66,1860.66,1,0.0,0.0,1
MRC004294,2026-08-31,0,0,1,1,2344,1,3,8,18,4370.71,6560.21,820.03,7,1.4999,2.665,0
MRC004295,2026-08-31,5,2,0,0,1807,15,0,3,4,0,7756.32,2585.44,3,0.0,0.0,0
MRC004296,2026-08-31,5,0,1,1,324,4,2,14,26,957.12,15841.11,1131.51,14,0.5714,0.2417,0
MRC004297,2026-08-31,5,2,1,0,2139,17,0,2,3,0,1355.55,677.78,2,0.0,0.0,0
MRC004298,2026-08-31,5,0,1,1,1097,23,0,1,4,0,542.38,542.38,1,0.0,0.0,1
MRC004299,2026-08-31,3,1,0,1,873,12,0,5,14,0,7579.39,1515.88,4,0.0,0.0,0
MRC004300,2026-08-31,3,2,0,1,1406,14,0,4,5,0,4581.44,1145.36,3,0.0,0.0,0
MRC004301,2026-08-31,0,1,0,1,1516,3,3,3,6,6973.31,6973.31,2324.44,2,3.9995,4.0,0
MRC004302,2026-08-31,5,2,1,1,1436,1,1,10,16,722.25,12054.77,1205.48,9,0.4,0.2397,0
MRC004303,2026-08-31,5,0,1,0,377,16,0,3,6,0,3242.86,1080.95,3,0.0,0.0,0
MRC004304,2026-08-31,5,1,1,1,2053,5,1,2,3,280.43,697.93,348.97,2,1.9996,1.6072,0
MRC004305,2026-08-31,2,1,0,0,1003,53,0,0,1,0,0,0.0,0,0.0,0.0,1
MRC004306,2026-08-31,5,2,1,1,565,34,0,0,4,0,0,0.0,0,0.0,0.0,0
MRC004307,2026-08-31,5,0,0,0,1493,15,0,2,5,0,7116.55,3558.27,2,0.0,0.0,0
MRC004308,2026-08-31,5,0,1,1,1617,17,0,2,6,0,2420.29,1210.14,2,0.0,0.0,0
MRC004309,2026-08-31,5,1,1,0,483,1,1,3,4,1178.6,7234.91,2411.64,3,1.3332,0.6516,0
MRC004310,2026-08-31,5,3,1,1,2316,8,0,3,4,0,967.21,322.4,2,0.0,0.0,0
MRC004311,2026-08-31,0,2,1,1,1569,22,0,4,4,0,4827.14,1206.79,4,0.0,0.0,0
MRC004312,2026-08-31,0,2,1,1,2434,7,0,2,4,0,1512.41,756.21,2,0.0,0.0,0
MRC004313,2026-08-31,5,1,1,1,1721,17,0,3,9,0,2396.26,798.75,3,0.0,0.0,0
MRC004314,2026-08-31,2,1,0,1,279,1,2,4,10,1254.92,3728.51,932.13,4,1.9998,1.3463,0
MRC004315,2026-08-31,5,2,0,1,712,0,5,25,47,9760.0,33042.56,1321.7,16,0.8,1.1815,0
MRC004316,2026-08-31,0,2,1,1,2382,5,1,3,10,2009.96,3173.89,1057.96,3,1.3332,2.5331,0
MRC004317,2026-08-31,0,2,1,1,1479,15,0,2,4,0,2485.89,1242.94,2,0.0,0.0,0
MRC004318,2026-08-31,2,2,1,1,524,4,1,3,8,533.78,4630.0,1543.33,3,1.3332,0.4611,0
MRC004319,2026-08-31,5,2,0,1,419,14,0,3,10,0,4777.32,1592.44,3,0.0,0.0,0
MRC004320,2026-08-31,5,0,0,1,1430,1,2,9,23,5223.97,12648.18,1405.35,8,0.8888,1.6521,0
MRC004321,2026-08-31,5,0,1,1,1555,3,2,7,19,671.97,5263.37,751.91,7,1.1428,0.5107,0
MRC004322,2026-08-31,5,3,1,1,795,23,0,1,2,0,1158.65,1158.65,1,0.0,0.0,0
MRC004323,2026-08-31,5,1,0,1,682,3,3,13,28,10415.54,21028.76,1617.6,9,0.923,1.9812,0
MRC004324,2026-08-31,0,0,0,1,1581,2,2,6,11,2839.41,9708.62,1618.1,6,1.3332,1.1699,0
MRC004325,2026-08-31,5,1,1,1,1208,26,0,2,3,0,1622.34,811.17,2,0.0,0.0,0
MRC004326,2026-08-31,5,1,1,0,337,11,0,3,5,0,4095.83,1365.28,3,0.0,0.0,0
MRC004327,2026-08-31,2,2,1,1,382,4,2,16,25,2731.74,19683.09,1230.19,14,0.5,0.5551,0
MRC004328,2026-08-31,5,2,0,1,777,1,2,7,18,1806.86,12577.42,1796.77,7,1.1428,0.5746,0
MRC004329,2026-08-31,4,0,1,1,1489,2,1,1,1,867.89,867.89,867.89,1,3.9984,4.0,1
MRC004330,2026-08-31,0,1,0,1,913,48,0,0,1,0,0,0.0,0,0.0,0.0,0
MRC004331,2026-08-31,3,0,1,0,289,31,0,0,4,0,0,0.0,0,0.0,0.0,0
MRC004332,2026-08-31,5,2,1,0,2257,6,1,1,2,2982.17,2982.17,2982.17,1,3.9984,4.0,0
MRC004333,2026-08-31,2,0,0,0,1772,0,2,7,9,1375.99,7557.46,1079.64,6,1.1428,0.7283,0
MRC004334,2026-08-31,5,1,1,0,1532,9,0,4,6,0,3252.56,813.14,4,0.0,0.0,1
MRC004335,2026-08-31,0,1,1,1,790,29,0,1,2,0,1512.54,1512.54,1,0.0,0.0,1
MRC004336,2026-08-31,5,1,1,1,1804,0,5,15,25,3658.27,33284.13,2218.94,12,1.3333,0.4396,0
MRC004337,2026-08-31,3,1,1,0,2324,0,5,19,35,6819.0,22980.09,1209.48,15,1.0526,1.1869,0
MRC004338,2026-08-31,0,1,0,1,1734,1,5,18,37,5605.09,17089.27,949.4,12,1.1111,1.312,0
MRC004339,2026-08-31,5,1,1,1,903,3,1,3,3,2126.21,6362.63,2120.88,3,1.3332,1.3367,1
MRC004340,2026-08-31,5,0,1,1,1114,0,5,24,43,5782.84,30292.94,1262.21,18,0.8333,0.7636,0
MRC004341,2026-08-31,3,0,1,1,2287,11,0,4,4,0,1609.98,402.5,4,0.0,0.0,0
MRC004342,2026-08-31,4,1,0,1,287,18,0,2,8,0,1481.83,740.91,2,0.0,0.0,0
MRC004343,2026-08-31,0,0,1,1,740,0,2,9,17,921.26,14115.84,1568.43,8,0.8888,0.2611,0
MRC004344,2026-08-31,5,1,1,1,490,1,1,10,17,2018.46,15989.59,1598.96,9,0.4,0.5049,0
MRC004345,2026-08-31,5,0,1,1,1658,40,0,0,1,0,0,0.0,0,0.0,0.0,0
MRC004346,2026-08-31,5,2,1,0,1259,9,0,2,4,0,2154.64,1077.32,2,0.0,0.0,0
MRC004347,2026-08-31,5,0,0,1,548,8,0,3,5,0,2369.68,789.89,2,0.0,0.0,1
MRC004348,2026-08-31,5,1,1,1,2313,63,0,0,0,0,0,0.0,0,0.0,0.0,0
MRC004349,2026-08-31,0,0,0,0,1462,5,1,8,13,485.85,6553.07,819.13,7,0.5,0.2966,0
MRC004350,2026-08-31,5,1,1,1,800,1,4,13,26,8255.9,35959.21,2766.09,10,1.2307,0.9184,0
MRC004351,2026-08-31,5,0,1,1,2323,1,1,5,9,627.02,11581.14,2316.23,5,0.7999,0.2166,0
MRC004352,2026-08-31,0,1,0,1,1782,1,2,5,8,9343.34,18866.26,3773.25,5,1.5999,1.981,0
MRC004353,2026-08-31,0,0,1,0,540,21,0,1,5,0,1658.26,1658.26,1,0.0,0.0,0
MRC004354,2026-08-31,5,1,0,1,2063,2,2,4,5,1486.88,3594.8,898.7,4,1.9998,1.6545,0
MRC004355,2026-08-31,5,1,1,1,385,1,1,3,14,635.94,2477.08,825.69,3,1.3332,1.0269,0
MRC004356,2026-08-31,5,2,1,1,2238,75,0,0,0,0,0,0.0,0,0.0,0.0,1
MRC004357,2026-08-31,0,1,1,1,1116,1,1,4,9,617.12,2684.88,671.22,4,0.9999,0.9194,0
MRC004358,2026-08-31,5,1,1,1,898,11,0,2,5,0,10316.79,5158.4,2,0.0,0.0,0
MRC004359,2026-08-31,0,2,1,0,373,4,1,1,4,619.58,619.58,619.58,1,3.9984,4.0,0
MRC004360,2026-08-31,4,0,1,1,2291,21,0,3,4,0,3579.49,1193.16,3,0.0,0.0,0
MRC004361,2026-08-31,5,1,1,1,1479,0,7,23,43,10359.55,36231.09,1575.26,17,1.2174,1.1437,0
MRC004362,2026-08-31,5,1,1,1,1585,12,0,2,3,0,476.85,238.43,2,0.0,0.0,1
MRC004363,2026-08-31,5,1,0,1,2115,0,2,5,7,1058.46,5265.54,1053.11,4,1.5999,0.8041,0
MRC004364,2026-08-31,5,0,0,1,1367,3,1,12,26,246.66,19976.26,1664.69,10,0.3333,0.0494,0
MRC004365,2026-08-31,5,1,1,1,890,27,0,1,1,0,331.21,331.21,1,0.0,0.0,1
MRC004366,2026-08-31,4,1,1,1,1957,38,0,0,2,0,0,0.0,0,0.0,0.0,0
MRC004367,2026-08-31,2,1,1,1,1415,10,0,1,2,0,58.07,58.07,1,0.0,0.0,0
MRC004368,2026-08-31,5,0,1,1,778,6,1,2,4,359.65,399.5,199.75,2,1.9996,3.601,0
MRC004369,2026-08-31,5,1,1,1,2102,0,1,2,4,225.56,939.68,469.84,2,1.9996,0.9602,0
MRC004370,2026-08-31,2,2,1,1,2032,71,0,0,0,0,0,0.0,0,0.0,0.0,1
MRC004371,2026-08-31,2,0,1,1,797,0,2,6,15,2818.87,14276.22,2379.37,6,1.3332,0.7898,0
MRC004372,2026-08-31,2,0,1,1,1677,0,1,3,3,1586.59,5995.63,1998.54,3,1.3332,1.0585,0
MRC004373,2026-08-31,2,3,1,0,2269,0,2,3,10,1114.94,2094.89,698.3,3,2.6663,2.1289,0
MRC004374,2026-08-31,5,2,1,1,2003,1,1,2,11,583.07,1692.98,846.49,2,1.9996,1.3776,0
MRC004375,2026-08-31,0,0,1,1,691,214,0,0,0,0,0,0.0,0,0.0,0.0,0
MRC004376,2026-08-31,5,1,1,0,2126,0,3,8,13,16239.48,21499.41,2687.43,7,1.4999,3.0214,0
MRC004377,2026-08-31,5,0,1,1,380,14,0,4,5,0,5071.05,1267.76,4,0.0,0.0,1
MRC004378,2026-08-31,3,2,1,1,1605,1,4,8,14,3593.3,28695.28,3586.91,5,1.9999,0.5009,0
MRC004379,2026-08-31,5,1,1,0,1374,3,2,3,7,2944.19,3079.15,1026.38,3,2.6663,3.8247,1
MRC004380,2026-08-31,2,1,0,1,337,0,6,25,49,8821.55,33597.04,1343.88,17,0.96,1.0503,0
MRC004381,2026-08-31,0,0,0,1,1843,27,0,1,2,0,1924.37,1924.37,1,0.0,0.0,0
MRC004382,2026-08-31,4,1,1,1,907,55,0,0,1,0,0,0.0,0,0.0,0.0,0
MRC004383,2026-08-31,0,0,1,1,2119,14,0,4,5,0,11571.53,2892.88,4,0.0,0.0,0
MRC004384,2026-08-31,0,1,1,1,2175,123,0,0,0,0,0,0.0,0,0.0,0.0,1
MRC004385,2026-08-31,0,1,1,1,1547,3,1,5,15,412.75,12064.98,2413.0,3,0.7999,0.1368,0
MRC004386,2026-08-31,2,1,0,1,1626,18,0,3,3,0,1288.82,429.61,3,0.0,0.0,0
MRC004387,2026-08-31,0,2,0,1,370,6,1,7,12,521.25,7929.33,1132.76,7,0.5714,0.2629,0
MRC004388,2026-08-31,5,0,1,1,2201,1,3,4,7,4642.83,5058.83,1264.71,3,2.9997,3.6711,0
MRC004389,2026-08-31,0,0,1,1,1746,15,0,1,1,0,64.7,64.7,1,0.0,0.0,0
MRC004390,2026-08-31,2,1,1,1,1097,6,1,10,30,4120.51,13389.5,1338.95,8,0.4,1.231,0
MRC004391,2026-08-31,5,1,1,1,444,78,0,0,0,0,0,0.0,0,0.0,0.0,1
MRC004392,2026-08-31,0,0,1,1,1359,3,1,2,6,461.54,826.11,413.06,2,1.9996,2.2348,0
MRC004393,2026-08-31,5,1,1,1,2225,5,3,3,6,4465.93,4465.93,1488.64,2,3.9995,4.0,0
MRC004394,2026-08-31,5,1,1,1,2141,206,0,0,0,0,0,0.0,0,0.0,0.0,1
MRC004395,2026-08-31,3,1,1,1,472,5,1,1,6,3477.4,3477.4,3477.4,1,3.9984,4.0,0
MRC004396,2026-08-31,4,1,1,1,1922,37,0,0,2,0,0,0.0,0,0.0,0.0,0
MRC004397,2026-08-31,5,0,1,1,435,8,0,1,4,0,366.43,366.43,1,0.0,0.0,0
MRC004398,2026-08-31,5,0,1,1,1081,0,2,14,27,4650.12,27914.62,1993.9,12,0.5714,0.6663,0
MRC004399,2026-08-31,2,1,1,1,1234,4,1,3,6,639.43,1392.61,464.2,3,1.3332,1.8366,0
MRC004400,2026-08-31,0,1,1,1,306,7,0,2,6,0,3397.9,1698.95,2,0.0,0.0,0
MRC004401,2026-08-31,0,1,1,1,556,0,1,4,6,14357.31,15449.9,3862.47,3,0.9999,3.7171,0
MRC004402,2026-08-31,5,2,1,1,2180,1,5,18,34,12693.76,48891.69,2716.2,14,1.1111,1.0385,0
MRC004403,2026-08-31,2,0,1,1,1632,10,0,5,7,0,7379.96,1475.99,5,0.0,0.0,0
MRC004404,2026-08-31,0,1,1,1,1975,32,0,0,4,0,0,0.0,0,0.0,0.0,0
MRC004405,2026-08-31,3,0,1,1,1505,3,1,2,3,1170.08,5598.15,2799.07,2,1.9996,0.836,1
MRC004406,2026-08-31,5,0,1,1,1238,27,0,1,3,0,185.04,185.04,1,0.0,0.0,0
MRC004407,2026-08-31,0,2,0,1,296,18,0,1,3,0,264.21,264.21,1,0.0,0.0,0
MRC004408,2026-08-31,0,3,1,1,1450,0,7,21,36,11034.88,27467.79,1307.99,14,1.3333,1.607,0
MRC004409,2026-08-31,2,0,1,1,1940,17,0,3,5,0,4139.3,1379.77,2,0.0,0.0,0
MRC004410,2026-08-31,5,2,1,1,703,43,0,0,3,0,0,0.0,0,0.0,0.0,1
MRC004411,2026-08-31,5,0,1,1,1329,0,1,4,9,4798.85,6345.41,1586.35,4,0.9999,3.0251,0
MRC004412,2026-08-31,5,3,0,1,1157,18,0,3,3,0,2545.04,848.35,3,0.0,0.0,0
MRC004413,2026-08-31,0,2,1,0,2160,3,3,11,15,5299.81,32312.5,2937.5,10,1.0909,0.6561,0
MRC004414,2026-08-31,2,0,1,1,613,4,2,4,7,375.86,1369.53,342.38,4,1.9998,1.0978,0
MRC004415,2026-08-31,2,1,1,0,487,5,1,12,25,716.66,19773.33,1647.78,11,0.3333,0.145,0
MRC004416,2026-08-31,2,1,0,1,717,22,0,1,1,0,3016.45,3016.45,1,0.0,0.0,1
MRC004417,2026-08-31,5,0,1,0,598,0,1,2,2,3966.64,5180.35,2590.18,2,1.9996,3.0628,1
MRC004418,2026-08-31,5,0,0,0,2106,1,2,7,11,3823.56,9114.86,1302.12,7,1.1428,1.6779,0
MRC004419,2026-08-31,2,1,0,1,826,35,0,0,1,0,0,0.0,0,0.0,0.0,1
MRC004420,2026-08-31,5,0,1,1,1049,28,0,1,3,0,371.77,371.77,1,0.0,0.0,0
MRC004421,2026-08-31,0,0,1,1,818,1,3,7,11,953.01,14628.97,2089.85,7,1.7142,0.2606,0
MRC004422,2026-08-31,5,0,1,1,2037,236,0,0,0,0,0,0.0,0,0.0,0.0,0
MRC004423,2026-08-31,2,1,1,0,1707,22,0,2,4,0,1315.16,657.58,2,0.0,0.0,0
MRC004424,2026-08-31,3,0,0,1,1292,81,0,0,0,0,0,0.0,0,0.0,0.0,1
MRC004425,2026-08-31,0,1,1,0,2002,82,0,0,0,0,0,0.0,0,0.0,0.0,1
MRC004426,2026-08-31,5,0,1,1,411,4,2,2,2,2701.65,2701.65,1350.83,2,3.9992,4.0,0
MRC004427,2026-08-31,5,0,1,0,1739,24,0,1,4,0,939.13,939.13,1,0.0,0.0,0
MRC004428,2026-08-31,5,1,1,0,1046,35,0,0,1,0,0,0.0,0,0.0,0.0,0
MRC004429,2026-08-31,5,0,1,1,1085,0,2,13,21,3531.39,21656.61,1665.89,12,0.6154,0.6523,0
MRC004430,2026-08-31,0,1,1,1,602,8,0,1,7,0,1623.55,1623.55,1,0.0,0.0,1
MRC004431,2026-08-31,3,1,0,1,469,40,0,0,1,0,0,0.0,0,0.0,0.0,0
MRC004432,2026-08-31,2,1,1,1,1772,26,0,1,2,0,479.23,479.23,1,0.0,0.0,0
MRC004433,2026-08-31,5,1,1,1,2114,13,0,3,5,0,1451.28,483.76,3,0.0,0.0,0
MRC004434,2026-08-31,0,2,1,1,2248,1,5,22,48,3059.24,39992.66,1817.85,14,0.9091,0.306,0
MRC004435,2026-08-31,4,0,0,1,789,5,1,1,2,293.32,293.32,293.32,1,3.9984,4.0,0
MRC004436,2026-08-31,5,2,1,1,1924,12,0,2,3,0,1157.3,578.65,2,0.0,0.0,0
MRC004437,2026-08-31,0,0,1,1,500,11,0,1,1,0,901.72,901.72,1,0.0,0.0,0
MRC004438,2026-08-31,5,0,0,1,1957,0,2,15,29,600.93,31316.0,2087.73,13,0.5333,0.0768,0
MRC004439,2026-08-31,4,1,1,0,1494,1,4,10,19,1510.29,14784.4,1478.44,9,1.5999,0.4086,0
MRC004440,2026-08-31,5,0,1,1,2140,29,0,1,2,0,1781.94,1781.94,1,0.0,0.0,1
MRC004441,2026-08-31,5,1,1,1,404,13,0,1,2,0,280.49,280.49,1,0.0,0.0,0
MRC004442,2026-08-31,5,2,1,1,1954,16,0,1,2,0,592.43,592.43,1,0.0,0.0,1
MRC004443,2026-08-31,4,1,0,1,1277,24,0,2,4,0,5904.67,2952.34,2,0.0,0.0,0
MRC004444,2026-08-31,0,1,1,1,1499,1,1,7,18,5053.86,10483.25,1497.61,7,0.5714,1.9284,0
MRC004445,2026-08-31,0,3,1,1,1434,8,0,3,7,0,2273.33,757.78,3,0.0,0.0,0
MRC004446,2026-08-31,0,1,1,1,1817,12,0,11,25,0,18578.46,1688.95,8,0.0,0.0,0
MRC004447,2026-08-31,5,0,0,0,1565,16,0,2,5,0,227.49,113.75,2,0.0,0.0,1
MRC004448,2026-08-31,2,2,1,1,1165,23,0,1,1,0,342.46,342.46,1,0.0,0.0,1
MRC004449,2026-08-31,4,0,1,1,1208,1,10,46,101,23073.55,77469.57,1684.12,24,0.8696,1.1914,0
MRC004450,2026-08-31,4,0,0,1,411,9,0,4,5,0,2511.61,627.9,4,0.0,0.0,0
MRC004451,2026-08-31,5,0,0,1,1839,0,1,6,11,4108.97,10936.82,1822.8,4,0.6666,1.5028,0
MRC004452,2026-08-31,0,0,0,0,1798,11,0,1,1,0,2027.25,2027.25,1,0.0,0.0,0
MRC004453,2026-08-31,2,0,0,1,1495,57,0,0,1,0,0,0.0,0,0.0,0.0,1
MRC004454,2026-08-31,5,0,1,1,1833,8,0,6,8,0,5885.56,980.93,6,0.0,0.0,0
MRC004455,2026-08-31,0,1,1,1,844,25,0,1,1,0,861.11,861.11,1,0.0,0.0,0
MRC004456,2026-08-31,5,1,1,1,745,13,0,2,4,0,1254.4,627.2,2,0.0,0.0,0
MRC004457,2026-08-31,0,2,1,1,2277,9,0,6,16,0,7196.83,1199.47,6,0.0,0.0,0
MRC004458,2026-08-31,5,0,1,1,2341,4,1,8,14,1241.3,5068.06,633.51,7,0.5,0.9797,0
MRC004459,2026-08-31,5,0,0,1,2120,1,2,4,8,4487.27,5647.4,1411.85,4,1.9998,3.1783,0
MRC004460,2026-08-31,5,1,0,1,371,5,1,14,35,664.28,22927.1,1637.65,11,0.2857,0.1159,0
MRC004461,2026-08-31,5,0,0,1,1456,3,2,6,9,1246.99,11219.63,1869.94,6,1.3332,0.4446,0
MRC004462,2026-08-31,5,0,1,1,1865,118,0,0,0,0,0,0.0,0,0.0,0.0,0
MRC004463,2026-08-31,5,1,1,1,338,7,0,8,12,0,10051.94,1256.49,7,0.0,0.0,1
MRC004464,2026-08-31,5,1,1,1,2373,0,2,23,50,1086.13,34336.17,1492.88,17,0.3478,0.1265,0
MRC004465,2026-08-31,5,0,1,1,1976,3,1,4,6,612.3,3602.34,900.59,4,0.9999,0.6799,0
MRC004466,2026-08-31,5,1,0,1,932,0,8,33,61,13876.05,42210.03,1279.09,18,0.9697,1.315,0
MRC004467,2026-08-31,3,1,1,1,1363,5,1,10,15,867.79,7748.02,774.8,8,0.4,0.448,0
MRC004468,2026-08-31,4,2,1,1,2250,4,1,2,5,2165.25,2614.48,1307.24,2,1.9996,3.3127,0
MRC004469,2026-08-31,4,0,1,1,2122,18,0,1,1,0,4977.97,4977.97,1,0.0,0.0,0
MRC004470,2026-08-31,2,1,1,1,2062,3,3,5,10,4676.21,11739.27,2347.85,4,2.3998,1.5934,0
MRC004471,2026-08-31,0,1,0,1,2407,3,2,9,22,1418.83,19887.18,2209.69,9,0.8888,0.2854,0
MRC004472,2026-08-31,2,0,1,1,1882,73,0,0,0,0,0,0.0,0,0.0,0.0,1
MRC004473,2026-08-31,0,1,1,1,2300,4,2,4,7,3733.33,5694.46,1423.62,3,1.9998,2.6224,0
MRC004474,2026-08-31,5,1,1,1,2341,118,0,0,0,0,0,0.0,0,0.0,0.0,1
MRC004475,2026-08-31,5,0,0,1,299,9,0,2,6,0,3915.1,1957.55,2,0.0,0.0,0
MRC004476,2026-08-31,5,1,0,1,1686,59,0,0,1,0,0,0.0,0,0.0,0.0,0
MRC004477,2026-08-31,5,1,1,1,986,8,0,7,15,0,8538.29,1219.76,7,0.0,0.0,0
MRC004478,2026-08-31,0,1,1,0,1338,12,0,3,5,0,5930.49,1976.83,3,0.0,0.0,0
MRC004479,2026-08-31,0,0,1,1,623,6,1,6,15,4407.61,14276.23,2379.37,5,0.6666,1.235,0
MRC004480,2026-08-31,5,1,0,1,1733,25,0,1,1,0,1920.57,1920.57,1,0.0,0.0,0
MRC004481,2026-08-31,5,0,1,1,2080,14,0,1,5,0,3648.62,3648.62,1,0.0,0.0,1
MRC004482,2026-08-31,5,1,1,1,1156,7,0,1,1,0,732.79,732.79,1,0.0,0.0,0
MRC004483,2026-08-31,5,1,1,1,1782,2,3,6,10,6405.44,8161.33,1360.22,5,1.9999,3.1394,0
MRC004484,2026-08-31,5,1,0,1,966,7,0,5,14,0,2752.34,550.47,5,0.0,0.0,0
MRC004485,2026-08-31,5,1,1,1,1894,8,0,7,13,0,26263.75,3751.96,6,0.0,0.0,0
MRC004486,2026-08-31,5,0,1,1,436,4,1,6,11,282.57,6855.26,1142.54,6,0.6666,0.1649,0
MRC004487,2026-08-31,5,0,1,1,2180,4,1,6,15,4816.43,14782.68,2463.78,6,0.6666,1.3033,0
MRC004488,2026-08-31,0,1,1,1,1082,0,2,6,10,5850.84,8356.25,1392.71,6,1.3332,2.8007,0
MRC004489,2026-08-31,0,0,1,1,1360,15,0,5,7,0,6984.77,1396.95,5,0.0,0.0,0
MRC004490,2026-08-31,2,1,0,1,2011,2,2,6,14,494.83,4182.82,697.14,5,1.3332,0.4732,0
MRC004491,2026-08-31,3,1,1,1,322,32,0,0,2,0,0,0.0,0,0.0,0.0,0
MRC004492,2026-08-31,5,2,1,1,2322,1,2,6,6,1836.47,10220.28,1703.38,5,1.3332,0.7188,1
MRC004493,2026-08-31,2,0,1,0,1599,2,1,1,1,4141.3,4141.3,4141.3,1,3.9984,4.0,0
MRC004494,2026-08-31,4,1,1,1,2387,4,3,8,12,13521.57,17648.17,2206.02,6,1.4999,3.0647,0
MRC004495,2026-08-31,5,0,1,1,1461,1,1,18,41,622.03,36324.92,2018.05,11,0.2222,0.0685,0
MRC004496,2026-08-31,4,2,1,0,708,2,3,5,11,2913.89,5290.03,1058.01,5,2.3998,2.2033,0
MRC004497,2026-08-31,5,1,1,1,1529,3,1,1,4,1497.68,1497.68,1497.68,1,3.9984,4.0,1
MRC004498,2026-08-31,0,1,0,1,1505,6,1,5,11,215.92,16636.15,3327.23,5,0.7999,0.0519,0
MRC004499,2026-08-31,2,1,1,1,2268,4,1,6,13,130.41,12980.04,2163.34,5,0.6666,0.0402,0
MRC004500,2026-08-31,2,0,1,1,1515,5,1,2,7,1509.76,4073.83,2036.91,2,1.9996,1.4824,0
MRC004501,2026-08-31,2,1,1,0,1144,13,0,1,2,0,936.67,936.67,1,0.0,0.0,1
MRC004502,2026-08-31,0,2,1,0,641,0,5,10,21,6255.15,15155.54,1515.55,8,1.9999,1.6509,0
MRC004503,2026-08-31,4,0,0,1,969,39,0,0,1,0,0,0.0,0,0.0,0.0,0
MRC004504,2026-08-31,2,2,1,1,1527,34,0,0,3,0,0,0.0,0,0.0,0.0,0
MRC004505,2026-08-31,2,2,0,1,1063,0,3,7,12,2109.07,7488.81,1069.83,6,1.7142,1.1265,0
MRC004506,2026-08-31,5,3,1,1,1049,1,2,4,5,1082.0,1640.53,410.13,4,1.9998,2.6382,0
MRC004507,2026-08-31,0,2,1,1,288,1,3,10,13,3075.92,12277.6,1227.76,10,1.2,1.0021,0
MRC004508,2026-08-31,2,0,1,1,2316,6,1,5,7,400.36,7620.84,1524.17,5,0.7999,0.2101,0
MRC004509,2026-08-31,0,1,0,1,2085,15,0,3,6,0,7251.12,2417.04,3,0.0,0.0,0
MRC004510,2026-08-31,5,0,1,1,814,4,1,2,3,652.46,945.82,472.91,2,1.9996,2.7593,0
MRC004511,2026-08-31,5,1,1,1,557,14,0,1,2,0,423.41,423.41,1,0.0,0.0,0
MRC004512,2026-08-31,5,0,1,1,2081,8,0,2,6,0,2133.05,1066.53,2,0.0,0.0,0
MRC004513,2026-08-31,5,2,1,0,2085,30,0,0,5,0,0,0.0,0,0.0,0.0,1
MRC004514,2026-08-31,2,0,1,1,2216,5,1,1,2,2632.79,2632.79,2632.79,1,3.9984,4.0,1
MRC004515,2026-08-31,5,0,1,0,1453,2,3,8,16,4949.66,22407.25,2800.91,7,1.4999,0.8836,0
MRC004516,2026-08-31,2,0,0,1,1864,0,2,7,17,2762.38,12277.08,1753.87,6,1.1428,0.9,0
MRC004517,2026-08-31,5,1,0,1,1851,0,1,4,6,1642.46,2633.42,658.36,4,0.9999,2.4948,0
MRC004518,2026-08-31,2,0,0,0,726,7,0,5,11,0,19712.9,3942.58,5,0.0,0.0,0
MRC004519,2026-08-31,2,0,1,1,1401,14,0,3,3,0,761.44,253.81,3,0.0,0.0,0
MRC004520,2026-08-31,5,0,1,1,825,39,0,0,1,0,0,0.0,0,0.0,0.0,0
MRC004521,2026-08-31,5,0,0,1,1904,3,1,4,6,2023.82,8283.84,2070.96,4,0.9999,0.9772,0
MRC004522,2026-08-31,5,2,0,1,2378,74,0,0,0,0,0,0.0,0,0.0,0.0,1
MRC004523,2026-08-31,0,1,1,1,424,0,1,6,11,1395.03,25118.43,4186.4,6,0.6666,0.2222,0
MRC004524,2026-08-31,4,0,1,1,422,0,2,14,24,3231.36,11398.69,814.19,12,0.5714,1.1339,0
MRC004525,2026-08-31,2,0,1,1,834,17,0,2,4,0,1314.45,657.22,2,0.0,0.0,0
MRC004526,2026-08-31,5,0,1,0,512,33,0,0,2,0,0,0.0,0,0.0,0.0,1
MRC004527,2026-08-31,5,0,1,1,276,15,0,2,4,0,1257.78,628.89,2,0.0,0.0,0
MRC004528,2026-08-31,2,0,1,1,2395,2,1,5,7,952.22,3192.5,638.5,5,0.7999,1.1931,0
MRC004529,2026-08-31,5,0,1,1,1529,8,0,3,8,0,610.59,203.53,3,0.0,0.0,1
MRC004530,2026-08-31,4,0,1,1,1954,111,0,0,0,0,0,0.0,0,0.0,0.0,0
MRC004531,2026-08-31,5,0,1,0,1494,4,1,4,9,97.76,36261.65,9065.41,4,0.9999,0.0108,0
MRC004532,2026-08-31,5,1,1,1,1887,0,9,57,119,16577.57,109302.52,1917.59,26,0.6316,0.6067,0
MRC004533,2026-08-31,5,0,1,1,1756,4,3,12,23,978.53,7587.35,632.28,11,1.0,0.5159,0
MRC004534,2026-08-31,2,1,1,1,607,5,1,3,4,1550.74,3534.68,1178.23,3,1.3332,1.7549,0
MRC004535,2026-08-31,0,1,0,1,585,8,0,2,6,0,565.18,282.59,2,0.0,0.0,0
MRC004536,2026-08-31,0,2,1,1,1325,9,0,3,3,0,5602.9,1867.63,3,0.0,0.0,0
MRC004537,2026-08-31,5,0,1,1,1067,5,1,3,3,4886.85,6313.52,2104.51,3,1.3332,3.0961,0
MRC004538,2026-08-31,5,1,1,1,2094,4,2,8,15,517.97,5967.15,745.89,7,1.0,0.3472,0
MRC004539,2026-08-31,0,2,1,1,926,4,2,8,22,1648.05,11410.57,1426.32,8,1.0,0.5777,0
MRC004540,2026-08-31,5,3,1,1,975,17,0,1,3,0,550.89,550.89,1,0.0,0.0,0
MRC004541,2026-08-31,5,2,1,1,1412,9,0,2,6,0,3012.93,1506.47,1,0.0,0.0,0
MRC004542,2026-08-31,5,0,1,1,678,0,5,11,19,10573.17,21442.2,1949.29,10,1.8181,1.9724,0
MRC004543,2026-08-31,5,2,0,1,2132,22,0,1,6,0,668.95,668.95,1,0.0,0.0,0
MRC004544,2026-08-31,5,2,0,0,280,6,1,3,3,336.55,2989.03,996.34,3,1.3332,0.4504,0
MRC004545,2026-08-31,0,0,1,0,2108,3,1,11,21,995.81,12137.8,1103.44,10,0.3636,0.3282,0
MRC004546,2026-08-31,0,0,1,1,1617,4,3,8,12,2762.99,12437.64,1554.71,7,1.4999,0.8886,0
MRC004547,2026-08-31,5,2,1,0,2197,1,1,1,3,2837.61,2837.61,2837.61,1,3.9984,4.0,0
MRC004548,2026-08-31,5,0,1,1,898,0,2,7,9,1836.62,5887.37,841.05,6,1.1428,1.2478,0
MRC004549,2026-08-31,5,1,0,1,2224,8,0,7,12,0,4763.43,680.49,7,0.0,0.0,0
MRC004550,2026-08-31,0,1,1,0,2144,14,0,1,4,0,659.64,659.64,1,0.0,0.0,0
MRC004551,2026-08-31,2,1,1,1,1254,20,0,1,4,0,353.18,353.18,1,0.0,0.0,1
MRC004552,2026-08-31,5,0,1,1,876,38,0,0,2,0,0,0.0,0,0.0,0.0,1
MRC004553,2026-08-31,5,1,1,1,687,3,2,6,13,4146.95,10596.68,1766.11,6,1.3332,1.5654,0
MRC004554,2026-08-31,2,1,1,1,588,12,0,5,9,0,3193.92,638.78,5,0.0,0.0,0
MRC004555,2026-08-31,0,2,1,1,1531,4,2,6,11,2305.2,11896.48,1982.75,5,1.3332,0.7751,0
MRC004556,2026-08-31,5,0,1,1,2355,10,0,2,3,0,2834.81,1417.4,2,0.0,0.0,0
MRC004557,2026-08-31,5,0,0,1,1493,7,0,2,4,0,2189.17,1094.59,2,0.0,0.0,0
MRC004558,2026-08-31,5,0,0,1,2365,4,1,2,5,3103.41,3507.39,1753.69,2,1.9996,3.5393,0
MRC004559,2026-08-31,5,0,0,1,1908,0,3,11,30,2006.56,6150.58,559.14,10,1.0909,1.305,0
MRC004560,2026-08-31,5,3,1,1,1753,0,3,8,18,3715.03,12403.23,1550.4,7,1.4999,1.1981,0
MRC004561,2026-08-31,4,0,1,1,1841,29,0,1,1,0,444.86,444.86,1,0.0,0.0,1
MRC004562,2026-08-31,5,0,1,1,2285,18,0,2,8,0,15054.26,7527.13,2,0.0,0.0,0
MRC004563,2026-08-31,5,2,1,1,2131,8,0,1,2,0,3082.2,3082.2,1,0.0,0.0,0
MRC004564,2026-08-31,3,0,0,1,610,158,0,0,0,0,0,0.0,0,0.0,0.0,1
MRC004565,2026-08-31,5,0,0,1,1535,0,4,22,44,8772.96,35301.38,1604.61,17,0.7273,0.9941,0
MRC004566,2026-08-31,5,1,1,0,1262,8,0,3,4,0,6822.98,2274.33,2,0.0,0.0,0
MRC004567,2026-08-31,3,1,1,1,2178,1,3,6,17,4027.04,6095.67,1015.95,5,1.9999,2.6426,0
MRC004568,2026-08-31,0,2,1,1,703,5,1,6,6,645.99,3520.86,586.81,5,0.6666,0.7339,0
MRC004569,2026-08-31,5,1,1,0,2048,7,0,1,2,0,3853.07,3853.07,1,0.0,0.0,0
MRC004570,2026-08-31,0,0,1,0,1303,7,0,2,2,0,2154.6,1077.3,2,0.0,0.0,0
MRC004571,2026-08-31,0,1,1,1,2293,5,2,4,10,3509.75,4299.81,1074.95,4,1.9998,3.265,0
MRC004572,2026-08-31,5,2,1,1,1985,23,0,1,9,0,3273.57,3273.57,1,0.0,0.0,0
MRC004573,2026-08-31,5,0,1,1,1010,3,2,6,13,1940.12,3937.05,656.17,6,1.3332,1.9711,0
MRC004574,2026-08-31,5,1,0,1,2103,23,0,1,3,0,3418.63,3418.63,1,0.0,0.0,0
MRC004575,2026-08-31,5,1,1,0,666,7,0,2,8,0,1445.64,722.82,2,0.0,0.0,0
MRC004576,2026-08-31,5,1,1,1,266,29,0,1,3,0,1086.19,1086.19,1,0.0,0.0,0
MRC004577,2026-08-31,2,1,0,1,1364,1,3,15,28,3615.07,22535.35,1502.36,14,0.8,0.6417,0
MRC004578,2026-08-31,3,0,0,1,1108,19,0,3,3,0,4596.02,1532.01,3,0.0,0.0,0
MRC004579,2026-08-31,5,1,1,1,531,80,0,0,0,0,0,0.0,0,0.0,0.0,0
MRC004580,2026-08-31,2,0,0,1,2429,19,0,3,5,0,3550.06,1183.35,3,0.0,0.0,0
MRC004581,2026-08-31,5,1,1,1,342,0,8,30,73,14955.39,46497.59,1549.92,22,1.0667,1.2866,0
MRC004582,2026-08-31,3,1,1,1,1544,1,1,7,15,467.27,4993.78,713.4,7,0.5714,0.3743,0
MRC004583,2026-08-31,4,0,1,0,827,11,0,3,5,0,2889.31,963.1,3,0.0,0.0,0
MRC004584,2026-08-31,5,0,0,0,904,5,1,8,17,1087.11,6534.79,816.85,6,0.5,0.6654,0
MRC004585,2026-08-31,4,2,1,1,718,0,2,8,14,884.19,22815.31,2851.91,7,1.0,0.155,0
MRC004586,2026-08-31,0,0,1,1,1106,2,4,11,15,1395.53,7486.41,680.58,10,1.4545,0.7456,0
MRC004587,2026-08-31,4,0,1,1,1715,0,1,5,11,122.33,2284.08,456.82,5,0.7999,0.2142,0
MRC004588,2026-08-31,0,0,1,1,961,11,0,2,6,0,5196.54,2598.27,2,0.0,0.0,0
MRC004589,2026-08-31,2,1,0,1,1833,7,0,3,9,0,3267.05,1089.02,3,0.0,0.0,0
MRC004590,2026-08-31,5,0,1,1,1235,67,0,0,0,0,0,0.0,0,0.0,0.0,1
MRC004591,2026-08-31,2,2,1,1,1972,0,4,20,30,10788.46,40693.33,2034.67,15,0.8,1.0605,0
MRC004592,2026-08-31,5,1,1,0,1228,48,0,0,2,0,0,0.0,0,0.0,0.0,0
MRC004593,2026-08-31,3,0,1,1,1055,9,0,1,1,0,784.74,784.74,1,0.0,0.0,1
MRC004594,2026-08-31,0,1,1,1,1364,8,0,6,7,0,50782.45,8463.74,4,0.0,0.0,1
MRC004595,2026-08-31,0,0,1,1,1757,11,0,3,7,0,1354.56,451.52,3,0.0,0.0,0
MRC004596,2026-08-31,5,0,1,1,1271,13,0,3,5,0,4534.05,1511.35,3,0.0,0.0,0
MRC004597,2026-08-31,5,1,0,1,2236,2,1,9,17,2945.33,14851.97,1650.22,8,0.4444,0.7932,0
MRC004598,2026-08-31,5,0,1,1,1384,7,0,8,15,0,9890.89,1236.36,7,0.0,0.0,0
MRC004599,2026-08-31,2,2,1,1,903,25,0,1,2,0,236.14,236.14,1,0.0,0.0,1
MRC004600,2026-08-31,5,1,1,1,318,14,0,1,5,0,1104.62,1104.62,1,0.0,0.0,1
MRC004601,2026-08-31,5,0,1,1,1114,1,1,2,2,3107.43,3460.2,1730.1,2,1.9996,3.5922,0
MRC004602,2026-08-31,5,3,1,1,375,6,1,1,4,1149.33,1149.33,1149.33,1,3.9984,4.0,0
MRC004603,2026-08-31,0,1,0,1,335,1,4,19,35,3708.91,20337.62,1070.4,14,0.8421,0.7295,0
MRC004604,2026-08-31,5,0,0,1,1067,33,0,0,1,0,0,0.0,0,0.0,0.0,0
MRC004605,2026-08-31,2,1,1,1,891,1,9,30,44,13237.17,46376.99,1545.9,20,1.2,1.1417,0
MRC004606,2026-08-31,5,2,0,1,2190,6,1,2,5,3698.22,4198.09,2099.05,2,1.9996,3.5237,0
MRC004607,2026-08-31,3,1,0,1,1852,2,7,21,35,9731.14,24707.91,1176.57,13,1.3333,1.5754,0
MRC004608,2026-08-31,5,1,1,1,1984,5,1,3,3,1150.9,2141.6,713.87,3,1.3332,2.1496,0
MRC004609,2026-08-31,2,1,1,1,1448,2,1,1,3,193.36,193.36,193.36,1,3.9984,4.0,0
MRC004610,2026-08-31,5,0,1,1,497,26,0,2,6,0,10055.74,5027.87,2,0.0,0.0,0
MRC004611,2026-08-31,4,0,0,1,2116,1,1,13,28,62.47,18839.74,1449.21,11,0.3077,0.0133,0
MRC004612,2026-08-31,5,1,0,1,1338,4,1,4,7,1378.99,3118.35,779.59,4,0.9999,1.7689,0
MRC004613,2026-08-31,5,2,1,1,1194,0,1,6,10,166.81,12893.84,2148.97,6,0.6666,0.0517,0
MRC004614,2026-08-31,5,1,1,1,1578,2,3,8,18,4149.01,6700.62,837.58,7,1.4999,2.4768,0
MRC004615,2026-08-31,5,0,1,1,614,4,1,3,4,260.54,1051.08,350.36,3,1.3332,0.9915,0
MRC004616,2026-08-31,5,1,1,1,1308,17,0,4,12,0,2940.0,735.0,3,0.0,0.0,0
MRC004617,2026-08-31,5,0,1,1,1580,15,0,2,3,0,1015.26,507.63,1,0.0,0.0,0
MRC004618,2026-08-31,5,0,1,0,1781,2,4,11,25,2688.46,11677.42,1061.58,10,1.4545,0.9209,0
MRC004619,2026-08-31,5,1,1,1,1349,0,3,7,14,1957.58,8393.19,1199.03,7,1.7142,0.9329,0
MRC004620,2026-08-31,5,0,0,1,2436,1,2,9,12,523.61,17138.29,1904.25,7,0.8888,0.1222,0
MRC004621,2026-08-31,5,2,1,1,2420,182,0,0,0,0,0,0.0,0,0.0,0.0,0
MRC004622,2026-08-31,3,1,1,0,467,4,3,9,15,10864.59,16220.39,1802.27,8,1.3333,2.6792,0
MRC004623,2026-08-31,0,1,0,1,438,17,0,4,5,0,2740.28,685.07,3,0.0,0.0,0
MRC004624,2026-08-31,5,2,1,1,1383,7,0,2,4,0,404.08,202.04,2,0.0,0.0,1
MRC004625,2026-08-31,0,1,1,1,2065,28,0,1,8,0,2894.64,2894.64,1,0.0,0.0,0
MRC004626,2026-08-31,4,2,1,1,1376,6,1,1,1,1561.69,1561.69,1561.69,1,3.9984,4.0,1
MRC004627,2026-08-31,5,2,1,1,731,6,1,6,11,960.05,4530.5,755.08,5,0.6666,0.8476,0
MRC004628,2026-08-31,5,1,1,1,1485,6,1,16,32,185.65,23250.59,1453.16,15,0.25,0.0319,0
MRC004629,2026-08-31,5,0,1,1,2317,67,0,0,0,0,0,0.0,0,0.0,0.0,0
MRC004630,2026-08-31,5,0,1,1,621,20,0,1,4,0,850.47,850.47,1,0.0,0.0,0
MRC004631,2026-08-31,4,2,1,1,1230,2,2,5,5,6542.38,8954.22,1790.84,5,1.5999,2.9226,0
MRC004632,2026-08-31,0,0,0,0,1651,3,1,2,2,3035.82,3297.61,1648.81,2,1.9996,3.6824,1
MRC004633,2026-08-31,0,2,0,1,1116,2,4,11,20,4676.1,12394.43,1126.77,8,1.4545,1.5091,0
MRC004634,2026-08-31,4,0,0,1,353,1,2,3,8,902.93,3762.91,1254.3,2,2.6663,0.9598,0
MRC004635,2026-08-31,5,1,0,1,1720,0,10,28,51,11936.14,56578.11,2020.65,16,1.4286,0.8439,0
MRC004636,2026-08-31,5,0,1,1,1876,2,1,6,11,2918.83,12069.47,2011.58,6,0.6666,0.9673,0
MRC004637,2026-08-31,5,2,1,1,1688,4,1,4,6,1022.3,2169.47,542.37,3,0.9999,1.8849,1
MRC004638,2026-08-31,4,0,1,1,1706,7,0,7,13,0,14476.83,2068.12,6,0.0,0.0,0
MRC004639,2026-08-31,3,0,1,0,1691,0,10,27,44,14186.68,37778.61,1399.21,17,1.4815,1.5021,0
MRC004640,2026-08-31,0,2,0,1,978,12,0,4,8,0,11354.86,2838.71,4,0.0,0.0,0
MRC004641,2026-08-31,5,0,1,1,293,3,1,3,6,210.57,2914.33,971.44,3,1.3332,0.289,0
MRC004642,2026-08-31,5,0,1,1,2417,41,0,0,1,0,0,0.0,0,0.0,0.0,0
MRC004643,2026-08-31,0,2,0,1,703,5,2,8,18,1916.78,11639.74,1454.97,7,1.0,0.6587,0
MRC004644,2026-08-31,5,2,0,1,2067,0,1,7,15,619.04,8384.1,1197.73,7,0.5714,0.2953,0
MRC004645,2026-08-31,5,0,1,1,1438,180,0,0,0,0,0,0.0,0,0.0,0.0,1
MRC004646,2026-08-31,2,1,1,1,1435,1,2,8,13,2711.24,15203.14,1900.39,8,1.0,0.7133,0
MRC004647,2026-08-31,5,0,1,1,302,74,0,0,0,0,0,0.0,0,0.0,0.0,1
MRC004648,2026-08-31,5,0,1,1,2421,11,0,1,4,0,4389.61,4389.61,1,0.0,0.0,0
MRC004649,2026-08-31,0,1,1,1,1411,0,1,6,12,757.85,6925.75,1154.29,6,0.6666,0.4377,0
MRC004650,2026-08-31,0,0,1,0,2070,13,0,1,4,0,436.6,436.6,1,0.0,0.0,0
MRC004651,2026-08-31,5,1,1,1,1956,4,3,16,29,4542.28,22933.35,1433.33,13,0.75,0.7923,0
MRC004652,2026-08-31,5,0,1,1,558,5,1,7,10,1100.56,16202.06,2314.58,6,0.5714,0.2717,1
MRC004653,2026-08-31,5,2,0,0,2327,8,0,3,6,0,2905.76,968.59,3,0.0,0.0,0
MRC004654,2026-08-31,5,1,1,1,1548,1,2,7,15,1164.84,12359.9,1765.7,7,1.1428,0.377,0
MRC004655,2026-08-31,5,0,1,1,661,12,0,3,3,0,4112.17,1370.72,3,0.0,0.0,1
MRC004656,2026-08-31,5,2,1,0,1526,1,1,1,3,1243.38,1243.38,1243.38,1,3.9984,4.0,0
MRC004657,2026-08-31,0,2,1,1,1603,2,2,7,13,2623.46,14231.07,2033.01,7,1.1428,0.7374,0
MRC004658,2026-08-31,2,0,1,0,1683,4,2,6,8,2761.39,6730.94,1121.82,6,1.3332,1.641,0
MRC004659,2026-08-31,5,3,1,1,959,0,4,7,27,4629.85,5908.46,844.07,6,2.2856,3.1344,0
MRC004660,2026-08-31,5,0,1,1,2312,20,0,2,4,0,1180.48,590.24,2,0.0,0.0,0
MRC004661,2026-08-31,5,0,1,1,774,19,0,1,1,0,536.49,536.49,1,0.0,0.0,0
MRC004662,2026-08-31,0,1,1,1,1332,2,1,1,1,327.95,327.95,327.95,1,3.9984,4.0,0
MRC004663,2026-08-31,3,0,1,1,2089,25,0,1,2,0,2044.52,2044.52,1,0.0,0.0,1
MRC004664,2026-08-31,5,1,1,1,426,0,7,20,38,3321.19,21393.93,1069.7,17,1.4,0.621,0
MRC004665,2026-08-31,4,1,1,1,1138,8,0,2,3,0,13378.23,6689.11,2,0.0,0.0,0
MRC004666,2026-08-31,4,2,1,0,1304,17,0,5,8,0,7087.96,1417.59,4,0.0,0.0,0
MRC004667,2026-08-31,5,0,1,0,1945,0,4,17,34,3939.44,18058.38,1062.26,13,0.9412,0.8726,0
MRC004668,2026-08-31,5,0,1,1,1978,6,1,3,6,1110.26,5609.51,1869.84,3,1.3332,0.7917,0
MRC004669,2026-08-31,5,0,1,1,1998,7,0,4,13,0,9360.07,2340.02,4,0.0,0.0,0
MRC004670,2026-08-31,4,0,1,1,1040,52,0,0,2,0,0,0.0,0,0.0,0.0,1
MRC004671,2026-08-31,3,2,1,1,1331,1,3,12,23,1217.7,8435.52,702.96,11,1.0,0.5774,0
MRC004672,2026-08-31,0,1,1,1,316,10,0,2,3,0,2537.57,1268.79,2,0.0,0.0,0
MRC004673,2026-08-31,0,1,1,0,2054,2,2,2,5,15485.12,15485.12,7742.56,2,3.9992,4.0,0
MRC004674,2026-08-31,3,1,1,1,919,52,0,0,1,0,0,0.0,0,0.0,0.0,0
MRC004675,2026-08-31,2,0,1,1,1278,0,7,20,38,6875.76,17488.73,874.44,15,1.4,1.5726,0
MRC004676,2026-08-31,5,0,1,1,1747,8,0,4,7,0,4445.94,1111.49,4,0.0,0.0,1
MRC004677,2026-08-31,5,1,1,1,1953,48,0,0,1,0,0,0.0,0,0.0,0.0,0
MRC004678,2026-08-31,0,2,1,0,444,0,1,2,5,4677.85,5417.84,2708.92,2,1.9996,3.4537,0
MRC004679,2026-08-31,0,0,1,0,1933,2,2,2,4,3174.33,3174.33,1587.16,2,3.9992,4.0,0
MRC004680,2026-08-31,5,0,1,1,1078,5,1,3,8,53.41,854.2,284.73,3,1.3332,0.2501,0
MRC004681,2026-08-31,0,1,1,1,1169,2,1,5,9,1523.01,5837.09,1167.42,5,0.7999,1.0437,0
MRC004682,2026-08-31,0,0,1,1,547,0,2,6,8,768.2,5299.57,883.26,6,1.3332,0.5798,0
MRC004683,2026-08-31,5,1,1,1,1823,2,2,7,14,4576.23,10556.0,1508.0,7,1.1428,1.7341,0
MRC004684,2026-08-31,4,0,1,1,1296,9,0,4,7,0,10796.03,2699.01,4,0.0,0.0,0
MRC004685,2026-08-31,5,1,0,0,483,0,6,26,52,2993.53,17319.08,666.12,15,0.9231,0.6914,0
MRC004686,2026-08-31,5,1,1,1,566,25,0,1,5,0,1752.75,1752.75,1,0.0,0.0,0
MRC004687,2026-08-31,0,2,1,1,1833,2,3,10,19,927.99,16919.18,1691.92,9,1.2,0.2194,0
MRC004688,2026-08-31,5,1,1,1,495,2,1,1,2,2171.77,2171.77,2171.77,1,3.9984,4.0,0
MRC004689,2026-08-31,5,0,0,1,1395,7,0,1,2,0,256.81,256.81,1,0.0,0.0,1
MRC004690,2026-08-31,5,1,1,1,1781,37,0,0,1,0,0,0.0,0,0.0,0.0,0
MRC004691,2026-08-31,0,1,1,1,2249,2,3,6,12,979.52,4162.0,693.67,6,1.9999,0.9414,0
MRC004692,2026-08-31,5,1,1,1,602,2,1,7,18,4742.12,18415.71,2630.82,5,0.5714,1.03,0
MRC004693,2026-08-31,4,2,1,1,903,41,0,0,1,0,0,0.0,0,0.0,0.0,0
MRC004694,2026-08-31,5,2,1,1,595,16,0,1,2,0,2380.56,2380.56,1,0.0,0.0,1
MRC004695,2026-08-31,2,0,1,1,2179,4,2,5,12,1477.41,5300.42,1060.08,5,1.5999,1.1149,0
MRC004696,2026-08-31,5,1,1,1,1551,2,2,3,7,701.5,1763.36,587.79,3,2.6663,1.5913,0
MRC004697,2026-08-31,4,0,0,1,2405,3,2,3,6,6180.41,6299.09,2099.7,3,2.6663,3.9246,0
MRC004698,2026-08-31,5,1,1,1,352,22,0,1,3,0,5339.46,5339.46,1,0.0,0.0,0
MRC004699,2026-08-31,5,2,0,1,1799,13,0,3,6,0,5331.72,1777.24,3,0.0,0.0,0
MRC004700,2026-08-31,5,1,1,1,329,2,4,8,14,4920.1,7187.69,898.46,8,1.9999,2.7381,0
MRC004701,2026-08-31,2,0,0,1,495,1,2,8,14,5650.16,14249.3,1781.16,7,1.0,1.5861,0
MRC004702,2026-08-31,2,2,0,1,1199,37,0,0,2,0,0,0.0,0,0.0,0.0,1
MRC004703,2026-08-31,5,1,1,0,1058,20,0,1,1,0,878.62,878.62,1,0.0,0.0,0
MRC004704,2026-08-31,5,0,1,1,1054,8,0,6,13,0,12729.07,2121.51,6,0.0,0.0,1
MRC004705,2026-08-31,3,2,1,1,405,1,3,8,14,3119.34,5990.35,748.79,7,1.4999,2.0829,0
MRC004706,2026-08-31,0,0,1,1,1446,36,0,0,2,0,0,0.0,0,0.0,0.0,0
MRC004707,2026-08-31,5,1,1,1,1001,14,0,2,4,0,858.54,429.27,2,0.0,0.0,0
MRC004708,2026-08-31,0,1,1,1,2427,5,1,4,10,2101.68,3078.71,769.68,4,0.9999,2.7306,0
MRC004709,2026-08-31,0,2,1,1,1982,1,1,2,4,763.17,1572.27,786.13,2,1.9996,1.9416,0
MRC004710,2026-08-31,4,0,1,1,1206,7,0,2,2,0,6067.22,3033.61,2,0.0,0.0,0
MRC004711,2026-08-31,5,0,0,1,1929,8,0,3,3,0,3404.06,1134.69,3,0.0,0.0,0
MRC004712,2026-08-31,5,1,0,1,1515,13,0,1,2,0,2580.31,2580.31,1,0.0,0.0,0
MRC004713,2026-08-31,5,2,1,1,1339,9,0,4,11,0,5087.79,1271.95,4,0.0,0.0,0
MRC004714,2026-08-31,0,0,0,1,2265,0,10,52,90,8419.35,81532.84,1567.94,23,0.7692,0.4131,0
MRC004715,2026-08-31,2,0,0,1,1540,0,1,5,8,1636.23,7453.41,1490.68,4,0.7999,0.8781,0
MRC004716,2026-08-31,5,2,1,1,1312,29,0,1,1,0,306.3,306.3,1,0.0,0.0,1
MRC004717,2026-08-31,3,1,1,1,1495,22,0,1,3,0,852.61,852.61,1,0.0,0.0,0
MRC004718,2026-08-31,0,0,0,1,1963,2,1,3,5,1303.68,3948.37,1316.12,3,1.3332,1.3207,0
MRC004719,2026-08-31,2,0,1,0,1877,1,2,6,16,554.77,6479.63,1079.94,5,1.3332,0.3425,0
MRC004720,2026-08-31,5,1,1,1,1455,2,1,13,24,592.23,15114.84,1162.68,12,0.3077,0.1567,0
MRC004721,2026-08-31,5,1,1,1,643,1,4,12,20,2443.78,20055.26,1671.27,11,1.3333,0.4874,0
MRC004722,2026-08-31,5,1,1,1,1649,0,2,6,12,2041.62,21327.34,3554.56,5,1.3332,0.3829,0
MRC004723,2026-08-31,0,1,0,0,1197,17,0,1,4,0,629.15,629.15,1,0.0,0.0,0
MRC004724,2026-08-31,5,0,1,1,2294,6,1,16,34,671.69,44392.8,2774.55,11,0.25,0.0605,0
MRC004725,2026-08-31,4,2,0,1,2241,13,0,2,5,0,9599.61,4799.81,2,0.0,0.0,0
MRC004726,2026-08-31,5,0,1,1,258,10,0,4,10,0,19978.78,4994.69,4,0.0,0.0,0
MRC004727,2026-08-31,2,2,1,1,2440,1,1,3,8,3812.99,7028.64,2342.88,3,1.3332,2.17,0
MRC004728,2026-08-31,0,0,1,1,2225,67,0,0,0,0,0,0.0,0,0.0,0.0,0
MRC004729,2026-08-31,5,0,0,1,2239,0,2,12,30,5673.14,18096.08,1508.01,11,0.6666,1.254,0
MRC004730,2026-08-31,4,0,1,0,1344,2,1,8,12,1925.63,14154.46,1769.31,7,0.5,0.5442,0
MRC004731,2026-08-31,4,0,1,1,848,25,0,1,1,0,279.35,279.35,1,0.0,0.0,1
MRC004732,2026-08-31,5,1,1,1,1582,0,2,6,21,11255.91,19186.45,3197.74,6,1.3332,2.3466,0
MRC004733,2026-08-31,5,1,0,1,2186,16,0,2,7,0,868.37,434.18,2,0.0,0.0,0
MRC004734,2026-08-31,5,2,1,1,1240,3,2,11,20,2425.9,20574.34,1870.39,9,0.7272,0.4716,0
MRC004735,2026-08-31,2,1,1,1,2410,8,0,4,7,0,10292.18,2573.05,4,0.0,0.0,0
MRC004736,2026-08-31,0,1,0,1,827,17,0,1,3,0,1414.83,1414.83,1,0.0,0.0,0
MRC004737,2026-08-31,5,0,1,1,2120,24,0,1,7,0,10468.04,10468.04,1,0.0,0.0,0
MRC004738,2026-08-31,5,2,0,0,401,19,0,2,4,0,1048.36,524.18,2,0.0,0.0,0
MRC004739,2026-08-31,0,0,0,1,2091,10,0,1,4,0,841.28,841.28,1,0.0,0.0,1
MRC004740,2026-08-31,5,0,1,1,2322,3,3,7,14,2653.21,5395.73,770.82,5,1.7142,1.9669,0
MRC004741,2026-08-31,5,0,1,1,1792,2,1,6,7,1990.14,10846.63,1807.77,6,0.6666,0.7339,0
MRC004742,2026-08-31,0,0,0,1,1620,0,6,18,30,5549.79,29020.29,1612.24,13,1.3333,0.765,0
MRC004743,2026-08-31,5,1,0,1,1156,30,0,0,5,0,0,0.0,0,0.0,0.0,0
MRC004744,2026-08-31,5,0,0,1,2165,117,0,0,0,0,0,0.0,0,0.0,0.0,0
MRC004745,2026-08-31,4,0,0,1,533,5,4,13,17,3113.24,10786.51,829.73,10,1.2307,1.1545,0
MRC004746,2026-08-31,5,2,0,1,892,22,0,1,4,0,937.42,937.42,1,0.0,0.0,0
MRC004747,2026-08-31,0,0,1,1,543,1,1,1,3,2791.83,2791.83,2791.83,1,3.9984,4.0,0
MRC004748,2026-08-31,0,1,0,1,864,7,0,3,6,0,4986.39,1662.13,2,0.0,0.0,0
MRC004749,2026-08-31,5,0,1,1,1400,12,0,2,5,0,700.54,350.27,2,0.0,0.0,0
MRC004750,2026-08-31,5,2,1,1,990,55,0,0,2,0,0,0.0,0,0.0,0.0,0
MRC004751,2026-08-31,4,1,1,1,1175,25,0,1,1,0,387.5,387.5,1,0.0,0.0,1
MRC004752,2026-08-31,5,0,1,1,761,1,3,10,15,5075.39,17364.16,1736.42,9,1.2,1.1692,0
MRC004753,2026-08-31,5,2,1,1,1027,4,1,2,3,973.72,1374.4,687.2,2,1.9996,2.8339,0
MRC004754,2026-08-31,5,1,1,1,1345,1,2,10,15,3001.27,12218.5,1221.85,9,0.8,0.9825,0
MRC004755,2026-08-31,5,0,0,1,724,5,1,4,6,943.49,12720.69,3180.17,4,0.9999,0.2967,0
MRC004756,2026-08-31,5,1,0,1,2302,1,4,14,19,4209.26,16985.86,1213.28,11,1.1428,0.9912,0
MRC004757,2026-08-31,2,1,0,1,2217,7,0,3,10,0,2628.56,876.19,3,0.0,0.0,0
MRC004758,2026-08-31,5,0,1,1,2171,18,0,4,6,0,6250.6,1562.65,3,0.0,0.0,0
MRC004759,2026-08-31,5,0,1,1,260,40,0,0,1,0,0,0.0,0,0.0,0.0,0
MRC004760,2026-08-31,5,0,1,1,1338,70,0,0,0,0,0,0.0,0,0.0,0.0,0
MRC004761,2026-08-31,2,1,1,1,1994,1,1,7,11,284.68,3702.13,528.88,7,0.5714,0.3076,0
MRC004762,2026-08-31,0,2,1,1,1019,2,1,3,7,434.15,1427.26,475.75,3,1.3332,1.2167,0
MRC004763,2026-08-31,0,1,1,1,763,4,1,5,9,1395.96,4314.81,862.96,5,0.7999,1.2941,0
MRC004764,2026-08-31,5,3,1,1,1593,0,2,8,26,2903.19,23501.75,2937.72,8,1.0,0.4941,0
MRC004765,2026-08-31,5,0,1,1,262,37,0,0,1,0,0,0.0,0,0.0,0.0,0
MRC004766,2026-08-31,5,1,0,0,1594,6,1,2,2,2536.0,3208.36,1604.18,2,1.9996,3.1617,1
MRC004767,2026-08-31,5,2,1,1,1243,3,2,3,5,2166.29,4186.21,1395.4,3,2.6663,2.0699,0
MRC004768,2026-08-31,0,1,1,1,1751,104,0,0,0,0,0,0.0,0,0.0,0.0,1
MRC004769,2026-08-31,0,0,1,1,1749,1,7,20,34,5452.99,32670.07,1633.5,15,1.4,0.6676,0
MRC004770,2026-08-31,5,0,1,1,1427,11,0,3,5,0,1504.32,501.44,2,0.0,0.0,0
MRC004771,2026-08-31,3,0,1,1,1532,21,0,1,2,0,119.0,119.0,1,0.0,0.0,0
MRC004772,2026-08-31,5,1,1,1,315,13,0,2,4,0,2525.75,1262.88,2,0.0,0.0,0
MRC004773,2026-08-31,0,3,1,1,2401,91,0,0,0,0,0,0.0,0,0.0,0.0,1
MRC004774,2026-08-31,2,0,1,1,423,1,4,14,25,3494.85,13052.51,932.32,9,1.1428,1.071,0
MRC004775,2026-08-31,5,0,0,1,2390,1,4,15,33,2155.07,34732.67,2315.51,12,1.0666,0.2482,0
MRC004776,2026-08-31,0,0,1,1,2384,155,0,0,0,0,0,0.0,0,0.0,0.0,1
MRC004777,2026-08-31,0,1,1,1,1825,9,0,3,17,0,3906.77,1302.26,3,0.0,0.0,0
MRC004778,2026-08-31,5,1,1,1,1887,24,0,1,2,0,927.23,927.23,1,0.0,0.0,0
MRC004779,2026-08-31,5,0,1,1,322,0,3,10,22,7310.06,17987.47,1798.75,10,1.2,1.6256,0
MRC004780,2026-08-31,5,1,0,1,2328,49,0,0,1,0,0,0.0,0,0.0,0.0,0
MRC004781,2026-08-31,5,0,0,1,1411,4,1,4,8,1374.3,4840.86,1210.21,4,0.9999,1.1356,0
MRC004782,2026-08-31,5,1,1,1,998,21,0,3,7,0,2715.84,905.28,3,0.0,0.0,0
MRC004783,2026-08-31,0,1,1,1,1720,2,2,10,15,1471.09,17853.11,1785.31,8,0.8,0.3296,0
MRC004784,2026-08-31,5,0,1,1,1425,4,1,6,9,1220.8,4943.37,823.89,5,0.6666,0.9878,0
MRC004785,2026-08-31,5,1,0,0,1047,1,1,6,10,469.03,5728.04,954.67,6,0.6666,0.3275,0
MRC004786,2026-08-31,5,1,0,1,960,7,0,1,2,0,991.06,991.06,1,0.0,0.0,1
MRC004787,2026-08-31,5,1,1,1,515,4,2,18,32,5508.24,21142.86,1174.6,14,0.4444,1.0421,0
MRC004788,2026-08-31,5,1,1,1,2243,3,1,6,10,4682.74,10561.14,1760.19,4,0.6666,1.7736,0
MRC004789,2026-08-31,0,1,0,1,1711,1,1,8,18,3295.77,12212.48,1526.56,6,0.5,1.0795,0
MRC004790,2026-08-31,3,0,0,1,885,0,1,8,16,625.54,12698.31,1587.29,7,0.5,0.197,0
MRC004791,2026-08-31,5,2,1,1,1837,7,0,7,13,0,8955.06,1279.29,6,0.0,0.0,0
MRC004792,2026-08-31,0,2,0,1,1772,8,0,2,4,0,2763.4,1381.7,2,0.0,0.0,0
MRC004793,2026-08-31,2,0,0,1,562,8,0,7,9,0,11605.54,1657.93,7,0.0,0.0,0
MRC004794,2026-08-31,5,2,1,1,639,3,1,3,9,1260.2,1805.6,601.87,3,1.3332,2.7918,0
MRC004795,2026-08-31,0,1,1,1,761,14,0,2,2,0,2454.11,1227.06,1,0.0,0.0,1
MRC004796,2026-08-31,2,0,1,0,486,6,1,2,2,847.21,1410.57,705.29,2,1.9996,2.4025,0
MRC004797,2026-08-31,5,1,1,1,2055,1,10,50,78,11357.91,66694.66,1333.89,26,0.8,0.6812,0
MRC004798,2026-08-31,5,0,1,0,597,9,0,2,3,0,440.89,220.44,2,0.0,0.0,0
MRC004799,2026-08-31,3,1,1,1,2029,17,0,3,5,0,7988.63,2662.88,3,0.0,0.0,0
MRC004800,2026-08-31,5,2,1,1,1413,1,2,8,14,2869.94,26565.09,3320.64,8,1.0,0.4321,0
MRC004801,2026-08-31,5,0,1,1,512,7,0,1,3,0,1119.93,1119.93,1,0.0,0.0,0
MRC004802,2026-08-31,5,1,1,1,2102,1,1,2,6,3806.41,5614.42,2807.21,2,1.9996,2.7119,0
MRC004803,2026-08-31,0,0,1,1,636,9,0,2,6,0,4024.52,2012.26,2,0.0,0.0,1
MRC004804,2026-08-31,5,1,0,1,2440,22,0,2,7,0,747.57,373.78,2,0.0,0.0,0
MRC004805,2026-08-31,4,2,0,1,287,0,1,3,8,567.55,2221.95,740.65,3,1.3332,1.0217,0
MRC004806,2026-08-31,5,0,1,1,1617,2,5,22,56,3933.18,30312.75,1377.85,16,0.9091,0.519,0
MRC004807,2026-08-31,5,1,1,1,942,2,1,3,7,311.81,6538.96,2179.65,2,1.3332,0.1907,0
MRC004808,2026-08-31,2,0,1,1,1422,11,0,3,6,0,4610.31,1536.77,3,0.0,0.0,0
MRC004809,2026-08-31,3,1,0,1,2091,0,4,7,12,4156.8,9338.58,1334.08,7,2.2856,1.7805,0
MRC004810,2026-08-31,3,1,1,1,1976,94,0,0,0,0,0,0.0,0,0.0,0.0,1
MRC004811,2026-08-31,5,1,0,1,871,0,5,16,34,8104.23,21441.48,1340.09,14,1.25,1.5119,0
MRC004812,2026-08-31,4,0,1,1,396,10,0,1,3,0,187.68,187.68,1,0.0,0.0,0
MRC004813,2026-08-31,5,1,1,1,876,5,1,13,25,583.67,15616.18,1201.24,10,0.3077,0.1495,0
MRC004814,2026-08-31,0,1,0,1,2025,0,4,15,34,4059.04,26280.97,1752.06,14,1.0666,0.6178,0
MRC004815,2026-08-31,5,1,1,1,1383,47,0,0,2,0,0,0.0,0,0.0,0.0,0
MRC004816,2026-08-31,5,1,1,1,1914,20,0,1,3,0,786.5,786.5,1,0.0,0.0,0
MRC004817,2026-08-31,2,2,1,0,1337,16,0,1,2,0,3679.7,3679.7,1,0.0,0.0,0
MRC004818,2026-08-31,0,0,1,1,1414,8,0,15,21,0,18610.22,1240.68,8,0.0,0.0,0
MRC004819,2026-08-31,5,0,0,1,398,30,0,0,1,0,0,0.0,0,0.0,0.0,0
MRC004820,2026-08-31,5,3,0,1,307,30,0,0,6,0,0,0.0,0,0.0,0.0,0
MRC004821,2026-08-31,2,0,1,1,1793,17,0,1,3,0,3849.6,3849.6,1,0.0,0.0,0
MRC004822,2026-08-31,3,2,1,1,698,46,0,0,3,0,0,0.0,0,0.0,0.0,0
MRC004823,2026-08-31,5,1,1,1,1045,44,0,0,2,0,0,0.0,0,0.0,0.0,0
MRC004824,2026-08-31,0,2,1,1,1064,4,1,3,7,179.21,732.47,244.16,3,1.3332,0.9787,0
MRC004825,2026-08-31,5,1,1,1,1640,4,3,8,13,2901.98,5614.63,701.83,8,1.4999,2.0674,0
MRC004826,2026-08-31,5,2,1,1,2313,12,0,2,2,0,692.81,346.41,2,0.0,0.0,0
MRC004827,2026-08-31,0,1,0,1,1912,3,1,3,6,293.86,4416.54,1472.18,3,1.3332,0.2661,0
MRC004828,2026-08-31,5,1,1,1,1652,4,2,4,5,3056.48,29341.95,7335.49,4,1.9998,0.4167,0
MRC004829,2026-08-31,2,0,1,1,2081,0,6,13,29,10382.76,23379.62,1798.43,10,1.8461,1.7764,0
MRC004830,2026-08-31,5,0,1,1,1371,19,0,1,3,0,191.58,191.58,1,0.0,0.0,0
MRC004831,2026-08-31,5,0,1,1,574,5,1,8,22,96.08,7462.46,932.81,7,0.5,0.0515,0
MRC004832,2026-08-31,3,2,1,1,1324,53,0,0,1,0,0,0.0,0,0.0,0.0,0
MRC004833,2026-08-31,5,0,0,0,2393,4,2,4,10,1083.76,5029.03,1257.26,4,1.9998,0.862,0
MRC004834,2026-08-31,2,1,1,1,1961,1,2,6,15,7871.26,18509.6,3084.93,6,1.3332,1.701,0
MRC004835,2026-08-31,5,1,1,1,1021,3,1,2,3,330.1,1056.83,528.41,2,1.9996,1.2494,0
MRC004836,2026-08-31,5,0,0,1,964,3,1,2,4,1215.57,1474.27,737.13,2,1.9996,3.2981,1
MRC004837,2026-08-31,5,3,1,1,2262,15,0,1,8,0,8304.96,8304.96,1,0.0,0.0,0
MRC004838,2026-08-31,5,0,1,1,463,3,2,10,21,3665.14,10640.63,1064.06,9,0.8,1.3778,0
MRC004839,2026-08-31,4,1,1,1,2295,8,0,2,3,0,996.72,498.36,2,0.0,0.0,0
MRC004840,2026-08-31,0,1,1,1,1736,0,3,11,20,3879.47,17492.87,1590.26,10,1.0909,0.8871,0
MRC004841,2026-08-31,5,0,1,1,2021,17,0,2,6,0,4048.79,2024.39,2,0.0,0.0,0
MRC004842,2026-08-31,2,0,0,1,975,3,1,2,6,644.24,1354.2,677.1,2,1.9996,1.9029,1
MRC004843,2026-08-31,3,1,1,1,1673,12,0,2,3,0,1211.98,605.99,2,0.0,0.0,0
MRC004844,2026-08-31,5,0,0,1,968,13,0,2,5,0,2373.24,1186.62,1,0.0,0.0,0
MRC004845,2026-08-31,5,2,1,1,294,1,1,13,34,912.7,26799.43,2061.49,7,0.3077,0.1362,0
MRC004846,2026-08-31,5,1,1,1,1250,1,3,6,9,2692.22,6432.61,1072.1,5,1.9999,1.6741,0
MRC004847,2026-08-31,5,0,0,1,2398,34,0,0,1,0,0,0.0,0,0.0,0.0,0
MRC004848,2026-08-31,5,0,1,1,787,4,1,3,7,5149.33,12450.07,4150.02,3,1.3332,1.6544,0
MRC004849,2026-08-31,0,0,1,1,611,3,1,2,5,2801.7,4987.8,2493.9,2,1.9996,2.2468,0
MRC004850,2026-08-31,5,1,0,1,2270,208,0,0,0,0,0,0.0,0,0.0,0.0,1
MRC004851,2026-08-31,0,1,1,1,2245,48,0,0,1,0,0,0.0,0,0.0,0.0,1
MRC004852,2026-08-31,5,0,1,1,2107,5,1,2,7,5586.17,8746.0,4373.0,2,1.9996,2.5548,0
MRC004853,2026-08-31,5,1,1,1,2390,0,2,16,29,1758.74,25841.94,1615.12,14,0.5,0.2722,0
MRC004854,2026-08-31,5,1,1,0,2422,3,3,10,22,4418.48,12909.09,1290.91,8,1.2,1.3691,0
MRC004855,2026-08-31,5,1,0,1,2263,3,1,3,5,610.26,1701.45,567.15,3,1.3332,1.4347,0
MRC004856,2026-08-31,5,0,0,0,2364,54,0,0,1,0,0,0.0,0,0.0,0.0,0
MRC004857,2026-08-31,4,0,1,1,1883,58,0,0,1,0,0,0.0,0,0.0,0.0,0
MRC004858,2026-08-31,5,0,1,1,944,180,0,0,0,0,0,0.0,0,0.0,0.0,1
MRC004859,2026-08-31,0,1,1,1,1258,0,2,5,6,1297.0,5787.49,1157.5,5,1.5999,0.8964,0
MRC004860,2026-08-31,5,1,1,1,1088,0,1,6,10,330.84,12833.66,2138.94,5,0.6666,0.1031,0
MRC004861,2026-08-31,5,0,1,0,1370,9,0,5,7,0,6031.03,1206.21,5,0.0,0.0,0
MRC004862,2026-08-31,5,0,0,1,1782,15,0,1,3,0,2082.46,2082.46,1,0.0,0.0,1
MRC004863,2026-08-31,5,1,1,1,785,4,1,1,4,2097.74,2097.74,2097.74,1,3.9984,4.0,0
MRC004864,2026-08-31,5,0,1,1,291,19,0,1,2,0,1714.79,1714.79,1,0.0,0.0,0
MRC004865,2026-08-31,5,1,1,1,1573,4,4,9,17,3247.27,7609.69,845.52,5,1.7777,1.7069,0
MRC004866,2026-08-31,0,1,1,1,2428,1,2,5,6,4431.78,5932.39,1186.48,5,1.5999,2.9882,0
MRC004867,2026-08-31,2,0,1,1,2140,6,1,5,9,359.56,6594.84,1318.97,5,0.7999,0.2181,0
MRC004868,2026-08-31,5,1,1,1,280,2,1,4,9,969.29,6474.0,1618.5,4,0.9999,0.5989,0
MRC004869,2026-08-31,5,0,1,1,1565,25,0,2,6,0,3622.38,1811.19,2,0.0,0.0,0
MRC004870,2026-08-31,5,1,1,0,1418,48,0,0,2,0,0,0.0,0,0.0,0.0,0
MRC004871,2026-08-31,4,0,1,1,1185,19,0,1,1,0,71.51,71.51,1,0.0,0.0,0
MRC004872,2026-08-31,0,1,1,1,1718,102,0,0,0,0,0,0.0,0,0.0,0.0,1
MRC004873,2026-08-31,5,1,1,1,1188,0,1,8,13,565.05,34647.15,4330.89,8,0.5,0.0652,0
MRC004874,2026-08-31,0,0,1,1,2254,3,1,2,4,7353.38,7762.27,3881.14,2,1.9996,3.7893,0
MRC004875,2026-08-31,5,1,1,1,2240,101,0,0,0,0,0,0.0,0,0.0,0.0,1
MRC004876,2026-08-31,2,1,1,0,1664,7,0,5,12,0,12432.35,2486.47,5,0.0,0.0,0
MRC004877,2026-08-31,2,2,1,1,1258,1,1,8,15,471.97,9870.71,1233.84,7,0.5,0.1913,0
MRC004878,2026-08-31,5,0,1,1,1561,52,0,0,1,0,0,0.0,0,0.0,0.0,0
MRC004879,2026-08-31,5,0,1,1,2223,17,0,3,6,0,756.28,252.09,3,0.0,0.0,0
MRC004880,2026-08-31,5,0,1,1,913,4,1,1,4,8442.01,8442.01,8442.01,1,3.9984,4.0,0
MRC004881,2026-08-31,5,2,0,0,2154,76,0,0,0,0,0,0.0,0,0.0,0.0,0
MRC004882,2026-08-31,5,1,1,1,1548,3,2,20,45,2346.03,17341.87,867.09,11,0.4,0.5411,0
MRC004883,2026-08-31,5,0,1,1,395,3,1,6,10,1685.92,6711.23,1118.54,5,0.6666,1.0048,0
MRC004884,2026-08-31,5,1,1,1,1895,5,1,3,8,236.37,694.35,231.45,3,1.3332,1.3617,0
MRC004885,2026-08-31,5,0,1,1,698,27,0,1,4,0,682.19,682.19,1,0.0,0.0,0
MRC004886,2026-08-31,5,1,0,1,1383,9,0,3,5,0,4050.14,1350.05,3,0.0,0.0,0
MRC004887,2026-08-31,4,1,1,0,2333,46,0,0,3,0,0,0.0,0,0.0,0.0,0
MRC004888,2026-08-31,0,1,1,1,1960,2,1,1,1,3015.65,3015.65,3015.65,1,3.9984,4.0,0
MRC004889,2026-08-31,5,1,0,1,1785,1,3,14,41,11984.5,30694.3,2192.45,14,0.8571,1.5618,0
MRC004890,2026-08-31,5,0,1,1,409,3,1,10,18,2765.73,12119.45,1211.95,9,0.4,0.9128,0
MRC004891,2026-08-31,0,1,0,1,2134,1,1,9,16,507.33,6884.78,764.98,8,0.4444,0.2948,0
MRC004892,2026-08-31,2,1,1,1,989,1,1,4,8,766.59,3414.64,853.66,3,0.9999,0.898,0
MRC004893,2026-08-31,5,0,1,1,366,10,0,4,4,0,6339.22,1584.8,4,0.0,0.0,1
MRC004894,2026-08-31,5,2,1,1,2354,1,3,10,17,1273.07,7859.06,785.91,9,1.2,0.648,0
MRC004895,2026-08-31,5,1,1,1,673,11,0,3,10,0,2485.42,828.47,2,0.0,0.0,0
MRC004896,2026-08-31,0,2,1,1,963,1,1,2,2,1081.76,1914.54,957.27,2,1.9996,2.2601,0
MRC004897,2026-08-31,5,1,1,1,567,26,0,1,2,0,7250.61,7250.61,1,0.0,0.0,1
MRC004898,2026-08-31,5,0,1,0,1615,193,0,0,0,0,0,0.0,0,0.0,0.0,0
MRC004899,2026-08-31,3,1,0,1,2153,8,0,4,5,0,3294.64,823.66,4,0.0,0.0,0
MRC004900,2026-08-31,2,1,1,1,1392,7,0,3,4,0,8945.96,2981.99,3,0.0,0.0,0
MRC004901,2026-08-31,5,0,1,1,2156,2,2,13,26,5161.37,28950.84,2226.99,11,0.6154,0.7131,0
MRC004902,2026-08-31,5,1,1,0,2303,2,2,7,17,763.95,22616.82,3230.97,7,1.1428,0.1351,0
MRC004903,2026-08-31,5,0,0,1,2163,1,2,5,11,3433.87,8139.7,1627.94,5,1.5999,1.6875,0
MRC004904,2026-08-31,5,0,1,1,612,21,0,2,8,0,7753.76,3876.88,2,0.0,0.0,1
MRC004905,2026-08-31,5,2,1,0,707,60,0,0,0,0,0,0.0,0,0.0,0.0,0
MRC004906,2026-08-31,2,0,1,1,911,1,2,12,20,777.33,17152.58,1429.38,11,0.6666,0.1813,0
MRC004907,2026-08-31,5,1,1,1,1651,5,1,5,9,1489.78,5586.94,1117.39,4,0.7999,1.0666,0
MRC004908,2026-08-31,5,1,1,1,2141,14,0,6,13,0,7216.5,1202.75,6,0.0,0.0,0
MRC004909,2026-08-31,4,1,1,1,940,2,5,21,29,11446.65,53214.9,2534.04,16,0.9524,0.8604,0
MRC004910,2026-08-31,4,0,1,1,1712,15,0,1,2,0,282.59,282.59,1,0.0,0.0,0
MRC004911,2026-08-31,5,1,1,1,666,6,1,3,4,786.03,3899.87,1299.96,3,1.3332,0.8062,0
MRC004912,2026-08-31,5,1,1,1,1443,0,7,38,74,11201.54,80905.34,2129.09,21,0.7368,0.5538,0
MRC004913,2026-08-31,5,2,1,1,1960,0,1,5,13,1047.44,5865.65,1173.13,5,0.7999,0.7143,0
MRC004914,2026-08-31,0,0,1,1,1119,7,0,3,3,0,3782.8,1260.93,3,0.0,0.0,0
MRC004915,2026-08-31,2,0,1,1,613,1,3,13,22,5667.74,16179.82,1244.6,11,0.923,1.4012,0
MRC004916,2026-08-31,4,1,1,1,1155,3,1,2,5,1357.41,2351.26,1175.63,2,1.9996,2.3092,0
MRC004917,2026-08-31,5,0,0,1,1922,21,0,2,11,0,5545.73,2772.87,2,0.0,0.0,0
MRC004918,2026-08-31,5,1,1,0,2299,11,0,1,2,0,796.49,796.49,1,0.0,0.0,0
MRC004919,2026-08-31,5,1,1,1,1603,5,1,3,6,112.17,3765.22,1255.07,3,1.3332,0.1192,0
MRC004920,2026-08-31,5,1,1,0,1723,6,1,4,5,895.24,9140.1,2285.03,4,0.9999,0.3918,0
MRC004921,2026-08-31,0,3,0,1,1173,16,0,1,1,0,2577.71,2577.71,1,0.0,0.0,0
MRC004922,2026-08-31,5,1,1,1,2287,3,1,5,10,4433.01,12799.05,2559.81,5,0.7999,1.3854,0
MRC004923,2026-08-31,5,2,1,1,2157,3,1,1,5,848.48,848.48,848.48,1,3.9984,4.0,0
MRC004924,2026-08-31,5,1,1,1,2381,1,1,3,10,22667.77,24374.84,8124.95,3,1.3332,3.7199,0
MRC004925,2026-08-31,4,0,1,1,2143,20,0,1,1,0,86.82,86.82,1,0.0,0.0,1
MRC004926,2026-08-31,5,1,1,1,1452,75,0,0,0,0,0,0.0,0,0.0,0.0,0
MRC004927,2026-08-31,2,1,1,1,2355,2,1,9,18,639.79,17102.92,1900.32,8,0.4444,0.1496,0
MRC004928,2026-08-31,0,3,1,0,1589,4,1,5,10,2435.82,7668.85,1533.77,5,0.7999,1.2705,0
MRC004929,2026-08-31,0,0,1,0,1571,0,7,42,70,7472.47,89857.11,2139.45,23,0.6667,0.3326,0
MRC004930,2026-08-31,0,0,1,1,1691,21,0,6,10,0,15860.64,2643.44,5,0.0,0.0,0
MRC004931,2026-08-31,0,2,0,1,663,1,3,6,9,3467.89,6713.71,1118.95,6,1.9999,2.0662,0
MRC004932,2026-08-31,5,0,1,1,2090,0,1,4,7,2185.19,4796.71,1199.18,4,0.9999,1.8222,0
MRC004933,2026-08-31,2,1,0,1,1049,6,1,11,18,2606.11,11378.08,1034.37,9,0.3636,0.9162,0
MRC004934,2026-08-31,5,1,1,0,1697,5,1,6,14,396.37,7212.3,1202.05,6,0.6666,0.2198,0
MRC004935,2026-08-31,5,0,1,1,2101,4,1,5,11,558.17,8401.96,1680.39,4,0.7999,0.2657,0
MRC004936,2026-08-31,5,0,1,1,507,9,0,5,8,0,6117.56,1223.51,4,0.0,0.0,0
MRC004937,2026-08-31,5,2,1,1,914,16,0,5,7,0,4203.55,840.71,4,0.0,0.0,0
MRC004938,2026-08-31,5,0,1,1,2316,56,0,0,1,0,0,0.0,0,0.0,0.0,0
MRC004939,2026-08-31,0,1,1,1,1045,4,1,2,3,244.21,705.14,352.57,2,1.9996,1.3853,0
MRC004940,2026-08-31,5,1,1,1,1701,2,1,2,2,715.16,5650.51,2825.26,2,1.9996,0.5063,1
MRC004941,2026-08-31,5,1,1,0,1484,12,0,2,4,0,708.83,354.42,2,0.0,0.0,0
MRC004942,2026-08-31,5,1,0,1,2157,21,0,2,6,0,2737.87,1368.93,2,0.0,0.0,0
MRC004943,2026-08-31,5,0,1,1,1372,0,6,45,90,7650.45,73256.05,1627.91,25,0.5333,0.4177,0
MRC004944,2026-08-31,5,2,1,1,1185,14,0,4,5,0,8127.42,2031.86,4,0.0,0.0,0
MRC004945,2026-08-31,5,0,1,1,292,6,1,4,5,2846.36,7214.97,1803.74,4,0.9999,1.578,0
MRC004946,2026-08-31,3,0,1,1,1294,4,1,1,4,2986.46,2986.46,2986.46,1,3.9984,4.0,0
MRC004947,2026-08-31,5,2,1,0,1535,6,1,4,9,813.28,7530.03,1882.51,4,0.9999,0.432,0
MRC004948,2026-08-31,5,0,1,1,1762,10,0,2,6,0,2680.16,1340.08,2,0.0,0.0,0
MRC004949,2026-08-31,5,0,1,1,1961,3,1,1,1,3966.04,3966.04,3966.04,1,3.9984,4.0,0
MRC004950,2026-08-31,5,3,1,1,1953,97,0,0,0,0,0,0.0,0,0.0,0.0,0
MRC004951,2026-08-31,5,0,1,1,1260,7,0,3,7,0,4197.36,1399.12,3,0.0,0.0,0
MRC004952,2026-08-31,3,0,1,1,428,11,0,2,5,0,2277.44,1138.72,2,0.0,0.0,0
MRC004953,2026-08-31,0,1,1,0,812,3,2,3,6,1491.43,1724.87,574.96,3,2.6663,3.4586,0
MRC004954,2026-08-31,4,1,1,1,1147,7,0,3,10,0,5778.06,1926.02,2,0.0,0.0,0
MRC004955,2026-08-31,5,2,1,1,2396,19,0,3,4,0,1561.35,520.45,3,0.0,0.0,0
MRC004956,2026-08-31,0,1,1,1,1939,2,6,25,34,17635.58,47511.64,1900.47,13,0.96,1.4847,0
MRC004957,2026-08-31,5,3,1,1,2211,0,3,12,23,617.85,9684.67,807.06,10,1.0,0.2552,0
MRC004958,2026-08-31,5,0,1,1,2425,19,0,2,3,0,6868.86,3434.43,2,0.0,0.0,0
MRC004959,2026-08-31,5,1,1,1,548,9,0,2,3,0,919.04,459.52,2,0.0,0.0,1
MRC004960,2026-08-31,5,0,1,1,282,18,0,3,8,0,12550.53,4183.51,2,0.0,0.0,1
MRC004961,2026-08-31,5,2,1,1,1511,5,2,3,7,1144.66,1657.78,552.59,3,2.6663,2.7619,1
MRC004962,2026-08-31,2,2,0,1,835,6,1,5,8,2042.62,10117.28,2023.46,5,0.7999,0.8076,0
MRC004963,2026-08-31,0,0,1,0,2155,19,0,2,2,0,1557.3,778.65,2,0.0,0.0,0
MRC004964,2026-08-31,5,2,1,1,1272,6,1,1,1,342.19,342.19,342.19,1,3.9984,4.0,0
MRC004965,2026-08-31,0,1,0,0,277,7,0,2,3,0,10580.93,5290.47,2,0.0,0.0,0
MRC004966,2026-08-31,5,0,1,1,744,23,0,1,3,0,1103.43,1103.43,1,0.0,0.0,0
MRC004967,2026-08-31,5,1,0,1,1003,29,0,1,3,0,750.24,750.24,1,0.0,0.0,0
MRC004968,2026-08-31,3,3,0,1,315,4,2,4,6,2451.98,4723.92,1180.98,4,1.9998,2.0762,0
MRC004969,2026-08-31,5,0,1,1,950,25,0,1,3,0,855.27,855.27,1,0.0,0.0,0
MRC004970,2026-08-31,5,0,1,1,1435,3,1,3,8,574.41,1318.92,439.64,3,1.3332,1.7421,0
MRC004971,2026-08-31,5,3,1,0,2208,8,0,1,3,0,5373.22,5373.22,1,0.0,0.0,0
MRC004972,2026-08-31,5,1,0,1,1675,4,1,5,8,1080.17,6138.61,1227.72,4,0.7999,0.7039,0
MRC004973,2026-08-31,5,1,1,1,460,0,2,3,6,3602.13,5892.24,1964.08,3,2.6663,2.4453,0
MRC004974,2026-08-31,0,1,1,1,1166,21,0,1,2,0,1112.14,1112.14,1,0.0,0.0,0
MRC004975,2026-08-31,5,1,1,0,1936,28,0,1,3,0,5924.42,5924.42,1,0.0,0.0,1
MRC004976,2026-08-31,2,0,1,0,1065,15,0,1,4,0,1029.16,1029.16,1,0.0,0.0,1
MRC004977,2026-08-31,3,0,1,1,1487,22,0,2,2,0,434.56,217.28,2,0.0,0.0,1
MRC004978,2026-08-31,5,2,1,1,2410,97,0,0,0,0,0,0.0,0,0.0,0.0,0
MRC004979,2026-08-31,0,1,0,0,558,5,3,4,10,3663.9,7349.57,1837.39,2,2.9997,1.9941,0
MRC004980,2026-08-31,5,1,1,1,1300,1,7,18,35,8982.54,24029.54,1334.97,14,1.5555,1.4952,0
MRC004981,2026-08-31,0,2,1,1,1589,13,0,5,13,0,7285.13,1457.03,5,0.0,0.0,0
MRC004982,2026-08-31,4,0,1,0,2000,26,0,3,3,0,2494.96,831.65,2,0.0,0.0,0
MRC004983,2026-08-31,0,2,1,1,2085,90,0,0,0,0,0,0.0,0,0.0,0.0,0
MRC004984,2026-08-31,0,1,1,1,884,16,0,3,6,0,2049.8,683.27,3,0.0,0.0,0
MRC004985,2026-08-31,5,2,1,1,1277,1,1,1,1,430.0,430.0,430.0,1,3.9984,4.0,1
MRC004986,2026-08-31,5,0,0,1,2070,5,1,5,9,596.06,4150.82,830.16,5,0.7999,0.5744,1
MRC004987,2026-08-31,5,0,1,1,2090,24,0,2,4,0,4164.59,2082.3,2,0.0,0.0,0
MRC004988,2026-08-31,5,1,1,1,2056,151,0,0,0,0,0,0.0,0,0.0,0.0,1
MRC004989,2026-08-31,5,2,1,1,1715,0,2,13,30,452.24,19104.38,1469.57,11,0.6154,0.0947,0
MRC004990,2026-08-31,5,3,1,1,841,67,0,0,0,0,0,0.0,0,0.0,0.0,0
MRC004991,2026-08-31,3,1,1,1,1061,0,1,3,4,6017.53,7487.33,2495.78,3,1.3332,3.2148,0
MRC004992,2026-08-31,0,1,1,1,1690,2,1,4,8,8766.21,10913.42,2728.36,4,0.9999,3.213,0
MRC004993,2026-08-31,5,0,1,0,812,36,0,0,2,0,0,0.0,0,0.0,0.0,0
MRC004994,2026-08-31,5,1,0,1,1747,9,0,11,14,0,34763.68,3160.33,9,0.0,0.0,0
MRC004995,2026-08-31,4,2,1,0,1382,30,0,0,4,0,0,0.0,0,0.0,0.0,0
MRC004996,2026-08-31,5,1,1,1,1224,8,0,5,7,0,12401.35,2480.27,4,0.0,0.0,0
MRC004997,2026-08-31,2,0,1,1,1033,6,1,2,7,1225.66,2512.54,1256.27,2,1.9996,1.9513,0
MRC004998,2026-08-31,2,3,1,1,1947,5,1,1,1,407.01,407.01,407.01,1,3.9984,4.0,1
MRC004999,2026-08-31,5,0,1,0,1274,11,0,2,7,0,2396.35,1198.18,2,0.0,0.0,1
MRC005000,2026-08-31,2,1,0,1,927,34,0,0,3,0,0,0.0,0,0.0,0.0,0
