merchant_id,cutoff_date,merchant_category_encoded,business_size_encoded,qr_enabled,app_enabled,merchant_tenure_days,days_since_last_txn,txn_count_7d,txn_count_30d,txn_count_60d,txn_value_7d,txn_value_30d,avg_txn_value_30d,active_days_30d,txn_velocity_ratio,value_velocity_ratio,target_churn_30d_forward
MRC000001,2026-05-31,5,2,1,0,1227,180,0,0,0,0,0,0.0,0,0.0,0.0,1
MRC000002,2026-05-31,5,1,1,0,1130,0,4,13,20,21452.3,35060.28,2696.94,11,1.2307,2.4475,0
MRC000003,2026-05-31,5,0,0,0,2061,11,0,3,4,0,4276.8,1425.6,3,0.0,0.0,0
MRC000004,2026-05-31,5,2,0,1,264,1,1,3,12,439.98,7361.63,2453.88,3,1.3332,0.2391,0
MRC000005,2026-05-31,5,1,0,1,638,38,0,0,3,0,0,0.0,0,0.0,0.0,0
MRC000006,2026-05-31,0,1,1,1,1189,0,2,10,20,1318.77,17153.67,1715.37,7,0.8,0.3075,0
MRC000007,2026-05-31,0,1,0,1,1946,1,2,6,9,573.89,7781.98,1297.0,5,1.3332,0.295,0
MRC000008,2026-05-31,5,2,0,1,1179,0,3,6,8,7608.51,12655.44,2109.24,5,1.9999,2.4048,0
MRC000009,2026-05-31,5,1,1,1,1561,7,0,3,8,0,11498.46,3832.82,3,0.0,0.0,0
MRC000010,2026-05-31,5,0,1,1,555,1,7,19,46,13555.34,38049.68,2002.61,13,1.4737,1.425,0
MRC000011,2026-05-31,0,0,1,0,2226,0,2,5,11,994.48,2413.06,482.61,5,1.5999,1.6485,0
MRC000012,2026-05-31,2,0,1,1,1878,4,1,3,4,4948.39,7686.83,2562.28,3,1.3332,2.575,1
MRC000013,2026-05-31,5,1,0,1,258,35,0,0,3,0,0,0.0,0,0.0,0.0,0
MRC000014,2026-05-31,5,0,1,1,1703,1,3,6,16,10918.94,12585.11,2097.52,5,1.9999,3.4704,0
MRC000015,2026-05-31,0,1,1,1,447,0,2,7,22,922.61,8495.04,1213.58,6,1.1428,0.4344,0
MRC000016,2026-05-31,5,1,1,1,1387,48,0,0,2,0,0,0.0,0,0.0,0.0,0
MRC000017,2026-05-31,0,2,1,0,1712,0,7,30,65,28066.03,61533.57,2051.12,19,0.9333,1.8244,0
MRC000018,2026-05-31,5,1,1,1,2188,6,1,4,10,3278.2,5195.99,1299.0,4,0.9999,2.5236,0
MRC000019,2026-05-31,4,2,1,0,319,3,2,6,13,13028.93,17340.2,2890.03,6,1.3332,3.0055,0
MRC000020,2026-05-31,0,2,0,1,792,19,0,2,3,0,2893.07,1446.54,2,0.0,0.0,0
MRC000021,2026-05-31,0,0,0,1,1673,1,5,11,21,7291.94,13341.51,1212.86,10,1.8181,2.1862,0
MRC000022,2026-05-31,5,1,1,0,737,67,0,0,0,0,0,0.0,0,0.0,0.0,0
MRC000023,2026-05-31,5,0,1,1,1722,21,0,1,1,0,1452.63,1452.63,1,0.0,0.0,0
MRC000024,2026-05-31,5,2,1,1,565,7,0,3,4,0,1894.97,631.66,3,0.0,0.0,0
MRC000025,2026-05-31,5,1,0,1,522,2,5,15,25,2741.03,22175.74,1478.38,10,1.3333,0.4944,0
MRC000026,2026-05-31,2,0,1,1,1354,0,1,4,8,641.68,1957.45,489.36,4,0.9999,1.3113,0
MRC000027,2026-05-31,2,0,1,1,1670,39,0,0,1,0,0,0.0,0,0.0,0.0,0
MRC000028,2026-05-31,5,1,0,1,613,81,0,0,0,0,0,0.0,0,0.0,0.0,1
MRC000029,2026-05-31,2,2,0,1,2074,1,3,16,38,1358.45,17525.3,1095.33,14,0.75,0.3101,0
MRC000030,2026-05-31,5,1,1,1,2063,2,1,5,6,676.42,3034.16,606.83,5,0.7999,0.8917,0
MRC000031,2026-05-31,5,0,0,1,342,0,4,7,13,8783.17,12891.46,1841.64,7,2.2856,2.7253,0
MRC000032,2026-05-31,5,0,1,1,829,12,0,8,16,0,19380.56,2422.57,5,0.0,0.0,0
MRC000033,2026-05-31,4,1,1,1,1380,104,0,0,0,0,0,0.0,0,0.0,0.0,1
MRC000034,2026-05-31,3,1,1,0,1237,1,3,10,25,2730.06,7317.55,731.75,9,1.2,1.4923,0
MRC000035,2026-05-31,4,0,1,1,722,36,0,0,2,0,0,0.0,0,0.0,0.0,0
MRC000036,2026-05-31,0,0,1,1,1321,1,1,1,2,957.47,957.47,957.47,1,3.9984,4.0,0
MRC000037,2026-05-31,5,2,1,1,2268,0,5,18,34,4210.68,20623.13,1145.73,14,1.1111,0.8167,0
MRC000038,2026-05-31,3,1,1,1,837,1,4,12,29,6858.23,22927.25,1910.6,10,1.3333,1.1965,0
MRC000039,2026-05-31,5,1,1,1,643,0,4,8,16,6277.97,13540.36,1692.55,8,1.9999,1.8546,0
MRC000040,2026-05-31,0,1,1,1,1778,4,3,10,13,4425.56,15323.89,1532.39,10,1.2,1.1552,0
MRC000041,2026-05-31,5,1,1,1,1411,1,2,8,16,2267.89,7935.11,991.89,6,1.0,1.1432,0
MRC000042,2026-05-31,5,1,1,0,1677,3,2,12,21,3545.01,18708.88,1559.07,11,0.6666,0.7579,0
MRC000043,2026-05-31,5,0,1,0,1577,6,1,12,26,203.69,19000.35,1583.36,10,0.3333,0.0429,0
MRC000044,2026-05-31,5,0,1,1,1827,12,0,4,8,0,2981.09,745.27,4,0.0,0.0,0
MRC000045,2026-05-31,4,3,1,1,1758,1,3,4,5,2384.46,2746.08,686.52,4,2.9997,3.4733,0
MRC000046,2026-05-31,5,2,1,1,1488,16,0,1,1,0,1915.34,1915.34,1,0.0,0.0,1
MRC000047,2026-05-31,5,1,1,1,1158,45,0,0,2,0,0,0.0,0,0.0,0.0,0
MRC000048,2026-05-31,5,0,1,0,1170,13,0,2,4,0,8602.5,4301.25,2,0.0,0.0,0
MRC000049,2026-05-31,5,0,1,1,744,4,1,1,1,1057.92,1057.92,1057.92,1,3.9984,4.0,0
MRC000050,2026-05-31,5,0,1,1,1145,8,0,5,11,0,3318.04,663.61,5,0.0,0.0,0
MRC000051,2026-05-31,5,2,1,1,1486,2,1,1,1,624.02,624.02,624.02,1,3.9984,4.0,0
MRC000052,2026-05-31,5,2,1,1,1730,11,0,4,11,0,3754.56,938.64,4,0.0,0.0,0
MRC000053,2026-05-31,0,1,1,1,1853,32,0,0,2,0,0,0.0,0,0.0,0.0,0
MRC000054,2026-05-31,0,3,1,0,988,0,2,7,13,1507.12,4742.77,677.54,7,1.1428,1.2711,0
MRC000055,2026-05-31,5,0,0,1,1766,11,0,6,12,0,10041.15,1673.52,6,0.0,0.0,0
MRC000056,2026-05-31,5,1,1,1,1120,3,3,11,17,3690.65,11430.39,1039.13,8,1.0909,1.2915,0
MRC000057,2026-05-31,3,0,1,1,948,0,9,29,64,8526.53,29175.56,1006.05,21,1.2414,1.169,0
MRC000058,2026-05-31,5,0,0,1,522,14,0,4,9,0,4216.13,1054.03,4,0.0,0.0,0
MRC000059,2026-05-31,5,2,1,1,745,1,2,2,7,1232.54,1232.54,616.27,2,3.9992,4.0,0
MRC000060,2026-05-31,2,2,1,1,1649,8,0,2,4,0,2499.33,1249.66,2,0.0,0.0,0
MRC000061,2026-05-31,2,0,0,1,637,5,1,2,8,5216.05,5504.69,2752.35,2,1.9996,3.7903,0
MRC000062,2026-05-31,5,0,1,1,333,9,0,1,2,0,137.83,137.83,1,0.0,0.0,1
MRC000063,2026-05-31,5,1,1,1,759,20,0,1,2,0,1714.78,1714.78,1,0.0,0.0,0
MRC000064,2026-05-31,5,0,1,1,2329,12,0,2,7,0,3570.59,1785.3,2,0.0,0.0,0
MRC000065,2026-05-31,3,1,0,1,492,40,0,0,1,0,0,0.0,0,0.0,0.0,1
MRC000066,2026-05-31,5,1,1,1,479,11,0,1,4,0,473.25,473.25,1,0.0,0.0,0
MRC000067,2026-05-31,5,0,1,1,1045,10,0,1,2,0,358.06,358.06,1,0.0,0.0,0
MRC000068,2026-05-31,5,0,1,1,1001,20,0,4,4,0,5892.95,1473.24,3,0.0,0.0,1
MRC000069,2026-05-31,0,0,0,1,2175,2,2,9,23,5727.4,27615.12,3068.35,7,0.8888,0.8296,0
MRC000070,2026-05-31,5,2,0,1,684,13,0,2,2,0,1227.69,613.85,2,0.0,0.0,0
MRC000071,2026-05-31,3,1,1,0,1076,2,2,6,13,2340.17,4063.29,677.22,6,1.3332,2.3037,0
MRC000072,2026-05-31,0,1,1,0,800,8,0,2,4,0,1911.49,955.74,2,0.0,0.0,0
MRC000073,2026-05-31,5,0,0,1,711,14,0,1,3,0,330.88,330.88,1,0.0,0.0,0
MRC000074,2026-05-31,5,1,1,1,869,6,1,3,7,1163.42,1528.18,509.39,3,1.3332,3.0452,0
MRC000075,2026-05-31,3,0,1,1,726,3,1,2,6,414.53,1581.54,790.77,2,1.9996,1.0484,0
MRC000076,2026-05-31,5,0,1,1,1734,16,0,2,2,0,2602.02,1301.01,2,0.0,0.0,0
MRC000077,2026-05-31,2,1,1,1,1891,26,0,1,2,0,199.42,199.42,1,0.0,0.0,0
MRC000078,2026-05-31,4,1,1,1,551,20,0,1,1,0,229.16,229.16,1,0.0,0.0,1
MRC000079,2026-05-31,2,0,1,0,1248,0,2,10,10,3365.34,19856.36,1985.64,9,0.8,0.6779,0
MRC000080,2026-05-31,2,0,1,1,741,180,0,0,0,0,0,0.0,0,0.0,0.0,1
MRC000081,2026-05-31,5,2,1,1,2060,3,2,6,17,1937.17,30278.52,5046.42,6,1.3332,0.2559,0
MRC000082,2026-05-31,5,0,0,1,386,0,4,11,19,4848.01,17255.34,1568.67,9,1.4545,1.1238,0
MRC000083,2026-05-31,5,0,1,1,1059,1,4,14,28,2042.68,23591.09,1685.08,11,1.1428,0.3463,0
MRC000084,2026-05-31,0,1,1,1,889,0,7,26,55,9846.44,32839.81,1263.07,16,1.0769,1.1993,0
MRC000085,2026-05-31,2,0,1,1,959,0,2,5,11,3400.76,4577.63,915.53,5,1.5999,2.9716,0
MRC000086,2026-05-31,0,1,1,0,2221,7,0,3,5,0,9318.33,3106.11,3,0.0,0.0,0
MRC000087,2026-05-31,5,1,1,0,1346,0,7,29,54,19849.44,48488.51,1672.02,19,0.9655,1.6375,0
MRC000088,2026-05-31,4,1,1,1,995,17,0,2,3,0,1298.06,649.03,2,0.0,0.0,0
MRC000089,2026-05-31,3,1,1,1,1930,17,0,1,1,0,2114.16,2114.16,1,0.0,0.0,1
MRC000090,2026-05-31,5,1,1,1,1863,0,7,25,41,12035.15,45210.24,1808.41,20,1.12,1.0648,0
MRC000091,2026-05-31,5,1,1,1,481,7,0,8,15,0,12727.67,1590.96,7,0.0,0.0,0
MRC000092,2026-05-31,2,0,0,1,1173,147,0,0,0,0,0,0.0,0,0.0,0.0,1
MRC000093,2026-05-31,2,0,0,1,1065,30,0,0,2,0,0,0.0,0,0.0,0.0,0
MRC000094,2026-05-31,5,1,1,1,1147,4,1,6,12,1189.03,11156.15,1859.36,6,0.6666,0.4263,0
MRC000095,2026-05-31,3,0,0,1,927,77,0,0,0,0,0,0.0,0,0.0,0.0,0
MRC000096,2026-05-31,0,0,1,1,1965,24,0,1,2,0,748.85,748.85,1,0.0,0.0,0
MRC000097,2026-05-31,5,0,1,1,2341,1,7,22,54,27847.47,48327.74,2196.72,16,1.2727,2.3049,0
MRC000098,2026-05-31,3,1,1,1,223,0,12,36,66,27416.57,68549.11,1904.14,22,1.3333,1.5998,0
MRC000099,2026-05-31,5,0,1,1,2036,2,1,2,5,975.44,2617.63,1308.82,2,1.9996,1.4906,0
MRC000100,2026-05-31,0,1,1,1,2054,12,0,2,5,0,3147.68,1573.84,2,0.0,0.0,0
MRC000101,2026-05-31,2,1,1,1,963,0,4,8,16,6513.9,17443.26,2180.41,6,1.9999,1.4937,0
MRC000102,2026-05-31,2,1,0,1,1225,19,0,3,5,0,3755.6,1251.87,3,0.0,0.0,0
MRC000103,2026-05-31,4,0,1,1,388,180,0,0,0,0,0,0.0,0,0.0,0.0,1
MRC000104,2026-05-31,5,2,1,1,932,180,0,0,0,0,0,0.0,0,0.0,0.0,1
MRC000105,2026-05-31,5,0,1,1,685,0,1,3,7,3369.69,7324.99,2441.66,3,1.3332,1.8401,0
MRC000106,2026-05-31,5,2,1,1,2146,0,3,11,26,1956.29,13334.52,1212.23,10,1.0909,0.5868,0
MRC000107,2026-05-31,5,1,1,1,399,16,0,2,5,0,4150.01,2075.01,2,0.0,0.0,0
MRC000108,2026-05-31,4,0,1,1,907,1,1,12,19,662.83,21477.86,1789.82,9,0.3333,0.1234,0
MRC000109,2026-05-31,0,1,0,1,1215,0,2,6,11,3980.7,5995.34,999.22,5,1.3332,2.6559,0
MRC000110,2026-05-31,5,1,1,1,2301,0,5,12,31,9387.4,20746.94,1728.91,9,1.6666,1.8099,0
MRC000111,2026-05-31,5,1,1,0,1950,4,1,5,8,398.04,4391.5,878.3,5,0.7999,0.3626,0
MRC000112,2026-05-31,5,1,1,1,2210,14,0,4,9,0,2759.25,689.81,3,0.0,0.0,0
MRC000113,2026-05-31,0,1,1,1,842,5,1,6,9,594.25,15528.19,2588.03,5,0.6666,0.1531,0
MRC000114,2026-05-31,4,1,1,1,750,4,2,4,4,984.26,4927.77,1231.94,4,1.9998,0.7989,0
MRC000115,2026-05-31,0,2,1,1,1413,2,1,2,4,585.1,1253.84,626.92,2,1.9996,1.8666,1
MRC000116,2026-05-31,5,0,1,0,909,11,0,12,16,0,18573.66,1547.81,9,0.0,0.0,0
MRC000117,2026-05-31,5,1,0,1,199,8,0,4,4,0,3740.06,935.01,4,0.0,0.0,0
MRC000118,2026-05-31,3,1,0,0,1939,2,1,6,8,894.43,16859.72,2809.95,6,0.6666,0.2122,0
MRC000119,2026-05-31,3,1,0,1,372,13,0,3,5,0,1066.88,355.63,3,0.0,0.0,0
MRC000120,2026-05-31,4,1,0,1,592,50,0,0,1,0,0,0.0,0,0.0,0.0,1
MRC000121,2026-05-31,5,1,1,0,2225,12,0,3,3,0,9755.63,3251.88,3,0.0,0.0,0
MRC000122,2026-05-31,0,1,1,1,1764,9,0,4,9,0,3118.16,779.54,4,0.0,0.0,0
MRC000123,2026-05-31,5,0,0,1,1568,44,0,0,2,0,0,0.0,0,0.0,0.0,0
MRC000124,2026-05-31,5,0,0,1,447,4,2,14,21,1956.98,13105.02,936.07,14,0.5714,0.5973,0
MRC000125,2026-05-31,5,1,0,1,712,4,1,3,3,551.3,4053.9,1351.3,3,1.3332,0.544,0
MRC000126,2026-05-31,2,0,1,1,614,21,0,1,1,0,1301.02,1301.02,1,0.0,0.0,1
MRC000127,2026-05-31,5,0,0,1,1566,0,1,16,26,640.59,23586.51,1474.16,11,0.25,0.1086,0
MRC000128,2026-05-31,5,0,0,1,1258,5,1,4,7,595.66,12289.2,3072.3,4,0.9999,0.1939,0
MRC000129,2026-05-31,0,1,1,1,952,2,3,7,15,5219.16,9118.41,1302.63,7,1.7142,2.2895,0
MRC000130,2026-05-31,0,3,1,1,1794,3,3,13,24,5166.95,21195.21,1630.4,11,0.923,0.9751,0
MRC000131,2026-05-31,5,1,1,1,1864,3,1,1,1,2016.75,2016.75,2016.75,1,3.9984,4.0,0
MRC000132,2026-05-31,4,0,0,0,1780,42,0,0,3,0,0,0.0,0,0.0,0.0,0
MRC000133,2026-05-31,0,2,1,1,396,2,1,4,9,66.62,3774.56,943.64,4,0.9999,0.0706,0
MRC000134,2026-05-31,0,0,1,1,1495,0,7,26,41,10315.67,37576.58,1445.25,15,1.0769,1.0981,0
MRC000135,2026-05-31,0,3,1,1,623,4,1,2,5,562.34,1512.58,756.29,2,1.9996,1.4871,0
MRC000136,2026-05-31,5,1,1,1,759,4,1,4,6,746.69,4435.62,1108.9,4,0.9999,0.6734,1
MRC000137,2026-05-31,5,0,1,1,2302,0,4,17,32,3773.85,16427.85,966.34,13,0.9412,0.9189,0
MRC000138,2026-05-31,0,1,1,0,1072,33,0,0,1,0,0,0.0,0,0.0,0.0,1
MRC000139,2026-05-31,5,0,1,1,1885,12,0,1,5,0,847.91,847.91,1,0.0,0.0,0
MRC000140,2026-05-31,4,1,0,1,702,15,0,3,9,0,5446.0,1815.33,2,0.0,0.0,0
MRC000141,2026-05-31,2,0,1,1,2289,7,0,5,9,0,4326.38,865.28,5,0.0,0.0,0
MRC000142,2026-05-31,4,2,1,1,770,24,0,1,2,0,2499.62,2499.62,1,0.0,0.0,1
MRC000143,2026-05-31,5,1,1,0,562,5,1,1,4,580.69,580.69,580.69,1,3.9984,4.0,0
MRC000144,2026-05-31,5,2,0,1,871,6,1,5,6,589.41,14398.55,2879.71,5,0.7999,0.1637,0
MRC000145,2026-05-31,5,2,1,1,543,2,1,6,11,3633.56,10283.39,1713.9,6,0.6666,1.4134,0
MRC000146,2026-05-31,0,0,1,1,1473,2,1,3,5,937.72,5186.32,1728.77,3,1.3332,0.7232,0
MRC000147,2026-05-31,4,1,1,1,479,2,2,9,17,797.92,8065.5,896.17,8,0.8888,0.3957,0
MRC000148,2026-05-31,0,2,1,1,618,56,0,0,2,0,0,0.0,0,0.0,0.0,0
MRC000149,2026-05-31,5,0,1,0,1699,16,0,5,8,0,5143.54,1028.71,5,0.0,0.0,0
MRC000150,2026-05-31,0,0,1,1,258,4,1,1,9,945.83,945.83,945.83,1,3.9984,4.0,0
MRC000151,2026-05-31,5,0,1,1,1127,1,2,6,14,6642.3,8833.36,1472.23,4,1.3332,3.0078,0
MRC000152,2026-05-31,5,0,1,1,1678,42,0,0,1,0,0,0.0,0,0.0,0.0,1
MRC000153,2026-05-31,3,2,0,1,1138,5,1,6,10,2740.37,5699.43,949.91,6,0.6666,1.9233,0
MRC000154,2026-05-31,5,1,1,1,212,5,1,2,2,504.89,1084.51,542.25,2,1.9996,1.8622,1
MRC000155,2026-05-31,0,1,1,1,510,7,0,4,11,0,3193.4,798.35,4,0.0,0.0,0
MRC000156,2026-05-31,5,3,1,1,2286,0,7,20,34,6634.99,25808.34,1290.42,14,1.4,1.0283,0
MRC000157,2026-05-31,0,0,1,1,1852,148,0,0,0,0,0,0.0,0,0.0,0.0,1
MRC000158,2026-05-31,5,1,1,1,930,7,0,3,3,0,1902.32,634.11,3,0.0,0.0,1
MRC000159,2026-05-31,3,0,1,0,2074,9,0,6,8,0,6158.88,1026.48,6,0.0,0.0,0
MRC000160,2026-05-31,0,0,0,1,179,2,1,3,8,910.16,3587.1,1195.7,3,1.3332,1.0149,0
MRC000161,2026-05-31,5,0,1,1,268,0,1,11,19,406.98,5041.35,458.3,10,0.3636,0.3229,0
MRC000162,2026-05-31,0,0,1,0,2097,3,1,1,5,1020.77,1020.77,1020.77,1,3.9984,4.0,0
MRC000163,2026-05-31,0,1,0,1,1638,7,0,5,6,0,9130.65,1826.13,5,0.0,0.0,0
MRC000164,2026-05-31,5,1,1,1,1475,41,0,0,1,0,0,0.0,0,0.0,0.0,1
MRC000165,2026-05-31,5,0,1,1,917,15,0,1,1,0,593.93,593.93,1,0.0,0.0,0
MRC000166,2026-05-31,5,0,0,1,1951,0,2,3,3,2975.76,3562.03,1187.34,3,2.6663,3.3416,0
MRC000167,2026-05-31,5,1,1,0,1493,10,0,2,2,0,1140.89,570.44,2,0.0,0.0,0
MRC000168,2026-05-31,5,0,1,1,1115,9,0,3,6,0,5172.44,1724.15,3,0.0,0.0,0
MRC000169,2026-05-31,2,2,1,1,996,18,0,2,3,0,1290.47,645.24,2,0.0,0.0,0
MRC000170,2026-05-31,0,2,1,1,938,8,0,2,5,0,1888.24,944.12,2,0.0,0.0,0
MRC000171,2026-05-31,5,1,0,1,1422,8,0,1,3,0,1572.28,1572.28,1,0.0,0.0,0
MRC000172,2026-05-31,0,1,1,1,1596,18,0,1,3,0,434.19,434.19,1,0.0,0.0,0
MRC000173,2026-05-31,3,1,1,1,1923,20,0,1,4,0,1529.62,1529.62,1,0.0,0.0,0
MRC000174,2026-05-31,4,1,1,1,1052,0,2,3,3,1135.97,1187.52,395.84,3,2.6663,3.8264,0
MRC000175,2026-05-31,4,2,1,1,719,4,3,10,17,2803.55,9355.47,935.55,10,1.2,1.1987,0
MRC000176,2026-05-31,5,3,1,0,1380,0,3,12,22,1530.89,28446.62,2370.55,10,1.0,0.2153,0
MRC000177,2026-05-31,5,1,1,1,1439,87,0,0,0,0,0,0.0,0,0.0,0.0,1
MRC000178,2026-05-31,5,1,0,1,772,3,2,9,19,1156.5,17961.29,1995.7,8,0.8888,0.2576,0
MRC000179,2026-05-31,5,2,0,1,325,1,3,7,15,4428.96,12878.51,1839.79,7,1.7142,1.3756,0
MRC000180,2026-05-31,2,0,1,1,891,1,2,4,6,4054.35,9337.2,2334.3,4,1.9998,1.7369,0
MRC000181,2026-05-31,5,1,1,1,319,0,3,17,35,1050.27,17206.0,1012.12,14,0.7059,0.2442,0
MRC000182,2026-05-31,0,1,0,1,344,3,1,3,8,683.83,3434.4,1144.8,3,1.3332,0.7964,0
MRC000183,2026-05-31,5,1,1,1,2275,0,3,5,9,4948.15,10154.64,2030.93,4,2.3998,1.9491,0
MRC000184,2026-05-31,2,0,1,1,1872,17,0,2,6,0,1875.96,937.98,2,0.0,0.0,0
MRC000185,2026-05-31,5,0,1,1,242,10,0,3,9,0,2282.31,760.77,2,0.0,0.0,1
MRC000186,2026-05-31,0,0,1,0,927,0,1,5,9,1059.84,4128.22,825.64,5,0.7999,1.0269,0
MRC000187,2026-05-31,5,1,1,1,721,1,1,4,9,1933.72,12089.0,3022.25,4,0.9999,0.6398,0
MRC000188,2026-05-31,5,2,1,0,2295,7,0,4,5,0,11640.39,2910.1,3,0.0,0.0,0
MRC000189,2026-05-31,5,2,1,0,1121,23,0,1,2,0,489.53,489.53,1,0.0,0.0,0
MRC000190,2026-05-31,0,0,0,1,732,18,0,1,3,0,270.84,270.84,1,0.0,0.0,0
MRC000191,2026-05-31,5,0,1,0,1551,10,0,2,3,0,1074.42,537.21,2,0.0,0.0,0
MRC000192,2026-05-31,4,1,1,0,1202,10,0,3,7,0,6576.66,2192.22,3,0.0,0.0,0
MRC000193,2026-05-31,2,1,1,1,574,2,4,10,18,5679.38,23687.22,2368.72,7,1.5999,0.9591,0
MRC000194,2026-05-31,4,1,1,1,832,1,1,2,8,132.79,698.64,349.32,2,1.9996,0.7603,0
MRC000195,2026-05-31,4,1,1,1,443,2,2,13,24,2895.75,15248.08,1172.93,11,0.6154,0.7596,0
MRC000196,2026-05-31,3,0,1,1,1681,0,1,1,6,1161.79,1161.79,1161.79,1,3.9984,4.0,0
MRC000197,2026-05-31,4,1,0,1,2285,0,1,2,4,6183.16,7683.45,3841.72,2,1.9996,3.2189,0
MRC000198,2026-05-31,2,1,1,1,1931,9,0,8,17,0,3894.65,486.83,7,0.0,0.0,0
MRC000199,2026-05-31,5,0,1,1,985,12,0,6,11,0,15117.35,2519.56,6,0.0,0.0,0
MRC000200,2026-05-31,5,2,1,1,1229,6,1,4,8,1510.21,2685.99,671.5,4,0.9999,2.249,0
MRC000201,2026-05-31,5,1,1,1,297,5,1,3,8,424.26,1154.61,384.87,3,1.3332,1.4698,0
MRC000202,2026-05-31,5,2,1,1,966,3,1,4,7,536.42,1897.45,474.36,4,0.9999,1.1308,0
MRC000203,2026-05-31,0,1,1,1,235,31,0,0,1,0,0,0.0,0,0.0,0.0,0
MRC000204,2026-05-31,5,1,1,0,1792,15,0,1,1,0,2349.77,2349.77,1,0.0,0.0,1
MRC000205,2026-05-31,0,2,1,1,2151,0,1,3,5,911.96,2638.38,879.46,3,1.3332,1.3826,0
MRC000206,2026-05-31,4,2,1,1,583,26,0,1,2,0,331.69,331.69,1,0.0,0.0,0
MRC000207,2026-05-31,0,3,1,1,1637,7,0,3,7,0,21160.4,7053.47,3,0.0,0.0,0
MRC000208,2026-05-31,5,2,1,1,1474,6,1,4,7,1423.09,20012.03,5003.01,4,0.9999,0.2844,0
MRC000209,2026-05-31,2,1,0,1,1077,0,15,52,120,19256.0,83736.72,1610.32,28,1.1538,0.9198,0
MRC000210,2026-05-31,5,0,0,1,1767,0,1,6,13,1540.54,4736.15,789.36,5,0.6666,1.3011,0
MRC000211,2026-05-31,2,1,1,1,1650,0,4,10,20,4886.71,25169.13,2516.91,9,1.5999,0.7766,0
MRC000212,2026-05-31,5,2,1,1,753,22,0,1,2,0,696.96,696.96,1,0.0,0.0,0
MRC000213,2026-05-31,5,0,1,1,1909,1,3,8,11,5852.52,20240.2,2530.03,7,1.4999,1.1566,0
MRC000214,2026-05-31,0,1,0,1,1597,7,0,3,4,0,4598.38,1532.79,3,0.0,0.0,1
MRC000215,2026-05-31,5,2,1,1,847,25,0,1,3,0,1550.75,1550.75,1,0.0,0.0,1
MRC000216,2026-05-31,5,3,1,1,1771,0,2,7,12,8502.35,13903.51,1986.22,5,1.1428,2.4461,0
MRC000217,2026-05-31,3,2,0,1,1564,42,0,0,2,0,0,0.0,0,0.0,0.0,1
MRC000218,2026-05-31,0,1,1,1,421,2,1,4,7,386.08,17175.22,4293.81,4,0.9999,0.0899,0
MRC000219,2026-05-31,5,1,1,0,528,1,1,2,5,200.21,2728.66,1364.33,2,1.9996,0.2935,0
MRC000220,2026-05-31,2,3,1,0,872,1,2,4,6,5205.18,6262.38,1565.6,4,1.9998,3.3247,0
MRC000221,2026-05-31,0,0,1,1,261,9,0,3,5,0,1066.03,355.34,3,0.0,0.0,0
MRC000222,2026-05-31,0,0,1,1,1052,18,0,1,2,0,1469.39,1469.39,1,0.0,0.0,0
MRC000223,2026-05-31,5,3,1,1,1173,38,0,0,1,0,0,0.0,0,0.0,0.0,0
MRC000224,2026-05-31,2,1,0,1,1860,30,0,0,5,0,0,0.0,0,0.0,0.0,0
MRC000225,2026-05-31,5,1,1,1,539,1,2,6,11,1755.35,6729.25,1121.54,5,1.3332,1.0434,0
MRC000226,2026-05-31,4,0,1,1,1404,33,0,0,2,0,0,0.0,0,0.0,0.0,0
MRC000227,2026-05-31,5,1,1,1,1617,2,4,15,22,3690.99,11716.78,781.12,14,1.0666,1.2601,0
MRC000228,2026-05-31,4,2,1,1,1147,0,4,13,27,16074.34,25413.96,1954.92,11,1.2307,2.53,0
MRC000229,2026-05-31,5,1,1,1,2147,0,2,7,11,12825.98,19854.03,2836.29,7,1.1428,2.5841,0
MRC000230,2026-05-31,5,1,0,1,861,13,0,1,4,0,4235.69,4235.69,1,0.0,0.0,0
MRC000231,2026-05-31,2,1,1,1,1056,24,0,1,4,0,463.48,463.48,1,0.0,0.0,0
MRC000232,2026-05-31,0,2,1,1,173,16,0,2,4,0,1050.42,525.21,2,0.0,0.0,0
MRC000233,2026-05-31,3,2,1,1,1062,14,0,3,5,0,2865.67,955.22,3,0.0,0.0,0
MRC000234,2026-05-31,5,1,1,1,209,14,0,1,5,0,167.44,167.44,1,0.0,0.0,0
MRC000235,2026-05-31,5,1,1,0,2314,20,0,2,4,0,1932.53,966.26,2,0.0,0.0,0
MRC000236,2026-05-31,4,0,1,1,690,1,2,8,14,2795.59,17053.57,2131.7,8,1.0,0.6557,0
MRC000237,2026-05-31,5,1,0,1,1939,1,1,3,5,1718.3,3011.09,1003.7,3,1.3332,2.2826,0
MRC000238,2026-05-31,2,0,1,1,419,6,1,3,4,798.35,2000.45,666.82,3,1.3332,1.5963,1
MRC000239,2026-05-31,0,1,1,1,764,22,0,4,5,0,6696.81,1674.2,3,0.0,0.0,0
MRC000240,2026-05-31,5,1,1,1,426,3,1,2,6,658.55,1244.65,622.33,2,1.9996,2.1164,0
MRC000241,2026-05-31,3,0,1,1,970,27,0,1,2,0,667.13,667.13,1,0.0,0.0,0
MRC000242,2026-05-31,3,0,1,1,1481,2,2,2,4,4556.39,4556.39,2278.19,2,3.9992,4.0,0
MRC000243,2026-05-31,5,0,1,1,1082,25,0,1,3,0,4656.43,4656.43,1,0.0,0.0,0
MRC000244,2026-05-31,2,0,1,1,1487,2,1,2,2,1992.37,2075.94,1037.97,2,1.9996,3.839,0
MRC000245,2026-05-31,5,1,1,1,1926,2,2,13,24,1741.8,15931.57,1225.51,12,0.6154,0.4373,0
MRC000246,2026-05-31,2,0,1,1,262,5,1,4,11,337.37,7335.56,1833.89,4,0.9999,0.184,0
MRC000247,2026-05-31,0,0,1,1,1092,0,8,25,42,10927.37,40634.57,1625.38,16,1.28,1.0757,0
MRC000248,2026-05-31,2,3,1,1,1462,6,2,4,6,1798.99,3592.71,898.18,3,1.9998,2.0029,0
MRC000249,2026-05-31,5,0,1,1,1308,49,0,0,1,0,0,0.0,0,0.0,0.0,0
MRC000250,2026-05-31,5,2,0,1,483,6,1,9,20,203.53,10328.7,1147.63,7,0.4444,0.0788,0
MRC000251,2026-05-31,0,1,0,1,616,40,0,0,3,0,0,0.0,0,0.0,0.0,0
MRC000252,2026-05-31,5,1,1,1,989,0,9,22,47,30336.33,48070.53,2185.02,14,1.6363,2.5243,0
MRC000253,2026-05-31,5,1,0,1,1588,4,1,3,8,92.52,1775.31,591.77,3,1.3332,0.2085,0
MRC000254,2026-05-31,5,0,1,1,2327,5,1,3,4,1545.84,3175.49,1058.5,3,1.3332,1.9472,0
MRC000255,2026-05-31,5,2,1,1,970,7,0,5,8,0,8025.65,1605.13,5,0.0,0.0,0
MRC000256,2026-05-31,2,2,1,0,1305,8,0,2,7,0,1075.18,537.59,2,0.0,0.0,0
MRC000257,2026-05-31,5,0,1,1,834,1,1,3,4,322.33,1271.39,423.8,3,1.3332,1.0141,0
MRC000258,2026-05-31,5,1,1,0,239,6,1,2,4,499.14,2436.03,1218.02,2,1.9996,0.8196,0
MRC000259,2026-05-31,5,1,1,1,1035,5,1,3,10,384.63,5958.09,1986.03,3,1.3332,0.2582,0
MRC000260,2026-05-31,5,2,1,1,924,4,4,11,25,3796.47,13881.33,1261.94,10,1.4545,1.094,0
MRC000261,2026-05-31,5,2,1,1,493,51,0,0,1,0,0,0.0,0,0.0,0.0,0
MRC000262,2026-05-31,0,0,1,1,1630,1,4,13,25,5950.91,15704.37,1208.03,11,1.2307,1.5157,0
MRC000263,2026-05-31,5,2,1,0,729,3,4,6,8,10686.04,11766.37,1961.06,5,2.6665,3.6327,0
MRC000264,2026-05-31,0,3,1,1,655,12,0,3,4,0,1355.94,451.98,3,0.0,0.0,0
MRC000265,2026-05-31,0,1,1,1,1015,0,3,3,6,2097.72,2097.72,699.24,3,3.9995,4.0,1
MRC000266,2026-05-31,5,0,1,1,2272,1,3,21,47,5520.74,28815.34,1372.16,15,0.5714,0.7664,0
MRC000267,2026-05-31,5,2,1,1,1555,10,0,6,15,0,3046.45,507.74,5,0.0,0.0,0
MRC000268,2026-05-31,5,1,1,1,1094,4,2,8,19,1338.69,10176.35,1272.04,7,1.0,0.5262,0
MRC000269,2026-05-31,5,0,1,1,1958,2,1,1,4,720.67,720.67,720.67,1,3.9984,4.0,0
MRC000270,2026-05-31,5,2,1,1,211,1,3,8,12,2330.4,18706.38,2338.3,7,1.4999,0.4983,0
MRC000271,2026-05-31,5,1,1,1,900,4,2,5,9,1070.65,7959.1,1591.82,4,1.5999,0.5381,0
MRC000272,2026-05-31,5,2,1,1,1346,0,3,6,6,5769.83,7516.89,1252.81,5,1.9999,3.0703,0
MRC000273,2026-05-31,0,1,1,1,1232,23,0,2,7,0,5387.56,2693.78,2,0.0,0.0,0
MRC000274,2026-05-31,5,0,1,1,1642,3,3,8,16,6569.8,9471.88,1183.99,7,1.4999,2.7744,0
MRC000275,2026-05-31,0,3,1,1,1698,0,7,16,36,11846.7,22352.49,1397.03,12,1.75,2.12,0
MRC000276,2026-05-31,0,1,1,1,1161,21,0,2,3,0,1180.23,590.12,2,0.0,0.0,0
MRC000277,2026-05-31,0,1,1,1,2196,34,0,0,3,0,0,0.0,0,0.0,0.0,1
MRC000278,2026-05-31,5,1,1,1,2193,0,2,18,34,1067.55,12720.47,706.69,14,0.4444,0.3357,0
MRC000279,2026-05-31,5,0,1,1,1203,1,5,22,39,7170.34,38260.14,1739.1,16,0.9091,0.7496,0
MRC000280,2026-05-31,5,1,1,1,2135,1,1,3,10,1942.29,4749.05,1583.02,3,1.3332,1.6359,0
MRC000281,2026-05-31,5,1,1,1,1565,2,3,16,35,2448.39,16460.59,1028.79,14,0.75,0.595,0
MRC000282,2026-05-31,5,2,1,1,468,2,2,2,6,4486.78,4486.78,2243.39,2,3.9992,4.0,0
MRC000283,2026-05-31,0,3,0,0,426,60,0,0,0,0,0,0.0,0,0.0,0.0,0
MRC000284,2026-05-31,5,1,1,1,339,2,1,1,2,9828.28,9828.28,9828.28,1,3.9984,4.0,1
MRC000285,2026-05-31,5,0,1,0,627,0,1,1,2,1439.5,1439.5,1439.5,1,3.9984,4.0,0
MRC000286,2026-05-31,5,1,1,1,847,7,0,2,7,0,677.98,338.99,2,0.0,0.0,0
MRC000287,2026-05-31,0,0,1,1,316,10,0,3,6,0,7300.8,2433.6,3,0.0,0.0,0
MRC000288,2026-05-31,0,2,1,0,1493,6,1,1,2,3361.14,3361.14,3361.14,1,3.9984,4.0,0
MRC000289,2026-05-31,5,1,1,1,1063,21,0,1,5,0,149.26,149.26,1,0.0,0.0,0
MRC000290,2026-05-31,0,2,1,0,1479,6,1,5,11,3335.3,12167.58,2433.52,5,0.7999,1.0965,0
MRC000291,2026-05-31,2,0,1,1,1264,6,1,2,3,1889.95,2550.95,1275.47,2,1.9996,2.9635,0
MRC000292,2026-05-31,5,0,1,1,758,13,0,2,3,0,5820.54,2910.27,2,0.0,0.0,0
MRC000293,2026-05-31,0,3,0,1,1508,2,1,3,5,288.12,2293.09,764.36,2,1.3332,0.5026,0
MRC000294,2026-05-31,0,1,1,1,2243,3,2,7,13,1925.89,6323.23,903.32,7,1.1428,1.2183,0
MRC000295,2026-05-31,5,2,1,1,857,20,0,1,2,0,219.97,219.97,1,0.0,0.0,0
MRC000296,2026-05-31,5,2,0,0,836,3,2,5,8,850.01,1872.54,374.51,5,1.5999,1.8157,0
MRC000297,2026-05-31,5,1,1,1,1292,1,6,15,35,4860.57,22343.88,1489.59,11,1.6,0.8701,0
MRC000298,2026-05-31,4,1,1,1,1922,0,13,60,127,25146.57,114011.59,1900.19,26,0.8667,0.8822,0
MRC000299,2026-05-31,4,1,0,1,1326,1,2,6,11,23486.95,27344.85,4557.47,6,1.3332,3.4357,0
MRC000300,2026-05-31,5,2,1,1,1982,12,0,4,9,0,10451.39,2612.85,4,0.0,0.0,0
MRC000301,2026-05-31,5,3,1,1,326,37,0,0,2,0,0,0.0,0,0.0,0.0,1
MRC000302,2026-05-31,0,0,1,1,380,1,1,3,6,895.16,1209.85,403.28,3,1.3332,2.9596,0
MRC000303,2026-05-31,5,1,1,1,1052,3,1,6,10,385.16,13012.32,2168.72,6,0.6666,0.1184,0
MRC000304,2026-05-31,5,0,0,1,673,1,3,6,12,3805.87,12938.03,2156.34,5,1.9999,1.1766,0
MRC000305,2026-05-31,3,1,1,1,215,20,0,1,2,0,140.57,140.57,1,0.0,0.0,0
MRC000306,2026-05-31,2,2,1,1,635,2,3,5,7,2428.24,3507.67,701.53,4,2.3998,2.7691,0
MRC000307,2026-05-31,2,2,1,0,757,11,0,5,10,0,2208.56,441.71,4,0.0,0.0,0
MRC000308,2026-05-31,0,1,1,1,2174,0,3,22,52,4400.92,25848.46,1174.93,17,0.5454,0.681,0
MRC000309,2026-05-31,4,0,0,1,1874,2,3,15,29,6002.79,20935.43,1395.7,12,0.8,1.1469,0
MRC000310,2026-05-31,3,0,0,1,932,2,3,8,25,6691.84,10139.73,1267.47,7,1.4999,2.6398,0
MRC000311,2026-05-31,5,0,1,1,2258,10,0,7,10,0,2602.4,371.77,6,0.0,0.0,0
MRC000312,2026-05-31,3,0,1,1,1992,8,0,1,6,0,260.2,260.2,1,0.0,0.0,0
MRC000313,2026-05-31,5,2,1,1,712,6,1,7,14,315.94,6006.38,858.05,7,0.5714,0.2104,0
MRC000314,2026-05-31,4,1,1,0,1209,25,0,1,1,0,1541.94,1541.94,1,0.0,0.0,1
MRC000315,2026-05-31,0,0,0,1,2178,9,0,2,4,0,3736.29,1868.14,2,0.0,0.0,0
MRC000316,2026-05-31,0,1,1,0,1164,2,7,25,44,13715.62,40311.43,1612.46,17,1.12,1.361,0
MRC000317,2026-05-31,0,0,1,1,975,5,1,6,9,201.98,12065.89,2010.98,6,0.6666,0.067,0
MRC000318,2026-05-31,5,0,1,1,2138,5,1,7,8,718.9,6169.33,881.33,7,0.5714,0.4661,0
MRC000319,2026-05-31,5,2,1,1,1608,2,3,6,9,3160.86,6518.4,1086.4,6,1.9999,1.9397,0
MRC000320,2026-05-31,5,0,0,1,1128,22,0,1,8,0,570.05,570.05,1,0.0,0.0,1
MRC000321,2026-05-31,5,1,1,1,2065,28,0,1,1,0,78.03,78.03,1,0.0,0.0,1
MRC000322,2026-05-31,2,1,1,1,1792,78,0,0,0,0,0,0.0,0,0.0,0.0,0
MRC000323,2026-05-31,0,0,1,1,924,16,0,7,12,0,4375.9,625.13,6,0.0,0.0,0
MRC000324,2026-05-31,2,0,1,1,1092,18,0,1,2,0,48.85,48.85,1,0.0,0.0,0
MRC000325,2026-05-31,2,0,1,1,268,31,0,0,3,0,0,0.0,0,0.0,0.0,0
MRC000326,2026-05-31,5,0,1,1,387,8,0,1,2,0,605.97,605.97,1,0.0,0.0,1
MRC000327,2026-05-31,5,2,0,1,2250,18,0,4,6,0,3642.71,910.68,3,0.0,0.0,0
MRC000328,2026-05-31,4,1,0,1,281,0,2,4,6,3096.13,4104.35,1026.09,4,1.9998,3.0174,0
MRC000329,2026-05-31,4,1,0,1,1993,2,3,6,12,5752.1,7811.54,1301.92,6,1.9999,2.9454,0
MRC000330,2026-05-31,0,1,1,1,620,0,2,8,19,2206.73,18176.98,2272.12,8,1.0,0.4856,0
MRC000331,2026-05-31,5,3,1,1,1348,33,0,0,4,0,0,0.0,0,0.0,0.0,0
MRC000332,2026-05-31,0,0,0,1,1743,4,2,5,9,3227.73,6044.08,1208.82,5,1.5999,2.1361,0
MRC000333,2026-05-31,0,2,1,0,2330,0,1,1,2,598.21,598.21,598.21,1,3.9984,4.0,0
MRC000334,2026-05-31,0,0,1,1,981,2,1,5,7,1611.09,9561.63,1912.33,5,0.7999,0.674,0
MRC000335,2026-05-31,5,2,0,1,2186,0,3,10,18,11564.36,29572.97,2957.3,10,1.2,1.5642,0
MRC000336,2026-05-31,3,0,0,1,1157,10,0,2,4,0,2444.31,1222.15,2,0.0,0.0,0
MRC000337,2026-05-31,5,0,1,1,2059,1,4,14,33,4939.93,29189.25,2084.95,12,1.1428,0.677,0
MRC000338,2026-05-31,2,1,0,1,387,2,1,7,11,1009.28,11877.11,1696.73,7,0.5714,0.3399,0
MRC000339,2026-05-31,0,0,1,1,750,1,2,5,6,1909.62,5960.86,1192.17,5,1.5999,1.2814,0
MRC000340,2026-05-31,5,1,1,0,1526,5,2,3,8,1198.71,2761.59,920.53,3,2.6663,1.7363,0
MRC000341,2026-05-31,0,1,1,1,1707,27,0,1,2,0,82.24,82.24,1,0.0,0.0,0
MRC000342,2026-05-31,0,1,1,1,1920,14,0,1,3,0,396.56,396.56,1,0.0,0.0,0
MRC000343,2026-05-31,5,0,1,1,947,4,1,1,2,2648.19,2648.19,2648.19,1,3.9984,4.0,0
MRC000344,2026-05-31,0,1,1,1,1529,1,2,6,11,2058.58,7068.9,1178.15,4,1.3332,1.1649,0
MRC000345,2026-05-31,0,0,1,1,1521,2,3,23,41,2451.16,30942.27,1345.32,18,0.5217,0.3169,0
MRC000346,2026-05-31,5,3,1,1,2316,0,1,1,3,1235.07,1235.07,1235.07,1,3.9984,4.0,1
MRC000347,2026-05-31,5,1,1,0,421,12,0,1,3,0,1013.98,1013.98,1,0.0,0.0,0
MRC000348,2026-05-31,4,1,1,1,200,180,0,0,0,0,0,0.0,0,0.0,0.0,0
MRC000349,2026-05-31,2,2,1,1,1421,60,0,0,0,0,0,0.0,0,0.0,0.0,0
MRC000350,2026-05-31,5,1,1,1,199,1,3,10,21,1919.6,12345.49,1234.55,8,1.2,0.622,0
MRC000351,2026-05-31,0,1,1,0,592,10,0,2,5,0,1316.23,658.12,2,0.0,0.0,0
MRC000352,2026-05-31,0,0,1,1,1257,75,0,0,0,0,0,0.0,0,0.0,0.0,1
MRC000353,2026-05-31,5,1,1,1,750,0,6,26,43,4968.09,47883.82,1841.69,19,0.9231,0.415,0
MRC000354,2026-05-31,5,0,1,1,747,8,0,3,3,0,6973.8,2324.6,3,0.0,0.0,0
MRC000355,2026-05-31,5,0,1,1,921,9,0,1,1,0,349.25,349.25,1,0.0,0.0,0
MRC000356,2026-05-31,2,2,0,1,1665,6,1,4,11,229.08,7104.09,1776.02,3,0.9999,0.129,0
MRC000357,2026-05-31,0,0,1,1,964,5,1,3,5,1163.82,5670.48,1890.16,3,1.3332,0.821,0
MRC000358,2026-05-31,3,1,1,1,1898,4,1,8,14,327.59,9014.84,1126.86,8,0.5,0.1454,0
MRC000359,2026-05-31,5,0,1,1,512,0,1,1,5,1158.53,1158.53,1158.53,1,3.9984,4.0,0
MRC000360,2026-05-31,0,1,1,0,388,24,0,1,6,0,296.16,296.16,1,0.0,0.0,0
MRC000361,2026-05-31,3,2,0,0,528,11,0,6,12,0,12554.35,2092.39,5,0.0,0.0,0
MRC000362,2026-05-31,0,0,1,1,2169,10,0,2,4,0,706.14,353.07,2,0.0,0.0,1
MRC000363,2026-05-31,5,1,0,1,771,30,0,0,3,0,0,0.0,0,0.0,0.0,0
MRC000364,2026-05-31,5,1,0,1,230,5,1,11,18,212.6,14207.43,1291.58,9,0.3636,0.0599,0
MRC000365,2026-05-31,5,2,1,1,853,9,0,3,4,0,4701.2,1567.07,3,0.0,0.0,0
MRC000366,2026-05-31,5,0,0,1,1669,2,1,2,6,3076.84,5264.83,2632.41,2,1.9996,2.3377,0
MRC000367,2026-05-31,5,1,1,1,955,42,0,0,2,0,0,0.0,0,0.0,0.0,0
MRC000368,2026-05-31,0,1,1,1,1005,16,0,2,2,0,2088.64,1044.32,2,0.0,0.0,0
MRC000369,2026-05-31,2,1,1,1,353,77,0,0,0,0,0,0.0,0,0.0,0.0,0
MRC000370,2026-05-31,5,0,1,1,1623,12,0,2,2,0,2660.55,1330.28,2,0.0,0.0,1
MRC000371,2026-05-31,0,1,0,1,646,11,0,6,9,0,31789.23,5298.21,6,0.0,0.0,0
MRC000372,2026-05-31,2,1,1,1,378,5,1,6,20,396.25,5606.99,934.5,5,0.6666,0.2827,0
MRC000373,2026-05-31,4,0,1,1,1726,16,0,4,7,0,16320.54,4080.14,4,0.0,0.0,0
MRC000374,2026-05-31,5,1,1,1,2212,0,2,10,14,4837.72,13749.63,1374.96,10,0.8,1.4074,0
MRC000375,2026-05-31,2,1,1,0,1499,2,2,2,3,12330.45,12330.45,6165.23,2,3.9992,4.0,0
MRC000376,2026-05-31,5,1,0,1,2213,5,1,2,3,209.95,2699.98,1349.99,2,1.9996,0.311,1
MRC000377,2026-05-31,2,0,1,1,1043,0,2,5,14,1957.01,3440.93,688.19,4,1.5999,2.275,1
MRC000378,2026-05-31,0,0,1,1,1299,1,2,7,12,1029.89,7860.5,1122.93,7,1.1428,0.5241,0
MRC000379,2026-05-31,5,1,1,1,945,23,0,2,4,0,1224.56,612.28,2,0.0,0.0,1
MRC000380,2026-05-31,0,1,1,1,1278,8,0,6,8,0,13790.45,2298.41,5,0.0,0.0,0
MRC000381,2026-05-31,0,2,0,1,2115,30,0,0,1,0,0,0.0,0,0.0,0.0,1
MRC000382,2026-05-31,2,1,1,1,1552,32,0,0,4,0,0,0.0,0,0.0,0.0,0
MRC000383,2026-05-31,5,1,1,1,223,9,0,6,14,0,7456.17,1242.69,6,0.0,0.0,0
MRC000384,2026-05-31,2,0,1,1,1432,5,2,12,22,698.76,10284.67,857.06,12,0.6666,0.2718,0
MRC000385,2026-05-31,0,2,1,1,989,3,1,7,14,269.12,6194.1,884.87,7,0.5714,0.1738,0
MRC000386,2026-05-31,2,0,1,1,1352,4,3,7,14,1482.91,3162.07,451.72,7,1.7142,1.8759,0
MRC000387,2026-05-31,4,0,1,1,1383,18,0,2,5,0,2260.29,1130.14,2,0.0,0.0,1
MRC000388,2026-05-31,0,0,1,1,1452,35,0,0,1,0,0,0.0,0,0.0,0.0,0
MRC000389,2026-05-31,3,0,1,0,2057,7,0,2,3,0,2573.16,1286.58,2,0.0,0.0,0
MRC000390,2026-05-31,0,1,0,1,2041,0,3,8,16,4726.97,20265.04,2533.13,7,1.4999,0.933,0
MRC000391,2026-05-31,4,0,1,1,2287,4,1,7,16,2143.1,18395.04,2627.86,6,0.5714,0.466,0
MRC000392,2026-05-31,5,0,1,1,1500,29,0,1,5,0,157.11,157.11,1,0.0,0.0,0
MRC000393,2026-05-31,5,0,1,1,788,19,0,1,2,0,370.35,370.35,1,0.0,0.0,0
MRC000394,2026-05-31,4,3,1,1,592,6,1,1,3,135.09,135.09,135.09,1,3.9984,4.0,0
MRC000395,2026-05-31,2,1,1,1,2020,9,0,1,3,0,282.85,282.85,1,0.0,0.0,0
MRC000396,2026-05-31,4,2,1,1,2161,83,0,0,0,0,0,0.0,0,0.0,0.0,1
MRC000397,2026-05-31,5,2,0,1,246,0,1,1,6,263.39,263.39,263.39,1,3.9984,4.0,0
MRC000398,2026-05-31,0,2,1,1,636,4,2,3,6,666.6,947.19,315.73,2,2.6663,2.8151,0
MRC000399,2026-05-31,0,1,0,1,1649,8,0,4,6,0,3800.2,950.05,4,0.0,0.0,0
MRC000400,2026-05-31,5,0,1,1,525,44,0,0,1,0,0,0.0,0,0.0,0.0,0
MRC000401,2026-05-31,0,0,1,1,274,30,0,0,2,0,0,0.0,0,0.0,0.0,1
MRC000402,2026-05-31,0,0,1,0,2343,6,1,1,3,493.24,493.24,493.24,1,3.9984,4.0,0
MRC000403,2026-05-31,0,1,1,0,375,9,0,4,6,0,1861.18,465.3,4,0.0,0.0,0
MRC000404,2026-05-31,5,0,1,1,631,0,2,11,18,11548.72,26831.8,2439.25,10,0.7272,1.7216,0
MRC000405,2026-05-31,5,0,1,0,2325,2,1,1,2,808.3,808.3,808.3,1,3.9984,4.0,0
MRC000406,2026-05-31,5,1,0,1,383,0,25,91,175,33631.96,162408.0,1784.7,29,1.0989,0.8283,0
MRC000407,2026-05-31,5,0,0,0,1912,13,0,1,2,0,2251.34,2251.34,1,0.0,0.0,0
MRC000408,2026-05-31,2,0,1,0,1392,6,1,6,10,162.05,6828.99,1138.16,6,0.6666,0.0949,0
MRC000409,2026-05-31,5,0,1,1,1344,2,3,4,6,3182.74,3572.76,893.19,3,2.9997,3.5633,0
MRC000410,2026-05-31,5,1,0,1,1972,6,2,5,5,817.39,1937.08,387.42,4,1.5999,1.6879,0
MRC000411,2026-05-31,5,0,1,1,211,2,4,19,36,4343.83,46349.62,2439.45,13,0.8421,0.3749,0
MRC000412,2026-05-31,5,0,1,1,297,0,3,8,22,2554.03,12040.59,1505.07,8,1.4999,0.8485,0
MRC000413,2026-05-31,2,0,1,1,592,23,0,1,2,0,237.03,237.03,1,0.0,0.0,1
MRC000414,2026-05-31,4,1,1,1,1235,35,0,0,1,0,0,0.0,0,0.0,0.0,0
MRC000415,2026-05-31,5,0,1,1,2267,41,0,0,2,0,0,0.0,0,0.0,0.0,0
MRC000416,2026-05-31,0,0,0,1,314,32,0,0,1,0,0,0.0,0,0.0,0.0,1
MRC000417,2026-05-31,5,2,1,1,1083,11,0,1,2,0,256.79,256.79,1,0.0,0.0,1
MRC000418,2026-05-31,0,2,1,1,1101,3,2,5,11,171.88,3182.6,636.52,5,1.5999,0.216,0
MRC000419,2026-05-31,0,0,1,0,594,148,0,0,0,0,0,0.0,0,0.0,0.0,0
MRC000420,2026-05-31,5,0,1,1,916,8,0,1,6,0,628.89,628.89,1,0.0,0.0,0
MRC000421,2026-05-31,5,0,0,1,604,2,2,5,11,1289.3,1943.63,388.73,5,1.5999,2.6534,0
MRC000422,2026-05-31,5,1,1,1,464,2,3,8,15,4987.18,10054.06,1256.76,6,1.4999,1.9841,0
MRC000423,2026-05-31,2,0,1,0,1303,14,0,1,4,0,312.45,312.45,1,0.0,0.0,0
MRC000424,2026-05-31,5,2,0,1,2199,1,3,11,23,7111.46,11674.58,1061.33,10,1.0909,2.4366,0
MRC000425,2026-05-31,5,2,0,1,1048,6,1,2,5,653.85,1825.17,912.59,2,1.9996,1.433,0
MRC000426,2026-05-31,5,1,1,1,1552,0,4,6,14,8783.63,9989.28,1664.88,5,2.6665,3.5172,0
MRC000427,2026-05-31,5,0,1,1,1629,5,1,1,3,482.47,482.47,482.47,1,3.9984,4.0,0
MRC000428,2026-05-31,5,2,1,1,2007,1,3,18,33,7408.75,28786.73,1599.26,16,0.6667,1.0295,0
MRC000429,2026-05-31,2,1,1,1,1966,9,0,6,9,0,3875.52,645.92,5,0.0,0.0,0
MRC000430,2026-05-31,5,1,1,1,2144,2,3,16,38,4851.01,34631.6,2164.47,14,0.75,0.5603,0
MRC000431,2026-05-31,5,0,1,1,1944,3,2,12,24,333.57,6615.87,551.32,10,0.6666,0.2017,0
MRC000432,2026-05-31,5,1,1,1,2197,2,2,5,14,2030.63,3190.7,638.14,5,1.5999,2.5457,0
MRC000433,2026-05-31,2,2,0,1,2275,10,0,3,7,0,5271.92,1757.31,3,0.0,0.0,0
MRC000434,2026-05-31,5,2,1,1,1799,9,0,2,6,0,1520.66,760.33,2,0.0,0.0,0
MRC000435,2026-05-31,5,1,0,1,1242,13,0,2,2,0,2124.98,1062.49,2,0.0,0.0,0
MRC000436,2026-05-31,5,1,1,1,835,8,0,5,11,0,8464.38,1692.88,5,0.0,0.0,0
MRC000437,2026-05-31,5,1,0,1,1413,2,2,4,9,4238.23,9654.33,2413.58,4,1.9998,1.756,0
MRC000438,2026-05-31,2,1,1,1,1976,40,0,0,1,0,0,0.0,0,0.0,0.0,0
MRC000439,2026-05-31,2,2,0,1,1811,0,3,4,7,6661.95,8618.9,2154.72,4,2.9997,3.0918,0
MRC000440,2026-05-31,5,1,1,1,1301,16,0,3,10,0,8462.96,2820.99,3,0.0,0.0,0
MRC000441,2026-05-31,0,0,1,1,331,1,3,18,35,9087.17,20764.02,1153.56,14,0.6667,1.7506,0
MRC000442,2026-05-31,3,0,0,1,758,11,0,2,9,0,1310.71,655.36,2,0.0,0.0,0
MRC000443,2026-05-31,5,1,1,1,1426,63,0,0,0,0,0,0.0,0,0.0,0.0,0
MRC000444,2026-05-31,5,2,0,1,1007,5,1,1,1,929.67,929.67,929.67,1,3.9984,4.0,1
MRC000445,2026-05-31,0,0,1,1,1161,0,3,4,8,4386.99,4444.23,1111.06,4,2.9997,3.9485,0
MRC000446,2026-05-31,5,1,1,0,823,2,3,14,19,9567.57,17324.43,1237.46,13,0.8571,2.209,0
MRC000447,2026-05-31,5,2,1,1,331,9,0,3,3,0,14123.66,4707.89,3,0.0,0.0,0
MRC000448,2026-05-31,4,1,1,0,1183,3,4,12,23,5301.3,14780.07,1231.67,9,1.3333,1.4347,0
MRC000449,2026-05-31,5,0,1,1,1137,6,1,1,1,644.35,644.35,644.35,1,3.9984,4.0,1
MRC000450,2026-05-31,5,0,1,1,1872,5,1,8,13,348.74,16853.94,2106.74,8,0.5,0.0828,0
MRC000451,2026-05-31,5,1,1,1,410,8,0,2,3,0,2468.61,1234.31,2,0.0,0.0,0
MRC000452,2026-05-31,0,0,1,1,1224,15,0,2,6,0,1221.08,610.54,2,0.0,0.0,0
MRC000453,2026-05-31,0,1,1,1,2030,32,0,0,3,0,0,0.0,0,0.0,0.0,0
MRC000454,2026-05-31,5,1,1,1,750,1,4,22,39,7042.93,36978.48,1680.84,16,0.7273,0.7618,0
MRC000455,2026-05-31,0,1,1,1,856,21,0,1,3,0,824.3,824.3,1,0.0,0.0,0
MRC000456,2026-05-31,2,1,1,1,355,8,0,1,1,0,650.27,650.27,1,0.0,0.0,0
MRC000457,2026-05-31,5,0,1,1,1420,40,0,0,2,0,0,0.0,0,0.0,0.0,0
MRC000458,2026-05-31,0,0,1,1,2034,10,0,3,6,0,2982.75,994.25,3,0.0,0.0,0
MRC000459,2026-05-31,5,0,1,1,1217,8,0,3,4,0,2976.7,992.23,3,0.0,0.0,0
MRC000460,2026-05-31,5,0,1,1,1076,3,1,7,13,364.37,12846.7,1835.24,7,0.5714,0.1135,0
MRC000461,2026-05-31,3,1,0,1,1801,13,0,3,3,0,1898.85,632.95,2,0.0,0.0,0
MRC000462,2026-05-31,5,0,0,1,1130,0,1,4,12,565.92,3739.33,934.83,4,0.9999,0.6054,0
MRC000463,2026-05-31,3,1,1,1,1036,2,1,2,2,325.86,1143.41,571.7,2,1.9996,1.14,1
MRC000464,2026-05-31,0,0,1,0,1833,0,2,12,18,2679.57,14627.8,1218.98,10,0.6666,0.7327,0
MRC000465,2026-05-31,0,0,1,1,785,37,0,0,2,0,0,0.0,0,0.0,0.0,1
MRC000466,2026-05-31,5,0,1,1,2021,12,0,2,2,0,2365.36,1182.68,2,0.0,0.0,0
MRC000467,2026-05-31,2,1,0,1,750,28,0,1,4,0,403.08,403.08,1,0.0,0.0,1
MRC000468,2026-05-31,4,1,1,1,1281,62,0,0,0,0,0,0.0,0,0.0,0.0,1
MRC000469,2026-05-31,0,2,1,1,711,3,1,1,2,385.93,385.93,385.93,1,3.9984,4.0,0
MRC000470,2026-05-31,5,0,0,1,1546,2,2,11,17,4914.89,19959.74,1814.52,11,0.7272,0.985,0
MRC000471,2026-05-31,0,1,1,1,1113,1,1,4,8,65.01,12731.54,3182.89,4,0.9999,0.0204,0
MRC000472,2026-05-31,5,1,0,0,687,0,2,6,12,1071.65,2745.05,457.51,5,1.3332,1.5616,0
MRC000473,2026-05-31,2,0,1,1,1790,35,0,0,2,0,0,0.0,0,0.0,0.0,0
MRC000474,2026-05-31,5,0,0,1,2208,34,0,0,1,0,0,0.0,0,0.0,0.0,0
MRC000475,2026-05-31,4,0,1,1,226,1,1,9,14,154.26,7451.2,827.91,9,0.4444,0.0828,0
MRC000476,2026-05-31,0,0,1,1,1405,75,0,0,0,0,0,0.0,0,0.0,0.0,1
MRC000477,2026-05-31,3,2,1,1,1734,40,0,0,3,0,0,0.0,0,0.0,0.0,0
MRC000478,2026-05-31,5,0,1,1,1737,1,1,1,2,605.37,605.37,605.37,1,3.9984,4.0,1
MRC000479,2026-05-31,0,1,1,1,646,5,2,5,11,2973.6,4958.42,991.68,4,1.5999,2.3988,0
MRC000480,2026-05-31,5,1,1,1,414,30,0,0,1,0,0,0.0,0,0.0,0.0,0
MRC000481,2026-05-31,5,0,0,1,1287,55,0,0,1,0,0,0.0,0,0.0,0.0,0
MRC000482,2026-05-31,4,1,1,0,1556,17,0,2,4,0,623.92,311.96,2,0.0,0.0,0
MRC000483,2026-05-31,5,0,0,1,797,11,0,2,5,0,1671.63,835.82,2,0.0,0.0,0
MRC000484,2026-05-31,0,1,1,1,971,0,1,1,4,3526.54,3526.54,3526.54,1,3.9984,4.0,1
MRC000485,2026-05-31,3,0,1,1,1327,0,3,6,9,2974.05,5022.18,837.03,5,1.9999,2.3687,0
MRC000486,2026-05-31,0,0,0,1,1148,26,0,1,2,0,1076.83,1076.83,1,0.0,0.0,0
MRC000487,2026-05-31,5,0,1,1,1221,2,2,11,19,3306.48,22173.32,2015.76,10,0.7272,0.5965,0
MRC000488,2026-05-31,2,1,1,1,1655,13,0,2,5,0,3869.79,1934.89,2,0.0,0.0,0
MRC000489,2026-05-31,5,1,0,0,2315,44,0,0,1,0,0,0.0,0,0.0,0.0,0
MRC000490,2026-05-31,5,1,1,1,1904,14,0,2,3,0,907.7,453.85,2,0.0,0.0,0
MRC000491,2026-05-31,5,0,0,1,182,0,5,12,29,6836.49,12896.12,1074.68,9,1.6666,2.1205,0
MRC000492,2026-05-31,5,3,1,0,928,0,4,12,26,4750.43,14709.64,1225.8,11,1.3333,1.2918,0
MRC000493,2026-05-31,5,0,1,1,186,0,3,7,10,4189.59,6259.9,894.27,6,1.7142,2.6771,0
MRC000494,2026-05-31,4,2,1,1,2073,0,4,11,26,3398.18,17691.66,1608.33,11,1.4545,0.7683,0
MRC000495,2026-05-31,2,1,1,1,1573,0,1,7,8,873.86,5078.73,725.53,6,0.5714,0.6883,0
MRC000496,2026-05-31,0,1,1,1,643,8,0,3,8,0,1067.24,355.75,3,0.0,0.0,0
MRC000497,2026-05-31,5,1,1,1,1998,4,2,6,12,1742.73,4086.18,681.03,6,1.3332,1.706,0
MRC000498,2026-05-31,5,1,1,1,1394,1,4,18,34,5923.38,25545.67,1419.2,16,0.8889,0.9275,0
MRC000499,2026-05-31,5,1,1,1,277,7,0,4,4,0,2525.5,631.38,4,0.0,0.0,0
MRC000500,2026-05-31,5,0,1,1,495,2,2,7,10,1257.07,7615.92,1087.99,7,1.1428,0.6602,0
MRC000501,2026-05-31,5,1,0,1,1933,3,1,1,1,1376.6,1376.6,1376.6,1,3.9984,4.0,1
MRC000502,2026-05-31,0,0,1,1,797,111,0,0,0,0,0,0.0,0,0.0,0.0,0
MRC000503,2026-05-31,0,1,0,1,1311,1,3,18,35,5087.41,33812.56,1878.48,16,0.6667,0.6018,0
MRC000504,2026-05-31,5,1,1,1,2121,3,1,7,19,1305.07,41884.88,5983.55,7,0.5714,0.1246,0
MRC000505,2026-05-31,0,2,1,1,796,35,0,0,5,0,0,0.0,0,0.0,0.0,1
MRC000506,2026-05-31,0,1,1,1,190,12,0,1,3,0,1006.46,1006.46,1,0.0,0.0,0
MRC000507,2026-05-31,5,0,1,1,348,97,0,0,0,0,0,0.0,0,0.0,0.0,0
MRC000508,2026-05-31,5,1,1,1,2165,4,1,2,2,2768.08,6130.71,3065.36,2,1.9996,1.806,0
MRC000509,2026-05-31,5,0,1,1,1475,0,1,1,2,966.91,966.91,966.91,1,3.9984,4.0,1
MRC000510,2026-05-31,2,1,1,0,882,24,0,1,6,0,804.11,804.11,1,0.0,0.0,0
MRC000511,2026-05-31,5,1,1,1,336,0,2,9,15,1030.1,5340.81,593.42,8,0.8888,0.7715,0
MRC000512,2026-05-31,4,1,1,0,1685,0,1,4,9,1695.38,2629.86,657.47,4,0.9999,2.5787,0
MRC000513,2026-05-31,5,0,1,1,251,0,3,16,25,9389.11,35035.7,2189.73,13,0.75,1.0719,0
MRC000514,2026-05-31,2,0,1,1,365,21,0,2,6,0,4492.29,2246.14,1,0.0,0.0,0
MRC000515,2026-05-31,5,1,1,1,1462,105,0,0,0,0,0,0.0,0,0.0,0.0,1
MRC000516,2026-05-31,5,0,0,1,1566,1,11,23,47,21415.37,53438.35,2323.41,15,1.913,1.603,0
MRC000517,2026-05-31,5,0,0,1,1409,45,0,0,1,0,0,0.0,0,0.0,0.0,0
MRC000518,2026-05-31,0,0,1,0,2152,6,1,6,10,772.8,2213.74,368.96,6,0.6666,1.3964,0
MRC000519,2026-05-31,5,1,0,1,753,13,0,2,6,0,5585.43,2792.72,2,0.0,0.0,0
MRC000520,2026-05-31,4,0,1,1,1378,4,2,6,8,5288.25,8200.37,1366.73,5,1.3332,2.5795,0
MRC000521,2026-05-31,5,1,1,1,833,8,0,5,9,0,5204.29,1040.86,4,0.0,0.0,0
MRC000522,2026-05-31,0,2,1,1,956,17,0,2,8,0,997.55,498.78,2,0.0,0.0,0
MRC000523,2026-05-31,0,1,0,1,494,32,0,0,1,0,0,0.0,0,0.0,0.0,0
MRC000524,2026-05-31,5,0,0,1,1898,0,5,52,91,3769.33,80664.51,1551.24,26,0.3846,0.1869,0
MRC000525,2026-05-31,5,0,1,1,1702,3,2,7,13,1664.51,7104.71,1014.96,7,1.1428,0.9371,0
MRC000526,2026-05-31,5,0,1,1,1722,10,0,4,5,0,6576.63,1644.16,4,0.0,0.0,0
MRC000527,2026-05-31,0,1,1,1,475,2,6,23,52,11523.01,38195.35,1660.67,16,1.0435,1.2067,0
MRC000528,2026-05-31,5,1,1,1,422,29,0,1,1,0,1134.46,1134.46,1,0.0,0.0,0
MRC000529,2026-05-31,0,0,1,1,1873,0,4,12,21,7570.43,16744.95,1395.41,11,1.3333,1.8084,0
MRC000530,2026-05-31,0,0,1,0,1619,46,0,0,2,0,0,0.0,0,0.0,0.0,1
MRC000531,2026-05-31,5,0,1,1,230,7,0,5,10,0,7457.06,1491.41,5,0.0,0.0,0
MRC000532,2026-05-31,4,0,1,1,1617,1,2,7,10,2265.57,15131.89,2161.7,5,1.1428,0.5989,0
MRC000533,2026-05-31,5,2,1,1,2306,26,0,1,1,0,2072.4,2072.4,1,0.0,0.0,1
MRC000534,2026-05-31,0,0,1,1,1807,26,0,2,2,0,2482.31,1241.15,2,0.0,0.0,0
MRC000535,2026-05-31,0,0,1,1,771,0,4,18,36,1513.76,22496.74,1249.82,13,0.8889,0.2692,0
MRC000536,2026-05-31,5,0,1,1,856,17,0,2,2,0,14860.54,7430.27,2,0.0,0.0,0
MRC000537,2026-05-31,4,0,0,1,1808,0,8,33,62,10358.39,41285.7,1251.08,22,0.9697,1.0036,0
MRC000538,2026-05-31,5,0,1,1,1041,2,3,9,19,4437.61,24759.19,2751.02,8,1.3333,0.7169,0
MRC000539,2026-05-31,5,1,1,1,1774,10,0,3,4,0,3772.09,1257.36,3,0.0,0.0,0
MRC000540,2026-05-31,0,0,1,0,2262,0,2,2,3,3038.74,3038.74,1519.37,2,3.9992,4.0,0
MRC000541,2026-05-31,5,0,1,1,1050,0,7,19,37,9294.05,25419.56,1337.87,14,1.4737,1.4625,0
MRC000542,2026-05-31,4,1,1,0,1418,0,4,26,51,3234.9,19236.02,739.85,18,0.6154,0.6727,0
MRC000543,2026-05-31,2,1,1,1,1235,12,0,3,4,0,3057.86,1019.29,3,0.0,0.0,0
MRC000544,2026-05-31,0,0,0,1,1276,3,4,27,35,7520.2,49596.97,1836.92,17,0.5926,0.6065,0
MRC000545,2026-05-31,5,2,1,0,330,3,2,13,22,1058.32,25235.44,1941.19,12,0.6154,0.1678,0
MRC000546,2026-05-31,5,0,0,0,2321,2,2,13,19,1658.58,13432.85,1033.3,9,0.6154,0.4939,0
MRC000547,2026-05-31,3,3,1,1,1346,4,1,1,5,237.03,237.03,237.03,1,3.9984,4.0,0
MRC000548,2026-05-31,5,2,1,1,666,2,1,2,4,1136.61,1274.76,637.38,2,1.9996,3.5665,0
MRC000549,2026-05-31,2,1,1,1,1419,32,0,0,1,0,0,0.0,0,0.0,0.0,0
MRC000550,2026-05-31,5,0,1,1,1034,81,0,0,0,0,0,0.0,0,0.0,0.0,1
MRC000551,2026-05-31,5,2,1,1,1960,0,4,17,39,10803.43,22347.31,1314.55,14,0.9412,1.9337,0
MRC000552,2026-05-31,5,0,1,1,1825,18,0,5,8,0,5809.48,1161.9,4,0.0,0.0,0
MRC000553,2026-05-31,5,0,0,0,999,18,0,1,1,0,542.15,542.15,1,0.0,0.0,1
MRC000554,2026-05-31,5,1,0,1,1723,2,3,15,25,2107.42,22599.75,1506.65,14,0.8,0.373,0
MRC000555,2026-05-31,0,1,1,1,237,12,0,2,6,0,1300.43,650.22,2,0.0,0.0,0
MRC000556,2026-05-31,5,2,1,1,2277,0,1,2,5,948.41,1192.62,596.31,2,1.9996,3.1809,0
MRC000557,2026-05-31,5,1,1,1,1281,0,4,21,47,9252.91,47531.22,2263.39,13,0.7619,0.7787,0
MRC000558,2026-05-31,5,2,1,1,1594,10,0,2,6,0,2663.28,1331.64,2,0.0,0.0,0
MRC000559,2026-05-31,4,1,1,1,1574,14,0,3,7,0,24229.61,8076.54,3,0.0,0.0,0
MRC000560,2026-05-31,5,1,1,0,849,17,0,1,4,0,337.27,337.27,1,0.0,0.0,1
MRC000561,2026-05-31,4,1,0,1,1672,2,1,3,5,312.29,8106.56,2702.19,3,1.3332,0.1541,0
MRC000562,2026-05-31,5,3,1,0,1033,28,0,1,2,0,3438.03,3438.03,1,0.0,0.0,1
MRC000563,2026-05-31,3,2,1,0,1652,0,1,5,11,16033.41,25758.97,5151.79,4,0.7999,2.4898,0
MRC000564,2026-05-31,0,2,1,1,361,38,0,0,3,0,0,0.0,0,0.0,0.0,0
MRC000565,2026-05-31,5,1,1,1,484,1,3,6,13,3177.06,5645.03,940.84,5,1.9999,2.2512,0
MRC000566,2026-05-31,0,1,0,1,2183,8,0,2,7,0,9156.7,4578.35,2,0.0,0.0,0
MRC000567,2026-05-31,5,0,1,1,1772,0,2,3,5,3160.75,3700.6,1233.53,3,2.6663,3.4165,0
MRC000568,2026-05-31,5,2,1,1,446,4,1,1,2,71.39,71.39,71.39,1,3.9984,4.0,0
MRC000569,2026-05-31,2,0,1,1,632,5,2,17,28,2236.22,18716.06,1100.94,13,0.4706,0.4779,0
MRC000570,2026-05-31,5,0,1,1,1357,11,0,7,14,0,5538.33,791.19,6,0.0,0.0,0
MRC000571,2026-05-31,0,1,1,1,177,23,0,1,2,0,2210.52,2210.52,1,0.0,0.0,0
MRC000572,2026-05-31,5,1,1,0,1042,25,0,1,1,0,3102.45,3102.45,1,0.0,0.0,0
MRC000573,2026-05-31,5,1,1,1,878,141,0,0,0,0,0,0.0,0,0.0,0.0,1
MRC000574,2026-05-31,0,0,0,0,458,7,0,10,17,0,10711.52,1071.15,7,0.0,0.0,0
MRC000575,2026-05-31,5,0,1,1,820,0,6,16,25,11969.63,27683.12,1730.19,14,1.5,1.7295,0
MRC000576,2026-05-31,3,0,1,1,805,1,2,12,17,2669.86,14999.86,1249.99,11,0.6666,0.712,0
MRC000577,2026-05-31,3,0,1,1,311,1,2,3,6,1815.64,1896.43,632.14,3,2.6663,3.8296,0
MRC000578,2026-05-31,5,0,1,1,1549,0,2,12,22,2165.13,18431.2,1535.93,11,0.6666,0.4699,0
MRC000579,2026-05-31,5,1,1,0,760,18,0,3,14,0,4013.02,1337.67,2,0.0,0.0,0
MRC000580,2026-05-31,5,0,1,1,233,24,0,2,2,0,1397.85,698.92,2,0.0,0.0,0
MRC000581,2026-05-31,4,0,1,1,213,18,0,2,4,0,5546.2,2773.1,2,0.0,0.0,0
MRC000582,2026-05-31,2,0,1,1,2275,19,0,1,1,0,7760.25,7760.25,1,0.0,0.0,0
MRC000583,2026-05-31,5,1,1,1,423,5,1,10,14,112.98,24137.68,2413.77,8,0.4,0.0187,0
MRC000584,2026-05-31,0,2,0,0,2151,1,4,6,14,1926.44,4012.59,668.76,4,2.6665,1.9204,0
MRC000585,2026-05-31,5,0,1,1,529,2,1,4,8,80.88,4096.75,1024.19,4,0.9999,0.079,0
MRC000586,2026-05-31,0,0,1,1,349,13,0,1,5,0,1149.48,1149.48,1,0.0,0.0,0
MRC000587,2026-05-31,5,1,1,0,1356,5,1,3,7,2065.33,3090.91,1030.3,3,1.3332,2.6728,0
MRC000588,2026-05-31,5,0,1,1,2062,1,1,6,7,4040.74,5955.54,992.59,6,0.6666,2.7139,0
MRC000589,2026-05-31,2,2,1,1,321,129,0,0,0,0,0,0.0,0,0.0,0.0,0
MRC000590,2026-05-31,4,3,1,1,882,66,0,0,0,0,0,0.0,0,0.0,0.0,1
MRC000591,2026-05-31,5,1,1,1,1809,3,1,2,2,723.5,937.01,468.5,2,1.9996,3.0885,0
MRC000592,2026-05-31,5,2,0,1,312,4,2,3,11,885.11,995.11,331.7,3,2.6663,3.5578,0
MRC000593,2026-05-31,3,1,1,1,535,1,5,7,12,8928.29,10026.42,1432.35,7,2.857,3.5619,0
MRC000594,2026-05-31,5,1,1,1,833,76,0,0,0,0,0,0.0,0,0.0,0.0,1
MRC000595,2026-05-31,5,0,1,1,1927,5,3,12,19,4824.3,18137.7,1511.48,11,1.0,1.0639,0
MRC000596,2026-05-31,2,0,1,1,1932,2,3,21,31,2756.35,43616.18,2076.96,13,0.5714,0.2528,0
MRC000597,2026-05-31,5,0,1,1,1715,4,2,7,12,695.69,7485.08,1069.3,6,1.1428,0.3718,0
MRC000598,2026-05-31,2,1,1,1,1619,1,2,4,14,5911.21,8877.88,2219.47,4,1.9998,2.6633,0
MRC000599,2026-05-31,0,1,1,1,222,49,0,0,2,0,0,0.0,0,0.0,0.0,1
MRC000600,2026-05-31,5,0,1,1,686,7,0,1,3,0,705.78,705.78,1,0.0,0.0,0
MRC000601,2026-05-31,5,1,1,1,2178,3,3,5,14,10212.4,13498.1,2699.62,4,2.3998,3.0263,0
MRC000602,2026-05-31,5,0,0,1,1736,19,0,3,5,0,2152.14,717.38,3,0.0,0.0,0
MRC000603,2026-05-31,5,0,1,1,691,9,0,4,4,0,8449.18,2112.3,4,0.0,0.0,1
MRC000604,2026-05-31,5,0,1,1,1711,2,2,13,29,787.78,26915.93,2070.46,10,0.6154,0.1171,0
MRC000605,2026-05-31,4,1,1,1,1747,3,1,5,9,456.19,1663.58,332.72,5,0.7999,1.0969,0
MRC000606,2026-05-31,5,1,1,1,1788,1,4,11,16,3432.78,8812.63,801.15,11,1.4545,1.5581,0
MRC000607,2026-05-31,5,1,1,1,2306,5,1,1,1,1922.9,1922.9,1922.9,1,3.9984,4.0,0
MRC000608,2026-05-31,5,0,1,1,1346,2,5,18,45,3137.21,36931.68,2051.76,11,1.1111,0.3398,0
MRC000609,2026-05-31,5,1,1,1,295,16,0,2,3,0,2270.74,1135.37,2,0.0,0.0,0
MRC000610,2026-05-31,5,3,1,0,1954,2,4,12,21,7165.62,17826.71,1485.56,10,1.3333,1.6078,0
MRC000611,2026-05-31,5,0,0,0,197,11,0,2,4,0,2323.21,1161.61,2,0.0,0.0,0
MRC000612,2026-05-31,5,1,1,1,1566,6,1,4,6,226.49,5111.59,1277.9,4,0.9999,0.1772,0
MRC000613,2026-05-31,5,0,1,0,1905,0,2,6,8,3543.37,7867.78,1311.3,4,1.3332,1.8015,0
MRC000614,2026-05-31,5,0,1,1,438,0,7,24,50,6583.5,27888.55,1162.02,18,1.1666,0.9443,0
MRC000615,2026-05-31,4,1,0,1,1907,0,1,5,7,1187.18,6678.39,1335.68,5,0.7999,0.7111,0
MRC000616,2026-05-31,5,0,0,1,1935,11,0,1,8,0,504.1,504.1,1,0.0,0.0,0
MRC000617,2026-05-31,2,1,1,1,1593,0,3,9,12,5850.0,22754.55,2528.28,9,1.3333,1.0284,0
MRC000618,2026-05-31,5,2,1,1,872,29,0,1,3,0,2328.89,2328.89,1,0.0,0.0,1
MRC000619,2026-05-31,3,0,0,1,606,32,0,0,2,0,0,0.0,0,0.0,0.0,1
MRC000620,2026-05-31,5,0,0,1,1705,9,0,1,2,0,834.71,834.71,1,0.0,0.0,0
MRC000621,2026-05-31,2,2,0,1,508,1,4,12,23,2103.01,16874.9,1406.24,10,1.3333,0.4985,0
MRC000622,2026-05-31,5,1,1,1,1640,2,6,21,47,4433.11,40137.33,1911.3,13,1.1428,0.4418,0
MRC000623,2026-05-31,3,2,1,1,535,15,0,1,3,0,131.09,131.09,1,0.0,0.0,0
MRC000624,2026-05-31,0,0,1,1,898,29,0,1,3,0,736.89,736.89,1,0.0,0.0,1
MRC000625,2026-05-31,5,1,1,1,1271,1,1,19,27,2587.91,20119.44,1058.92,14,0.2105,0.5145,0
MRC000626,2026-05-31,2,2,1,1,518,0,1,4,4,1482.45,6167.14,1541.78,4,0.9999,0.9615,0
MRC000627,2026-05-31,5,0,1,1,1901,6,1,3,3,718.45,5533.94,1844.65,3,1.3332,0.5193,0
MRC000628,2026-05-31,4,2,1,1,1683,0,3,12,42,3030.66,16333.09,1361.09,9,1.0,0.7422,0
MRC000629,2026-05-31,3,1,1,0,200,0,2,19,30,394.91,24443.39,1286.49,14,0.421,0.0646,0
MRC000630,2026-05-31,5,2,1,1,2020,6,1,4,10,193.9,5020.44,1255.11,4,0.9999,0.1545,0
MRC000631,2026-05-31,5,0,1,1,1731,66,0,0,0,0,0,0.0,0,0.0,0.0,0
MRC000632,2026-05-31,0,1,1,0,1996,30,0,0,2,0,0,0.0,0,0.0,0.0,1
MRC000633,2026-05-31,5,0,1,1,1479,4,2,8,21,889.44,12560.15,1570.02,7,1.0,0.2833,0
MRC000634,2026-05-31,5,3,0,1,1533,1,1,4,6,7979.65,14680.79,3670.2,4,0.9999,2.1742,0
MRC000635,2026-05-31,4,0,1,1,1003,16,0,2,4,0,3316.35,1658.17,2,0.0,0.0,0
MRC000636,2026-05-31,4,0,1,1,661,4,1,3,5,873.55,5317.08,1772.36,3,1.3332,0.6572,1
MRC000637,2026-05-31,2,2,1,1,679,0,6,13,20,5935.63,16468.59,1266.81,10,1.8461,1.4417,0
MRC000638,2026-05-31,5,0,0,1,855,0,7,18,38,15321.32,25013.73,1389.65,13,1.5555,2.4501,0
MRC000639,2026-05-31,2,1,1,1,800,3,3,5,10,1211.96,3466.32,693.26,3,2.3998,1.3986,0
MRC000640,2026-05-31,5,0,1,1,1813,0,1,2,3,1830.97,1964.55,982.27,2,1.9996,3.728,0
MRC000641,2026-05-31,5,1,1,1,1310,7,0,5,6,0,4401.39,880.28,5,0.0,0.0,0
MRC000642,2026-05-31,5,0,1,1,1062,1,2,12,25,14745.13,33103.0,2758.58,10,0.6666,1.7817,0
MRC000643,2026-05-31,5,1,1,1,1749,1,5,14,29,4654.83,16689.6,1192.11,11,1.4285,1.1156,0
MRC000644,2026-05-31,5,1,0,1,1765,16,0,6,9,0,23153.81,3858.97,6,0.0,0.0,0
MRC000645,2026-05-31,0,0,1,1,2207,13,0,1,3,0,160.7,160.7,1,0.0,0.0,0
MRC000646,2026-05-31,5,0,1,1,841,6,1,9,22,544.16,13482.42,1498.05,7,0.4444,0.1614,0
MRC000647,2026-05-31,4,0,1,1,696,1,7,24,42,8590.67,30053.48,1252.23,13,1.1666,1.1434,0
MRC000648,2026-05-31,0,1,1,1,178,9,0,1,2,0,3182.75,3182.75,1,0.0,0.0,1
MRC000649,2026-05-31,5,0,1,1,514,15,0,3,5,0,7151.83,2383.94,3,0.0,0.0,1
MRC000650,2026-05-31,4,0,0,1,1483,9,0,6,14,0,4066.46,677.74,6,0.0,0.0,0
MRC000651,2026-05-31,0,0,1,1,1933,16,0,2,3,0,545.98,272.99,2,0.0,0.0,0
MRC000652,2026-05-31,5,1,1,1,1478,11,0,1,2,0,362.89,362.89,1,0.0,0.0,0
MRC000653,2026-05-31,2,1,0,1,2331,0,1,2,6,246.51,610.14,305.07,2,1.9996,1.6161,0
MRC000654,2026-05-31,0,1,0,1,1536,3,2,6,16,854.33,13594.55,2265.76,5,1.3332,0.2514,0
MRC000655,2026-05-31,5,2,1,1,2093,64,0,0,0,0,0,0.0,0,0.0,0.0,0
MRC000656,2026-05-31,5,1,0,1,750,6,1,2,7,3752.38,4633.49,2316.74,2,1.9996,3.2394,0
MRC000657,2026-05-31,5,2,0,1,872,2,1,3,7,142.57,1697.93,565.98,3,1.3332,0.3359,0
MRC000658,2026-05-31,0,1,1,1,1937,10,0,1,5,0,34.12,34.12,1,0.0,0.0,0
MRC000659,2026-05-31,3,0,1,1,1609,18,0,1,2,0,257.08,257.08,1,0.0,0.0,0
MRC000660,2026-05-31,5,3,0,1,1230,32,0,0,2,0,0,0.0,0,0.0,0.0,0
MRC000661,2026-05-31,0,1,1,1,2253,56,0,0,1,0,0,0.0,0,0.0,0.0,1
MRC000662,2026-05-31,4,1,1,1,1830,2,3,6,16,11378.65,13090.67,2181.78,6,1.9999,3.4769,0
MRC000663,2026-05-31,0,0,1,1,810,1,2,3,5,1439.05,1534.33,511.44,3,2.6663,3.7516,1
MRC000664,2026-05-31,3,0,1,1,1500,6,1,3,6,685.93,6102.08,2034.03,3,1.3332,0.4496,0
MRC000665,2026-05-31,0,1,0,1,1030,13,0,3,4,0,6048.83,2016.28,2,0.0,0.0,0
MRC000666,2026-05-31,5,1,0,1,1074,7,0,1,5,0,291.59,291.59,1,0.0,0.0,0
MRC000667,2026-05-31,5,1,1,1,1924,2,3,10,30,2279.78,16092.45,1609.24,7,1.2,0.5667,0
MRC000668,2026-05-31,4,0,1,1,1649,12,0,4,4,0,12778.54,3194.63,3,0.0,0.0,0
MRC000669,2026-05-31,5,1,1,1,191,136,0,0,0,0,0,0.0,0,0.0,0.0,0
MRC000670,2026-05-31,4,0,1,1,1421,8,0,1,1,0,314.61,314.61,1,0.0,0.0,0
MRC000671,2026-05-31,0,0,1,1,1578,1,1,2,8,1660.19,7062.86,3531.43,2,1.9996,0.9402,0
MRC000672,2026-05-31,5,0,1,1,1280,8,0,9,17,0,23959.44,2662.16,8,0.0,0.0,0
MRC000673,2026-05-31,5,2,1,1,820,3,4,14,29,15773.62,39711.43,2836.53,12,1.1428,1.5888,0
MRC000674,2026-05-31,5,1,1,1,1582,2,3,4,5,3487.53,5842.06,1460.52,4,2.9997,2.3879,0
MRC000675,2026-05-31,3,2,1,1,2235,1,1,2,5,466.56,1023.25,511.62,2,1.9996,1.8238,0
MRC000676,2026-05-31,0,1,1,1,352,2,2,7,11,803.5,3559.14,508.45,6,1.1428,0.903,0
MRC000677,2026-05-31,5,1,1,1,1482,2,2,3,10,3518.89,6760.63,2253.54,3,2.6663,2.082,0
MRC000678,2026-05-31,4,1,1,1,2153,20,0,2,3,0,3045.76,1522.88,2,0.0,0.0,0
MRC000679,2026-05-31,5,2,1,1,1040,1,6,21,44,8615.19,38388.28,1828.01,17,1.1428,0.8977,0
MRC000680,2026-05-31,5,2,1,0,897,27,0,1,5,0,4124.18,4124.18,1,0.0,0.0,0
MRC000681,2026-05-31,2,1,1,0,706,2,1,7,16,182.51,6625.65,946.52,7,0.5714,0.1102,0
MRC000682,2026-05-31,3,0,1,1,655,5,1,5,9,5132.08,8113.06,1622.61,4,0.7999,2.5303,0
MRC000683,2026-05-31,5,1,1,1,1019,14,0,3,8,0,1924.81,641.6,3,0.0,0.0,0
MRC000684,2026-05-31,5,0,1,1,1851,9,0,1,3,0,339.38,339.38,1,0.0,0.0,0
MRC000685,2026-05-31,0,0,1,1,562,5,1,4,12,3159.97,7995.45,1998.86,4,0.9999,1.5809,0
MRC000686,2026-05-31,0,1,1,1,670,0,8,28,65,7253.26,32101.04,1146.47,19,1.1428,0.9038,0
MRC000687,2026-05-31,0,2,0,1,2347,1,1,18,36,155.13,38464.54,2136.92,15,0.2222,0.0161,0
MRC000688,2026-05-31,2,0,1,1,2340,12,0,2,8,0,844.96,422.48,2,0.0,0.0,0
MRC000689,2026-05-31,5,0,1,1,660,4,2,3,6,2964.56,3182.36,1060.79,3,2.6663,3.7262,0
MRC000690,2026-05-31,0,2,0,1,1083,180,0,0,0,0,0,0.0,0,0.0,0.0,0
MRC000691,2026-05-31,2,0,1,1,1046,43,0,0,2,0,0,0.0,0,0.0,0.0,0
MRC000692,2026-05-31,5,0,1,1,813,0,1,3,6,2657.57,4419.11,1473.04,3,1.3332,2.4055,0
MRC000693,2026-05-31,0,1,0,1,498,10,0,1,3,0,433.24,433.24,1,0.0,0.0,0
MRC000694,2026-05-31,5,2,1,1,300,1,1,6,7,933.51,4909.06,818.18,5,0.6666,0.7606,0
MRC000695,2026-05-31,5,1,1,1,1506,1,2,4,7,2311.06,2972.86,743.22,4,1.9998,3.1095,0
MRC000696,2026-05-31,2,1,1,1,256,1,1,1,3,444.2,444.2,444.2,1,3.9984,4.0,0
MRC000697,2026-05-31,3,0,1,0,1521,11,0,4,8,0,12962.92,3240.73,4,0.0,0.0,0
MRC000698,2026-05-31,2,0,0,1,372,6,1,4,5,1460.74,4112.53,1028.13,4,0.9999,1.4208,0
MRC000699,2026-05-31,5,1,1,1,502,63,0,0,0,0,0,0.0,0,0.0,0.0,1
MRC000700,2026-05-31,5,2,1,0,175,0,4,19,36,5035.46,33128.7,1743.62,17,0.8421,0.608,0
MRC000701,2026-05-31,5,0,0,1,1034,16,0,6,13,0,4233.4,705.57,5,0.0,0.0,0
MRC000702,2026-05-31,5,0,1,1,879,17,0,1,2,0,243.72,243.72,1,0.0,0.0,0
MRC000703,2026-05-31,5,0,0,1,890,3,2,8,13,1548.1,10532.97,1316.62,7,1.0,0.5879,0
MRC000704,2026-05-31,5,0,1,0,843,13,0,2,4,0,3005.16,1502.58,2,0.0,0.0,0
MRC000705,2026-05-31,4,0,1,1,2215,9,0,3,5,0,2135.67,711.89,3,0.0,0.0,0
MRC000706,2026-05-31,0,0,1,1,1104,6,1,6,21,1192.22,4491.66,748.61,6,0.6666,1.0617,0
MRC000707,2026-05-31,5,1,0,1,1933,5,2,5,6,1842.34,6282.26,1256.45,4,1.5999,1.173,0
MRC000708,2026-05-31,5,0,1,1,673,3,1,3,8,2430.67,4731.55,1577.18,2,1.3332,2.0549,0
MRC000709,2026-05-31,5,1,1,1,1220,3,2,10,19,4715.07,14244.8,1424.48,10,0.8,1.324,0
MRC000710,2026-05-31,5,1,1,1,302,9,0,6,12,0,36311.74,6051.96,6,0.0,0.0,0
MRC000711,2026-05-31,2,2,0,1,730,17,0,1,3,0,504.5,504.5,1,0.0,0.0,0
MRC000712,2026-05-31,4,3,0,1,320,0,4,12,26,2883.95,10073.45,839.45,9,1.3333,1.1452,0
MRC000713,2026-05-31,5,0,1,1,210,27,0,1,3,0,3072.68,3072.68,1,0.0,0.0,1
MRC000714,2026-05-31,4,0,1,0,562,28,0,1,1,0,172.96,172.96,1,0.0,0.0,1
MRC000715,2026-05-31,5,1,1,1,512,26,0,2,5,0,1131.06,565.53,2,0.0,0.0,0
MRC000716,2026-05-31,5,0,1,1,856,4,1,5,11,127.22,4850.99,970.2,5,0.7999,0.1049,0
MRC000717,2026-05-31,5,0,1,1,1789,11,0,2,6,0,3044.94,1522.47,2,0.0,0.0,0
MRC000718,2026-05-31,5,0,1,1,488,20,0,1,2,0,631.92,631.92,1,0.0,0.0,1
MRC000719,2026-05-31,3,2,1,1,1499,5,1,1,1,2756.42,2756.42,2756.42,1,3.9984,4.0,1
MRC000720,2026-05-31,5,0,0,1,962,33,0,0,2,0,0,0.0,0,0.0,0.0,0
MRC000721,2026-05-31,4,1,0,1,1045,22,0,1,2,0,925.52,925.52,1,0.0,0.0,0
MRC000722,2026-05-31,5,1,1,1,2180,49,0,0,2,0,0,0.0,0,0.0,0.0,1
MRC000723,2026-05-31,5,1,1,1,1180,41,0,0,1,0,0,0.0,0,0.0,0.0,0
MRC000724,2026-05-31,4,0,1,1,736,25,0,1,9,0,281.6,281.6,1,0.0,0.0,0
MRC000725,2026-05-31,3,2,0,1,685,5,2,12,28,4627.8,14021.38,1168.45,10,0.6666,1.3202,0
MRC000726,2026-05-31,5,1,0,1,532,2,2,4,9,1146.38,3412.97,853.24,3,1.9998,1.3436,0
MRC000727,2026-05-31,4,1,1,1,1917,7,0,5,21,0,3791.3,758.26,5,0.0,0.0,0
MRC000728,2026-05-31,5,0,1,1,1617,5,1,1,1,918.65,918.65,918.65,1,3.9984,4.0,0
MRC000729,2026-05-31,5,2,1,0,750,10,0,6,8,0,7071.83,1178.64,5,0.0,0.0,0
MRC000730,2026-05-31,5,1,0,1,1237,1,1,12,24,1449.28,23885.94,1990.49,11,0.3333,0.2427,0
MRC000731,2026-05-31,2,1,1,0,1269,3,1,1,5,1452.14,1452.14,1452.14,1,3.9984,4.0,0
MRC000732,2026-05-31,5,0,1,1,268,1,1,4,6,710.83,2462.17,615.54,4,0.9999,1.1548,0
MRC000733,2026-05-31,5,0,1,1,2150,12,0,2,3,0,3070.63,1535.31,2,0.0,0.0,0
MRC000734,2026-05-31,5,0,1,1,1886,0,2,9,14,3937.97,23787.16,2643.02,8,0.8888,0.6622,0
MRC000735,2026-05-31,0,0,1,1,1334,1,2,8,18,2540.28,14907.7,1863.46,7,1.0,0.6816,0
MRC000736,2026-05-31,0,0,0,1,1728,6,2,3,6,2821.47,5351.38,1783.79,2,2.6663,2.109,0
MRC000737,2026-05-31,5,0,1,1,403,1,1,3,6,718.62,1641.55,547.18,3,1.3332,1.7511,0
MRC000738,2026-05-31,5,2,0,1,2300,63,0,0,0,0,0,0.0,0,0.0,0.0,1
MRC000739,2026-05-31,4,1,1,1,1564,5,1,1,3,581.99,581.99,581.99,1,3.9984,4.0,0
MRC000740,2026-05-31,2,2,0,1,2215,2,1,3,5,229.8,827.24,275.75,3,1.3332,1.1112,0
MRC000741,2026-05-31,5,1,1,1,2053,0,2,6,12,986.07,7958.81,1326.47,5,1.3332,0.4956,0
MRC000742,2026-05-31,5,1,1,1,1441,0,2,3,9,2751.51,5530.03,1843.34,3,2.6663,1.9902,0
MRC000743,2026-05-31,5,0,1,1,795,2,2,12,26,1455.66,15893.91,1324.49,10,0.6666,0.3663,0
MRC000744,2026-05-31,5,1,1,1,1663,5,1,1,2,1552.45,1552.45,1552.45,1,3.9984,4.0,0
MRC000745,2026-05-31,5,0,1,1,1284,43,0,0,2,0,0,0.0,0,0.0,0.0,1
MRC000746,2026-05-31,5,1,1,0,1059,25,0,1,2,0,160.76,160.76,1,0.0,0.0,0
MRC000747,2026-05-31,4,2,1,1,1719,6,1,4,4,477.22,9174.77,2293.69,4,0.9999,0.2081,0
MRC000748,2026-05-31,5,2,1,1,2106,0,5,9,21,8504.07,11646.37,1294.04,6,2.2221,2.9208,0
MRC000749,2026-05-31,0,0,0,1,539,34,0,0,2,0,0,0.0,0,0.0,0.0,0
MRC000750,2026-05-31,5,1,1,0,1372,0,2,2,3,1648.02,1648.02,824.01,2,3.9992,4.0,0
MRC000751,2026-05-31,4,0,0,0,1865,6,1,6,12,810.27,8499.2,1416.53,6,0.6666,0.3813,0
MRC000752,2026-05-31,5,0,1,1,876,11,0,4,11,0,4138.69,1034.67,3,0.0,0.0,0
MRC000753,2026-05-31,5,0,1,1,912,6,1,2,3,106.86,243.05,121.53,2,1.9996,1.7586,0
MRC000754,2026-05-31,0,0,1,1,185,47,0,0,1,0,0,0.0,0,0.0,0.0,1
MRC000755,2026-05-31,5,1,0,1,870,18,0,1,5,0,1342.26,1342.26,1,0.0,0.0,0
MRC000756,2026-05-31,0,0,1,1,1446,6,1,3,8,1687.47,4656.37,1552.12,3,1.3332,1.4496,0
MRC000757,2026-05-31,5,0,1,1,2287,10,0,2,5,0,6295.66,3147.83,2,0.0,0.0,0
MRC000758,2026-05-31,5,3,1,1,1313,10,0,1,3,0,2236.19,2236.19,1,0.0,0.0,1
MRC000759,2026-05-31,2,1,1,1,800,11,0,4,10,0,12032.84,3008.21,3,0.0,0.0,0
MRC000760,2026-05-31,5,1,1,1,1938,0,1,2,8,273.0,1961.82,980.91,2,1.9996,0.5566,0
MRC000761,2026-05-31,5,1,1,1,575,2,1,3,7,1741.22,2562.31,854.1,3,1.3332,2.7182,0
MRC000762,2026-05-31,2,1,1,1,573,21,0,2,2,0,4779.41,2389.7,2,0.0,0.0,0
MRC000763,2026-05-31,5,1,1,1,1303,32,0,0,2,0,0,0.0,0,0.0,0.0,0
MRC000764,2026-05-31,5,1,1,0,1946,0,3,25,53,5790.76,46177.37,1847.09,17,0.48,0.5016,0
MRC000765,2026-05-31,5,2,1,1,629,26,0,3,6,0,1106.77,368.92,2,0.0,0.0,0
MRC000766,2026-05-31,0,0,0,1,198,41,0,0,5,0,0,0.0,0,0.0,0.0,1
MRC000767,2026-05-31,5,1,1,1,1746,8,0,4,10,0,8198.59,2049.65,4,0.0,0.0,0
MRC000768,2026-05-31,0,0,1,1,1448,4,2,5,10,1141.27,8140.1,1628.02,4,1.5999,0.5608,0
MRC000769,2026-05-31,5,2,1,1,1663,6,1,5,11,1389.14,4437.48,887.5,5,0.7999,1.2522,0
MRC000770,2026-05-31,5,0,1,1,1032,4,2,7,11,1813.02,14655.53,2093.65,7,1.1428,0.4948,0
MRC000771,2026-05-31,5,0,1,1,423,5,1,2,3,1222.64,2255.37,1127.68,2,1.9996,2.1684,0
MRC000772,2026-05-31,0,3,1,1,889,1,6,14,21,2654.62,6573.36,469.53,12,1.7142,1.6154,0
MRC000773,2026-05-31,0,1,1,1,1191,1,5,13,19,5457.42,19220.57,1478.51,8,1.5384,1.1357,0
MRC000774,2026-05-31,5,0,1,1,1111,27,0,1,3,0,553.86,553.86,1,0.0,0.0,0
MRC000775,2026-05-31,0,0,1,1,2107,3,2,4,5,3464.9,5057.96,1264.49,4,1.9998,2.7402,1
MRC000776,2026-05-31,5,0,1,1,653,1,1,7,10,346.79,17497.94,2499.71,7,0.5714,0.0793,0
MRC000777,2026-05-31,5,3,1,1,846,2,1,15,25,888.27,18915.62,1261.04,14,0.2667,0.1878,0
MRC000778,2026-05-31,5,1,1,1,565,74,0,0,0,0,0,0.0,0,0.0,0.0,0
MRC000779,2026-05-31,4,0,1,1,1411,6,1,4,6,335.27,2755.34,688.84,4,0.9999,0.4867,0
MRC000780,2026-05-31,2,1,1,1,1924,3,1,1,2,1105.3,1105.3,1105.3,1,3.9984,4.0,0
MRC000781,2026-05-31,5,1,1,1,2094,1,2,3,3,575.01,1040.8,346.93,3,2.6663,2.2099,0
MRC000782,2026-05-31,5,0,1,1,662,23,0,1,3,0,387.61,387.61,1,0.0,0.0,0
MRC000783,2026-05-31,0,2,1,1,1104,5,2,7,14,3511.56,9341.68,1334.53,7,1.1428,1.5036,0
MRC000784,2026-05-31,4,0,1,1,1775,3,2,4,7,819.97,1649.91,412.48,4,1.9998,1.9879,0
MRC000785,2026-05-31,2,2,1,0,265,1,6,27,59,6341.2,45611.83,1689.33,20,0.8889,0.5561,0
MRC000786,2026-05-31,5,1,1,1,1719,24,0,1,2,0,7326.47,7326.47,1,0.0,0.0,1
MRC000787,2026-05-31,2,0,1,1,458,8,0,3,5,0,1690.55,563.52,3,0.0,0.0,0
MRC000788,2026-05-31,0,1,1,1,237,13,0,6,9,0,10592.84,1765.47,6,0.0,0.0,0
MRC000789,2026-05-31,3,1,1,1,412,1,2,10,18,866.27,14700.9,1470.09,9,0.8,0.2357,0
MRC000790,2026-05-31,0,1,1,1,2090,3,1,12,24,6612.4,17084.88,1423.74,9,0.3333,1.5481,0
MRC000791,2026-05-31,4,1,1,1,1652,0,2,7,12,3210.64,4645.05,663.58,6,1.1428,2.7648,0
MRC000792,2026-05-31,5,0,1,1,1889,76,0,0,0,0,0,0.0,0,0.0,0.0,1
MRC000793,2026-05-31,5,0,1,1,1672,17,0,1,2,0,6331.0,6331.0,1,0.0,0.0,1
MRC000794,2026-05-31,0,1,1,1,1904,3,2,4,4,2471.35,3611.09,902.77,4,1.9998,2.7375,0
MRC000795,2026-05-31,5,0,1,1,1249,3,1,8,22,377.25,5874.97,734.37,8,0.5,0.2569,0
MRC000796,2026-05-31,0,0,1,0,1933,5,1,2,2,644.08,7620.61,3810.3,2,1.9996,0.3381,1
MRC000797,2026-05-31,0,1,1,1,288,35,0,0,2,0,0,0.0,0,0.0,0.0,0
MRC000798,2026-05-31,5,0,1,1,1437,0,2,11,18,9934.92,21127.15,1920.65,11,0.7272,1.881,0
MRC000799,2026-05-31,3,1,0,1,1814,5,1,1,2,332.48,332.48,332.48,1,3.9984,4.0,1
MRC000800,2026-05-31,5,2,0,1,2335,1,1,2,3,426.17,1252.45,626.23,2,1.9996,1.3611,1
MRC000801,2026-05-31,5,2,1,1,949,1,6,13,33,4504.42,17287.55,1329.81,8,1.8461,1.0422,0
MRC000802,2026-05-31,4,0,1,1,556,3,1,2,3,536.77,2359.24,1179.62,2,1.9996,0.9101,0
MRC000803,2026-05-31,5,1,0,1,1738,0,2,5,9,1175.86,2269.55,453.91,4,1.5999,2.0724,0
MRC000804,2026-05-31,3,2,0,1,323,4,3,17,32,2146.02,17517.08,1030.42,12,0.7059,0.49,0
MRC000805,2026-05-31,4,0,0,1,1861,9,0,3,3,0,4412.05,1470.68,3,0.0,0.0,1
MRC000806,2026-05-31,5,1,0,1,1703,77,0,0,0,0,0,0.0,0,0.0,0.0,1
MRC000807,2026-05-31,0,1,1,1,1674,0,3,18,34,3061.03,23556.49,1308.69,14,0.6667,0.5198,0
MRC000808,2026-05-31,3,0,1,1,807,13,0,2,5,0,9957.65,4978.82,2,0.0,0.0,0
MRC000809,2026-05-31,5,0,1,1,427,0,2,7,14,8921.91,19174.29,2739.18,6,1.1428,1.8612,0
MRC000810,2026-05-31,4,1,1,1,1493,20,0,3,8,0,4639.36,1546.45,2,0.0,0.0,0
MRC000811,2026-05-31,5,0,0,1,957,1,2,3,4,1998.3,2893.04,964.35,3,2.6663,2.7629,0
MRC000812,2026-05-31,4,2,1,1,1020,10,0,3,5,0,4970.04,1656.68,3,0.0,0.0,0
MRC000813,2026-05-31,5,1,1,1,575,3,2,7,12,2655.56,10291.84,1470.26,6,1.1428,1.0321,0
MRC000814,2026-05-31,0,0,0,1,893,1,2,10,14,1329.81,9145.95,914.6,10,0.8,0.5816,0
MRC000815,2026-05-31,0,1,0,1,1982,0,2,4,10,1903.73,7560.31,1890.08,4,1.9998,1.0072,0
MRC000816,2026-05-31,2,1,1,1,2116,0,4,8,18,4640.32,7515.15,939.39,7,1.9999,2.4698,0
MRC000817,2026-05-31,5,0,0,1,927,7,0,3,6,0,4686.23,1562.08,3,0.0,0.0,0
MRC000818,2026-05-31,0,3,0,1,475,84,0,0,0,0,0,0.0,0,0.0,0.0,1
MRC000819,2026-05-31,5,1,1,1,239,9,0,4,5,0,2705.81,676.45,4,0.0,0.0,0
MRC000820,2026-05-31,4,1,1,1,577,11,0,2,4,0,2484.51,1242.26,2,0.0,0.0,0
MRC000821,2026-05-31,5,2,0,1,186,3,3,10,16,3434.59,13113.84,1311.38,9,1.2,1.0476,0
MRC000822,2026-05-31,2,1,1,1,1624,6,1,4,10,3371.01,5358.59,1339.65,4,0.9999,2.5163,1
MRC000823,2026-05-31,0,1,0,1,1569,0,2,3,3,5696.93,7006.68,2335.56,3,2.6663,3.2523,0
MRC000824,2026-05-31,5,0,1,1,1874,3,2,16,24,574.39,37671.49,2354.47,10,0.5,0.061,0
MRC000825,2026-05-31,5,0,1,1,891,26,0,1,3,0,1100.02,1100.02,1,0.0,0.0,1
MRC000826,2026-05-31,5,1,1,1,1983,18,0,1,4,0,112.16,112.16,1,0.0,0.0,0
MRC000827,2026-05-31,5,1,1,0,535,7,0,2,4,0,642.32,321.16,2,0.0,0.0,0
MRC000828,2026-05-31,3,1,1,1,670,1,1,4,8,3334.24,5065.95,1266.49,4,0.9999,2.6327,1
MRC000829,2026-05-31,5,1,1,1,2166,5,1,6,11,831.91,4141.48,690.25,6,0.6666,0.8035,0
MRC000830,2026-05-31,5,1,1,1,2092,4,1,3,7,1838.55,4889.42,1629.81,3,1.3332,1.5041,0
MRC000831,2026-05-31,5,2,1,1,1473,30,0,0,1,0,0,0.0,0,0.0,0.0,1
MRC000832,2026-05-31,3,3,1,1,1496,2,2,6,10,2421.39,11522.0,1920.33,6,1.3332,0.8406,0
MRC000833,2026-05-31,5,0,1,0,1695,0,2,3,10,4339.14,4918.38,1639.46,3,2.6663,3.5289,0
MRC000834,2026-05-31,5,2,1,1,1963,0,1,1,1,19.88,19.88,19.88,1,3.9984,3.9999,1
MRC000835,2026-05-31,5,2,1,1,670,2,1,2,5,137.84,959.74,479.87,2,1.9996,0.5745,1
MRC000836,2026-05-31,5,0,1,1,314,17,0,1,6,0,738.48,738.48,1,0.0,0.0,0
MRC000837,2026-05-31,5,0,1,1,569,1,4,21,37,4120.37,21020.74,1000.99,14,0.7619,0.7841,0
MRC000838,2026-05-31,5,0,1,1,944,180,0,0,0,0,0,0.0,0,0.0,0.0,0
MRC000839,2026-05-31,5,1,1,1,679,4,1,7,18,64.16,5450.46,778.64,6,0.5714,0.0471,0
MRC000840,2026-05-31,5,1,0,1,1311,15,0,1,1,0,8958.87,8958.87,1,0.0,0.0,0
MRC000841,2026-05-31,5,1,1,1,466,7,0,2,3,0,1466.35,733.18,1,0.0,0.0,0
MRC000842,2026-05-31,5,1,1,1,1425,13,0,1,3,0,1386.38,1386.38,1,0.0,0.0,0
MRC000843,2026-05-31,5,0,1,0,1717,3,1,7,13,792.24,11586.27,1655.18,6,0.5714,0.2735,0
MRC000844,2026-05-31,0,1,1,0,381,6,1,5,13,391.13,4296.06,859.21,4,0.7999,0.3642,0
MRC000845,2026-05-31,5,2,0,1,792,29,0,1,6,0,547.43,547.43,1,0.0,0.0,0
MRC000846,2026-05-31,4,3,1,1,1341,1,2,6,10,1510.65,5921.81,986.97,5,1.3332,1.0204,0
MRC000847,2026-05-31,0,1,1,1,309,8,0,4,8,0,1528.97,382.24,4,0.0,0.0,0
MRC000848,2026-05-31,5,0,0,0,1619,7,0,5,10,0,7004.66,1400.93,5,0.0,0.0,0
MRC000849,2026-05-31,5,0,1,0,1811,13,0,4,5,0,6960.92,1740.23,3,0.0,0.0,0
MRC000850,2026-05-31,3,0,1,1,955,12,0,2,3,0,930.8,465.4,2,0.0,0.0,0
MRC000851,2026-05-31,4,1,1,1,184,0,7,19,43,5373.72,48436.63,2549.3,16,1.4737,0.4438,0
MRC000852,2026-05-31,5,0,1,1,1259,0,3,7,27,2223.73,5499.19,785.6,6,1.7142,1.6175,0
MRC000853,2026-05-31,5,2,0,1,2063,0,1,17,34,352.73,16400.04,964.71,13,0.2353,0.086,0
MRC000854,2026-05-31,5,1,1,1,804,7,0,3,5,0,2505.44,835.15,3,0.0,0.0,0
MRC000855,2026-05-31,5,1,1,1,2020,1,1,1,5,477.48,477.48,477.48,1,3.9984,4.0,0
MRC000856,2026-05-31,2,0,1,1,2067,41,0,0,1,0,0,0.0,0,0.0,0.0,0
MRC000857,2026-05-31,4,1,1,1,778,5,2,4,15,3548.45,4472.63,1118.16,4,1.9998,3.1735,0
MRC000858,2026-05-31,4,1,1,1,1474,44,0,0,4,0,0,0.0,0,0.0,0.0,0
MRC000859,2026-05-31,0,1,1,1,257,0,2,4,6,3780.35,6442.73,1610.68,4,1.9998,2.347,1
MRC000860,2026-05-31,2,0,1,1,1369,3,2,3,5,3305.76,10073.87,3357.96,3,2.6663,1.3126,0
MRC000861,2026-05-31,0,2,1,1,2086,2,1,2,4,597.04,1834.96,917.48,2,1.9996,1.3015,0
MRC000862,2026-05-31,0,0,1,1,2228,54,0,0,1,0,0,0.0,0,0.0,0.0,1
MRC000863,2026-05-31,4,0,1,1,601,18,0,2,5,0,2122.91,1061.45,2,0.0,0.0,0
MRC000864,2026-05-31,0,3,1,0,1617,17,0,1,3,0,1783.55,1783.55,1,0.0,0.0,0
MRC000865,2026-05-31,5,0,1,0,309,10,0,3,7,0,1682.68,560.89,3,0.0,0.0,0
MRC000866,2026-05-31,0,0,1,1,776,70,0,0,0,0,0,0.0,0,0.0,0.0,1
MRC000867,2026-05-31,5,1,1,1,1990,18,0,2,3,0,1479.32,739.66,2,0.0,0.0,0
MRC000868,2026-05-31,4,1,1,1,1567,0,1,4,5,3077.95,14407.27,3601.82,4,0.9999,0.8546,0
MRC000869,2026-05-31,0,0,1,1,1021,65,0,0,0,0,0,0.0,0,0.0,0.0,0
MRC000870,2026-05-31,0,0,1,1,2266,5,1,3,3,286.61,2567.42,855.81,3,1.3332,0.4465,0
MRC000871,2026-05-31,5,0,0,1,1822,3,3,4,9,1352.13,1486.14,371.53,4,2.9997,3.6393,0
MRC000872,2026-05-31,4,1,0,1,216,4,3,8,16,6468.34,12933.39,1616.67,7,1.4999,2.0005,0
MRC000873,2026-05-31,3,0,1,1,339,8,0,1,2,0,43.91,43.91,1,0.0,0.0,0
MRC000874,2026-05-31,0,1,0,1,1534,0,1,6,8,806.23,4228.29,704.72,5,0.6666,0.7627,0
MRC000875,2026-05-31,5,2,1,1,2080,3,2,5,8,914.51,4015.19,803.04,5,1.5999,0.9111,0
MRC000876,2026-05-31,0,0,1,0,507,19,0,1,3,0,1470.14,1470.14,1,0.0,0.0,0
MRC000877,2026-05-31,2,0,0,1,1341,0,3,16,24,2534.3,13356.89,834.81,13,0.75,0.7589,0
MRC000878,2026-05-31,5,0,1,1,1948,3,3,4,7,748.09,12499.69,3124.92,3,2.9997,0.2394,0
MRC000879,2026-05-31,4,0,1,1,2049,0,1,1,3,763.99,763.99,763.99,1,3.9984,4.0,0
MRC000880,2026-05-31,4,0,1,1,1564,1,2,6,9,9909.43,12986.02,2164.34,6,1.3332,3.0523,0
MRC000881,2026-05-31,5,1,1,1,2349,34,0,0,2,0,0,0.0,0,0.0,0.0,1
MRC000882,2026-05-31,4,0,0,1,2212,3,3,7,15,2380.66,5144.8,734.97,6,1.7142,1.8509,0
MRC000883,2026-05-31,0,1,0,1,1987,1,3,10,23,2543.61,11864.82,1186.48,10,1.2,0.8575,0
MRC000884,2026-05-31,5,1,1,1,1628,0,2,5,7,1254.09,6467.9,1293.58,4,1.5999,0.7756,0
MRC000885,2026-05-31,0,2,1,1,2318,0,3,6,12,5508.31,9202.87,1533.81,5,1.9999,2.3942,0
MRC000886,2026-05-31,5,0,1,0,202,6,1,1,3,773.45,773.45,773.45,1,3.9984,4.0,1
MRC000887,2026-05-31,5,0,1,1,360,4,1,6,18,276.27,9344.98,1557.5,5,0.6666,0.1183,0
MRC000888,2026-05-31,5,3,1,1,1280,41,0,0,2,0,0,0.0,0,0.0,0.0,1
MRC000889,2026-05-31,4,0,1,0,1631,2,2,7,9,13657.59,20585.89,2940.84,6,1.1428,2.6538,0
MRC000890,2026-05-31,5,1,0,1,2139,1,2,3,8,1872.23,2422.44,807.48,3,2.6663,3.0915,0
MRC000891,2026-05-31,5,1,0,1,1647,10,0,2,5,0,3568.66,1784.33,2,0.0,0.0,1
MRC000892,2026-05-31,0,1,0,1,672,3,4,12,22,29548.07,36391.26,3032.61,11,1.3333,3.2478,0
MRC000893,2026-05-31,5,0,1,1,2150,0,5,26,62,10404.4,38940.95,1497.73,16,0.7692,1.0687,0
MRC000894,2026-05-31,5,0,1,1,346,18,0,1,2,0,686.23,686.23,1,0.0,0.0,0
MRC000895,2026-05-31,5,1,1,1,372,5,1,2,7,278.53,1108.23,554.12,2,1.9996,1.0053,0
MRC000896,2026-05-31,4,1,0,1,1737,33,0,0,2,0,0,0.0,0,0.0,0.0,0
MRC000897,2026-05-31,0,1,0,1,2269,7,0,2,12,0,540.59,270.29,2,0.0,0.0,0
MRC000898,2026-05-31,5,1,1,1,1262,0,1,1,3,253.56,253.56,253.56,1,3.9984,4.0,0
MRC000899,2026-05-31,5,2,1,1,459,0,22,93,182,33440.88,162484.49,1747.15,28,0.9462,0.8232,0
MRC000900,2026-05-31,2,3,1,1,268,67,0,0,0,0,0,0.0,0,0.0,0.0,0
MRC000901,2026-05-31,0,1,1,1,2305,0,6,32,64,3963.37,43696.65,1365.52,21,0.75,0.3628,0
MRC000902,2026-05-31,5,0,1,1,776,1,5,8,23,9792.05,11791.1,1473.89,8,2.4999,3.3218,0
MRC000903,2026-05-31,4,1,1,0,1561,29,0,1,2,0,198.28,198.28,1,0.0,0.0,1
MRC000904,2026-05-31,2,1,1,1,878,1,7,25,55,8221.15,27267.07,1090.68,18,1.12,1.206,0
MRC000905,2026-05-31,5,1,0,1,633,58,0,0,1,0,0,0.0,0,0.0,0.0,0
MRC000906,2026-05-31,0,0,1,1,1624,1,1,3,3,1094.18,7626.97,2542.32,3,1.3332,0.5738,0
MRC000907,2026-05-31,0,1,1,1,1779,3,1,2,2,2457.01,8974.64,4487.32,2,1.9996,1.0951,1
MRC000908,2026-05-31,0,0,0,1,1195,1,1,2,3,24.47,4032.3,2016.15,2,1.9996,0.0243,0
MRC000909,2026-05-31,5,0,1,1,1273,12,0,2,6,0,816.16,408.08,2,0.0,0.0,0
MRC000910,2026-05-31,2,2,1,1,1229,7,0,7,9,0,6905.4,986.49,7,0.0,0.0,0
MRC000911,2026-05-31,5,1,1,1,1457,0,9,34,74,13040.55,50449.56,1483.81,23,1.0588,1.0339,0
MRC000912,2026-05-31,5,1,1,1,1927,38,0,0,2,0,0,0.0,0,0.0,0.0,0
MRC000913,2026-05-31,5,1,0,1,1718,180,0,0,0,0,0,0.0,0,0.0,0.0,1
MRC000914,2026-05-31,3,1,1,1,773,2,1,5,13,535.89,8683.49,1736.7,4,0.7999,0.2469,0
MRC000915,2026-05-31,3,0,0,1,704,4,1,2,6,7106.57,7838.59,3919.3,2,1.9996,3.6265,1
MRC000916,2026-05-31,2,1,1,1,1634,3,4,21,36,4830.07,28152.99,1340.62,14,0.7619,0.6863,0
MRC000917,2026-05-31,5,0,0,1,1574,5,1,5,5,632.61,3654.19,730.84,5,0.7999,0.6925,0
MRC000918,2026-05-31,5,1,1,1,968,21,0,1,2,0,544.72,544.72,1,0.0,0.0,0
MRC000919,2026-05-31,5,0,1,1,1997,4,1,2,2,253.74,926.42,463.21,2,1.9996,1.0956,0
MRC000920,2026-05-31,5,3,1,1,1079,13,0,8,15,0,7297.37,912.17,8,0.0,0.0,0
MRC000921,2026-05-31,2,1,1,1,898,1,1,2,2,1878.57,6974.97,3487.48,2,1.9996,1.0773,1
MRC000922,2026-05-31,5,1,1,1,1379,4,3,12,24,15531.81,27813.05,2317.75,11,1.0,2.2337,0
MRC000923,2026-05-31,0,0,1,1,586,11,0,3,6,0,2564.45,854.82,2,0.0,0.0,0
MRC000924,2026-05-31,5,1,1,1,1684,4,2,11,29,1742.16,8243.22,749.38,11,0.7272,0.8454,0
MRC000925,2026-05-31,4,1,0,1,2124,25,0,1,2,0,662.4,662.4,1,0.0,0.0,1
MRC000926,2026-05-31,5,1,0,1,2230,69,0,0,0,0,0,0.0,0,0.0,0.0,1
MRC000927,2026-05-31,5,1,1,0,1141,0,3,10,14,2057.47,17170.27,1717.03,7,1.2,0.4793,0
MRC000928,2026-05-31,5,2,1,1,752,24,0,1,4,0,373.31,373.31,1,0.0,0.0,1
MRC000929,2026-05-31,0,1,0,0,1211,4,1,2,5,546.5,1499.68,749.84,2,1.9996,1.4576,0
MRC000930,2026-05-31,5,1,1,1,391,33,0,0,1,0,0,0.0,0,0.0,0.0,0
MRC000931,2026-05-31,2,1,1,1,1624,71,0,0,0,0,0,0.0,0,0.0,0.0,1
MRC000932,2026-05-31,2,1,1,1,1101,0,2,6,10,3856.07,6028.83,1004.8,5,1.3332,2.5584,0
MRC000933,2026-05-31,3,1,1,1,431,18,0,2,12,0,1357.48,678.74,2,0.0,0.0,0
MRC000934,2026-05-31,5,1,0,1,1359,8,0,1,1,0,3336.78,3336.78,1,0.0,0.0,0
MRC000935,2026-05-31,5,0,1,1,1735,4,1,7,11,368.82,15892.65,2270.38,7,0.5714,0.0928,0
MRC000936,2026-05-31,0,0,1,1,663,0,2,11,22,788.02,8004.1,727.65,10,0.7272,0.3938,0
MRC000937,2026-05-31,5,0,1,0,1049,1,1,3,10,4492.69,7055.96,2351.99,3,1.3332,2.5469,0
MRC000938,2026-05-31,5,2,0,1,2110,2,3,13,17,3106.53,21816.09,1678.16,9,0.923,0.5696,0
MRC000939,2026-05-31,0,1,0,1,1716,18,0,1,3,0,713.49,713.49,1,0.0,0.0,0
MRC000940,2026-05-31,5,0,1,1,1910,0,1,7,20,1508.25,11714.58,1673.51,6,0.5714,0.515,0
MRC000941,2026-05-31,5,1,1,1,1147,29,0,1,4,0,275.21,275.21,1,0.0,0.0,0
MRC000942,2026-05-31,5,1,1,1,1243,4,1,1,3,1519.02,1519.02,1519.02,1,3.9984,4.0,0
MRC000943,2026-05-31,5,2,1,1,1250,2,6,30,59,8866.84,32231.68,1074.39,18,0.8,1.1004,0
MRC000944,2026-05-31,5,3,1,1,1148,0,1,3,10,3938.26,5530.46,1843.49,3,1.3332,2.8484,0
MRC000945,2026-05-31,4,2,0,1,480,13,0,1,2,0,2223.89,2223.89,1,0.0,0.0,0
MRC000946,2026-05-31,2,2,1,1,254,10,0,4,5,0,9936.22,2484.05,4,0.0,0.0,0
MRC000947,2026-05-31,5,0,1,1,1983,57,0,0,1,0,0,0.0,0,0.0,0.0,0
MRC000948,2026-05-31,5,0,1,1,1338,0,1,1,4,761.26,761.26,761.26,1,3.9984,4.0,1
MRC000949,2026-05-31,3,1,1,1,1328,43,0,0,3,0,0,0.0,0,0.0,0.0,0
MRC000950,2026-05-31,5,1,1,1,1466,0,1,1,7,141.6,141.6,141.6,1,3.9984,4.0,0
MRC000951,2026-05-31,5,0,0,1,1066,14,0,1,5,0,124.71,124.71,1,0.0,0.0,1
MRC000952,2026-05-31,0,1,1,1,2113,0,5,8,17,5265.78,6615.05,826.88,7,2.4999,3.1841,0
MRC000953,2026-05-31,5,0,1,1,1191,32,0,0,2,0,0,0.0,0,0.0,0.0,1
MRC000954,2026-05-31,5,0,1,1,1259,66,0,0,0,0,0,0.0,0,0.0,0.0,0
MRC000955,2026-05-31,5,0,1,1,1325,40,0,0,2,0,0,0.0,0,0.0,0.0,0
MRC000956,2026-05-31,4,2,1,1,508,1,2,2,2,1739.27,1739.27,869.63,2,3.9992,4.0,0
MRC000957,2026-05-31,2,1,1,0,543,4,1,10,19,4083.51,12623.64,1262.36,10,0.4,1.2939,0
MRC000958,2026-05-31,0,1,1,1,558,5,1,3,8,3235.02,4028.19,1342.73,3,1.3332,3.2124,0
MRC000959,2026-05-31,5,2,1,1,720,3,1,4,10,6290.21,8347.49,2086.87,4,0.9999,3.0142,0
MRC000960,2026-05-31,3,2,1,1,514,1,1,8,21,232.36,25725.25,3215.66,5,0.5,0.0361,0
MRC000961,2026-05-31,4,1,0,0,654,40,0,0,1,0,0,0.0,0,0.0,0.0,1
MRC000962,2026-05-31,5,1,1,1,2215,2,5,13,33,7700.32,14002.08,1077.08,10,1.5384,2.1998,0
MRC000963,2026-05-31,5,0,1,1,953,24,0,2,6,0,11127.07,5563.53,2,0.0,0.0,0
MRC000964,2026-05-31,0,1,1,1,1898,16,0,1,1,0,1510.89,1510.89,1,0.0,0.0,0
MRC000965,2026-05-31,5,0,0,1,1024,2,1,3,7,195.82,4462.0,1487.33,3,1.3332,0.1755,0
MRC000966,2026-05-31,5,1,1,1,1967,11,0,6,11,0,6511.8,1085.3,5,0.0,0.0,0
MRC000967,2026-05-31,0,1,1,1,1810,4,2,2,3,1547.68,1547.68,773.84,2,3.9992,4.0,0
MRC000968,2026-05-31,3,0,1,1,2001,2,1,10,15,2194.74,13312.28,1331.23,10,0.4,0.6595,0
MRC000969,2026-05-31,5,1,0,1,795,12,0,1,7,0,366.17,366.17,1,0.0,0.0,0
MRC000970,2026-05-31,0,1,1,1,373,0,1,4,6,10223.82,12555.25,3138.81,4,0.9999,3.2572,0
MRC000971,2026-05-31,0,1,1,1,838,6,1,15,32,152.61,17483.27,1165.55,12,0.2667,0.0349,0
MRC000972,2026-05-31,5,0,1,1,1699,2,2,8,13,16443.96,22142.08,2767.76,8,1.0,2.9706,0
MRC000973,2026-05-31,2,0,1,1,1594,2,1,2,10,1341.47,11960.43,5980.21,2,1.9996,0.4486,0
MRC000974,2026-05-31,5,0,1,1,1703,97,0,0,0,0,0,0.0,0,0.0,0.0,1
MRC000975,2026-05-31,5,2,1,1,2335,0,44,172,322,56342.64,236504.64,1375.03,30,1.0233,0.9529,0
MRC000976,2026-05-31,5,2,1,1,656,4,1,1,1,698.89,698.89,698.89,1,3.9984,4.0,0
MRC000977,2026-05-31,5,0,1,1,1135,0,1,3,6,1712.06,5151.92,1717.31,3,1.3332,1.3293,0
MRC000978,2026-05-31,5,1,1,0,1237,5,1,4,5,443.07,3386.56,846.64,4,0.9999,0.5233,0
MRC000979,2026-05-31,5,1,1,1,491,0,7,20,45,8472.87,35716.27,1785.81,16,1.4,0.9489,0
MRC000980,2026-05-31,5,3,1,1,1612,6,1,5,9,942.39,5630.52,1126.1,4,0.7999,0.6695,1
MRC000981,2026-05-31,2,0,1,1,271,1,2,6,17,12446.0,18343.79,3057.3,6,1.3332,2.7139,0
MRC000982,2026-05-31,2,1,1,0,2125,0,1,1,1,468.88,468.88,468.88,1,3.9984,4.0,0
MRC000983,2026-05-31,2,1,1,1,358,5,1,1,2,3193.38,3193.38,3193.38,1,3.9984,4.0,1
MRC000984,2026-05-31,0,0,1,1,406,4,2,8,13,2233.22,15047.95,1880.99,8,1.0,0.5936,0
MRC000985,2026-05-31,5,0,1,1,544,19,0,2,3,0,2182.98,1091.49,2,0.0,0.0,0
MRC000986,2026-05-31,2,0,0,1,2114,10,0,3,8,0,3990.2,1330.07,3,0.0,0.0,0
MRC000987,2026-05-31,0,1,1,1,2047,17,0,3,5,0,2056.2,685.4,3,0.0,0.0,0
MRC000988,2026-05-31,4,1,1,1,2180,5,2,18,43,631.36,37116.55,2062.03,15,0.4444,0.068,0
MRC000989,2026-05-31,5,1,1,1,1985,62,0,0,0,0,0,0.0,0,0.0,0.0,0
MRC000990,2026-05-31,5,0,1,1,2183,8,0,2,6,0,5539.32,2769.66,2,0.0,0.0,0
MRC000991,2026-05-31,5,2,1,1,1195,7,0,3,3,0,4189.89,1396.63,3,0.0,0.0,0
MRC000992,2026-05-31,3,0,1,1,175,0,1,3,8,480.27,6896.73,2298.91,3,1.3332,0.2785,0
MRC000993,2026-05-31,5,3,1,1,1122,1,8,51,118,13140.63,87929.07,1724.1,24,0.6274,0.5978,0
MRC000994,2026-05-31,5,0,0,1,647,6,1,6,10,1755.12,8702.45,1450.41,6,0.6666,0.8067,0
MRC000995,2026-05-31,0,2,1,1,699,34,0,0,1,0,0,0.0,0,0.0,0.0,1
MRC000996,2026-05-31,5,2,1,1,1675,5,1,4,6,5947.02,10952.81,2738.2,4,0.9999,2.1719,1
MRC000997,2026-05-31,0,2,0,1,529,2,1,3,9,372.94,6037.2,2012.4,2,1.3332,0.2471,0
MRC000998,2026-05-31,5,2,0,1,868,2,1,2,4,269.86,1248.78,624.39,2,1.9996,0.8644,1
MRC000999,2026-05-31,5,0,0,1,1022,3,2,2,7,1904.44,1904.44,952.22,2,3.9992,4.0,1
MRC001000,2026-05-31,2,1,1,0,298,12,0,1,5,0,686.11,686.11,1,0.0,0.0,0
MRC001001,2026-05-31,5,1,1,1,1697,0,5,34,64,3369.01,32713.62,962.17,18,0.5882,0.4119,0
MRC001002,2026-05-31,2,1,1,1,1832,3,3,7,14,1341.97,4716.5,673.79,7,1.7142,1.1381,0
MRC001003,2026-05-31,0,3,0,0,1385,7,0,2,5,0,1383.88,691.94,2,0.0,0.0,0
MRC001004,2026-05-31,0,0,1,1,227,0,10,28,66,14307.32,32765.43,1170.19,17,1.4286,1.7466,0
MRC001005,2026-05-31,0,1,1,1,1884,21,0,1,3,0,238.63,238.63,1,0.0,0.0,0
MRC001006,2026-05-31,0,2,1,1,1139,5,2,9,9,11049.18,28936.53,3215.17,8,0.8888,1.5274,0
MRC001007,2026-05-31,5,0,1,1,746,6,1,2,4,1884.87,2378.85,1189.42,2,1.9996,3.1694,1
MRC001008,2026-05-31,3,0,1,1,2235,1,6,8,16,8970.1,14375.87,1796.98,6,2.9999,2.4959,0
MRC001009,2026-05-31,5,0,1,0,2042,3,1,1,2,527.46,527.46,527.46,1,3.9984,4.0,0
MRC001010,2026-05-31,5,1,1,0,1126,3,2,4,9,638.54,3033.54,758.38,4,1.9998,0.842,0
MRC001011,2026-05-31,0,2,1,1,1133,0,5,21,52,15376.98,47728.57,2272.79,13,0.9524,1.2887,0
MRC001012,2026-05-31,4,0,1,1,2157,36,0,0,2,0,0,0.0,0,0.0,0.0,0
MRC001013,2026-05-31,5,1,1,1,582,180,0,0,0,0,0,0.0,0,0.0,0.0,1
MRC001014,2026-05-31,5,1,0,1,1058,8,0,4,11,0,5201.31,1300.33,4,0.0,0.0,0
MRC001015,2026-05-31,5,1,1,0,1411,5,1,6,10,2900.43,9227.04,1537.84,6,0.6666,1.2574,0
MRC001016,2026-05-31,0,1,1,1,922,0,1,4,8,1091.13,11629.22,2907.31,4,0.9999,0.3753,0
MRC001017,2026-05-31,5,2,1,1,854,6,1,12,23,1338.08,9077.37,756.45,10,0.3333,0.5896,0
MRC001018,2026-05-31,5,0,1,1,399,0,4,17,35,5383.48,37750.51,2220.62,15,0.9412,0.5704,0
MRC001019,2026-05-31,2,0,1,1,747,13,0,1,4,0,95.38,95.38,1,0.0,0.0,0
MRC001020,2026-05-31,4,1,1,0,947,2,1,1,2,177.87,177.87,177.87,1,3.9984,4.0,0
MRC001021,2026-05-31,0,1,1,1,1994,18,0,1,1,0,767.37,767.37,1,0.0,0.0,1
MRC001022,2026-05-31,5,1,1,1,901,8,0,6,9,0,13846.3,2307.72,5,0.0,0.0,1
MRC001023,2026-05-31,5,0,1,1,517,0,2,7,15,2545.99,9396.55,1342.36,6,1.1428,1.0838,0
MRC001024,2026-05-31,5,0,0,1,2014,10,0,3,3,0,3313.16,1104.39,3,0.0,0.0,1
MRC001025,2026-05-31,2,2,1,1,933,3,1,3,4,865.58,4050.4,1350.13,3,1.3332,0.8548,0
MRC001026,2026-05-31,5,0,1,1,2175,3,2,7,12,1992.05,5906.65,843.81,7,1.1428,1.349,0
MRC001027,2026-05-31,5,1,1,1,403,5,1,3,4,313.61,667.05,222.35,3,1.3332,1.8806,1
MRC001028,2026-05-31,5,1,1,1,212,7,0,3,5,0,25415.27,8471.76,3,0.0,0.0,0
MRC001029,2026-05-31,5,0,1,1,2178,49,0,0,3,0,0,0.0,0,0.0,0.0,0
MRC001030,2026-05-31,2,0,1,1,379,1,1,3,9,766.16,4730.6,1576.87,3,1.3332,0.6478,0
MRC001031,2026-05-31,2,0,1,1,183,12,0,3,3,0,23230.53,7743.51,3,0.0,0.0,1
MRC001032,2026-05-31,5,1,1,1,1570,33,0,0,1,0,0,0.0,0,0.0,0.0,1
MRC001033,2026-05-31,5,0,1,1,858,4,1,8,16,1221.07,7555.1,944.39,7,0.5,0.6465,0
MRC001034,2026-05-31,5,1,0,1,1224,25,0,1,1,0,518.79,518.79,1,0.0,0.0,0
MRC001035,2026-05-31,3,0,1,1,1057,13,0,3,3,0,4063.11,1354.37,3,0.0,0.0,0
MRC001036,2026-05-31,2,0,0,1,813,15,0,2,3,0,8124.84,4062.42,2,0.0,0.0,0
MRC001037,2026-05-31,2,0,0,1,1216,19,0,4,11,0,4604.38,1151.1,4,0.0,0.0,0
MRC001038,2026-05-31,3,0,1,1,732,21,0,3,11,0,9361.23,3120.41,2,0.0,0.0,0
MRC001039,2026-05-31,2,0,1,1,655,1,1,5,14,844.48,4061.65,812.33,5,0.7999,0.8317,0
MRC001040,2026-05-31,5,2,1,0,655,39,0,0,5,0,0,0.0,0,0.0,0.0,0
MRC001041,2026-05-31,2,0,1,1,423,13,0,3,5,0,6842.63,2280.88,3,0.0,0.0,0
MRC001042,2026-05-31,2,1,1,1,1313,0,3,7,8,1596.6,4611.73,658.82,7,1.7142,1.3848,0
MRC001043,2026-05-31,5,1,1,1,1363,4,3,14,28,3145.21,14599.37,1042.81,13,0.8571,0.8617,0
MRC001044,2026-05-31,0,1,1,1,203,0,1,3,4,345.5,1710.73,570.24,3,1.3332,0.8078,0
MRC001045,2026-05-31,5,1,1,1,1169,5,1,1,2,1271.41,1271.41,1271.41,1,3.9984,4.0,1
MRC001046,2026-05-31,3,0,1,1,1779,6,1,5,9,675.3,7546.42,1509.28,4,0.7999,0.3579,0
MRC001047,2026-05-31,5,1,0,0,167,1,1,5,8,1148.37,5617.87,1123.57,5,0.7999,0.8177,0
MRC001048,2026-05-31,5,0,1,1,821,80,0,0,0,0,0,0.0,0,0.0,0.0,1
MRC001049,2026-05-31,5,1,1,0,2264,30,0,0,1,0,0,0.0,0,0.0,0.0,1
MRC001050,2026-05-31,5,0,1,1,1097,0,1,4,9,4358.24,9257.39,2314.35,4,0.9999,1.8831,0
MRC001051,2026-05-31,2,1,1,1,201,13,0,2,3,0,2288.34,1144.17,2,0.0,0.0,0
MRC001052,2026-05-31,2,1,1,1,1316,31,0,0,5,0,0,0.0,0,0.0,0.0,0
MRC001053,2026-05-31,5,1,1,1,1062,0,2,10,15,755.79,18499.56,1849.96,9,0.8,0.1634,0
MRC001054,2026-05-31,5,0,1,1,626,39,0,0,1,0,0,0.0,0,0.0,0.0,1
MRC001055,2026-05-31,5,1,1,1,325,9,0,3,5,0,3932.59,1310.86,3,0.0,0.0,1
MRC001056,2026-05-31,3,1,0,1,2095,26,0,1,2,0,1238.78,1238.78,1,0.0,0.0,1
MRC001057,2026-05-31,5,1,1,1,1941,41,0,0,1,0,0,0.0,0,0.0,0.0,1
MRC001058,2026-05-31,0,0,1,0,1655,18,0,1,7,0,1401.1,1401.1,1,0.0,0.0,0
MRC001059,2026-05-31,3,0,0,0,203,14,0,1,3,0,320.86,320.86,1,0.0,0.0,1
MRC001060,2026-05-31,0,0,1,1,2066,83,0,0,0,0,0,0.0,0,0.0,0.0,0
MRC001061,2026-05-31,2,1,1,1,1199,143,0,0,0,0,0,0.0,0,0.0,0.0,1
MRC001062,2026-05-31,5,1,1,1,1203,5,1,2,6,95.12,3058.88,1529.44,2,1.9996,0.1244,0
MRC001063,2026-05-31,5,1,1,0,2082,12,0,1,3,0,2448.45,2448.45,1,0.0,0.0,0
MRC001064,2026-05-31,2,1,0,1,1109,31,0,0,1,0,0,0.0,0,0.0,0.0,1
MRC001065,2026-05-31,5,1,0,1,681,12,0,4,11,0,15177.23,3794.31,4,0.0,0.0,0
MRC001066,2026-05-31,5,1,1,0,683,6,1,9,36,938.23,11220.3,1246.7,7,0.4444,0.3345,0
MRC001067,2026-05-31,3,1,0,1,2190,9,0,3,5,0,5416.4,1805.47,3,0.0,0.0,0
MRC001068,2026-05-31,5,1,1,1,1355,3,1,4,10,964.3,2684.28,671.07,4,0.9999,1.437,0
MRC001069,2026-05-31,5,0,1,1,1429,12,0,2,7,0,1326.83,663.41,2,0.0,0.0,0
MRC001070,2026-05-31,5,2,1,1,1461,180,0,0,0,0,0,0.0,0,0.0,0.0,1
MRC001071,2026-05-31,0,3,1,1,646,3,1,7,14,2686.18,19051.37,2721.62,7,0.5714,0.564,0
MRC001072,2026-05-31,4,1,0,1,1082,0,2,14,20,2940.13,18659.68,1332.83,11,0.5714,0.6303,0
MRC001073,2026-05-31,2,2,1,0,2244,0,4,26,53,3068.16,35002.0,1346.23,17,0.6154,0.3506,0
MRC001074,2026-05-31,0,3,1,0,482,6,1,2,3,284.75,562.1,281.05,2,1.9996,2.0263,1
MRC001075,2026-05-31,3,1,1,1,2243,1,1,1,3,332.37,332.37,332.37,1,3.9984,4.0,0
MRC001076,2026-05-31,0,1,1,1,761,0,2,15,30,3408.29,31125.5,2075.03,11,0.5333,0.438,0
MRC001077,2026-05-31,5,1,0,1,811,0,4,6,9,5030.61,8642.1,1440.35,5,2.6665,2.3284,0
MRC001078,2026-05-31,0,0,1,0,196,0,3,8,12,7779.0,11187.11,1398.39,7,1.4999,2.7814,0
MRC001079,2026-05-31,0,0,0,1,1615,9,0,2,2,0,2416.23,1208.12,2,0.0,0.0,0
MRC001080,2026-05-31,5,1,1,1,862,2,1,3,6,366.03,5492.68,1830.89,3,1.3332,0.2666,0
MRC001081,2026-05-31,5,1,0,1,1168,37,0,0,3,0,0,0.0,0,0.0,0.0,0
MRC001082,2026-05-31,5,0,1,1,1433,4,1,6,9,614.74,10252.27,1708.71,5,0.6666,0.2398,0
MRC001083,2026-05-31,5,1,0,1,1550,33,0,0,1,0,0,0.0,0,0.0,0.0,0
MRC001084,2026-05-31,0,1,1,1,2253,0,11,44,89,18515.98,80053.3,1819.39,23,1.0,0.9252,0
MRC001085,2026-05-31,5,1,0,1,1379,0,2,9,13,884.7,11639.92,1293.32,9,0.8888,0.304,0
MRC001086,2026-05-31,3,0,0,1,553,180,0,0,0,0,0,0.0,0,0.0,0.0,1
MRC001087,2026-05-31,0,1,0,1,1702,0,1,6,10,660.13,2744.35,457.39,5,0.6666,0.9622,0
MRC001088,2026-05-31,5,0,0,1,286,4,1,2,4,474.11,526.88,263.44,2,1.9996,3.5994,0
MRC001089,2026-05-31,5,0,1,0,2008,35,0,0,4,0,0,0.0,0,0.0,0.0,0
MRC001090,2026-05-31,5,0,1,1,812,24,0,2,3,0,2761.37,1380.68,2,0.0,0.0,0
MRC001091,2026-05-31,5,0,0,1,1743,3,3,6,17,8990.91,14828.41,2471.4,5,1.9999,2.4253,0
MRC001092,2026-05-31,5,0,1,1,507,6,1,2,2,2667.73,2885.57,1442.79,2,1.9996,3.698,0
MRC001093,2026-05-31,4,1,1,0,1053,6,1,6,10,1801.49,14636.75,2439.46,6,0.6666,0.4923,0
MRC001094,2026-05-31,5,1,1,0,1684,8,0,2,3,0,9996.93,4998.47,2,0.0,0.0,0
MRC001095,2026-05-31,2,0,1,1,1522,6,1,2,6,437.29,1505.94,752.97,2,1.9996,1.1615,0
MRC001096,2026-05-31,0,2,1,0,177,7,0,8,16,0,7656.02,957.0,7,0.0,0.0,0
MRC001097,2026-05-31,0,1,1,1,240,0,1,3,9,827.97,3790.14,1263.38,3,1.3332,0.8738,0
MRC001098,2026-05-31,5,2,1,1,2308,12,0,3,6,0,5693.65,1897.88,2,0.0,0.0,0
MRC001099,2026-05-31,5,1,1,1,1320,12,0,3,6,0,4142.13,1380.71,3,0.0,0.0,0
MRC001100,2026-05-31,5,0,1,1,2034,29,0,1,1,0,353.96,353.96,1,0.0,0.0,0
MRC001101,2026-05-31,5,2,1,1,323,1,1,3,5,5086.7,10823.67,3607.89,3,1.3332,1.8798,1
MRC001102,2026-05-31,5,2,1,1,1237,7,0,2,4,0,6960.36,3480.18,2,0.0,0.0,1
MRC001103,2026-05-31,5,1,1,1,1424,3,1,6,14,1667.51,7244.67,1207.44,5,0.6666,0.9207,0
MRC001104,2026-05-31,2,1,1,1,2177,0,7,20,30,9729.23,34146.14,1707.31,17,1.4,1.1397,0
MRC001105,2026-05-31,5,1,1,1,1717,1,1,5,13,2471.25,8951.45,1790.29,5,0.7999,1.1043,0
MRC001106,2026-05-31,0,1,1,1,1537,17,0,3,8,0,3111.69,1037.23,3,0.0,0.0,0
MRC001107,2026-05-31,4,1,0,1,806,103,0,0,0,0,0,0.0,0,0.0,0.0,1
MRC001108,2026-05-31,2,1,0,1,2336,1,4,7,15,13516.63,21457.76,3065.39,5,2.2856,2.5197,0
MRC001109,2026-05-31,4,0,1,1,880,16,0,2,6,0,793.26,396.63,1,0.0,0.0,0
MRC001110,2026-05-31,5,0,1,1,773,2,2,7,15,605.2,9115.23,1302.18,7,1.1428,0.2656,0
MRC001111,2026-05-31,5,0,1,1,1746,1,3,9,16,3722.31,18520.34,2057.82,9,1.3333,0.8039,0
MRC001112,2026-05-31,2,0,1,0,2343,0,8,20,42,7884.55,22449.18,1122.46,11,1.6,1.4049,0
MRC001113,2026-05-31,5,0,0,1,2037,5,1,1,2,1584.92,1584.92,1584.92,1,3.9984,4.0,0
MRC001114,2026-05-31,2,2,1,1,558,9,0,1,1,0,490.92,490.92,1,0.0,0.0,1
MRC001115,2026-05-31,0,0,1,0,1946,2,2,4,9,919.77,2864.8,716.2,4,1.9998,1.2842,0
MRC001116,2026-05-31,2,0,1,1,937,1,1,2,4,467.45,738.38,369.19,2,1.9996,2.5323,1
MRC001117,2026-05-31,4,0,1,1,650,49,0,0,1,0,0,0.0,0,0.0,0.0,0
MRC001118,2026-05-31,2,1,0,1,2208,2,1,5,18,2430.03,5075.55,1015.11,4,0.7999,1.9151,0
MRC001119,2026-05-31,4,1,1,1,2240,39,0,0,1,0,0,0.0,0,0.0,0.0,1
MRC001120,2026-05-31,0,1,1,1,974,27,0,1,4,0,345.95,345.95,1,0.0,0.0,0
MRC001121,2026-05-31,4,2,1,1,222,95,0,0,0,0,0,0.0,0,0.0,0.0,1
MRC001122,2026-05-31,5,3,1,1,623,6,1,3,7,2959.11,4388.07,1462.69,3,1.3332,2.6974,0
MRC001123,2026-05-31,0,2,1,1,1347,3,3,12,24,2340.08,10728.65,894.05,9,1.0,0.8725,0
MRC001124,2026-05-31,2,2,0,1,294,0,8,21,39,5181.1,21677.65,1032.27,14,1.5238,0.956,0
MRC001125,2026-05-31,3,0,1,1,661,0,5,14,23,3100.31,8055.88,575.42,11,1.4285,1.5394,0
MRC001126,2026-05-31,2,1,0,1,490,7,0,5,10,0,10178.78,2035.76,4,0.0,0.0,0
MRC001127,2026-05-31,3,0,1,1,2245,0,2,12,19,5281.33,15895.61,1324.63,10,0.6666,1.329,0
MRC001128,2026-05-31,0,1,1,1,941,1,1,5,8,476.57,2261.85,452.37,4,0.7999,0.8428,0
MRC001129,2026-05-31,5,0,1,1,995,1,1,2,4,542.31,1202.49,601.24,2,1.9996,1.804,0
MRC001130,2026-05-31,5,0,1,1,1085,33,0,0,6,0,0,0.0,0,0.0,0.0,0
MRC001131,2026-05-31,5,0,1,1,193,3,4,11,18,1202.14,9396.97,854.27,10,1.4545,0.5117,0
MRC001132,2026-05-31,5,1,1,1,1350,57,0,0,1,0,0,0.0,0,0.0,0.0,0
MRC001133,2026-05-31,5,1,1,1,2158,6,1,2,3,2179.32,2954.94,1477.47,2,1.9996,2.9501,1
MRC001134,2026-05-31,2,0,1,1,1942,50,0,0,3,0,0,0.0,0,0.0,0.0,0
MRC001135,2026-05-31,4,1,0,1,712,23,0,1,1,0,820.49,820.49,1,0.0,0.0,0
MRC001136,2026-05-31,3,0,1,1,194,37,0,0,1,0,0,0.0,0,0.0,0.0,0
MRC001137,2026-05-31,0,1,1,1,1854,24,0,1,2,0,706.0,706.0,1,0.0,0.0,0
MRC001138,2026-05-31,2,0,0,1,2002,0,3,16,32,1077.51,31295.46,1955.97,12,0.75,0.1377,0
MRC001139,2026-05-31,5,0,1,1,2179,1,1,5,12,379.31,6109.86,1221.97,5,0.7999,0.2483,0
MRC001140,2026-05-31,0,1,1,0,1426,2,2,6,9,585.87,2892.28,482.05,6,1.3332,0.8103,0
MRC001141,2026-05-31,0,1,1,0,1199,21,0,1,10,0,706.52,706.52,1,0.0,0.0,0
MRC001142,2026-05-31,5,2,1,1,1817,0,6,32,57,8922.18,59455.16,1857.97,19,0.75,0.6003,0
MRC001143,2026-05-31,2,1,1,1,1673,6,1,1,4,757.35,757.35,757.35,1,3.9984,4.0,0
MRC001144,2026-05-31,5,2,1,1,1818,10,0,2,5,0,5284.08,2642.04,2,0.0,0.0,0
MRC001145,2026-05-31,5,0,1,1,786,20,0,1,6,0,389.62,389.62,1,0.0,0.0,1
MRC001146,2026-05-31,5,1,0,1,2138,26,0,1,1,0,344.26,344.26,1,0.0,0.0,0
MRC001147,2026-05-31,5,3,1,1,246,0,2,9,20,584.39,12446.17,1382.91,9,0.8888,0.1878,0
MRC001148,2026-05-31,4,0,1,1,369,20,0,1,5,0,6676.37,6676.37,1,0.0,0.0,0
MRC001149,2026-05-31,5,1,1,1,1595,5,1,10,14,1074.51,9014.0,901.4,9,0.4,0.4768,0
MRC001150,2026-05-31,5,0,1,1,1413,4,1,4,5,2257.44,3955.5,988.88,4,0.9999,2.2828,0
MRC001151,2026-05-31,5,1,0,1,1375,4,2,10,24,1164.75,9401.09,940.11,8,0.8,0.4956,0
MRC001152,2026-05-31,2,0,1,0,2151,27,0,1,4,0,301.23,301.23,1,0.0,0.0,1
MRC001153,2026-05-31,0,1,1,1,2067,0,5,13,29,3435.57,10697.07,822.85,10,1.5384,1.2847,0
MRC001154,2026-05-31,4,1,0,1,1736,2,3,8,14,3798.14,12426.94,1553.37,8,1.4999,1.2226,0
MRC001155,2026-05-31,0,0,1,1,524,21,0,1,2,0,2765.64,2765.64,1,0.0,0.0,0
MRC001156,2026-05-31,0,0,1,1,376,15,0,1,5,0,529.11,529.11,1,0.0,0.0,0
MRC001157,2026-05-31,5,0,0,1,470,9,0,12,19,0,18386.52,1532.21,10,0.0,0.0,0
MRC001158,2026-05-31,0,0,1,0,1506,2,3,17,29,7335.93,25029.52,1472.32,14,0.7059,1.1724,0
MRC001159,2026-05-31,5,1,1,1,1722,3,2,6,18,819.25,5234.11,872.35,5,1.3332,0.6261,0
MRC001160,2026-05-31,5,2,1,1,1912,1,1,4,5,1078.45,2272.84,568.21,4,0.9999,1.898,0
MRC001161,2026-05-31,2,0,0,1,390,16,0,1,2,0,1794.65,1794.65,1,0.0,0.0,1
MRC001162,2026-05-31,3,1,0,1,765,0,2,6,10,430.66,3431.64,571.94,6,1.3332,0.502,0
MRC001163,2026-05-31,5,1,1,0,903,30,0,0,3,0,0,0.0,0,0.0,0.0,0
MRC001164,2026-05-31,2,0,1,1,1546,31,0,0,4,0,0,0.0,0,0.0,0.0,0
MRC001165,2026-05-31,5,0,0,0,266,0,1,4,5,455.46,8080.95,2020.24,4,0.9999,0.2254,0
MRC001166,2026-05-31,5,1,1,1,2001,5,1,5,13,4524.98,11004.2,2200.84,5,0.7999,1.6448,0
MRC001167,2026-05-31,5,1,0,1,341,1,8,16,39,18418.12,35970.38,2248.15,11,2.0,2.0481,0
MRC001168,2026-05-31,5,2,1,0,1309,1,3,14,16,17224.17,43259.26,3089.95,10,0.8571,1.5926,0
MRC001169,2026-05-31,5,1,1,1,2203,19,0,5,8,0,2907.4,581.48,5,0.0,0.0,0
MRC001170,2026-05-31,2,1,0,1,589,5,1,2,2,298.59,1750.06,875.03,2,1.9996,0.6825,0
MRC001171,2026-05-31,5,2,1,1,1666,9,0,7,18,0,9930.04,1418.58,7,0.0,0.0,0
MRC001172,2026-05-31,5,2,1,1,1366,0,3,19,41,11281.54,27526.91,1448.78,15,0.6316,1.6393,0
MRC001173,2026-05-31,5,2,1,1,1956,0,2,6,14,1131.38,19750.39,3291.73,5,1.3332,0.2291,0
MRC001174,2026-05-31,5,0,1,1,1449,10,0,4,5,0,2051.68,512.92,4,0.0,0.0,0
MRC001175,2026-05-31,5,3,0,1,2018,1,2,5,8,9396.51,12620.93,2524.19,4,1.5999,2.9781,0
MRC001176,2026-05-31,5,2,0,1,1045,11,0,4,6,0,5351.52,1337.88,3,0.0,0.0,0
MRC001177,2026-05-31,2,1,1,1,523,0,3,15,31,6297.56,29030.91,1935.39,12,0.8,0.8677,0
MRC001178,2026-05-31,5,1,1,1,1649,3,2,5,11,1197.57,4915.64,983.13,5,1.5999,0.9745,0
MRC001179,2026-05-31,4,3,1,1,2279,2,3,6,10,8712.6,11748.8,1958.13,5,1.9999,2.9663,0
MRC001180,2026-05-31,5,1,1,1,1111,18,0,1,5,0,1196.33,1196.33,1,0.0,0.0,0
MRC001181,2026-05-31,5,1,1,1,1956,0,10,47,97,25894.01,69745.79,1483.95,25,0.8511,1.4851,0
MRC001182,2026-05-31,5,1,1,1,2082,33,0,0,2,0,0,0.0,0,0.0,0.0,0
MRC001183,2026-05-31,5,1,1,1,1575,2,1,1,2,2984.53,2984.53,2984.53,1,3.9984,4.0,0
MRC001184,2026-05-31,3,1,1,1,1894,0,1,3,9,921.58,2607.73,869.24,3,1.3332,1.4136,0
MRC001185,2026-05-31,2,0,1,0,1395,0,3,4,6,4074.45,4669.94,1167.49,4,2.9997,3.4899,0
MRC001186,2026-05-31,0,0,0,1,1923,7,0,5,16,0,3878.34,775.67,4,0.0,0.0,0
MRC001187,2026-05-31,4,1,1,1,899,10,0,8,14,0,9618.95,1202.37,8,0.0,0.0,0
MRC001188,2026-05-31,5,1,1,0,1314,32,0,0,1,0,0,0.0,0,0.0,0.0,0
MRC001189,2026-05-31,2,1,1,1,335,47,0,0,1,0,0,0.0,0,0.0,0.0,0
MRC001190,2026-05-31,5,2,1,1,594,8,0,1,3,0,6883.94,6883.94,1,0.0,0.0,0
MRC001191,2026-05-31,4,1,1,1,1430,1,2,8,11,1878.35,8744.3,1093.04,8,1.0,0.8592,0
MRC001192,2026-05-31,5,1,1,1,1747,0,2,6,11,2021.18,21297.75,3549.62,6,1.3332,0.3796,0
MRC001193,2026-05-31,5,0,1,1,230,2,2,4,6,5262.74,5943.66,1485.91,4,1.9998,3.5418,0
MRC001194,2026-05-31,5,1,1,0,315,6,1,1,5,1114.42,1114.42,1114.42,1,3.9984,4.0,0
MRC001195,2026-05-31,5,2,0,0,178,38,0,0,1,0,0,0.0,0,0.0,0.0,0
MRC001196,2026-05-31,5,1,1,1,1295,36,0,0,4,0,0,0.0,0,0.0,0.0,0
MRC001197,2026-05-31,5,2,0,1,897,15,0,1,1,0,717.56,717.56,1,0.0,0.0,0
MRC001198,2026-05-31,5,3,0,1,280,5,1,4,6,1384.83,5693.82,1423.45,4,0.9999,0.9729,0
MRC001199,2026-05-31,0,0,0,1,1899,2,3,6,10,3403.28,4932.65,822.11,5,1.9999,2.7598,0
MRC001200,2026-05-31,4,1,1,1,1319,44,0,0,2,0,0,0.0,0,0.0,0.0,0
MRC001201,2026-05-31,5,1,1,1,186,12,0,7,15,0,13300.24,1900.03,7,0.0,0.0,0
MRC001202,2026-05-31,5,1,1,1,1663,0,5,7,19,7220.94,9625.58,1375.08,5,2.857,3.0007,0
MRC001203,2026-05-31,3,0,1,1,2156,32,0,0,4,0,0,0.0,0,0.0,0.0,1
MRC001204,2026-05-31,5,0,1,1,1080,1,1,2,3,224.98,3838.17,1919.09,2,1.9996,0.2345,0
MRC001205,2026-05-31,2,0,0,1,2239,11,0,3,4,0,1697.82,565.94,3,0.0,0.0,0
MRC001206,2026-05-31,5,1,1,1,1075,30,0,0,8,0,0,0.0,0,0.0,0.0,0
MRC001207,2026-05-31,5,0,1,1,334,1,2,2,5,5359.71,5359.71,2679.86,2,3.9992,4.0,0
MRC001208,2026-05-31,5,1,1,1,433,16,0,1,1,0,548.71,548.71,1,0.0,0.0,0
MRC001209,2026-05-31,5,1,1,1,311,12,0,1,2,0,365.94,365.94,1,0.0,0.0,0
MRC001210,2026-05-31,5,1,1,1,824,7,0,2,6,0,5812.77,2906.38,2,0.0,0.0,0
MRC001211,2026-05-31,5,2,0,1,1005,41,0,0,4,0,0,0.0,0,0.0,0.0,0
MRC001212,2026-05-31,5,1,1,1,1135,5,3,12,30,7106.92,17234.77,1436.23,10,1.0,1.6494,0
MRC001213,2026-05-31,0,0,1,1,1215,3,1,3,3,698.01,4210.69,1403.56,3,1.3332,0.6631,0
MRC001214,2026-05-31,5,3,0,0,2051,3,1,1,1,2298.81,2298.81,2298.81,1,3.9984,4.0,1
MRC001215,2026-05-31,5,2,0,1,190,8,0,3,4,0,4581.73,1527.24,3,0.0,0.0,0
MRC001216,2026-05-31,5,1,1,1,2127,0,5,24,40,5430.98,34204.59,1425.19,18,0.8333,0.6351,0
MRC001217,2026-05-31,4,1,1,1,687,32,0,0,3,0,0,0.0,0,0.0,0.0,0
MRC001218,2026-05-31,3,0,1,1,2248,47,0,0,1,0,0,0.0,0,0.0,0.0,0
MRC001219,2026-05-31,2,1,0,1,460,45,0,0,1,0,0,0.0,0,0.0,0.0,0
MRC001220,2026-05-31,5,0,1,1,384,3,3,4,10,2245.47,3106.05,776.51,4,2.9997,2.8917,0
MRC001221,2026-05-31,2,1,1,1,430,5,1,3,6,1206.02,4652.83,1550.94,3,1.3332,1.0368,0
MRC001222,2026-05-31,0,0,1,1,812,180,0,0,0,0,0,0.0,0,0.0,0.0,0
MRC001223,2026-05-31,5,1,1,1,2222,38,0,0,2,0,0,0.0,0,0.0,0.0,0
MRC001224,2026-05-31,2,0,0,1,1176,15,0,2,5,0,3480.51,1740.25,2,0.0,0.0,0
MRC001225,2026-05-31,0,0,1,1,526,3,1,6,11,561.16,5126.0,854.33,6,0.6666,0.4379,0
MRC001226,2026-05-31,5,0,0,1,1567,8,0,3,6,0,8488.72,2829.57,3,0.0,0.0,1
MRC001227,2026-05-31,3,1,1,1,1275,8,0,4,6,0,3901.54,975.38,4,0.0,0.0,0
MRC001228,2026-05-31,0,0,1,1,1700,25,0,1,2,0,48.07,48.07,1,0.0,0.0,0
MRC001229,2026-05-31,5,1,1,0,1785,49,0,0,2,0,0,0.0,0,0.0,0.0,0
MRC001230,2026-05-31,5,0,0,1,1882,2,1,2,4,1142.85,1772.72,886.36,2,1.9996,2.5787,0
MRC001231,2026-05-31,5,1,1,1,495,5,2,9,10,1478.53,11320.86,1257.87,7,0.8888,0.5224,0
MRC001232,2026-05-31,2,0,0,1,1248,22,0,1,1,0,375.63,375.63,1,0.0,0.0,0
MRC001233,2026-05-31,4,2,1,1,1542,1,2,5,10,947.2,7251.64,1450.33,5,1.5999,0.5225,0
MRC001234,2026-05-31,5,0,0,1,1381,11,0,2,3,0,3168.06,1584.03,2,0.0,0.0,1
MRC001235,2026-05-31,5,0,1,1,2290,16,0,1,1,0,332.37,332.37,1,0.0,0.0,0
MRC001236,2026-05-31,0,0,1,1,2263,9,0,2,4,0,1545.95,772.97,2,0.0,0.0,0
MRC001237,2026-05-31,5,0,0,1,1938,1,2,15,26,810.93,37087.04,2472.47,12,0.5333,0.0875,0
MRC001238,2026-05-31,0,1,0,1,689,24,0,1,1,0,560.55,560.55,1,0.0,0.0,0
MRC001239,2026-05-31,5,0,0,1,1320,9,0,1,3,0,3611.92,3611.92,1,0.0,0.0,0
MRC001240,2026-05-31,5,2,1,1,1921,0,3,6,10,2514.6,6367.99,1061.33,6,1.9999,1.5795,0
MRC001241,2026-05-31,5,1,1,0,751,0,3,10,19,8330.31,20535.15,2053.52,8,1.2,1.6226,0
MRC001242,2026-05-31,5,0,1,1,1720,1,6,29,59,6102.78,39328.56,1356.16,20,0.8276,0.6207,0
MRC001243,2026-05-31,4,1,1,1,709,13,0,2,6,0,1945.03,972.52,2,0.0,0.0,0
MRC001244,2026-05-31,5,0,1,1,471,3,1,4,8,590.77,11759.86,2939.97,4,0.9999,0.2009,0
MRC001245,2026-05-31,2,0,0,1,689,0,2,3,8,5149.68,5477.55,1825.85,2,2.6663,3.7606,0
MRC001246,2026-05-31,5,0,0,1,2189,27,0,1,1,0,747.0,747.0,1,0.0,0.0,0
MRC001247,2026-05-31,5,0,0,0,2339,3,1,2,6,326.13,757.2,378.6,2,1.9996,1.7228,0
MRC001248,2026-05-31,0,0,0,1,2033,79,0,0,0,0,0,0.0,0,0.0,0.0,0
MRC001249,2026-05-31,0,2,1,1,757,5,1,2,3,386.79,1211.53,605.76,2,1.9996,1.277,0
MRC001250,2026-05-31,0,1,0,1,1868,2,1,7,12,117.07,6835.22,976.46,5,0.5714,0.0685,0
MRC001251,2026-05-31,0,2,0,1,641,9,0,2,3,0,6271.06,3135.53,2,0.0,0.0,0
MRC001252,2026-05-31,4,0,0,1,442,2,1,2,5,1216.44,7977.96,3988.98,2,1.9996,0.6099,0
MRC001253,2026-05-31,5,2,1,1,730,56,0,0,1,0,0,0.0,0,0.0,0.0,0
MRC001254,2026-05-31,3,0,0,1,470,1,2,2,7,840.16,840.16,420.08,2,3.9992,4.0,0
MRC001255,2026-05-31,5,0,1,1,1564,1,3,8,23,1361.4,7534.96,941.87,8,1.4999,0.7227,0
MRC001256,2026-05-31,5,2,1,1,1657,25,0,1,3,0,921.09,921.09,1,0.0,0.0,1
MRC001257,2026-05-31,5,0,1,1,242,19,0,1,2,0,392.86,392.86,1,0.0,0.0,0
MRC001258,2026-05-31,2,1,1,1,399,43,0,0,1,0,0,0.0,0,0.0,0.0,0
MRC001259,2026-05-31,5,2,1,0,1211,5,1,6,12,291.46,8740.47,1456.74,6,0.6666,0.1334,0
MRC001260,2026-05-31,5,1,1,1,412,0,3,12,28,2469.96,14637.79,1219.82,12,1.0,0.675,0
MRC001261,2026-05-31,5,1,1,1,1974,5,1,3,3,594.4,1292.73,430.91,3,1.3332,1.8392,0
MRC001262,2026-05-31,5,0,1,1,1039,4,1,3,3,312.98,2516.96,838.99,3,1.3332,0.4974,0
MRC001263,2026-05-31,5,0,1,1,1067,91,0,0,0,0,0,0.0,0,0.0,0.0,1
MRC001264,2026-05-31,3,3,0,1,176,11,0,3,5,0,6133.72,2044.57,3,0.0,0.0,0
MRC001265,2026-05-31,5,0,1,1,1697,23,0,1,1,0,515.08,515.08,1,0.0,0.0,0
MRC001266,2026-05-31,5,0,1,0,1741,1,1,1,3,2465.41,2465.41,2465.41,1,3.9984,4.0,1
MRC001267,2026-05-31,5,0,1,1,1817,0,3,16,36,14506.19,38909.62,2431.85,12,0.75,1.4913,0
MRC001268,2026-05-31,0,2,1,1,1345,53,0,0,1,0,0,0.0,0,0.0,0.0,1
MRC001269,2026-05-31,0,1,1,1,753,135,0,0,0,0,0,0.0,0,0.0,0.0,1
MRC001270,2026-05-31,3,1,1,1,335,2,2,8,12,3090.55,28519.36,3564.92,6,1.0,0.4335,0
MRC001271,2026-05-31,0,2,1,1,854,8,0,3,6,0,1842.19,614.06,3,0.0,0.0,1
MRC001272,2026-05-31,5,0,1,0,1352,13,0,1,4,0,438.38,438.38,1,0.0,0.0,0
MRC001273,2026-05-31,0,2,1,1,419,8,0,1,2,0,1060.1,1060.1,1,0.0,0.0,0
MRC001274,2026-05-31,5,0,0,1,283,6,1,2,6,517.45,1510.85,755.42,2,1.9996,1.37,0
MRC001275,2026-05-31,4,1,0,1,639,87,0,0,0,0,0,0.0,0,0.0,0.0,0
MRC001276,2026-05-31,5,0,1,1,319,46,0,0,1,0,0,0.0,0,0.0,0.0,0
MRC001277,2026-05-31,2,3,0,1,196,0,1,3,7,3712.28,5363.51,1787.84,3,1.3332,2.7685,0
MRC001278,2026-05-31,0,2,1,1,1225,35,0,0,5,0,0,0.0,0,0.0,0.0,0
MRC001279,2026-05-31,0,1,1,1,1793,3,2,7,9,2072.64,15212.91,2173.27,6,1.1428,0.545,0
MRC001280,2026-05-31,3,0,1,1,1257,1,2,2,2,21018.89,21018.89,10509.44,2,3.9992,4.0,0
MRC001281,2026-05-31,5,0,0,1,364,5,1,2,8,65.45,4013.32,2006.66,2,1.9996,0.0652,0
MRC001282,2026-05-31,5,1,0,1,905,3,1,7,17,410.66,4556.1,650.87,7,0.5714,0.3605,0
MRC001283,2026-05-31,2,0,1,1,242,1,2,6,8,2708.29,10634.3,1772.38,4,1.3332,1.0187,0
MRC001284,2026-05-31,5,0,1,1,1523,15,0,3,6,0,3829.91,1276.64,2,0.0,0.0,0
MRC001285,2026-05-31,0,1,1,1,674,7,0,1,4,0,392.45,392.45,1,0.0,0.0,0
MRC001286,2026-05-31,3,1,0,1,1011,0,1,1,1,10801.97,10801.97,10801.97,1,3.9984,4.0,0
MRC001287,2026-05-31,5,2,1,1,2135,40,0,0,3,0,0,0.0,0,0.0,0.0,1
MRC001288,2026-05-31,4,1,1,1,1447,15,0,1,4,0,544.54,544.54,1,0.0,0.0,0
MRC001289,2026-05-31,5,0,1,1,1836,7,0,5,9,0,5120.56,1024.11,5,0.0,0.0,0
MRC001290,2026-05-31,5,1,1,1,929,47,0,0,2,0,0,0.0,0,0.0,0.0,1
MRC001291,2026-05-31,0,0,1,1,2198,19,0,2,8,0,2016.88,1008.44,2,0.0,0.0,0
MRC001292,2026-05-31,4,1,1,1,1727,3,1,5,9,202.38,7895.8,1579.16,5,0.7999,0.1025,0
MRC001293,2026-05-31,4,1,1,1,1291,2,5,23,38,10402.03,32044.78,1393.25,15,0.8696,1.2984,0
MRC001294,2026-05-31,0,0,1,1,1430,5,1,11,19,734.44,52037.93,4730.72,8,0.3636,0.0565,0
MRC001295,2026-05-31,0,0,1,1,1526,4,1,4,11,739.13,5035.57,1258.89,4,0.9999,0.5871,0
MRC001296,2026-05-31,5,2,1,0,514,6,2,9,14,1604.7,11446.6,1271.84,5,0.8888,0.5608,0
MRC001297,2026-05-31,0,1,1,1,714,1,2,3,4,993.08,1572.39,524.13,3,2.6663,2.5263,1
MRC001298,2026-05-31,5,1,1,1,1664,0,3,14,27,5402.81,30248.29,2160.59,11,0.8571,0.7145,0
MRC001299,2026-05-31,5,1,1,1,1128,2,1,2,5,98.27,747.38,373.69,2,1.9996,0.5259,0
MRC001300,2026-05-31,5,1,1,1,1877,2,1,2,7,1296.18,2316.92,1158.46,2,1.9996,2.2378,0
MRC001301,2026-05-31,5,0,1,1,1313,56,0,0,1,0,0,0.0,0,0.0,0.0,0
MRC001302,2026-05-31,0,2,1,1,308,25,0,1,1,0,108.04,108.04,1,0.0,0.0,1
MRC001303,2026-05-31,0,2,1,1,1617,26,0,1,2,0,726.27,726.27,1,0.0,0.0,0
MRC001304,2026-05-31,4,0,0,1,1497,8,0,3,5,0,8459.52,2819.84,3,0.0,0.0,0
MRC001305,2026-05-31,5,0,1,1,961,6,1,1,1,126.51,126.51,126.51,1,3.9984,4.0,0
MRC001306,2026-05-31,5,1,0,1,1892,14,0,1,4,0,720.13,720.13,1,0.0,0.0,0
MRC001307,2026-05-31,2,1,1,1,931,180,0,0,0,0,0,0.0,0,0.0,0.0,1
MRC001308,2026-05-31,2,1,1,1,415,5,2,8,14,1380.1,12640.9,1580.11,8,1.0,0.4367,0
MRC001309,2026-05-31,3,1,1,1,429,11,0,6,7,0,14164.2,2360.7,5,0.0,0.0,0
MRC001310,2026-05-31,2,1,1,1,2135,0,4,19,37,3537.4,53428.2,2812.01,15,0.8421,0.2648,0
MRC001311,2026-05-31,5,1,1,1,986,1,2,16,33,816.89,28496.21,1781.01,14,0.5,0.1147,0
MRC001312,2026-05-31,4,0,1,1,1071,2,1,4,7,5255.1,9056.92,2264.23,3,0.9999,2.3209,0
MRC001313,2026-05-31,2,0,1,1,832,0,5,9,15,9303.13,11420.46,1268.94,7,2.2221,3.2584,0
MRC001314,2026-05-31,5,1,1,1,1777,15,0,3,6,0,6263.62,2087.87,3,0.0,0.0,0
MRC001315,2026-05-31,0,2,1,1,1488,24,0,1,4,0,7442.81,7442.81,1,0.0,0.0,0
MRC001316,2026-05-31,2,1,0,0,2129,1,1,2,3,1267.17,1358.45,679.23,2,1.9996,3.7312,0
MRC001317,2026-05-31,5,0,1,0,2119,5,1,9,12,247.01,3517.52,390.84,8,0.4444,0.2809,0
MRC001318,2026-05-31,0,2,1,0,2327,0,57,224,459,109639.69,381043.94,1701.09,30,1.0179,1.1509,0
MRC001319,2026-05-31,5,1,1,1,884,0,1,11,16,124.45,11257.92,1023.45,8,0.3636,0.0442,0
MRC001320,2026-05-31,2,1,1,1,1440,11,0,2,5,0,1806.85,903.42,2,0.0,0.0,0
MRC001321,2026-05-31,0,0,1,1,922,4,2,8,13,6024.03,15569.5,1946.19,7,1.0,1.5476,0
MRC001322,2026-05-31,0,1,1,1,1703,1,2,6,15,956.91,10370.99,1728.5,6,1.3332,0.3691,0
MRC001323,2026-05-31,4,1,1,1,1799,24,0,1,4,0,121.4,121.4,1,0.0,0.0,0
MRC001324,2026-05-31,0,1,0,1,714,4,1,6,10,429.55,10706.47,1784.41,5,0.6666,0.1605,0
MRC001325,2026-05-31,2,0,1,1,2043,1,2,6,8,4638.86,8070.53,1345.09,6,1.3332,2.2992,0
MRC001326,2026-05-31,5,1,1,1,798,37,0,0,1,0,0,0.0,0,0.0,0.0,0
MRC001327,2026-05-31,5,0,1,1,2313,0,2,4,8,1674.48,4315.17,1078.79,4,1.9998,1.5522,0
MRC001328,2026-05-31,5,3,1,1,2023,0,2,7,11,754.85,6536.74,933.82,6,1.1428,0.4619,0
MRC001329,2026-05-31,5,0,0,1,204,35,0,0,5,0,0,0.0,0,0.0,0.0,1
MRC001330,2026-05-31,5,1,0,0,1035,23,0,1,5,0,507.08,507.08,1,0.0,0.0,0
MRC001331,2026-05-31,5,1,1,1,1013,8,0,9,16,0,22580.58,2508.95,8,0.0,0.0,0
MRC001332,2026-05-31,4,0,0,1,1962,0,2,2,6,1249.21,1249.21,624.61,2,3.9992,4.0,0
MRC001333,2026-05-31,2,0,1,1,1747,3,1,2,8,329.25,1328.13,664.07,2,1.9996,0.9916,0
MRC001334,2026-05-31,3,0,1,1,275,33,0,0,3,0,0,0.0,0,0.0,0.0,0
MRC001335,2026-05-31,5,1,1,1,2001,1,2,5,8,3195.16,9765.35,1953.07,5,1.5999,1.3088,0
MRC001336,2026-05-31,5,3,1,1,641,0,5,18,38,9424.73,27082.13,1504.56,17,1.1111,1.392,0
MRC001337,2026-05-31,4,1,1,1,972,20,0,3,6,0,2810.06,936.69,3,0.0,0.0,0
MRC001338,2026-05-31,5,3,1,1,536,6,1,5,8,469.32,2934.67,586.93,4,0.7999,0.6397,0
MRC001339,2026-05-31,0,0,1,1,509,3,2,3,5,1913.28,3056.1,1018.7,3,2.6663,2.5042,0
MRC001340,2026-05-31,5,1,1,1,1316,3,1,2,10,1911.38,2075.1,1037.55,2,1.9996,3.6844,0
MRC001341,2026-05-31,5,2,1,1,350,7,0,1,2,0,805.97,805.97,1,0.0,0.0,0
MRC001342,2026-05-31,5,2,0,1,340,1,1,1,3,334.82,334.82,334.82,1,3.9984,4.0,0
MRC001343,2026-05-31,5,0,1,1,1881,25,0,1,3,0,1174.9,1174.9,1,0.0,0.0,0
MRC001344,2026-05-31,4,1,1,0,916,3,1,7,21,1209.74,6247.41,892.49,6,0.5714,0.7746,0
MRC001345,2026-05-31,5,2,1,1,1581,2,2,4,4,6918.33,7157.11,1789.28,4,1.9998,3.8665,0
MRC001346,2026-05-31,5,1,1,1,2319,1,1,2,2,5850.29,6075.32,3037.66,2,1.9996,3.8518,1
MRC001347,2026-05-31,5,1,1,1,276,6,1,5,5,2157.76,16801.72,3360.34,5,0.7999,0.5137,0
MRC001348,2026-05-31,4,0,0,0,1900,1,2,2,7,5233.57,5233.57,2616.78,2,3.9992,4.0,0
MRC001349,2026-05-31,0,0,0,0,404,1,4,16,29,14405.04,29738.66,1858.67,12,1.0,1.9376,0
MRC001350,2026-05-31,2,1,1,1,1826,21,0,1,1,0,656.3,656.3,1,0.0,0.0,0
MRC001351,2026-05-31,5,1,1,1,833,11,0,4,12,0,24901.88,6225.47,4,0.0,0.0,0
MRC001352,2026-05-31,5,0,1,1,460,49,0,0,1,0,0,0.0,0,0.0,0.0,1
MRC001353,2026-05-31,5,0,1,1,664,3,2,10,21,1474.96,12551.3,1255.13,8,0.8,0.4701,0
MRC001354,2026-05-31,5,1,1,1,961,0,2,6,8,441.45,3522.19,587.03,5,1.3332,0.5013,0
MRC001355,2026-05-31,5,1,1,1,1759,45,0,0,1,0,0,0.0,0,0.0,0.0,0
MRC001356,2026-05-31,4,1,1,1,1652,47,0,0,1,0,0,0.0,0,0.0,0.0,0
MRC001357,2026-05-31,5,1,1,1,1757,1,4,9,16,6001.49,9665.79,1073.98,7,1.7777,2.4836,0
MRC001358,2026-05-31,2,0,1,1,212,41,0,0,1,0,0,0.0,0,0.0,0.0,0
MRC001359,2026-05-31,4,2,1,1,2296,16,0,2,8,0,2054.13,1027.07,2,0.0,0.0,0
MRC001360,2026-05-31,0,1,0,1,1113,4,2,3,3,1131.58,2217.9,739.3,3,2.6663,2.0408,0
MRC001361,2026-05-31,2,0,1,1,408,17,0,1,4,0,1996.84,1996.84,1,0.0,0.0,0
MRC001362,2026-05-31,4,1,0,0,2193,4,1,1,3,2230.96,2230.96,2230.96,1,3.9984,4.0,0
MRC001363,2026-05-31,5,1,1,1,1897,56,0,0,1,0,0,0.0,0,0.0,0.0,1
MRC001364,2026-05-31,0,1,1,1,344,11,0,1,1,0,561.56,561.56,1,0.0,0.0,0
MRC001365,2026-05-31,4,1,0,1,1119,4,1,6,12,450.68,2477.69,412.95,6,0.6666,0.7276,0
MRC001366,2026-05-31,0,1,1,1,2145,5,2,2,6,1415.53,1415.53,707.76,1,3.9992,4.0,0
MRC001367,2026-05-31,5,1,1,1,1656,1,2,3,8,4641.3,6704.44,2234.81,3,2.6663,2.7691,0
MRC001368,2026-05-31,5,0,0,0,590,39,0,0,3,0,0,0.0,0,0.0,0.0,0
MRC001369,2026-05-31,2,0,1,1,1695,8,0,5,8,0,16537.93,3307.59,5,0.0,0.0,0
MRC001370,2026-05-31,0,0,1,1,578,1,1,3,7,567.45,2634.04,878.01,3,1.3332,0.8617,0
MRC001371,2026-05-31,5,1,1,1,933,21,0,3,6,0,3562.14,1187.38,3,0.0,0.0,1
MRC001372,2026-05-31,5,1,1,1,592,52,0,0,1,0,0,0.0,0,0.0,0.0,0
MRC001373,2026-05-31,5,1,0,1,1680,3,2,8,13,1947.17,10429.67,1303.71,7,1.0,0.7468,0
MRC001374,2026-05-31,3,0,1,1,2199,3,1,3,4,106.85,34720.86,11573.62,3,1.3332,0.0123,1
MRC001375,2026-05-31,5,1,1,1,262,8,0,3,9,0,14578.94,4859.65,3,0.0,0.0,0
MRC001376,2026-05-31,5,0,1,1,1484,3,2,5,7,2914.13,5501.91,1100.38,5,1.5999,2.1186,0
MRC001377,2026-05-31,2,1,1,1,707,32,0,0,5,0,0,0.0,0,0.0,0.0,0
MRC001378,2026-05-31,5,1,1,1,1805,8,0,4,9,0,10754.06,2688.51,4,0.0,0.0,0
MRC001379,2026-05-31,4,0,1,1,469,1,7,23,38,5046.19,21402.76,930.55,18,1.2174,0.9431,0
MRC001380,2026-05-31,5,0,1,1,965,3,1,4,9,15704.78,43181.13,10795.28,4,0.9999,1.4548,0
MRC001381,2026-05-31,2,1,1,1,614,3,3,5,8,1709.11,4899.86,979.97,5,2.3998,1.3952,0
MRC001382,2026-05-31,0,1,1,1,2073,0,3,22,39,4631.45,29685.59,1349.35,18,0.5454,0.6241,0
MRC001383,2026-05-31,5,0,1,1,345,120,0,0,0,0,0,0.0,0,0.0,0.0,1
MRC001384,2026-05-31,5,2,0,1,1436,72,0,0,0,0,0,0.0,0,0.0,0.0,0
MRC001385,2026-05-31,2,3,1,1,428,4,1,1,4,1274.09,1274.09,1274.09,1,3.9984,4.0,0
MRC001386,2026-05-31,5,2,0,1,1475,6,2,10,20,2091.1,23425.98,2342.6,8,0.8,0.3571,0
MRC001387,2026-05-31,2,0,0,1,1842,3,1,8,14,1421.18,8846.03,1105.75,8,0.5,0.6426,0
MRC001388,2026-05-31,5,1,1,1,1808,111,0,0,0,0,0,0.0,0,0.0,0.0,1
MRC001389,2026-05-31,5,0,1,1,237,36,0,0,4,0,0,0.0,0,0.0,0.0,1
MRC001390,2026-05-31,2,2,1,1,1855,139,0,0,0,0,0,0.0,0,0.0,0.0,1
MRC001391,2026-05-31,5,1,1,1,813,1,2,3,9,2183.06,6948.21,2316.07,3,2.6663,1.2568,0
MRC001392,2026-05-31,5,0,1,1,1654,2,3,9,19,5544.02,7917.07,879.67,9,1.3333,2.801,0
MRC001393,2026-05-31,0,0,1,1,2270,0,4,13,18,4446.75,13608.32,1046.79,10,1.2307,1.3071,0
MRC001394,2026-05-31,5,2,0,1,424,6,1,4,8,665.56,6157.79,1539.45,4,0.9999,0.4323,0
MRC001395,2026-05-31,2,2,0,1,957,10,0,2,5,0,3602.37,1801.18,2,0.0,0.0,1
MRC001396,2026-05-31,5,1,0,1,2058,13,0,1,4,0,234.87,234.87,1,0.0,0.0,0
MRC001397,2026-05-31,0,1,1,0,474,5,1,5,11,606.44,5897.99,1179.6,5,0.7999,0.4113,0
MRC001398,2026-05-31,4,1,0,0,735,0,5,36,86,38073.62,75067.31,2085.2,21,0.5555,2.0288,0
MRC001399,2026-05-31,5,2,1,0,1364,7,0,3,4,0,4101.56,1367.19,3,0.0,0.0,1
MRC001400,2026-05-31,0,1,1,1,2341,0,7,19,38,10981.58,28092.53,1478.55,14,1.4737,1.5636,0
MRC001401,2026-05-31,5,1,1,1,808,3,2,4,6,833.15,3333.46,833.37,4,1.9998,0.9997,0
MRC001402,2026-05-31,5,1,1,0,1007,1,2,8,13,947.14,5074.75,634.34,7,1.0,0.7466,0
MRC001403,2026-05-31,5,2,1,1,1903,0,1,1,6,2402.89,2402.89,2402.89,1,3.9984,4.0,0
MRC001404,2026-05-31,0,0,1,1,427,1,4,19,31,9622.44,37284.75,1962.36,15,0.8421,1.0323,0
MRC001405,2026-05-31,5,1,1,1,880,15,0,3,5,0,14370.16,4790.05,2,0.0,0.0,0
MRC001406,2026-05-31,5,0,1,1,855,6,1,1,3,99.29,99.29,99.29,1,3.9984,4.0,0
MRC001407,2026-05-31,2,1,1,1,1041,7,0,7,13,0,11068.32,1581.19,6,0.0,0.0,0
MRC001408,2026-05-31,5,1,0,1,1418,2,2,11,20,1481.3,8177.98,743.45,7,0.7272,0.7245,0
MRC001409,2026-05-31,5,0,1,1,649,3,2,2,5,882.28,882.28,441.14,2,3.9992,4.0,0
MRC001410,2026-05-31,5,1,1,1,1020,180,0,0,0,0,0,0.0,0,0.0,0.0,0
MRC001411,2026-05-31,3,0,1,1,2168,3,1,5,8,1564.02,6604.79,1320.96,5,0.7999,0.9472,0
MRC001412,2026-05-31,5,2,1,1,1975,10,0,3,8,0,2644.85,881.62,3,0.0,0.0,0
MRC001413,2026-05-31,5,2,1,1,2254,25,0,2,5,0,3468.89,1734.44,2,0.0,0.0,0
MRC001414,2026-05-31,5,1,1,1,1655,1,1,4,5,43104.87,46751.98,11688.0,4,0.9999,3.688,0
MRC001415,2026-05-31,5,1,1,1,1437,0,2,8,25,228.91,9296.61,1162.08,8,1.0,0.0985,0
MRC001416,2026-05-31,5,0,1,1,631,17,0,1,1,0,79.35,79.35,1,0.0,0.0,1
MRC001417,2026-05-31,5,2,0,1,512,19,0,3,4,0,10702.86,3567.62,3,0.0,0.0,0
MRC001418,2026-05-31,5,1,1,1,1342,5,1,5,11,4920.16,8823.09,1764.62,5,0.7999,2.2306,0
MRC001419,2026-05-31,0,0,0,1,1049,0,10,31,58,32716.4,52374.65,1689.5,19,1.2903,2.4986,0
MRC001420,2026-05-31,0,3,1,1,1885,18,0,3,8,0,2474.02,824.67,3,0.0,0.0,0
MRC001421,2026-05-31,5,0,0,0,186,3,1,2,8,666.86,1733.94,866.97,2,1.9996,1.5384,0
MRC001422,2026-05-31,5,1,1,0,2112,4,1,6,11,411.12,6889.55,1148.26,6,0.6666,0.2387,0
MRC001423,2026-05-31,5,0,0,0,537,9,0,2,5,0,2216.77,1108.38,2,0.0,0.0,0
MRC001424,2026-05-31,5,1,1,1,1027,1,4,17,46,3262.57,18084.26,1063.78,13,0.9412,0.7216,0
MRC001425,2026-05-31,5,0,1,1,943,57,0,0,1,0,0,0.0,0,0.0,0.0,0
MRC001426,2026-05-31,2,0,1,0,2184,23,0,1,3,0,1169.14,1169.14,1,0.0,0.0,0
MRC001427,2026-05-31,5,1,1,1,1739,5,1,4,9,233.41,5788.99,1447.25,4,0.9999,0.1613,0
MRC001428,2026-05-31,0,3,1,1,243,0,1,4,6,138.42,7107.55,1776.89,4,0.9999,0.0779,0
MRC001429,2026-05-31,3,0,1,1,2028,1,2,3,7,1360.34,1416.79,472.26,2,2.6663,3.8406,0
MRC001430,2026-05-31,0,1,1,1,1643,4,1,3,4,915.22,3559.16,1186.39,3,1.3332,1.0286,0
MRC001431,2026-05-31,3,1,1,1,313,0,2,8,18,1760.63,16311.88,2038.98,6,1.0,0.4317,0
MRC001432,2026-05-31,3,2,1,0,1873,2,1,5,9,1719.95,13915.79,2783.16,5,0.7999,0.4944,0
MRC001433,2026-05-31,5,0,1,1,239,8,0,2,2,0,2661.03,1330.51,2,0.0,0.0,0
MRC001434,2026-05-31,5,1,0,1,1093,0,1,3,4,459.48,2971.78,990.59,3,1.3332,0.6185,0
MRC001435,2026-05-31,2,2,0,0,519,0,1,1,2,1408.41,1408.41,1408.41,1,3.9984,4.0,0
MRC001436,2026-05-31,0,0,0,1,188,18,0,3,11,0,2733.58,911.19,3,0.0,0.0,0
MRC001437,2026-05-31,0,1,1,0,1387,24,0,1,3,0,2427.13,2427.13,1,0.0,0.0,1
MRC001438,2026-05-31,5,2,0,1,1666,43,0,0,2,0,0,0.0,0,0.0,0.0,0
MRC001439,2026-05-31,5,0,0,1,1213,0,5,14,20,4898.15,18291.64,1306.55,14,1.4285,1.0711,0
MRC001440,2026-05-31,2,1,1,1,913,1,4,9,13,4952.55,16586.69,1842.97,8,1.7777,1.1943,0
MRC001441,2026-05-31,4,0,1,0,1286,1,5,20,38,5893.32,19102.38,955.12,15,1.0,1.234,0
MRC001442,2026-05-31,5,2,1,1,496,40,0,0,1,0,0,0.0,0,0.0,0.0,1
MRC001443,2026-05-31,5,2,1,1,274,15,0,2,4,0,4540.26,2270.13,2,0.0,0.0,0
MRC001444,2026-05-31,2,1,0,1,508,47,0,0,4,0,0,0.0,0,0.0,0.0,0
MRC001445,2026-05-31,0,1,1,1,283,0,2,3,5,4915.97,7568.57,2522.86,3,2.6663,2.5981,0
MRC001446,2026-05-31,2,1,0,1,1845,26,0,1,1,0,626.48,626.48,1,0.0,0.0,0
MRC001447,2026-05-31,4,0,1,1,1495,14,0,2,2,0,3377.44,1688.72,2,0.0,0.0,0
MRC001448,2026-05-31,2,0,1,1,574,13,0,2,7,0,1563.51,781.75,2,0.0,0.0,0
MRC001449,2026-05-31,0,0,1,1,1410,9,0,2,5,0,3305.42,1652.71,2,0.0,0.0,0
MRC001450,2026-05-31,5,0,1,1,1222,36,0,0,3,0,0,0.0,0,0.0,0.0,1
MRC001451,2026-05-31,3,1,1,1,408,0,3,14,26,2987.76,21460.52,1532.89,11,0.8571,0.5569,0
MRC001452,2026-05-31,4,0,0,1,2285,0,5,41,68,11104.02,50278.29,1226.3,22,0.4878,0.8834,0
MRC001453,2026-05-31,3,0,0,1,2214,0,5,5,9,2370.07,2370.07,474.01,4,3.9997,4.0,0
MRC001454,2026-05-31,5,1,0,1,1823,0,1,3,3,7048.41,7905.14,2635.05,3,1.3332,3.5665,1
MRC001455,2026-05-31,5,0,0,1,1931,19,0,2,10,0,993.46,496.73,2,0.0,0.0,0
MRC001456,2026-05-31,5,0,1,1,1360,180,0,0,0,0,0,0.0,0,0.0,0.0,1
MRC001457,2026-05-31,0,0,1,1,1921,0,1,1,2,1577.48,1577.48,1577.48,1,3.9984,4.0,0
MRC001458,2026-05-31,5,0,0,1,1319,2,1,2,7,832.78,1229.05,614.52,2,1.9996,2.7103,0
MRC001459,2026-05-31,5,1,0,1,527,1,1,2,3,91.3,2309.85,1154.93,2,1.9996,0.1581,0
MRC001460,2026-05-31,5,1,1,1,530,0,1,4,6,99.06,10463.21,2615.8,3,0.9999,0.0379,0
MRC001461,2026-05-31,2,2,1,1,2030,76,0,0,0,0,0,0.0,0,0.0,0.0,1
MRC001462,2026-05-31,2,1,1,1,1140,20,0,2,2,0,1188.82,594.41,2,0.0,0.0,0
MRC001463,2026-05-31,0,1,0,1,1758,1,2,12,19,5905.83,13799.73,1149.98,10,0.6666,1.7119,0
MRC001464,2026-05-31,5,2,1,1,481,10,0,2,4,0,1248.14,624.07,2,0.0,0.0,0
MRC001465,2026-05-31,5,1,0,1,1143,0,4,5,8,1898.76,2185.62,437.12,4,3.1997,3.475,0
MRC001466,2026-05-31,2,1,1,0,347,2,1,3,6,970.16,2969.48,989.83,3,1.3332,1.3068,0
MRC001467,2026-05-31,3,1,1,1,647,10,0,5,6,0,2247.48,449.5,5,0.0,0.0,0
MRC001468,2026-05-31,0,0,1,1,403,4,1,2,2,370.82,4633.86,2316.93,2,1.9996,0.3201,1
MRC001469,2026-05-31,0,0,0,1,619,7,0,9,13,0,11365.37,1262.82,8,0.0,0.0,0
MRC001470,2026-05-31,5,0,1,1,1490,5,1,1,3,9500.04,9500.04,9500.04,1,3.9984,4.0,1
MRC001471,2026-05-31,3,1,1,1,176,15,0,2,5,0,5021.95,2510.97,2,0.0,0.0,0
MRC001472,2026-05-31,5,0,1,1,587,1,2,6,11,7638.29,11850.12,1975.02,6,1.3332,2.5783,0
MRC001473,2026-05-31,5,1,0,1,1674,0,4,8,18,4732.39,6984.78,873.1,6,1.9999,2.7101,0
MRC001474,2026-05-31,5,2,1,1,491,2,2,5,7,1429.76,3312.65,662.53,4,1.5999,1.7264,0
MRC001475,2026-05-31,5,1,0,1,1378,14,0,1,5,0,1047.55,1047.55,1,0.0,0.0,0
MRC001476,2026-05-31,0,0,1,1,2059,1,1,1,2,1081.65,1081.65,1081.65,1,3.9984,4.0,0
MRC001477,2026-05-31,5,1,1,1,1869,4,3,12,24,3171.81,25323.24,2110.27,10,1.0,0.501,0
MRC001478,2026-05-31,5,0,1,1,431,31,0,0,1,0,0,0.0,0,0.0,0.0,0
MRC001479,2026-05-31,4,3,1,1,487,3,1,1,2,394.12,394.12,394.12,1,3.9984,4.0,1
MRC001480,2026-05-31,0,1,1,1,1706,2,4,23,37,2928.84,31517.84,1370.34,19,0.6956,0.3717,0
MRC001481,2026-05-31,4,1,1,0,922,1,1,3,8,183.97,694.98,231.66,3,1.3332,1.0589,0
MRC001482,2026-05-31,0,1,1,1,1076,26,0,1,8,0,106.75,106.75,1,0.0,0.0,0
MRC001483,2026-05-31,3,1,0,1,1206,1,1,2,6,3446.39,4467.22,2233.61,2,1.9996,3.0859,0
MRC001484,2026-05-31,0,1,0,1,1430,39,0,0,8,0,0,0.0,0,0.0,0.0,0
MRC001485,2026-05-31,5,0,1,1,1146,38,0,0,3,0,0,0.0,0,0.0,0.0,1
MRC001486,2026-05-31,0,0,1,0,216,0,3,5,12,10029.3,19829.74,3965.95,4,2.3998,2.0231,0
MRC001487,2026-05-31,0,0,0,1,371,21,0,2,9,0,5764.73,2882.36,2,0.0,0.0,0
MRC001488,2026-05-31,2,1,1,1,165,12,0,2,2,0,3106.0,1553.0,2,0.0,0.0,0
MRC001489,2026-05-31,0,2,0,1,743,18,0,1,1,0,713.97,713.97,1,0.0,0.0,0
MRC001490,2026-05-31,5,1,1,1,1950,17,0,1,5,0,565.81,565.81,1,0.0,0.0,0
MRC001491,2026-05-31,2,1,1,0,2288,26,0,1,2,0,3016.63,3016.63,1,0.0,0.0,0
MRC001492,2026-05-31,4,2,1,1,1203,1,2,7,10,1184.08,9759.71,1394.24,7,1.1428,0.4853,0
MRC001493,2026-05-31,0,0,1,1,224,7,0,3,5,0,1682.49,560.83,3,0.0,0.0,0
MRC001494,2026-05-31,2,0,1,1,320,11,0,3,4,0,9516.27,3172.09,3,0.0,0.0,0
MRC001495,2026-05-31,5,2,1,1,1945,4,1,3,3,262.66,2242.72,747.57,3,1.3332,0.4685,0
MRC001496,2026-05-31,5,2,1,1,915,4,1,9,15,594.88,13105.93,1456.21,7,0.4444,0.1816,0
MRC001497,2026-05-31,2,1,1,1,2091,62,0,0,0,0,0,0.0,0,0.0,0.0,0
MRC001498,2026-05-31,5,0,0,0,1271,5,1,7,15,2623.71,16642.5,2377.5,6,0.5714,0.6306,0
MRC001499,2026-05-31,5,3,1,1,2086,3,1,2,5,528.47,5021.44,2510.72,2,1.9996,0.421,0
MRC001500,2026-05-31,5,1,0,1,461,0,8,23,41,5681.55,24346.13,1058.53,16,1.3913,0.9335,0
MRC001501,2026-05-31,5,1,1,1,2040,2,1,1,1,107.35,107.35,107.35,1,3.9984,4.0,0
MRC001502,2026-05-31,4,0,1,1,1358,90,0,0,0,0,0,0.0,0,0.0,0.0,1
MRC001503,2026-05-31,5,1,0,1,1120,6,1,7,12,872.69,11901.93,1700.28,7,0.5714,0.2933,0
MRC001504,2026-05-31,5,2,1,1,1320,4,1,5,8,1576.48,7042.44,1408.49,5,0.7999,0.8954,0
MRC001505,2026-05-31,5,2,1,1,879,6,1,12,26,118.77,24161.54,2013.46,10,0.3333,0.0197,0
MRC001506,2026-05-31,5,1,1,1,1482,28,0,1,4,0,1669.1,1669.1,1,0.0,0.0,0
MRC001507,2026-05-31,5,1,0,1,1847,2,7,36,68,12970.11,59168.34,1643.57,21,0.7778,0.8768,0
MRC001508,2026-05-31,0,1,1,1,1935,1,3,4,6,8752.91,9235.14,2308.78,3,2.9997,3.7911,1
MRC001509,2026-05-31,5,1,1,0,2302,9,0,9,20,0,5633.68,625.96,9,0.0,0.0,0
MRC001510,2026-05-31,5,1,1,1,1066,31,0,0,1,0,0,0.0,0,0.0,0.0,0
MRC001511,2026-05-31,3,0,1,1,1844,20,0,4,6,0,5128.35,1282.09,4,0.0,0.0,0
MRC001512,2026-05-31,3,0,1,1,2106,3,1,7,13,100.62,8241.55,1177.36,7,0.5714,0.0488,0
MRC001513,2026-05-31,5,1,1,1,203,3,1,6,13,636.52,12994.82,2165.8,6,0.6666,0.1959,0
MRC001514,2026-05-31,5,0,1,1,1202,14,0,3,11,0,7465.92,2488.64,3,0.0,0.0,0
MRC001515,2026-05-31,3,0,1,1,1696,180,0,0,0,0,0,0.0,0,0.0,0.0,1
MRC001516,2026-05-31,0,2,1,1,1163,8,0,1,4,0,1946.88,1946.88,1,0.0,0.0,0
MRC001517,2026-05-31,5,1,1,1,383,5,1,2,3,1637.07,1952.23,976.12,2,1.9996,3.3543,0
MRC001518,2026-05-31,5,0,1,1,1597,24,0,1,1,0,618.05,618.05,1,0.0,0.0,0
MRC001519,2026-05-31,5,0,0,1,1052,3,2,5,11,2006.55,4126.32,825.26,5,1.5999,1.9451,0
MRC001520,2026-05-31,0,1,0,1,1514,0,4,8,17,8121.82,9190.43,1148.8,8,1.9999,3.5349,0
MRC001521,2026-05-31,5,1,1,1,167,5,1,4,7,3307.86,9468.05,2367.01,4,0.9999,1.3975,0
MRC001522,2026-05-31,5,1,1,1,189,23,0,2,5,0,930.98,465.49,2,0.0,0.0,0
MRC001523,2026-05-31,3,1,1,1,1482,72,0,0,0,0,0,0.0,0,0.0,0.0,1
MRC001524,2026-05-31,0,0,1,1,2311,2,2,11,27,382.38,23365.06,2124.1,9,0.7272,0.0655,0
MRC001525,2026-05-31,5,1,1,1,1562,8,0,2,4,0,804.46,402.23,2,0.0,0.0,1
MRC001526,2026-05-31,0,0,1,1,2224,21,0,2,8,0,3682.69,1841.35,2,0.0,0.0,0
MRC001527,2026-05-31,2,1,1,1,2016,2,7,26,51,9617.49,69421.29,2670.05,16,1.0769,0.5542,0
MRC001528,2026-05-31,5,0,1,0,779,3,1,3,5,976.08,2903.88,967.96,3,1.3332,1.3445,0
MRC001529,2026-05-31,5,0,1,1,388,8,0,3,7,0,5882.43,1960.81,3,0.0,0.0,0
MRC001530,2026-05-31,2,0,1,0,1385,2,2,3,6,1316.75,4591.88,1530.63,2,2.6663,1.147,0
MRC001531,2026-05-31,5,2,0,1,1520,19,0,1,1,0,266.76,266.76,1,0.0,0.0,0
MRC001532,2026-05-31,5,0,1,1,1848,44,0,0,2,0,0,0.0,0,0.0,0.0,0
MRC001533,2026-05-31,0,0,1,1,1303,34,0,0,3,0,0,0.0,0,0.0,0.0,0
MRC001534,2026-05-31,4,0,0,1,2176,6,1,1,5,2618.36,2618.36,2618.36,1,3.9984,4.0,0
MRC001535,2026-05-31,5,1,0,1,2009,1,2,6,8,1101.74,2623.79,437.3,5,1.3332,1.6796,0
MRC001536,2026-05-31,5,1,1,1,1445,51,0,0,4,0,0,0.0,0,0.0,0.0,0
MRC001537,2026-05-31,2,2,1,1,1369,16,0,2,3,0,8123.12,4061.56,2,0.0,0.0,0
MRC001538,2026-05-31,5,1,1,1,206,51,0,0,1,0,0,0.0,0,0.0,0.0,1
MRC001539,2026-05-31,5,1,0,1,1871,4,1,1,2,996.72,996.72,996.72,1,3.9984,4.0,0
MRC001540,2026-05-31,5,1,1,1,1652,11,0,6,12,0,5925.64,987.61,5,0.0,0.0,0
MRC001541,2026-05-31,5,0,1,1,2123,8,0,4,12,0,13611.21,3402.8,4,0.0,0.0,0
MRC001542,2026-05-31,0,2,1,1,368,1,2,4,5,1677.89,3675.17,918.79,4,1.9998,1.8262,0
MRC001543,2026-05-31,0,2,1,1,484,58,0,0,2,0,0,0.0,0,0.0,0.0,0
MRC001544,2026-05-31,0,0,1,1,1631,2,2,6,8,5420.77,9635.97,1605.99,6,1.3332,2.2502,0
MRC001545,2026-05-31,5,1,1,1,1234,0,2,6,17,849.23,6981.95,1163.66,5,1.3332,0.4865,0
MRC001546,2026-05-31,5,0,1,1,1448,31,0,0,5,0,0,0.0,0,0.0,0.0,0
MRC001547,2026-05-31,5,1,1,1,1114,1,2,8,15,2678.89,11062.47,1382.81,8,1.0,0.9686,0
MRC001548,2026-05-31,0,1,0,1,1564,1,3,12,21,7877.29,19248.99,1604.08,12,1.0,1.6369,0
MRC001549,2026-05-31,5,2,0,1,1603,38,0,0,1,0,0,0.0,0,0.0,0.0,0
MRC001550,2026-05-31,0,0,1,0,578,32,0,0,5,0,0,0.0,0,0.0,0.0,0
MRC001551,2026-05-31,2,1,0,1,1826,37,0,0,2,0,0,0.0,0,0.0,0.0,0
MRC001552,2026-05-31,4,1,1,1,1243,13,0,2,2,0,4772.78,2386.39,2,0.0,0.0,0
MRC001553,2026-05-31,5,0,0,1,1422,1,2,6,11,730.02,10685.78,1780.96,6,1.3332,0.2733,0
MRC001554,2026-05-31,0,1,1,1,1515,1,2,4,7,1434.96,2817.32,704.33,4,1.9998,2.0373,0
MRC001555,2026-05-31,5,1,1,1,1791,3,1,8,11,249.01,8860.87,1107.61,8,0.5,0.1124,0
MRC001556,2026-05-31,5,1,1,1,821,3,1,1,4,329.44,329.44,329.44,1,3.9984,4.0,1
MRC001557,2026-05-31,5,3,1,1,179,12,0,3,7,0,1006.32,335.44,3,0.0,0.0,0
MRC001558,2026-05-31,0,0,1,0,561,4,1,2,2,2413.61,5472.15,2736.07,2,1.9996,1.7643,0
MRC001559,2026-05-31,5,0,1,1,2275,2,3,5,14,4083.15,6445.96,1289.19,3,2.3998,2.5338,0
MRC001560,2026-05-31,5,0,1,1,651,17,0,3,5,0,5238.68,1746.23,3,0.0,0.0,0
MRC001561,2026-05-31,5,0,1,1,709,4,2,6,15,1273.37,9171.19,1528.53,6,1.3332,0.5554,0
MRC001562,2026-05-31,5,1,0,1,2039,49,0,0,1,0,0,0.0,0,0.0,0.0,0
MRC001563,2026-05-31,5,2,0,1,680,7,0,3,4,0,1418.82,472.94,3,0.0,0.0,0
MRC001564,2026-05-31,5,1,1,1,1180,2,2,6,13,2758.91,10877.83,1812.97,5,1.3332,1.0145,0
MRC001565,2026-05-31,3,1,1,0,974,12,0,3,6,0,6833.05,2277.68,3,0.0,0.0,0
MRC001566,2026-05-31,5,0,1,1,1609,7,0,2,6,0,3293.68,1646.84,2,0.0,0.0,0
MRC001567,2026-05-31,0,0,0,1,1464,8,0,5,8,0,9248.13,1849.63,5,0.0,0.0,0
MRC001568,2026-05-31,5,2,1,0,1290,0,1,3,5,1168.37,4000.71,1333.57,3,1.3332,1.1682,0
MRC001569,2026-05-31,0,1,1,1,1260,3,3,4,8,1401.47,2186.23,546.56,4,2.9997,2.5642,0
MRC001570,2026-05-31,2,0,1,0,1987,5,1,2,14,186.33,1771.68,885.84,2,1.9996,0.4207,0
MRC001571,2026-05-31,2,2,1,1,1435,20,0,6,11,0,8132.42,1355.4,6,0.0,0.0,0
MRC001572,2026-05-31,4,1,1,0,1276,10,0,1,1,0,939.96,939.96,1,0.0,0.0,0
MRC001573,2026-05-31,2,0,1,1,2103,0,2,3,6,4492.89,5650.14,1883.38,3,2.6663,3.1807,0
MRC001574,2026-05-31,5,1,1,1,368,10,0,3,3,0,15520.13,5173.38,2,0.0,0.0,0
MRC001575,2026-05-31,2,1,1,1,1986,8,0,1,5,0,399.88,399.88,1,0.0,0.0,0
MRC001576,2026-05-31,0,0,1,1,597,9,0,2,2,0,1438.52,719.26,2,0.0,0.0,0
MRC001577,2026-05-31,5,2,1,1,889,1,2,13,31,669.85,18044.85,1388.07,9,0.6154,0.1485,0
MRC001578,2026-05-31,5,1,1,1,193,0,8,23,52,7818.63,25652.57,1115.33,17,1.3913,1.2192,0
MRC001579,2026-05-31,5,1,1,1,1413,31,0,0,3,0,0,0.0,0,0.0,0.0,0
MRC001580,2026-05-31,2,2,1,1,1981,5,1,7,12,630.85,21064.65,3009.24,5,0.5714,0.1198,0
MRC001581,2026-05-31,0,1,1,1,999,2,5,16,26,5021.98,24738.41,1546.15,13,1.25,0.812,0
MRC001582,2026-05-31,0,1,1,1,1614,94,0,0,0,0,0,0.0,0,0.0,0.0,0
MRC001583,2026-05-31,2,0,1,1,1023,58,0,0,1,0,0,0.0,0,0.0,0.0,1
MRC001584,2026-05-31,5,0,0,1,1823,3,2,13,33,7681.1,29112.36,2239.41,11,0.6154,1.0554,0
MRC001585,2026-05-31,5,1,1,1,2347,0,1,7,10,7658.72,15051.94,2150.28,6,0.5714,2.0353,0
MRC001586,2026-05-31,2,0,1,1,1727,13,0,2,3,0,1458.67,729.34,2,0.0,0.0,0
MRC001587,2026-05-31,5,1,1,1,908,3,1,1,4,2332.74,2332.74,2332.74,1,3.9984,4.0,0
MRC001588,2026-05-31,5,0,1,1,1966,2,1,1,2,415.05,415.05,415.05,1,3.9984,4.0,0
MRC001589,2026-05-31,4,0,1,1,247,0,18,73,141,16925.2,118397.81,1621.89,27,0.9863,0.5718,0
MRC001590,2026-05-31,5,1,1,1,2321,12,0,2,4,0,2885.34,1442.67,2,0.0,0.0,0
MRC001591,2026-05-31,4,0,1,1,1999,5,1,7,11,972.13,31475.17,4496.45,5,0.5714,0.1235,0
MRC001592,2026-05-31,5,1,1,1,1592,3,2,11,21,1432.72,18465.26,1678.66,8,0.7272,0.3104,0
MRC001593,2026-05-31,2,1,1,1,1521,3,3,15,29,3019.25,17482.39,1165.49,8,0.8,0.6908,0
MRC001594,2026-05-31,5,0,1,1,716,1,2,5,23,2460.09,8456.17,1691.23,4,1.5999,1.1637,0
MRC001595,2026-05-31,2,0,1,1,1107,6,1,3,4,647.07,7437.37,2479.12,3,1.3332,0.348,0
MRC001596,2026-05-31,5,1,1,1,386,2,1,3,6,191.84,1997.56,665.85,2,1.3332,0.3841,0
MRC001597,2026-05-31,5,0,1,1,905,60,0,0,0,0,0,0.0,0,0.0,0.0,0
MRC001598,2026-05-31,5,1,1,1,1453,29,0,1,2,0,677.03,677.03,1,0.0,0.0,0
MRC001599,2026-05-31,0,1,1,1,956,13,0,2,4,0,3525.53,1762.76,2,0.0,0.0,0
MRC001600,2026-05-31,5,1,1,0,1849,3,2,7,12,1557.63,3772.5,538.93,6,1.1428,1.6516,0
MRC001601,2026-05-31,3,1,0,1,2029,0,5,19,48,4328.56,26644.18,1402.33,16,1.0526,0.6498,0
MRC001602,2026-05-31,4,2,1,1,1392,0,3,7,13,3934.22,8721.81,1245.97,6,1.7142,1.8043,0
MRC001603,2026-05-31,5,0,0,1,909,0,1,8,21,50.37,10479.52,1309.94,8,0.5,0.0192,0
MRC001604,2026-05-31,0,2,1,1,828,0,2,2,6,2273.72,2273.72,1136.86,2,3.9992,4.0,1
MRC001605,2026-05-31,2,2,1,1,1359,1,3,12,35,2905.79,16530.09,1377.51,12,1.0,0.7032,0
MRC001606,2026-05-31,3,1,1,1,1737,1,1,2,3,975.1,2220.28,1110.14,2,1.9996,1.7567,0
MRC001607,2026-05-31,2,0,1,1,441,7,0,11,24,0,9511.57,864.69,8,0.0,0.0,0
MRC001608,2026-05-31,5,0,1,1,1143,1,3,9,14,3675.71,10766.56,1196.28,9,1.3333,1.3656,0
MRC001609,2026-05-31,4,2,1,1,1127,8,0,1,8,0,1534.99,1534.99,1,0.0,0.0,0
MRC001610,2026-05-31,0,0,1,1,791,136,0,0,0,0,0,0.0,0,0.0,0.0,1
MRC001611,2026-05-31,0,2,0,1,684,3,1,9,18,683.16,17065.52,1896.17,8,0.4444,0.1601,0
MRC001612,2026-05-31,0,1,1,1,2002,4,1,7,10,2709.37,7236.61,1033.8,5,0.5714,1.4976,0
MRC001613,2026-05-31,5,1,1,1,1109,2,4,9,17,3989.13,10756.18,1195.13,8,1.7777,1.4835,0
MRC001614,2026-05-31,5,1,1,1,1424,8,0,6,10,0,2760.02,460.0,5,0.0,0.0,0
MRC001615,2026-05-31,5,0,1,1,248,10,0,7,13,0,13842.12,1977.45,7,0.0,0.0,0
MRC001616,2026-05-31,2,1,1,1,784,0,2,12,17,3271.11,19016.96,1584.75,10,0.6666,0.688,0
MRC001617,2026-05-31,5,2,1,1,653,0,1,2,3,800.59,1698.94,849.47,2,1.9996,1.8849,0
MRC001618,2026-05-31,0,0,1,1,883,4,2,3,8,778.91,994.86,331.62,3,2.6663,3.1317,0
MRC001619,2026-05-31,4,2,1,1,2003,6,1,3,3,1010.99,3900.54,1300.18,3,1.3332,1.0368,0
MRC001620,2026-05-31,5,3,1,0,1414,1,4,14,20,2676.67,14925.07,1066.08,11,1.1428,0.7174,0
MRC001621,2026-05-31,5,0,1,1,2136,3,2,6,8,4389.09,5437.04,906.17,6,1.3332,3.229,0
MRC001622,2026-05-31,5,1,1,1,1089,22,0,1,1,0,1217.72,1217.72,1,0.0,0.0,0
MRC001623,2026-05-31,5,0,1,1,1847,0,1,3,9,708.3,3159.96,1053.32,3,1.3332,0.8966,1
MRC001624,2026-05-31,5,1,1,1,515,9,0,2,3,0,3806.65,1903.33,1,0.0,0.0,0
MRC001625,2026-05-31,0,3,1,1,1946,17,0,1,3,0,180.59,180.59,1,0.0,0.0,0
MRC001626,2026-05-31,0,2,1,1,1498,12,0,5,8,0,11926.66,2385.33,5,0.0,0.0,0
MRC001627,2026-05-31,0,2,1,1,249,1,1,4,9,175.61,4641.73,1160.43,4,0.9999,0.1513,0
MRC001628,2026-05-31,5,0,0,1,1670,24,0,1,2,0,4826.68,4826.68,1,0.0,0.0,1
MRC001629,2026-05-31,5,1,1,1,1212,1,1,4,8,364.9,5756.77,1439.19,4,0.9999,0.2535,0
MRC001630,2026-05-31,5,0,1,1,165,19,0,2,4,0,2111.0,1055.5,2,0.0,0.0,0
MRC001631,2026-05-31,2,2,0,1,2015,12,0,2,6,0,6156.65,3078.32,2,0.0,0.0,0
MRC001632,2026-05-31,5,0,0,0,1338,0,1,1,2,684.54,684.54,684.54,1,3.9984,4.0,0
MRC001633,2026-05-31,3,0,1,1,1490,6,1,6,10,179.3,10610.96,1768.49,5,0.6666,0.0676,1
MRC001634,2026-05-31,5,0,1,1,1426,34,0,0,1,0,0,0.0,0,0.0,0.0,0
MRC001635,2026-05-31,3,0,1,1,362,0,2,10,21,451.56,9395.23,939.52,9,0.8,0.1923,0
MRC001636,2026-05-31,0,0,1,0,890,180,0,0,0,0,0,0.0,0,0.0,0.0,1
MRC001637,2026-05-31,0,0,1,1,1698,20,0,1,3,0,361.64,361.64,1,0.0,0.0,1
MRC001638,2026-05-31,5,2,1,1,905,14,0,2,2,0,1379.24,689.62,2,0.0,0.0,0
MRC001639,2026-05-31,5,1,1,1,2106,6,1,2,6,727.27,16869.6,8434.8,2,1.9996,0.1724,0
MRC001640,2026-05-31,2,0,1,1,859,2,3,16,28,5973.46,29615.94,1851.0,13,0.75,0.8068,0
MRC001641,2026-05-31,2,1,1,1,1169,5,1,10,15,1864.39,14757.12,1475.71,9,0.4,0.5054,0
MRC001642,2026-05-31,2,1,1,1,1138,52,0,0,2,0,0,0.0,0,0.0,0.0,0
MRC001643,2026-05-31,5,1,1,1,206,27,0,1,2,0,637.85,637.85,1,0.0,0.0,0
MRC001644,2026-05-31,0,0,1,1,1939,25,0,2,6,0,1788.04,894.02,2,0.0,0.0,0
MRC001645,2026-05-31,0,1,1,1,461,1,1,8,11,216.58,31271.08,3908.89,7,0.5,0.0277,0
MRC001646,2026-05-31,5,1,0,0,1189,26,0,1,4,0,1059.68,1059.68,1,0.0,0.0,0
MRC001647,2026-05-31,3,0,1,1,2148,41,0,0,1,0,0,0.0,0,0.0,0.0,1
MRC001648,2026-05-31,0,1,1,1,2336,0,1,4,11,13132.3,18194.22,4548.56,4,0.9999,2.8871,0
MRC001649,2026-05-31,0,1,0,1,668,1,3,13,25,2561.2,15203.38,1169.49,12,0.923,0.6739,0
MRC001650,2026-05-31,4,1,1,1,986,6,1,1,4,1518.15,1518.15,1518.15,1,3.9984,4.0,0
MRC001651,2026-05-31,4,0,1,1,1401,8,0,3,8,0,5603.26,1867.75,3,0.0,0.0,0
MRC001652,2026-05-31,0,1,1,1,1692,180,0,0,0,0,0,0.0,0,0.0,0.0,0
MRC001653,2026-05-31,4,1,1,0,711,44,0,0,2,0,0,0.0,0,0.0,0.0,1
MRC001654,2026-05-31,5,0,0,1,1364,48,0,0,1,0,0,0.0,0,0.0,0.0,0
MRC001655,2026-05-31,5,0,1,1,1987,22,0,1,2,0,1296.85,1296.85,1,0.0,0.0,0
MRC001656,2026-05-31,5,0,0,0,1830,6,1,4,5,105.55,2142.73,535.68,4,0.9999,0.197,0
MRC001657,2026-05-31,2,0,1,1,1961,6,1,4,11,518.75,4262.12,1065.53,4,0.9999,0.4868,0
MRC001658,2026-05-31,2,0,1,1,2106,4,1,3,5,1406.74,2437.26,812.42,3,1.3332,2.3087,0
MRC001659,2026-05-31,5,0,1,1,2047,12,0,8,19,0,21907.8,2738.47,8,0.0,0.0,0
MRC001660,2026-05-31,5,1,1,1,1283,3,2,4,10,6235.06,7120.62,1780.15,4,1.9998,3.5025,0
MRC001661,2026-05-31,3,1,1,1,2293,5,3,5,6,3544.2,5217.65,1043.53,4,2.3998,2.7171,0
MRC001662,2026-05-31,4,1,1,0,1245,24,0,1,2,0,1148.06,1148.06,1,0.0,0.0,0
MRC001663,2026-05-31,2,1,1,1,1715,100,0,0,0,0,0,0.0,0,0.0,0.0,1
MRC001664,2026-05-31,3,1,1,1,2224,0,2,13,28,3202.68,24517.4,1885.95,12,0.6154,0.5225,0
MRC001665,2026-05-31,3,2,1,1,259,19,0,1,1,0,1597.25,1597.25,1,0.0,0.0,0
MRC001666,2026-05-31,0,1,1,1,2205,109,0,0,0,0,0,0.0,0,0.0,0.0,1
MRC001667,2026-05-31,5,1,1,1,1960,0,2,7,10,1127.14,3068.3,438.33,6,1.1428,1.4694,0
MRC001668,2026-05-31,5,0,1,0,2343,4,1,1,2,1543.29,1543.29,1543.29,1,3.9984,4.0,0
MRC001669,2026-05-31,5,1,1,1,1853,3,1,3,8,431.08,8691.32,2897.11,3,1.3332,0.1984,0
MRC001670,2026-05-31,4,1,1,1,506,29,0,1,5,0,2635.35,2635.35,1,0.0,0.0,1
MRC001671,2026-05-31,5,1,1,1,824,5,2,10,21,14410.71,25702.9,2570.29,8,0.8,2.2427,0
MRC001672,2026-05-31,5,1,1,1,172,4,3,7,12,1427.54,8076.5,1153.79,7,1.7142,0.707,0
MRC001673,2026-05-31,0,2,1,1,1493,1,4,12,21,3794.95,12088.21,1007.35,11,1.3333,1.2558,0
MRC001674,2026-05-31,5,2,1,1,1120,5,3,8,11,6640.5,11644.88,1455.61,6,1.4999,2.281,0
MRC001675,2026-05-31,5,1,1,1,1202,31,0,0,1,0,0,0.0,0,0.0,0.0,1
MRC001676,2026-05-31,5,3,1,1,1767,45,0,0,1,0,0,0.0,0,0.0,0.0,1
MRC001677,2026-05-31,4,2,1,1,1957,5,1,3,5,833.17,1181.93,393.98,3,1.3332,2.8197,0
MRC001678,2026-05-31,5,0,0,1,324,0,5,22,56,6654.8,23758.31,1079.92,18,0.9091,1.1204,0
MRC001679,2026-05-31,5,1,0,0,2168,30,0,0,2,0,0,0.0,0,0.0,0.0,0
MRC001680,2026-05-31,0,0,0,1,981,4,2,6,10,3948.54,7149.36,1191.56,6,1.3332,2.2092,0
MRC001681,2026-05-31,0,0,1,1,1808,1,5,13,32,16868.38,24344.17,1872.63,10,1.5384,2.7717,0
MRC001682,2026-05-31,0,0,1,1,1435,16,0,1,6,0,1309.71,1309.71,1,0.0,0.0,0
MRC001683,2026-05-31,4,1,0,1,1134,0,1,2,2,191.75,521.44,260.72,2,1.9996,1.4709,1
MRC001684,2026-05-31,5,0,1,1,629,12,0,5,13,0,5282.81,1056.56,3,0.0,0.0,0
MRC001685,2026-05-31,5,0,1,1,579,3,1,2,3,92.5,4030.08,2015.04,2,1.9996,0.0918,0
MRC001686,2026-05-31,0,0,1,1,1762,5,1,7,10,1908.42,12798.92,1828.42,6,0.5714,0.5964,0
MRC001687,2026-05-31,5,1,1,0,867,1,3,8,13,5247.89,12724.95,1590.62,7,1.4999,1.6496,0
MRC001688,2026-05-31,0,2,1,1,666,21,0,2,2,0,2308.93,1154.46,2,0.0,0.0,1
MRC001689,2026-05-31,5,3,1,1,177,3,1,3,5,1349.56,3097.16,1032.39,3,1.3332,1.743,0
MRC001690,2026-05-31,5,1,1,1,2001,1,3,13,34,2301.51,15099.59,1161.51,11,0.923,0.6097,0
MRC001691,2026-05-31,5,0,1,1,1029,22,0,1,3,0,1074.73,1074.73,1,0.0,0.0,0
MRC001692,2026-05-31,5,2,1,1,925,1,2,14,20,2209.75,13221.59,944.4,12,0.5714,0.6685,0
MRC001693,2026-05-31,5,0,1,1,977,11,0,3,7,0,2124.58,708.19,3,0.0,0.0,0
MRC001694,2026-05-31,0,3,1,1,1473,1,6,21,34,7588.2,20844.68,992.6,15,1.1428,1.4561,0
MRC001695,2026-05-31,0,1,1,1,1217,21,0,2,4,0,4617.4,2308.7,2,0.0,0.0,0
MRC001696,2026-05-31,5,1,1,1,1353,13,0,3,4,0,11263.0,3754.33,3,0.0,0.0,0
MRC001697,2026-05-31,0,0,1,1,772,0,2,13,27,3061.34,19433.45,1494.88,12,0.6154,0.6301,0
MRC001698,2026-05-31,2,0,0,1,812,0,8,26,38,10924.2,34887.21,1341.82,19,1.2308,1.2525,0
MRC001699,2026-05-31,4,1,0,1,2050,0,3,10,18,4342.92,17435.13,1743.51,9,1.2,0.9964,0
MRC001700,2026-05-31,5,1,1,0,1124,39,0,0,2,0,0,0.0,0,0.0,0.0,1
MRC001701,2026-05-31,5,2,0,1,2290,0,1,4,8,2053.25,5584.06,1396.02,4,0.9999,1.4708,0
MRC001702,2026-05-31,5,1,1,1,2013,17,0,1,3,0,3002.19,3002.19,1,0.0,0.0,0
MRC001703,2026-05-31,5,1,1,1,1720,108,0,0,0,0,0,0.0,0,0.0,0.0,0
MRC001704,2026-05-31,0,0,1,1,1363,13,0,3,8,0,5400.63,1800.21,3,0.0,0.0,0
MRC001705,2026-05-31,0,1,1,0,1994,27,0,1,3,0,596.89,596.89,1,0.0,0.0,0
MRC001706,2026-05-31,5,0,1,1,286,108,0,0,0,0,0,0.0,0,0.0,0.0,1
MRC001707,2026-05-31,5,1,1,1,1255,8,0,1,1,0,679.14,679.14,1,0.0,0.0,0
MRC001708,2026-05-31,2,1,1,1,1722,1,5,16,33,3485.04,12194.69,762.17,12,1.25,1.1431,0
MRC001709,2026-05-31,5,2,0,0,401,31,0,0,3,0,0,0.0,0,0.0,0.0,0
MRC001710,2026-05-31,5,1,1,1,563,11,0,1,2,0,1405.75,1405.75,1,0.0,0.0,0
MRC001711,2026-05-31,4,0,1,1,307,21,0,1,1,0,837.74,837.74,1,0.0,0.0,1
MRC001712,2026-05-31,2,2,1,1,1227,2,4,12,24,16106.0,42081.99,3506.83,12,1.3333,1.5309,0
MRC001713,2026-05-31,2,1,0,1,1348,32,0,0,1,0,0,0.0,0,0.0,0.0,0
MRC001714,2026-05-31,5,1,1,1,1188,7,0,1,2,0,1604.46,1604.46,1,0.0,0.0,1
MRC001715,2026-05-31,5,1,0,1,285,10,0,2,5,0,3845.12,1922.56,2,0.0,0.0,0
MRC001716,2026-05-31,3,2,1,1,1227,23,0,1,3,0,652.29,652.29,1,0.0,0.0,0
MRC001717,2026-05-31,5,0,0,1,2105,0,3,5,13,5065.28,15811.89,3162.38,5,2.3998,1.2814,0
MRC001718,2026-05-31,5,1,1,1,232,13,0,2,4,0,1169.35,584.67,2,0.0,0.0,0
MRC001719,2026-05-31,0,1,0,1,1860,1,3,18,31,4571.65,22847.79,1269.32,15,0.6667,0.8004,0
MRC001720,2026-05-31,5,0,1,1,760,26,0,1,1,0,957.15,957.15,1,0.0,0.0,1
MRC001721,2026-05-31,5,2,1,1,328,12,0,3,3,0,3779.67,1259.89,3,0.0,0.0,1
MRC001722,2026-05-31,5,0,1,0,275,59,0,0,1,0,0,0.0,0,0.0,0.0,0
MRC001723,2026-05-31,0,0,1,0,192,34,0,0,2,0,0,0.0,0,0.0,0.0,0
MRC001724,2026-05-31,5,0,1,1,1071,18,0,1,3,0,7862.94,7862.94,1,0.0,0.0,0
MRC001725,2026-05-31,5,2,0,1,1253,1,1,5,14,1694.57,4100.43,820.09,5,0.7999,1.6531,0
MRC001726,2026-05-31,0,1,1,1,1522,10,0,1,3,0,106.7,106.7,1,0.0,0.0,0
MRC001727,2026-05-31,4,0,1,0,342,13,0,2,4,0,7277.72,3638.86,2,0.0,0.0,0
MRC001728,2026-05-31,0,0,0,0,1594,5,1,2,4,2916.67,4556.15,2278.07,2,1.9996,2.5606,0
MRC001729,2026-05-31,5,0,0,1,1781,4,1,3,3,4425.59,29773.47,9924.49,2,1.3332,0.5946,0
MRC001730,2026-05-31,5,0,1,1,306,0,4,14,20,6467.44,23327.17,1666.23,11,1.1428,1.109,0
MRC001731,2026-05-31,0,1,0,1,1640,5,1,15,36,115.82,31684.32,2112.29,11,0.2667,0.0146,0
MRC001732,2026-05-31,5,0,1,0,424,0,1,11,25,114.12,12183.49,1107.59,9,0.3636,0.0375,0
MRC001733,2026-05-31,2,0,1,1,1124,86,0,0,0,0,0,0.0,0,0.0,0.0,0
MRC001734,2026-05-31,5,0,0,0,1610,15,0,1,3,0,1409.2,1409.2,1,0.0,0.0,1
MRC001735,2026-05-31,2,1,1,1,2068,1,9,28,59,9897.91,20810.84,743.24,18,1.2857,1.9025,0
MRC001736,2026-05-31,3,1,1,1,1325,4,2,6,6,5350.63,7758.51,1293.08,6,1.3332,2.7586,0
MRC001737,2026-05-31,5,1,1,0,1116,39,0,0,1,0,0,0.0,0,0.0,0.0,1
MRC001738,2026-05-31,4,1,1,1,1986,14,0,6,11,0,12011.97,2001.99,5,0.0,0.0,0
MRC001739,2026-05-31,5,3,1,0,637,4,1,4,8,705.95,18373.48,4593.37,4,0.9999,0.1537,0
MRC001740,2026-05-31,5,1,1,1,613,0,1,4,11,393.32,3940.23,985.06,3,0.9999,0.3993,0
MRC001741,2026-05-31,3,2,1,1,1184,64,0,0,0,0,0,0.0,0,0.0,0.0,1
MRC001742,2026-05-31,5,1,1,1,427,9,0,2,4,0,1725.38,862.69,2,0.0,0.0,0
MRC001743,2026-05-31,3,0,1,0,213,0,2,7,15,809.9,8224.11,1174.87,6,1.1428,0.3939,0
MRC001744,2026-05-31,5,2,1,0,956,1,2,2,3,2884.73,2884.73,1442.37,2,3.9992,4.0,0
MRC001745,2026-05-31,2,1,1,1,498,0,3,12,21,9704.16,27968.41,2330.7,11,1.0,1.3879,0
MRC001746,2026-05-31,5,1,1,1,1556,19,0,1,1,0,423.16,423.16,1,0.0,0.0,1
MRC001747,2026-05-31,4,0,0,1,1363,39,0,0,3,0,0,0.0,0,0.0,0.0,0
MRC001748,2026-05-31,0,1,1,1,1226,0,3,11,32,9997.84,16619.18,1510.83,11,1.0909,2.4063,0
MRC001749,2026-05-31,0,2,1,1,1249,24,0,2,3,0,1351.56,675.78,2,0.0,0.0,0
MRC001750,2026-05-31,0,0,1,1,380,4,1,4,11,779.45,6776.95,1694.24,4,0.9999,0.4601,0
MRC001751,2026-05-31,5,0,1,1,1044,2,1,4,9,3939.37,7322.97,1830.74,4,0.9999,2.1518,0
MRC001752,2026-05-31,5,0,0,1,320,2,1,3,7,1934.31,5245.55,1748.52,3,1.3332,1.475,0
MRC001753,2026-05-31,5,1,1,1,940,0,2,3,9,1648.14,6211.4,2070.47,3,2.6663,1.0614,1
MRC001754,2026-05-31,0,2,1,1,1645,18,0,1,2,0,1450.98,1450.98,1,0.0,0.0,0
MRC001755,2026-05-31,5,1,1,1,2320,12,0,1,2,0,1315.62,1315.62,1,0.0,0.0,0
MRC001756,2026-05-31,5,2,1,1,813,9,0,4,7,0,9818.85,2454.71,3,0.0,0.0,0
MRC001757,2026-05-31,2,1,1,1,742,9,0,1,2,0,2170.19,2170.19,1,0.0,0.0,0
MRC001758,2026-05-31,3,1,1,1,1627,7,0,8,16,0,8546.67,1068.33,6,0.0,0.0,0
MRC001759,2026-05-31,5,0,1,1,2170,13,0,1,2,0,1166.08,1166.08,1,0.0,0.0,0
MRC001760,2026-05-31,0,0,1,1,809,123,0,0,0,0,0,0.0,0,0.0,0.0,0
MRC001761,2026-05-31,3,1,1,1,1996,17,0,2,3,0,3771.21,1885.61,2,0.0,0.0,0
MRC001762,2026-05-31,5,0,0,0,852,0,1,1,3,7223.14,7223.14,7223.14,1,3.9984,4.0,0
MRC001763,2026-05-31,0,0,0,1,1561,6,1,2,5,1141.02,1662.82,831.41,2,1.9996,2.7448,0
MRC001764,2026-05-31,5,2,1,1,623,12,0,1,3,0,56.33,56.33,1,0.0,0.0,1
MRC001765,2026-05-31,3,1,1,1,737,4,1,5,9,1681.1,3504.42,700.88,5,0.7999,1.9188,0
MRC001766,2026-05-31,5,0,1,1,2314,2,3,16,29,2450.86,12543.4,783.96,13,0.75,0.7816,0
MRC001767,2026-05-31,5,1,1,1,1015,25,0,2,4,0,7846.09,3923.05,2,0.0,0.0,0
MRC001768,2026-05-31,5,1,1,1,200,64,0,0,0,0,0,0.0,0,0.0,0.0,1
MRC001769,2026-05-31,5,2,1,1,1852,0,2,2,2,2814.32,2814.32,1407.16,2,3.9992,4.0,0
MRC001770,2026-05-31,5,1,1,1,443,1,2,5,9,6444.04,11278.66,2255.73,5,1.5999,2.2854,0
MRC001771,2026-05-31,5,0,1,1,406,80,0,0,0,0,0,0.0,0,0.0,0.0,0
MRC001772,2026-05-31,3,0,1,1,1992,34,0,0,1,0,0,0.0,0,0.0,0.0,1
MRC001773,2026-05-31,0,0,1,1,926,24,0,1,1,0,3495.7,3495.7,1,0.0,0.0,0
MRC001774,2026-05-31,5,1,1,1,466,1,1,2,5,384.36,818.12,409.06,2,1.9996,1.8792,0
MRC001775,2026-05-31,5,1,1,1,2297,0,7,41,70,7189.76,56087.43,1367.99,24,0.6829,0.5128,0
MRC001776,2026-05-31,3,1,1,0,778,78,0,0,0,0,0,0.0,0,0.0,0.0,1
MRC001777,2026-05-31,5,1,1,1,1547,0,3,8,15,2085.85,9814.24,1226.78,7,1.4999,0.8501,0
MRC001778,2026-05-31,5,0,1,1,739,10,0,2,6,0,1053.8,526.9,2,0.0,0.0,0
MRC001779,2026-05-31,2,0,1,1,1434,27,0,1,2,0,6180.46,6180.46,1,0.0,0.0,0
MRC001780,2026-05-31,0,0,1,1,1687,0,3,22,33,8464.56,24783.37,1126.52,19,0.5454,1.3662,0
MRC001781,2026-05-31,0,1,0,1,1820,1,8,34,62,5389.08,42281.67,1243.58,20,0.9412,0.5098,0
MRC001782,2026-05-31,2,1,1,1,1063,0,3,5,6,2388.24,5600.96,1120.19,4,2.3998,1.7056,0
MRC001783,2026-05-31,5,2,1,0,1510,1,1,5,7,3885.65,10474.64,2094.93,5,0.7999,1.4838,0
MRC001784,2026-05-31,0,0,0,1,2001,4,1,3,5,2173.74,3761.97,1253.99,3,1.3332,2.3113,0
MRC001785,2026-05-31,0,1,1,1,2001,0,3,4,6,2917.66,3611.66,902.91,4,2.9997,3.2314,0
MRC001786,2026-05-31,4,0,1,1,1798,6,1,3,6,1216.5,1971.32,657.11,3,1.3332,2.4684,0
MRC001787,2026-05-31,5,1,1,1,1038,0,1,8,20,566.44,8281.52,1035.19,7,0.5,0.2736,0
MRC001788,2026-05-31,5,0,1,1,1325,1,4,17,39,4333.63,17123.64,1007.27,14,0.9412,1.0123,0
MRC001789,2026-05-31,2,1,0,0,2279,34,0,0,3,0,0,0.0,0,0.0,0.0,0
MRC001790,2026-05-31,0,0,0,1,709,7,0,3,12,0,4680.37,1560.12,3,0.0,0.0,0
MRC001791,2026-05-31,0,0,1,1,1678,0,2,4,10,504.65,5027.31,1256.83,4,1.9998,0.4015,0
MRC001792,2026-05-31,0,1,1,0,1896,13,0,5,15,0,11722.34,2344.47,5,0.0,0.0,0
MRC001793,2026-05-31,2,0,1,1,1215,0,4,39,80,5117.71,53179.29,1363.57,20,0.4103,0.3849,0
MRC001794,2026-05-31,0,1,0,0,2057,0,4,13,25,3608.09,16770.03,1290.0,11,1.2307,0.8606,0
MRC001795,2026-05-31,2,0,1,1,1100,0,1,4,8,998.99,2552.53,638.13,4,0.9999,1.5655,0
MRC001796,2026-05-31,5,2,1,1,1992,5,2,9,15,4450.83,14581.29,1620.14,8,0.8888,1.221,0
MRC001797,2026-05-31,3,0,1,1,1572,0,3,18,27,4135.64,29142.54,1619.03,14,0.6667,0.5676,0
MRC001798,2026-05-31,5,1,1,1,277,1,13,39,89,22626.09,68025.08,1744.23,21,1.3333,1.3305,0
MRC001799,2026-05-31,0,2,1,1,1964,72,0,0,0,0,0,0.0,0,0.0,0.0,0
MRC001800,2026-05-31,4,1,1,0,1690,1,2,5,11,1047.01,5724.41,1144.88,4,1.5999,0.7316,0
MRC001801,2026-05-31,5,0,1,1,650,43,0,0,1,0,0,0.0,0,0.0,0.0,0
MRC001802,2026-05-31,2,1,1,1,1703,0,4,12,20,5088.23,10241.38,853.45,10,1.3333,1.9873,0
MRC001803,2026-05-31,5,0,1,1,1282,1,3,10,14,4382.24,17022.97,1702.3,9,1.2,1.0297,0
MRC001804,2026-05-31,5,1,1,1,2225,9,0,4,9,0,6433.13,1608.28,4,0.0,0.0,1
MRC001805,2026-05-31,3,1,1,0,830,22,0,1,2,0,589.33,589.33,1,0.0,0.0,0
MRC001806,2026-05-31,2,1,1,1,740,7,0,2,10,0,3538.88,1769.44,2,0.0,0.0,0
MRC001807,2026-05-31,3,2,1,1,292,0,3,4,7,5745.95,6617.41,1654.35,4,2.9997,3.4732,0
MRC001808,2026-05-31,0,0,0,1,1883,14,0,2,6,0,855.56,427.78,2,0.0,0.0,0
MRC001809,2026-05-31,0,0,1,1,2317,4,2,3,7,671.98,1699.15,566.38,3,2.6663,1.5819,0
MRC001810,2026-05-31,0,1,1,1,1670,17,0,2,3,0,369.32,184.66,2,0.0,0.0,0
MRC001811,2026-05-31,5,1,1,0,971,27,0,1,5,0,570.74,570.74,1,0.0,0.0,0
MRC001812,2026-05-31,5,0,1,1,2085,12,0,1,2,0,1031.74,1031.74,1,0.0,0.0,1
MRC001813,2026-05-31,2,1,1,1,718,1,1,6,13,2465.61,12399.1,2066.52,6,0.6666,0.7954,0
MRC001814,2026-05-31,4,1,1,1,1679,2,2,2,3,1013.03,1013.03,506.51,2,3.9992,4.0,0
MRC001815,2026-05-31,5,2,0,1,1469,41,0,0,1,0,0,0.0,0,0.0,0.0,1
MRC001816,2026-05-31,5,1,1,1,2027,1,2,8,9,2777.84,6814.2,851.77,8,1.0,1.6306,0
MRC001817,2026-05-31,2,0,1,1,2288,14,0,3,7,0,3555.11,1185.04,3,0.0,0.0,0
MRC001818,2026-05-31,2,0,1,1,950,0,7,29,47,11580.57,46712.93,1610.79,19,0.9655,0.9916,0
MRC001819,2026-05-31,5,1,1,1,373,4,2,5,11,1104.16,10830.63,2166.13,4,1.5999,0.4078,0
MRC001820,2026-05-31,5,0,1,1,509,9,0,2,4,0,4010.95,2005.47,2,0.0,0.0,0
MRC001821,2026-05-31,5,0,1,1,1780,0,2,12,28,6520.0,24628.62,2052.38,12,0.6666,1.0589,0
MRC001822,2026-05-31,2,0,1,1,958,31,0,0,1,0,0,0.0,0,0.0,0.0,0
MRC001823,2026-05-31,0,1,1,1,470,20,0,2,3,0,9676.33,4838.16,2,0.0,0.0,0
MRC001824,2026-05-31,5,2,0,1,1945,10,0,6,15,0,4672.88,778.81,4,0.0,0.0,0
MRC001825,2026-05-31,2,0,1,1,1582,1,1,12,29,256.88,66336.4,5528.03,8,0.3333,0.0155,0
MRC001826,2026-05-31,5,0,0,1,452,2,5,28,54,7117.34,54056.29,1930.58,17,0.7143,0.5267,0
MRC001827,2026-05-31,0,1,1,1,1723,8,0,8,20,0,6731.07,841.38,6,0.0,0.0,0
MRC001828,2026-05-31,5,0,1,0,1558,12,0,1,2,0,1269.45,1269.45,1,0.0,0.0,0
MRC001829,2026-05-31,5,3,1,1,2316,9,0,3,8,0,3482.01,1160.67,3,0.0,0.0,0
MRC001830,2026-05-31,5,1,1,1,2322,9,0,2,3,0,10079.88,5039.94,2,0.0,0.0,0
MRC001831,2026-05-31,5,1,1,1,2296,13,0,2,3,0,2555.77,1277.88,2,0.0,0.0,1
MRC001832,2026-05-31,5,2,1,1,2120,12,0,5,7,0,4701.9,940.38,4,0.0,0.0,0
MRC001833,2026-05-31,0,1,0,1,1898,1,5,21,46,5308.84,38210.02,1819.52,18,0.9524,0.5558,0
MRC001834,2026-05-31,2,0,1,1,1631,1,1,4,14,1460.42,3103.45,775.86,4,0.9999,1.8823,0
MRC001835,2026-05-31,0,1,1,1,1355,3,4,26,51,4642.01,41715.75,1604.45,18,0.6154,0.4451,0
MRC001836,2026-05-31,5,1,1,1,1896,30,0,0,3,0,0,0.0,0,0.0,0.0,0
MRC001837,2026-05-31,5,1,1,1,2275,19,0,1,3,0,591.06,591.06,1,0.0,0.0,0
MRC001838,2026-05-31,0,3,1,1,419,20,0,4,8,0,3566.5,891.62,4,0.0,0.0,0
MRC001839,2026-05-31,0,0,0,1,463,9,0,4,9,0,4300.48,1075.12,4,0.0,0.0,0
MRC001840,2026-05-31,2,1,1,1,1254,5,1,5,9,53.98,9319.21,1863.84,5,0.7999,0.0232,0
MRC001841,2026-05-31,4,0,0,1,806,2,3,8,17,1328.19,5567.44,695.93,8,1.4999,0.9543,0
MRC001842,2026-05-31,5,0,1,1,1327,1,2,12,18,7100.5,17996.29,1499.69,10,0.6666,1.5782,0
MRC001843,2026-05-31,0,1,1,1,845,7,0,1,1,0,765.6,765.6,1,0.0,0.0,1
MRC001844,2026-05-31,5,1,1,0,1875,0,2,5,12,5214.12,6425.63,1285.13,5,1.5999,3.2458,0
MRC001845,2026-05-31,3,1,0,1,2127,14,0,6,13,0,13145.65,2190.94,6,0.0,0.0,0
MRC001846,2026-05-31,2,0,1,1,782,1,1,4,7,6022.96,9390.09,2347.52,4,0.9999,2.5657,0
MRC001847,2026-05-31,0,0,1,1,1852,48,0,0,1,0,0,0.0,0,0.0,0.0,1
MRC001848,2026-05-31,5,1,1,1,397,4,1,2,7,195.9,735.79,367.89,2,1.9996,1.065,0
MRC001849,2026-05-31,5,1,1,1,1905,0,2,6,15,234.6,7390.67,1231.78,5,1.3332,0.127,0
MRC001850,2026-05-31,5,1,1,1,1690,8,0,1,2,0,2719.59,2719.59,1,0.0,0.0,0
MRC001851,2026-05-31,2,1,0,1,1717,5,1,8,19,5915.05,39611.28,4951.41,7,0.5,0.5973,0
MRC001852,2026-05-31,5,2,1,1,1241,0,3,8,15,5035.56,27135.17,3391.9,7,1.4999,0.7423,0
MRC001853,2026-05-31,5,1,0,1,398,2,1,3,7,1204.76,5659.64,1886.55,3,1.3332,0.8515,0
MRC001854,2026-05-31,5,0,1,1,2005,6,1,3,6,1912.46,2046.69,682.23,3,1.3332,3.7377,0
MRC001855,2026-05-31,5,1,1,1,404,13,0,3,7,0,3189.53,1063.18,3,0.0,0.0,0
MRC001856,2026-05-31,5,1,0,1,1217,2,1,6,8,1977.28,10009.91,1668.32,5,0.6666,0.7901,1
MRC001857,2026-05-31,2,2,0,1,545,149,0,0,0,0,0,0.0,0,0.0,0.0,0
MRC001858,2026-05-31,5,1,1,1,2014,0,1,1,2,1846.57,1846.57,1846.57,1,3.9984,4.0,0
MRC001859,2026-05-31,2,1,1,1,1419,11,0,3,8,0,5554.05,1851.35,3,0.0,0.0,0
MRC001860,2026-05-31,5,1,1,1,1274,0,7,18,34,5867.73,18172.88,1009.6,14,1.5555,1.2915,0
MRC001861,2026-05-31,5,1,1,1,858,0,8,16,23,11916.59,20399.77,1274.99,15,2.0,2.3366,0
MRC001862,2026-05-31,5,2,1,1,1875,6,1,7,25,2918.15,17207.15,2458.16,6,0.5714,0.6784,0
MRC001863,2026-05-31,3,2,1,1,623,9,0,1,1,0,7101.57,7101.57,1,0.0,0.0,0
MRC001864,2026-05-31,5,0,1,1,1739,5,1,2,2,426.43,1640.35,820.18,2,1.9996,1.0399,1
MRC001865,2026-05-31,5,0,1,1,2282,2,3,19,45,5798.7,37509.83,1974.2,13,0.6316,0.6184,0
MRC001866,2026-05-31,5,1,1,0,746,12,0,2,3,0,5877.49,2938.74,2,0.0,0.0,0
MRC001867,2026-05-31,5,1,0,1,1663,42,0,0,3,0,0,0.0,0,0.0,0.0,1
MRC001868,2026-05-31,0,2,1,1,841,15,0,1,3,0,3255.84,3255.84,1,0.0,0.0,0
MRC001869,2026-05-31,2,0,1,0,2196,0,6,30,63,7138.77,46058.16,1535.27,19,0.8,0.62,0
MRC001870,2026-05-31,5,2,1,0,2129,1,1,3,4,1268.42,2887.37,962.46,3,1.3332,1.7572,0
MRC001871,2026-05-31,5,1,1,1,850,3,2,5,11,1136.76,2648.5,529.7,5,1.5999,1.7168,0
MRC001872,2026-05-31,5,0,0,1,669,24,0,1,5,0,1113.01,1113.01,1,0.0,0.0,0
MRC001873,2026-05-31,5,0,1,0,345,48,0,0,1,0,0,0.0,0,0.0,0.0,1
MRC001874,2026-05-31,2,1,1,1,1689,10,0,4,4,0,2290.44,572.61,2,0.0,0.0,0
MRC001875,2026-05-31,2,0,1,1,2174,0,1,1,3,3665.65,3665.65,3665.65,1,3.9984,4.0,0
MRC001876,2026-05-31,5,1,1,0,482,0,1,2,10,1167.94,1374.62,687.31,2,1.9996,3.3986,0
MRC001877,2026-05-31,2,1,1,1,1948,2,4,18,38,3762.94,20520.17,1140.01,12,0.8889,0.7335,0
MRC001878,2026-05-31,5,1,1,0,1815,17,0,2,3,0,1707.96,853.98,2,0.0,0.0,0
MRC001879,2026-05-31,5,0,0,0,1196,27,0,1,1,0,5520.16,5520.16,1,0.0,0.0,0
MRC001880,2026-05-31,5,3,1,1,652,0,10,42,92,13142.72,62268.97,1482.59,25,0.9524,0.8443,0
MRC001881,2026-05-31,2,1,1,1,1591,39,0,0,1,0,0,0.0,0,0.0,0.0,0
MRC001882,2026-05-31,5,1,0,1,1463,59,0,0,1,0,0,0.0,0,0.0,0.0,1
MRC001883,2026-05-31,0,1,0,1,1938,6,1,14,23,3113.41,27589.99,1970.71,12,0.2857,0.4514,0
MRC001884,2026-05-31,0,1,0,1,1397,2,1,3,4,328.36,2367.75,789.25,3,1.3332,0.5547,0
MRC001885,2026-05-31,2,2,1,1,271,16,0,1,4,0,331.83,331.83,1,0.0,0.0,0
MRC001886,2026-05-31,0,1,0,1,609,1,10,34,61,14890.46,44668.15,1313.77,19,1.1765,1.3334,0
MRC001887,2026-05-31,5,1,1,1,996,55,0,0,1,0,0,0.0,0,0.0,0.0,1
MRC001888,2026-05-31,5,0,1,1,1238,4,1,1,4,1021.24,1021.24,1021.24,1,3.9984,4.0,0
MRC001889,2026-05-31,0,0,1,1,929,23,0,1,2,0,1400.01,1400.01,1,0.0,0.0,1
MRC001890,2026-05-31,5,1,0,1,2086,4,1,6,11,1878.32,12835.66,2139.28,6,0.6666,0.5853,0
MRC001891,2026-05-31,3,0,1,1,779,0,2,3,4,1372.77,2707.89,902.63,3,2.6663,2.0278,0
MRC001892,2026-05-31,5,1,1,1,1651,37,0,0,1,0,0,0.0,0,0.0,0.0,0
MRC001893,2026-05-31,5,2,1,1,954,9,0,7,15,0,17438.32,2491.19,6,0.0,0.0,0
MRC001894,2026-05-31,5,1,1,1,2333,2,2,3,11,1444.1,1493.34,497.78,3,2.6663,3.8681,0
MRC001895,2026-05-31,0,0,1,1,2166,19,0,2,3,0,1566.18,783.09,2,0.0,0.0,0
MRC001896,2026-05-31,0,1,1,1,1879,20,0,1,2,0,1053.36,1053.36,1,0.0,0.0,0
MRC001897,2026-05-31,5,0,1,1,1836,18,0,2,9,0,4828.06,2414.03,2,0.0,0.0,0
MRC001898,2026-05-31,5,1,1,0,1570,77,0,0,0,0,0,0.0,0,0.0,0.0,1
MRC001899,2026-05-31,5,1,1,1,1448,6,1,3,7,554.65,2798.48,932.83,3,1.3332,0.7928,0
MRC001900,2026-05-31,2,1,1,1,1395,0,4,11,23,1199.81,12506.05,1136.91,10,1.4545,0.3838,0
MRC001901,2026-05-31,0,1,1,1,223,4,1,7,16,2004.39,10940.14,1562.88,6,0.5714,0.7329,0
MRC001902,2026-05-31,5,1,1,1,2213,6,1,3,3,245.7,17362.04,5787.35,3,1.3332,0.0566,0
MRC001903,2026-05-31,2,0,1,1,2309,5,1,2,5,883.54,2396.99,1198.49,2,1.9996,1.4744,0
MRC001904,2026-05-31,5,0,1,1,1316,34,0,0,2,0,0,0.0,0,0.0,0.0,1
MRC001905,2026-05-31,5,1,1,1,2067,2,3,6,13,10378.55,13904.82,2317.47,6,1.9999,2.9856,0
MRC001906,2026-05-31,4,2,1,1,1044,29,0,1,4,0,894.37,894.37,1,0.0,0.0,0
MRC001907,2026-05-31,0,0,1,1,410,3,1,1,2,142.3,142.3,142.3,1,3.9984,4.0,0
MRC001908,2026-05-31,2,0,1,1,1988,2,3,9,14,11451.02,15638.11,1737.57,7,1.3333,2.929,0
MRC001909,2026-05-31,2,0,1,1,1278,80,0,0,0,0,0,0.0,0,0.0,0.0,1
MRC001910,2026-05-31,5,1,0,1,2219,21,0,1,1,0,2272.26,2272.26,1,0.0,0.0,1
MRC001911,2026-05-31,5,0,1,1,630,7,0,1,1,0,203.73,203.73,1,0.0,0.0,0
MRC001912,2026-05-31,4,1,1,1,1211,15,0,1,2,0,383.76,383.76,1,0.0,0.0,0
MRC001913,2026-05-31,3,0,1,1,1623,1,3,11,24,5063.28,10807.13,982.47,10,1.0909,1.8741,0
MRC001914,2026-05-31,0,1,1,1,464,1,4,9,13,3182.49,12847.67,1427.52,8,1.7777,0.9908,0
MRC001915,2026-05-31,4,0,1,1,2342,0,1,3,7,1060.6,2022.37,674.12,3,1.3332,2.0977,0
MRC001916,2026-05-31,5,1,1,1,1494,3,2,2,3,4144.78,4144.78,2072.39,2,3.9992,4.0,0
MRC001917,2026-05-31,5,0,0,1,540,4,1,1,3,2278.36,2278.36,2278.36,1,3.9984,4.0,0
MRC001918,2026-05-31,5,1,1,1,1783,6,1,4,15,1514.64,7035.38,1758.85,4,0.9999,0.8612,0
MRC001919,2026-05-31,0,2,1,1,2084,24,0,1,1,0,337.9,337.9,1,0.0,0.0,1
MRC001920,2026-05-31,3,0,1,1,981,3,1,8,17,983.3,5254.5,656.81,8,0.5,0.7485,0
MRC001921,2026-05-31,5,2,1,1,1497,29,0,1,3,0,239.03,239.03,1,0.0,0.0,0
MRC001922,2026-05-31,5,0,1,1,1799,6,2,3,8,2437.85,3485.03,1161.68,2,2.6663,2.7981,0
MRC001923,2026-05-31,5,1,1,1,482,0,3,8,16,3907.32,10597.96,1324.74,7,1.4999,1.4747,0
MRC001924,2026-05-31,5,1,1,1,1325,2,3,8,15,10784.06,29765.95,3720.74,8,1.4999,1.4492,0
MRC001925,2026-05-31,0,0,0,1,1386,1,6,14,26,7881.72,24052.77,1718.06,12,1.7142,1.3107,0
MRC001926,2026-05-31,5,1,1,1,823,92,0,0,0,0,0,0.0,0,0.0,0.0,1
MRC001927,2026-05-31,5,0,1,1,819,2,2,11,20,2369.27,8992.55,817.5,8,0.7272,1.0539,0
MRC001928,2026-05-31,2,1,1,1,1540,5,1,2,8,192.35,483.37,241.69,2,1.9996,1.5917,0
MRC001929,2026-05-31,5,1,1,1,1807,28,0,1,1,0,271.28,271.28,1,0.0,0.0,0
MRC001930,2026-05-31,3,2,1,1,1014,0,12,24,49,11725.63,35185.18,1466.05,17,2.0,1.333,0
MRC001931,2026-05-31,5,0,1,1,485,7,0,6,14,0,5893.79,982.3,6,0.0,0.0,0
MRC001932,2026-05-31,0,2,1,1,1884,8,0,2,4,0,916.77,458.38,1,0.0,0.0,0
MRC001933,2026-05-31,5,0,0,1,544,4,3,9,19,5905.89,19526.01,2169.56,8,1.3333,1.2099,0
MRC001934,2026-05-31,2,1,1,1,171,21,0,3,10,0,6109.81,2036.6,3,0.0,0.0,0
MRC001935,2026-05-31,5,0,1,1,869,25,0,1,4,0,501.69,501.69,1,0.0,0.0,0
MRC001936,2026-05-31,3,0,1,1,1952,32,0,0,1,0,0,0.0,0,0.0,0.0,0
MRC001937,2026-05-31,4,0,1,1,1818,0,3,3,7,5729.64,5729.64,1909.88,2,3.9995,4.0,0
MRC001938,2026-05-31,5,1,1,1,834,0,1,1,2,10391.07,10391.07,10391.07,1,3.9984,4.0,0
MRC001939,2026-05-31,5,0,1,1,1299,4,1,5,6,229.29,2114.35,422.87,4,0.7999,0.4338,0
MRC001940,2026-05-31,5,1,1,1,2261,4,4,9,14,19281.53,24800.91,2755.66,7,1.7777,3.1098,0
MRC001941,2026-05-31,5,3,1,0,1735,1,1,7,12,2564.73,10169.35,1452.76,7,0.5714,1.0088,0
MRC001942,2026-05-31,5,0,1,0,1823,1,11,27,47,22634.77,37113.33,1374.57,17,1.6296,2.4395,0
MRC001943,2026-05-31,5,0,1,1,356,9,0,3,7,0,4928.91,1642.97,3,0.0,0.0,0
MRC001944,2026-05-31,5,0,0,1,691,0,2,14,20,775.34,16354.08,1168.15,12,0.5714,0.1896,0
MRC001945,2026-05-31,0,0,1,1,392,1,3,15,21,3881.22,28460.76,1897.38,14,0.8,0.5455,0
MRC001946,2026-05-31,5,1,1,1,2303,0,5,15,24,8990.75,20497.9,1366.53,12,1.3333,1.7545,0
MRC001947,2026-05-31,5,1,1,1,912,0,4,25,51,11149.55,31842.74,1273.71,21,0.64,1.4006,0
MRC001948,2026-05-31,5,0,1,1,1256,93,0,0,0,0,0,0.0,0,0.0,0.0,1
MRC001949,2026-05-31,2,0,0,1,1370,0,4,8,13,2656.8,8595.63,1074.45,7,1.9999,1.2363,0
MRC001950,2026-05-31,2,1,1,1,1307,0,1,4,10,950.51,3066.26,766.56,4,0.9999,1.24,0
MRC001951,2026-05-31,0,0,1,1,278,1,1,7,10,746.53,10749.57,1535.65,5,0.5714,0.2778,0
MRC001952,2026-05-31,5,1,1,1,2152,11,0,3,6,0,4992.72,1664.24,3,0.0,0.0,0
MRC001953,2026-05-31,2,2,1,1,996,4,1,1,3,1374.12,1374.12,1374.12,1,3.9984,4.0,0
MRC001954,2026-05-31,4,0,0,1,2171,8,0,2,2,0,1174.51,587.25,1,0.0,0.0,0
MRC001955,2026-05-31,4,1,1,1,1836,14,0,4,5,0,16507.42,4126.86,4,0.0,0.0,0
MRC001956,2026-05-31,5,2,1,1,1687,1,3,9,18,882.98,7768.79,863.2,6,1.3333,0.4546,0
MRC001957,2026-05-31,2,1,1,1,1700,0,1,2,5,234.17,1645.46,822.73,2,1.9996,0.5693,0
MRC001958,2026-05-31,5,1,0,1,2302,9,0,1,3,0,409.51,409.51,1,0.0,0.0,0
MRC001959,2026-05-31,0,1,0,1,827,29,0,1,3,0,2742.98,2742.98,1,0.0,0.0,1
MRC001960,2026-05-31,5,1,1,1,883,67,0,0,0,0,0,0.0,0,0.0,0.0,1
MRC001961,2026-05-31,0,1,1,1,1630,26,0,1,4,0,265.36,265.36,1,0.0,0.0,0
MRC001962,2026-05-31,3,1,1,1,672,4,1,2,6,4223.76,4528.89,2264.45,2,1.9996,3.7305,0
MRC001963,2026-05-31,3,1,0,1,1921,1,2,7,24,5092.54,8630.82,1232.97,7,1.1428,2.3602,0
MRC001964,2026-05-31,5,1,1,1,228,2,1,2,2,874.73,1385.02,692.51,2,1.9996,2.5263,1
MRC001965,2026-05-31,5,1,1,1,2125,12,0,4,7,0,5947.0,1486.75,4,0.0,0.0,0
MRC001966,2026-05-31,3,2,1,1,921,1,4,12,25,7797.81,12042.21,1003.52,12,1.3333,2.5902,0
MRC001967,2026-05-31,0,0,1,1,174,6,1,1,2,1886.94,1886.94,1886.94,1,3.9984,4.0,0
MRC001968,2026-05-31,5,0,1,1,1481,2,2,9,18,9863.69,15543.86,1727.1,8,0.8888,2.5383,0
MRC001969,2026-05-31,2,0,0,1,766,2,1,2,3,713.1,4070.91,2035.45,2,1.9996,0.7007,0
MRC001970,2026-05-31,5,0,1,1,832,2,2,7,15,3157.53,10070.28,1438.61,7,1.1428,1.2542,0
MRC001971,2026-05-31,5,1,1,1,1216,15,0,4,8,0,7929.46,1982.37,4,0.0,0.0,0
MRC001972,2026-05-31,5,0,1,1,1431,1,1,9,13,1392.18,10488.94,1165.44,8,0.4444,0.5309,0
MRC001973,2026-05-31,5,1,0,1,462,3,3,16,33,3963.08,25422.68,1588.92,11,0.75,0.6236,0
MRC001974,2026-05-31,4,1,1,1,270,5,1,2,4,918.26,3517.18,1758.59,2,1.9996,1.0443,0
MRC001975,2026-05-31,4,0,1,1,1173,5,1,8,16,488.3,8788.34,1098.54,6,0.5,0.2222,0
MRC001976,2026-05-31,0,0,1,1,938,2,1,3,4,1226.93,7409.47,2469.82,3,1.3332,0.6624,0
MRC001977,2026-05-31,3,1,1,1,1436,3,1,1,1,370.36,370.36,370.36,1,3.9984,4.0,1
MRC001978,2026-05-31,5,1,1,1,1799,5,1,5,8,228.52,5035.67,1007.13,5,0.7999,0.1815,0
MRC001979,2026-05-31,5,1,1,0,1507,4,2,5,5,988.38,7096.54,1419.31,4,1.5999,0.5571,0
MRC001980,2026-05-31,5,0,1,1,392,6,1,1,2,551.98,551.98,551.98,1,3.9984,4.0,0
MRC001981,2026-05-31,0,0,1,1,2341,0,3,6,14,717.36,4626.79,771.13,6,1.9999,0.6202,0
MRC001982,2026-05-31,5,0,1,1,1726,14,0,3,11,0,4677.05,1559.02,3,0.0,0.0,0
MRC001983,2026-05-31,0,0,0,0,272,3,2,9,18,487.63,12208.65,1356.52,8,0.8888,0.1598,0
MRC001984,2026-05-31,2,3,1,0,1832,2,3,9,24,5390.23,15028.46,1669.83,9,1.3333,1.4347,0
MRC001985,2026-05-31,5,0,1,1,2089,0,1,9,16,955.76,20867.01,2318.56,9,0.4444,0.1832,0
MRC001986,2026-05-31,2,0,1,1,1407,0,2,3,4,3318.92,3532.88,1177.63,3,2.6663,3.7577,0
MRC001987,2026-05-31,0,2,1,1,1983,5,1,1,4,3858.2,3858.2,3858.2,1,3.9984,4.0,0
MRC001988,2026-05-31,4,1,1,1,2101,4,1,9,15,270.25,10148.27,1127.59,8,0.4444,0.1065,0
MRC001989,2026-05-31,5,1,1,1,2271,6,1,4,13,965.33,3664.85,916.21,4,0.9999,1.0536,0
MRC001990,2026-05-31,0,1,1,0,2250,6,1,4,6,1738.29,8360.25,2090.06,4,0.9999,0.8317,0
MRC001991,2026-05-31,5,2,0,1,588,13,0,2,6,0,394.79,197.4,2,0.0,0.0,0
MRC001992,2026-05-31,5,0,1,1,240,19,0,1,2,0,1887.2,1887.2,1,0.0,0.0,0
MRC001993,2026-05-31,2,0,0,1,1589,6,1,5,7,384.64,3123.23,624.65,4,0.7999,0.4926,0
MRC001994,2026-05-31,4,2,1,1,1648,76,0,0,0,0,0,0.0,0,0.0,0.0,0
MRC001995,2026-05-31,5,1,1,1,1408,180,0,0,0,0,0,0.0,0,0.0,0.0,1
MRC001996,2026-05-31,2,3,1,1,683,7,0,7,13,0,11195.16,1599.31,7,0.0,0.0,0
MRC001997,2026-05-31,5,0,1,1,2238,21,0,2,4,0,1570.94,785.47,2,0.0,0.0,0
MRC001998,2026-05-31,5,2,0,1,1056,14,0,5,10,0,5053.89,1010.78,5,0.0,0.0,0
MRC001999,2026-05-31,0,0,0,1,1785,0,4,16,33,7136.3,26042.34,1627.65,13,1.0,1.0961,0
MRC002000,2026-05-31,5,1,1,1,1526,13,0,1,1,0,1368.82,1368.82,1,0.0,0.0,1
MRC002001,2026-05-31,3,2,1,1,2121,12,0,1,1,0,283.13,283.13,1,0.0,0.0,1
MRC002002,2026-05-31,5,0,1,1,1721,2,1,5,6,485.08,6618.6,1323.72,4,0.7999,0.2932,0
MRC002003,2026-05-31,5,0,1,0,1551,48,0,0,3,0,0,0.0,0,0.0,0.0,0
MRC002004,2026-05-31,5,1,1,1,2000,2,2,6,9,3233.62,6051.55,1008.59,6,1.3332,2.1374,0
MRC002005,2026-05-31,5,2,1,1,283,1,2,5,11,4413.55,12654.49,2530.9,5,1.5999,1.3951,0
MRC002006,2026-05-31,5,0,1,1,1706,10,0,9,14,0,8889.97,987.77,9,0.0,0.0,0
MRC002007,2026-05-31,3,2,1,1,1445,10,0,2,8,0,2826.52,1413.26,2,0.0,0.0,0
MRC002008,2026-05-31,5,0,1,1,1863,0,2,5,14,615.49,1903.24,380.65,3,1.5999,1.2936,0
MRC002009,2026-05-31,4,1,1,1,654,2,3,11,16,2544.2,15559.54,1414.5,9,1.0909,0.6541,0
MRC002010,2026-05-31,5,0,0,1,1473,13,0,2,8,0,969.32,484.66,2,0.0,0.0,1
MRC002011,2026-05-31,5,2,1,1,785,2,4,8,14,729.06,4020.82,502.6,6,1.9999,0.7253,0
MRC002012,2026-05-31,4,0,1,1,420,32,0,0,2,0,0,0.0,0,0.0,0.0,1
MRC002013,2026-05-31,5,1,1,0,1422,1,3,13,18,3502.74,16379.9,1259.99,9,0.923,0.8554,0
MRC002014,2026-05-31,5,0,1,0,211,8,0,2,6,0,1349.76,674.88,2,0.0,0.0,0
MRC002015,2026-05-31,5,2,1,1,368,18,0,2,3,0,2333.6,1166.8,2,0.0,0.0,1
MRC002016,2026-05-31,5,1,1,1,1322,6,1,1,1,660.02,660.02,660.02,1,3.9984,4.0,0
MRC002017,2026-05-31,0,0,1,1,2128,2,2,5,21,1360.03,6044.08,1208.82,5,1.5999,0.9001,0
MRC002018,2026-05-31,0,0,1,1,1728,0,1,1,4,802.96,802.96,802.96,1,3.9984,4.0,0
MRC002019,2026-05-31,2,1,1,1,198,7,0,4,10,0,3595.54,898.88,2,0.0,0.0,0
MRC002020,2026-05-31,5,1,1,1,402,2,3,8,14,637.61,10461.15,1307.64,7,1.4999,0.2438,0
MRC002021,2026-05-31,2,2,1,0,1106,1,1,1,3,1953.28,1953.28,1953.28,1,3.9984,4.0,0
MRC002022,2026-05-31,5,1,1,1,1103,11,0,3,4,0,4210.98,1403.66,3,0.0,0.0,0
MRC002023,2026-05-31,4,1,1,1,252,16,0,2,5,0,1234.84,617.42,2,0.0,0.0,0
MRC002024,2026-05-31,4,1,1,1,724,31,0,0,1,0,0,0.0,0,0.0,0.0,1
MRC002025,2026-05-31,5,1,1,1,442,5,2,4,5,2780.89,9353.13,2338.28,4,1.9998,1.1893,0
MRC002026,2026-05-31,0,0,1,1,1404,27,0,1,3,0,3960.52,3960.52,1,0.0,0.0,1
MRC002027,2026-05-31,5,0,1,1,1603,7,0,1,6,0,2658.59,2658.59,1,0.0,0.0,0
MRC002028,2026-05-31,2,0,1,1,1018,57,0,0,1,0,0,0.0,0,0.0,0.0,0
MRC002029,2026-05-31,5,1,1,0,1413,12,0,5,6,0,9104.89,1820.98,4,0.0,0.0,0
MRC002030,2026-05-31,5,0,1,1,605,1,3,8,19,1337.03,8600.77,1075.1,7,1.4999,0.6218,0
MRC002031,2026-05-31,0,1,1,1,2025,1,3,10,23,3840.44,9854.55,985.46,8,1.2,1.5588,0
MRC002032,2026-05-31,0,0,0,0,174,12,0,3,4,0,12775.67,4258.56,3,0.0,0.0,1
MRC002033,2026-05-31,0,1,1,1,1267,28,0,1,2,0,234.78,234.78,1,0.0,0.0,1
MRC002034,2026-05-31,5,0,0,1,867,21,0,1,7,0,2114.56,2114.56,1,0.0,0.0,0
MRC002035,2026-05-31,5,1,1,1,1150,2,3,7,12,4061.3,15089.55,2155.65,7,1.7142,1.0766,0
MRC002036,2026-05-31,5,0,1,1,1292,0,1,1,1,1450.61,1450.61,1450.61,1,3.9984,4.0,0
MRC002037,2026-05-31,4,0,1,1,1576,9,0,1,4,0,222.52,222.52,1,0.0,0.0,0
MRC002038,2026-05-31,5,0,1,1,2195,1,1,3,9,1143.69,1913.9,637.97,3,1.3332,2.3903,0
MRC002039,2026-05-31,4,1,0,1,1391,105,0,0,0,0,0,0.0,0,0.0,0.0,0
MRC002040,2026-05-31,5,1,1,1,662,1,2,3,8,1287.51,3876.94,1292.31,3,2.6663,1.3284,0
MRC002041,2026-05-31,5,0,0,1,1310,1,1,9,18,441.51,9713.56,1079.28,7,0.4444,0.1818,0
MRC002042,2026-05-31,2,1,0,1,1284,15,0,2,5,0,651.23,325.62,1,0.0,0.0,1
MRC002043,2026-05-31,3,1,1,0,2054,13,0,2,3,0,1207.32,603.66,2,0.0,0.0,1
MRC002044,2026-05-31,4,1,0,1,1402,0,3,13,26,8208.13,23079.13,1775.32,11,0.923,1.4226,0
MRC002045,2026-05-31,2,1,1,1,2061,4,1,2,4,475.42,2262.86,1131.43,2,1.9996,0.8404,0
MRC002046,2026-05-31,5,0,1,1,1583,6,1,7,12,447.22,8931.22,1275.89,7,0.5714,0.2003,0
MRC002047,2026-05-31,5,1,1,1,1414,19,0,2,2,0,2288.36,1144.18,2,0.0,0.0,0
MRC002048,2026-05-31,5,1,1,1,882,47,0,0,1,0,0,0.0,0,0.0,0.0,0
MRC002049,2026-05-31,3,1,1,1,724,2,2,9,16,3206.98,22575.04,2508.34,9,0.8888,0.5682,0
MRC002050,2026-05-31,4,0,1,1,382,0,1,8,17,574.75,17434.13,2179.27,7,0.5,0.1319,0
MRC002051,2026-05-31,5,1,1,1,1362,49,0,0,1,0,0,0.0,0,0.0,0.0,1
MRC002052,2026-05-31,3,0,1,1,2178,8,0,2,5,0,1733.4,866.7,2,0.0,0.0,0
MRC002053,2026-05-31,0,1,0,1,192,32,0,0,2,0,0,0.0,0,0.0,0.0,0
MRC002054,2026-05-31,2,0,1,1,2246,43,0,0,1,0,0,0.0,0,0.0,0.0,0
MRC002055,2026-05-31,5,0,1,1,2042,34,0,0,6,0,0,0.0,0,0.0,0.0,0
MRC002056,2026-05-31,5,1,0,1,1122,3,2,9,15,1524.01,7937.65,881.96,8,0.8888,0.768,0
MRC002057,2026-05-31,4,2,1,1,850,55,0,0,1,0,0,0.0,0,0.0,0.0,0
MRC002058,2026-05-31,5,0,1,0,1433,9,0,14,19,0,12878.84,919.92,11,0.0,0.0,0
MRC002059,2026-05-31,2,1,0,1,2034,3,1,1,9,1198.0,1198.0,1198.0,1,3.9984,4.0,0
MRC002060,2026-05-31,4,1,1,1,228,0,4,15,27,3399.23,14612.55,974.17,13,1.0666,0.9305,0
MRC002061,2026-05-31,0,2,1,1,1146,3,2,9,15,3597.31,9589.37,1065.49,7,0.8888,1.5005,0
MRC002062,2026-05-31,5,1,1,1,268,0,3,7,13,6173.91,15551.6,2221.66,6,1.7142,1.588,0
MRC002063,2026-05-31,2,0,1,1,1572,1,4,20,46,3572.67,32259.61,1612.98,15,0.8,0.443,0
MRC002064,2026-05-31,5,0,1,1,332,20,0,1,4,0,347.1,347.1,1,0.0,0.0,0
MRC002065,2026-05-31,4,1,0,1,856,0,2,4,7,2006.48,3661.75,915.44,3,1.9998,2.1918,0
MRC002066,2026-05-31,5,0,1,1,1779,14,0,4,4,0,3330.62,832.65,4,0.0,0.0,0
MRC002067,2026-05-31,5,2,1,1,1808,33,0,0,1,0,0,0.0,0,0.0,0.0,0
MRC002068,2026-05-31,2,2,1,1,661,1,3,8,17,4587.45,9671.62,1208.95,7,1.4999,1.8973,0
MRC002069,2026-05-31,5,2,1,1,1285,2,1,6,18,1035.8,4417.47,736.25,6,0.6666,0.9379,0
MRC002070,2026-05-31,0,0,1,1,568,13,0,1,3,0,2981.55,2981.55,1,0.0,0.0,1
MRC002071,2026-05-31,0,1,1,1,1457,141,0,0,0,0,0,0.0,0,0.0,0.0,0
MRC002072,2026-05-31,5,1,1,1,183,11,0,5,6,0,30706.38,6141.28,5,0.0,0.0,0
MRC002073,2026-05-31,5,0,1,1,1943,4,2,3,5,4768.9,4838.18,1612.73,3,2.6663,3.9427,0
MRC002074,2026-05-31,4,0,1,1,215,5,1,6,6,929.83,6068.12,1011.35,6,0.6666,0.6129,0
MRC002075,2026-05-31,3,0,1,1,1494,3,3,8,17,4166.08,8106.98,1013.37,8,1.4999,2.0556,0
MRC002076,2026-05-31,2,0,1,0,1050,2,1,6,14,279.38,17265.16,2877.53,6,0.6666,0.0647,0
MRC002077,2026-05-31,3,2,0,1,653,6,1,5,11,228.0,7931.63,1586.33,5,0.7999,0.115,0
MRC002078,2026-05-31,5,2,1,0,1348,13,0,2,5,0,1977.73,988.87,2,0.0,0.0,0
MRC002079,2026-05-31,5,0,1,1,474,7,0,7,11,0,8149.69,1164.24,7,0.0,0.0,0
MRC002080,2026-05-31,5,1,1,1,1430,1,2,5,8,1072.44,1805.29,361.06,5,1.5999,2.3762,0
MRC002081,2026-05-31,5,0,1,1,1573,0,1,5,8,1666.1,8767.93,1753.59,5,0.7999,0.7601,1
MRC002082,2026-05-31,5,0,1,1,1165,37,0,0,4,0,0,0.0,0,0.0,0.0,0
MRC002083,2026-05-31,2,0,1,1,955,10,0,1,2,0,1360.4,1360.4,1,0.0,0.0,1
MRC002084,2026-05-31,4,1,1,1,1169,96,0,0,0,0,0,0.0,0,0.0,0.0,0
MRC002085,2026-05-31,5,1,1,1,2255,7,0,4,9,0,2665.78,666.44,4,0.0,0.0,0
MRC002086,2026-05-31,4,2,1,0,1810,29,0,1,5,0,550.86,550.86,1,0.0,0.0,1
MRC002087,2026-05-31,5,2,1,1,177,14,0,1,2,0,894.64,894.64,1,0.0,0.0,1
MRC002088,2026-05-31,0,0,0,1,797,56,0,0,1,0,0,0.0,0,0.0,0.0,0
MRC002089,2026-05-31,5,1,1,0,219,6,1,6,15,1266.91,8257.3,1376.22,6,0.6666,0.6137,0
MRC002090,2026-05-31,0,0,0,1,684,9,0,4,9,0,8892.66,2223.16,4,0.0,0.0,0
MRC002091,2026-05-31,5,0,1,1,1865,2,2,4,11,1681.55,4828.45,1207.11,4,1.9998,1.393,0
MRC002092,2026-05-31,5,1,1,1,2031,7,0,4,6,0,4748.61,1187.15,3,0.0,0.0,0
MRC002093,2026-05-31,0,0,0,1,1163,5,1,1,7,1748.14,1748.14,1748.14,1,3.9984,4.0,1
MRC002094,2026-05-31,5,0,1,1,1671,10,0,5,13,0,5443.52,1088.7,4,0.0,0.0,0
MRC002095,2026-05-31,5,0,1,1,974,0,1,4,7,639.31,3762.65,940.66,4,0.9999,0.6796,0
MRC002096,2026-05-31,2,0,1,0,1206,0,2,3,8,510.49,1419.67,473.22,3,2.6663,1.4383,0
MRC002097,2026-05-31,4,2,1,1,1976,1,4,14,25,7560.4,17434.79,1245.34,12,1.1428,1.7346,0
MRC002098,2026-05-31,5,0,0,1,766,2,2,5,18,10651.95,15543.89,3108.78,5,1.5999,2.7411,0
MRC002099,2026-05-31,5,1,0,1,860,7,0,2,5,0,1214.97,607.49,2,0.0,0.0,0
MRC002100,2026-05-31,2,3,1,0,463,30,0,0,3,0,0,0.0,0,0.0,0.0,0
MRC002101,2026-05-31,5,1,1,1,642,2,1,3,5,564.6,6543.33,2181.11,3,1.3332,0.3451,0
MRC002102,2026-05-31,4,1,1,1,246,106,0,0,0,0,0,0.0,0,0.0,0.0,1
MRC002103,2026-05-31,0,2,1,1,1947,8,0,7,17,0,7225.61,1032.23,6,0.0,0.0,0
MRC002104,2026-05-31,5,0,1,1,2027,9,0,3,3,0,2555.16,851.72,3,0.0,0.0,0
MRC002105,2026-05-31,0,0,1,1,1085,4,2,4,16,818.21,4355.36,1088.84,4,1.9998,0.7515,0
MRC002106,2026-05-31,4,1,1,1,1461,0,1,4,7,1151.15,11966.64,2991.66,4,0.9999,0.3848,0
MRC002107,2026-05-31,3,1,1,1,708,0,3,12,31,1601.28,35176.0,2931.33,9,1.0,0.1821,0
MRC002108,2026-05-31,4,1,1,1,265,1,5,7,13,3951.94,5570.01,795.72,6,2.857,2.838,0
MRC002109,2026-05-31,4,0,1,1,1291,2,4,8,19,3346.98,7104.91,888.11,7,1.9999,1.8843,0
MRC002110,2026-05-31,5,1,1,1,511,5,1,1,2,247.95,247.95,247.95,1,3.9984,4.0,0
MRC002111,2026-05-31,3,1,1,1,2018,80,0,0,0,0,0,0.0,0,0.0,0.0,0
MRC002112,2026-05-31,5,3,1,1,775,13,0,1,3,0,5513.05,5513.05,1,0.0,0.0,0
MRC002113,2026-05-31,5,0,1,1,1776,126,0,0,0,0,0,0.0,0,0.0,0.0,1
MRC002114,2026-05-31,5,0,1,0,739,16,0,2,4,0,3838.47,1919.23,2,0.0,0.0,0
MRC002115,2026-05-31,4,2,1,1,441,142,0,0,0,0,0,0.0,0,0.0,0.0,0
MRC002116,2026-05-31,5,1,1,1,1363,2,1,1,1,520.85,520.85,520.85,1,3.9984,4.0,0
MRC002117,2026-05-31,0,0,0,1,565,11,0,5,12,0,11225.45,2245.09,5,0.0,0.0,0
MRC002118,2026-05-31,4,0,1,1,1037,1,5,9,11,7147.96,21771.06,2419.01,7,2.2221,1.3133,0
MRC002119,2026-05-31,5,1,1,0,805,6,2,3,4,3338.67,3405.07,1135.02,2,2.6663,3.922,0
MRC002120,2026-05-31,5,1,1,1,2092,0,4,12,16,4462.74,18955.02,1579.59,10,1.3333,0.9418,0
MRC002121,2026-05-31,5,1,1,1,1264,6,1,3,5,951.1,5409.41,1803.14,3,1.3332,0.7033,0
MRC002122,2026-05-31,0,2,1,1,1736,0,9,42,85,10337.82,58046.08,1382.05,22,0.8571,0.7124,0
MRC002123,2026-05-31,0,0,1,1,1451,6,1,4,10,374.8,3702.43,925.61,4,0.9999,0.4049,0
MRC002124,2026-05-31,5,0,0,1,2154,1,1,1,5,218.08,218.08,218.08,1,3.9984,4.0,0
MRC002125,2026-05-31,5,1,1,1,1125,6,1,9,17,824.97,12392.55,1376.95,7,0.4444,0.2663,0
MRC002126,2026-05-31,5,2,1,1,2050,3,2,7,14,8341.14,20491.53,2927.36,7,1.1428,1.6282,0
MRC002127,2026-05-31,0,0,1,1,2127,16,0,1,1,0,310.01,310.01,1,0.0,0.0,0
MRC002128,2026-05-31,0,1,1,1,2178,58,0,0,2,0,0,0.0,0,0.0,0.0,0
MRC002129,2026-05-31,5,0,1,1,1685,9,0,1,1,0,221.99,221.99,1,0.0,0.0,0
MRC002130,2026-05-31,5,0,1,1,2306,3,2,3,3,3429.75,3757.71,1252.57,3,2.6663,3.6509,0
MRC002131,2026-05-31,0,2,1,0,1793,15,0,4,5,0,5843.25,1460.81,4,0.0,0.0,0
MRC002132,2026-05-31,0,0,1,1,846,28,0,1,2,0,3324.82,3324.82,1,0.0,0.0,1
MRC002133,2026-05-31,4,0,1,1,508,9,0,1,3,0,177.32,177.32,1,0.0,0.0,0
MRC002134,2026-05-31,0,1,1,1,623,8,0,4,6,0,5314.34,1328.59,4,0.0,0.0,0
MRC002135,2026-05-31,3,0,1,1,1418,8,0,5,8,0,2324.12,464.82,5,0.0,0.0,0
MRC002136,2026-05-31,0,1,1,1,525,5,2,5,8,3870.38,8340.43,1668.09,4,1.5999,1.8562,0
MRC002137,2026-05-31,5,1,0,1,684,3,1,5,8,2102.78,11155.4,2231.08,4,0.7999,0.754,0
MRC002138,2026-05-31,5,0,0,1,1537,1,2,18,29,3460.99,50011.51,2778.42,14,0.4444,0.2768,0
MRC002139,2026-05-31,5,1,1,1,892,2,4,9,15,6653.67,13821.44,1535.72,8,1.7777,1.9256,0
MRC002140,2026-05-31,5,0,1,1,1652,16,0,1,8,0,597.86,597.86,1,0.0,0.0,0
MRC002141,2026-05-31,4,0,1,1,2344,3,2,2,2,5527.09,5527.09,2763.55,2,3.9992,4.0,0
MRC002142,2026-05-31,0,1,1,1,356,15,0,2,4,0,1107.45,553.73,2,0.0,0.0,1
MRC002143,2026-05-31,2,0,1,0,1565,0,1,2,2,187.14,1371.55,685.78,2,1.9996,0.5458,0
MRC002144,2026-05-31,5,2,1,1,1959,0,3,4,11,5276.07,5845.58,1461.39,4,2.9997,3.6103,0
MRC002145,2026-05-31,0,2,0,1,471,2,1,4,9,2628.62,4802.33,1200.58,4,0.9999,2.1895,0
MRC002146,2026-05-31,2,2,1,1,1876,1,4,13,21,5960.73,26526.15,2040.47,13,1.2307,0.8988,0
MRC002147,2026-05-31,2,0,0,1,1273,6,1,3,9,677.26,3510.78,1170.26,3,1.3332,0.7716,0
MRC002148,2026-05-31,4,0,0,0,1538,1,2,10,19,3308.38,16165.46,1616.55,9,0.8,0.8186,0
MRC002149,2026-05-31,5,2,1,1,277,0,3,9,20,30179.71,38930.57,4325.62,9,1.3333,3.1009,0
MRC002150,2026-05-31,5,1,1,1,1116,16,0,1,1,0,968.87,968.87,1,0.0,0.0,0
MRC002151,2026-05-31,3,1,1,1,966,36,0,0,2,0,0,0.0,0,0.0,0.0,1
MRC002152,2026-05-31,5,2,0,1,500,1,2,5,6,5982.93,9838.79,1967.76,4,1.5999,2.4324,0
MRC002153,2026-05-31,0,0,1,1,1831,18,0,1,3,0,952.68,952.68,1,0.0,0.0,0
MRC002154,2026-05-31,0,0,1,1,1269,8,0,3,6,0,3059.43,1019.81,3,0.0,0.0,0
MRC002155,2026-05-31,2,1,1,1,2083,4,2,6,9,3239.29,8307.57,1384.6,6,1.3332,1.5597,1
MRC002156,2026-05-31,5,1,1,1,512,36,0,0,2,0,0,0.0,0,0.0,0.0,0
MRC002157,2026-05-31,5,0,1,1,1761,6,1,2,3,222.03,360.16,180.08,2,1.9996,2.4659,0
MRC002158,2026-05-31,0,1,0,1,1486,53,0,0,2,0,0,0.0,0,0.0,0.0,0
MRC002159,2026-05-31,5,1,0,1,1587,4,1,5,10,300.93,5128.17,1025.63,4,0.7999,0.2347,0
MRC002160,2026-05-31,2,0,1,1,842,0,2,7,12,871.94,3794.16,542.02,6,1.1428,0.9192,0
MRC002161,2026-05-31,2,0,0,1,1674,3,1,2,3,341.21,1440.33,720.16,2,1.9996,0.9476,0
MRC002162,2026-05-31,5,1,1,1,705,0,2,2,3,5597.01,5597.01,2798.5,2,3.9992,4.0,0
MRC002163,2026-05-31,5,1,0,1,1830,2,2,12,23,5762.76,12714.26,1059.52,8,0.6666,1.813,0
MRC002164,2026-05-31,5,2,1,1,1128,0,4,17,30,2482.05,23092.01,1358.35,12,0.9412,0.4299,0
MRC002165,2026-05-31,5,0,1,1,1212,10,0,3,7,0,2181.3,727.1,3,0.0,0.0,0
MRC002166,2026-05-31,0,2,1,0,1433,15,0,2,6,0,1009.47,504.74,2,0.0,0.0,0
MRC002167,2026-05-31,5,1,1,1,349,4,1,5,19,595.31,3281.73,656.35,5,0.7999,0.7256,0
MRC002168,2026-05-31,5,1,1,1,967,2,2,6,11,3528.45,6493.8,1082.3,5,1.3332,2.1734,0
MRC002169,2026-05-31,3,0,1,1,609,9,0,1,4,0,219.62,219.62,1,0.0,0.0,1
MRC002170,2026-05-31,2,0,1,1,2270,9,0,4,16,0,4232.38,1058.1,4,0.0,0.0,0
MRC002171,2026-05-31,5,1,1,1,1086,25,0,1,4,0,5234.03,5234.03,1,0.0,0.0,0
MRC002172,2026-05-31,0,0,1,1,177,24,0,1,4,0,569.69,569.69,1,0.0,0.0,0
MRC002173,2026-05-31,2,0,0,1,221,4,1,4,4,1359.39,4154.28,1038.57,3,0.9999,1.3089,0
MRC002174,2026-05-31,5,2,1,1,2159,15,0,3,7,0,518.64,172.88,1,0.0,0.0,0
MRC002175,2026-05-31,5,0,1,1,507,9,0,7,12,0,15254.36,2179.19,6,0.0,0.0,0
MRC002176,2026-05-31,5,2,0,1,166,0,4,13,23,3829.82,9685.95,745.07,8,1.2307,1.5816,0
MRC002177,2026-05-31,5,1,1,1,628,0,1,1,1,236.28,236.28,236.28,1,3.9984,4.0,1
MRC002178,2026-05-31,0,2,0,0,638,6,1,5,8,4457.34,5743.88,1148.78,5,0.7999,3.1041,0
MRC002179,2026-05-31,5,0,0,1,339,1,7,27,53,34455.26,63118.11,2337.71,18,1.037,2.1835,0
MRC002180,2026-05-31,5,1,0,0,2342,22,0,1,3,0,967.34,967.34,1,0.0,0.0,0
MRC002181,2026-05-31,5,1,1,1,294,2,2,2,2,415.14,415.14,207.57,2,3.9992,4.0,0
MRC002182,2026-05-31,2,2,1,1,1755,180,0,0,0,0,0,0.0,0,0.0,0.0,0
MRC002183,2026-05-31,5,0,1,1,1993,4,1,5,8,600.89,11065.68,2213.14,5,0.7999,0.2172,0
MRC002184,2026-05-31,5,0,1,1,1573,9,0,10,15,0,20177.18,2017.72,7,0.0,0.0,0
MRC002185,2026-05-31,5,2,1,1,454,0,1,4,15,600.94,4587.97,1146.99,3,0.9999,0.5239,0
MRC002186,2026-05-31,0,0,1,0,1751,35,0,0,1,0,0,0.0,0,0.0,0.0,0
MRC002187,2026-05-31,0,1,0,0,885,5,2,5,6,991.55,3515.22,703.04,5,1.5999,1.1283,0
MRC002188,2026-05-31,5,0,1,1,1057,11,0,3,6,0,4049.46,1349.82,3,0.0,0.0,0
MRC002189,2026-05-31,0,0,1,1,714,5,1,2,3,298.8,410.24,205.12,2,1.9996,2.9134,0
MRC002190,2026-05-31,5,1,1,1,1878,2,1,1,3,2070.32,2070.32,2070.32,1,3.9984,4.0,1
MRC002191,2026-05-31,2,1,0,1,1431,3,1,2,5,199.97,414.72,207.36,2,1.9996,1.9287,0
MRC002192,2026-05-31,3,1,1,1,503,9,0,2,6,0,1396.43,698.22,1,0.0,0.0,1
MRC002193,2026-05-31,0,1,1,1,1055,30,0,0,1,0,0,0.0,0,0.0,0.0,0
MRC002194,2026-05-31,0,1,1,1,1899,0,2,8,12,2327.36,7149.29,893.66,7,1.0,1.3021,0
MRC002195,2026-05-31,5,3,1,1,2213,24,0,1,4,0,251.51,251.51,1,0.0,0.0,0
MRC002196,2026-05-31,2,0,1,1,2217,4,2,5,8,2811.17,4842.28,968.46,5,1.5999,2.3222,0
MRC002197,2026-05-31,4,0,1,1,459,6,1,1,2,773.36,773.36,773.36,1,3.9984,4.0,0
MRC002198,2026-05-31,4,0,0,1,2039,4,2,5,7,3769.7,7719.05,1543.81,5,1.5999,1.9535,0
MRC002199,2026-05-31,4,1,1,1,1402,0,7,9,14,6190.58,11946.81,1327.42,6,3.111,2.0727,0
MRC002200,2026-05-31,5,0,0,1,1781,0,9,24,41,10669.75,31349.19,1306.22,15,1.5,1.3614,0
MRC002201,2026-05-31,0,1,0,1,1007,9,0,4,15,0,5584.46,1396.12,3,0.0,0.0,0
MRC002202,2026-05-31,2,1,0,1,1588,11,0,3,6,0,2148.93,716.31,3,0.0,0.0,0
MRC002203,2026-05-31,5,1,0,1,729,93,0,0,0,0,0,0.0,0,0.0,0.0,0
MRC002204,2026-05-31,3,2,1,1,1303,29,0,1,6,0,1774.13,1774.13,1,0.0,0.0,0
MRC002205,2026-05-31,5,1,1,0,658,113,0,0,0,0,0,0.0,0,0.0,0.0,1
MRC002206,2026-05-31,4,1,1,1,1028,3,1,1,4,162.4,162.4,162.4,1,3.9984,4.0,1
MRC002207,2026-05-31,5,0,1,1,1056,2,5,28,53,6784.48,39682.47,1417.23,18,0.7143,0.6839,0
MRC002208,2026-05-31,2,1,1,1,2056,6,1,3,5,300.46,924.27,308.09,3,1.3332,1.3003,0
MRC002209,2026-05-31,4,0,1,1,1537,180,0,0,0,0,0,0.0,0,0.0,0.0,1
MRC002210,2026-05-31,5,2,1,1,1579,0,2,6,10,544.62,2740.1,456.68,6,1.3332,0.795,0
MRC002211,2026-05-31,5,1,1,1,785,4,1,4,7,769.4,3695.86,923.97,4,0.9999,0.8327,0
MRC002212,2026-05-31,5,0,1,1,1115,10,0,6,11,0,12168.15,2028.02,6,0.0,0.0,0
MRC002213,2026-05-31,5,0,1,1,1198,30,0,0,3,0,0,0.0,0,0.0,0.0,1
MRC002214,2026-05-31,0,1,1,1,1879,3,1,3,5,643.52,1121.1,373.7,3,1.3332,2.296,0
MRC002215,2026-05-31,5,2,1,1,570,0,6,18,27,7578.29,44784.0,2488.0,12,1.3333,0.6769,0
MRC002216,2026-05-31,5,0,1,1,283,23,0,1,1,0,477.84,477.84,1,0.0,0.0,1
MRC002217,2026-05-31,2,0,1,0,1268,4,1,2,3,298.88,6539.31,3269.66,2,1.9996,0.1828,0
MRC002218,2026-05-31,4,1,0,1,1941,9,0,4,9,0,4960.82,1240.2,3,0.0,0.0,0
MRC002219,2026-05-31,0,3,1,0,1767,44,0,0,1,0,0,0.0,0,0.0,0.0,0
MRC002220,2026-05-31,5,2,1,1,1936,22,0,2,4,0,694.31,347.15,2,0.0,0.0,0
MRC002221,2026-05-31,0,0,1,1,1024,0,1,4,10,1053.69,2144.2,536.05,4,0.9999,1.9657,0
MRC002222,2026-05-31,4,1,0,1,664,5,1,5,9,2944.11,8410.98,1682.2,4,0.7999,1.4001,0
MRC002223,2026-05-31,5,1,1,1,1606,6,1,17,36,648.75,13898.0,817.53,11,0.2353,0.1867,0
MRC002224,2026-05-31,5,1,0,1,247,0,18,60,119,29505.52,83564.08,1392.73,26,1.2,1.4124,0
MRC002225,2026-05-31,0,1,1,0,2121,23,0,1,4,0,382.54,382.54,1,0.0,0.0,0
MRC002226,2026-05-31,5,1,1,0,1724,11,0,4,6,0,4103.53,1025.88,4,0.0,0.0,0
MRC002227,2026-05-31,3,1,1,1,1266,1,2,5,13,4662.18,7637.01,1527.4,5,1.5999,2.4419,0
MRC002228,2026-05-31,5,0,1,0,601,3,2,5,7,8449.66,10598.78,2119.76,5,1.5999,3.1889,0
MRC002229,2026-05-31,0,0,0,1,711,67,0,0,0,0,0,0.0,0,0.0,0.0,1
MRC002230,2026-05-31,0,0,1,1,2341,6,1,3,3,290.24,5793.81,1931.27,3,1.3332,0.2004,0
MRC002231,2026-05-31,5,0,0,1,196,2,5,15,30,5491.66,24747.07,1649.8,9,1.3333,0.8876,0
MRC002232,2026-05-31,0,1,1,1,185,131,0,0,0,0,0,0.0,0,0.0,0.0,0
MRC002233,2026-05-31,3,2,1,1,924,31,0,0,3,0,0,0.0,0,0.0,0.0,0
MRC002234,2026-05-31,0,2,0,0,667,9,0,2,4,0,874.97,437.48,2,0.0,0.0,1
MRC002235,2026-05-31,5,0,1,1,1643,1,2,7,15,1214.29,2585.2,369.31,5,1.1428,1.8788,0
MRC002236,2026-05-31,5,0,1,1,256,1,13,38,81,40943.37,95503.14,2513.24,22,1.3684,1.7148,0
MRC002237,2026-05-31,5,1,0,1,1881,13,0,1,2,0,134.75,134.75,1,0.0,0.0,0
MRC002238,2026-05-31,5,1,1,1,1875,26,0,1,3,0,466.65,466.65,1,0.0,0.0,0
MRC002239,2026-05-31,5,0,0,1,666,4,1,3,7,150.13,2981.12,993.71,3,1.3332,0.2014,0
MRC002240,2026-05-31,5,2,0,1,1429,6,1,4,8,178.21,3736.88,934.22,4,0.9999,0.1908,0
MRC002241,2026-05-31,2,0,1,1,1632,0,1,2,7,1039.58,1584.61,792.3,2,1.9996,2.6242,0
MRC002242,2026-05-31,5,0,1,1,2018,4,1,3,7,1122.18,7873.26,2624.42,3,1.3332,0.5701,0
MRC002243,2026-05-31,5,1,1,1,1765,1,9,51,102,14882.85,79453.85,1557.92,27,0.7059,0.7493,0
MRC002244,2026-05-31,5,1,1,1,2268,8,0,7,13,0,7506.58,1072.37,5,0.0,0.0,0
MRC002245,2026-05-31,5,1,1,1,418,1,1,1,2,510.59,510.59,510.59,1,3.9984,4.0,0
MRC002246,2026-05-31,4,1,1,1,1498,2,2,8,18,5496.03,8321.69,1040.21,7,1.0,2.6418,0
MRC002247,2026-05-31,5,2,0,1,1853,5,1,4,7,483.47,5568.62,1392.15,4,0.9999,0.3473,0
MRC002248,2026-05-31,5,0,0,1,671,11,0,3,8,0,2680.0,893.33,3,0.0,0.0,0
MRC002249,2026-05-31,5,1,1,1,642,21,0,1,3,0,558.13,558.13,1,0.0,0.0,0
MRC002250,2026-05-31,5,0,1,1,367,12,0,3,4,0,1668.28,556.09,3,0.0,0.0,0
MRC002251,2026-05-31,5,1,1,1,2318,48,0,0,1,0,0,0.0,0,0.0,0.0,1
MRC002252,2026-05-31,5,1,1,1,2057,20,0,1,3,0,253.07,253.07,1,0.0,0.0,0
MRC002253,2026-05-31,0,1,1,0,429,2,1,5,7,199.55,3496.55,699.31,4,0.7999,0.2283,0
MRC002254,2026-05-31,5,0,0,1,700,0,1,4,7,3650.75,16333.49,4083.37,4,0.9999,0.8941,0
MRC002255,2026-05-31,0,2,1,1,1166,3,2,5,11,3426.19,11911.48,2382.3,5,1.5999,1.1506,0
MRC002256,2026-05-31,2,0,1,1,2117,21,0,1,2,0,1497.52,1497.52,1,0.0,0.0,0
MRC002257,2026-05-31,0,2,0,0,1969,36,0,0,1,0,0,0.0,0,0.0,0.0,0
MRC002258,2026-05-31,5,0,1,1,2084,5,1,3,6,1128.84,2843.45,947.82,3,1.3332,1.588,0
MRC002259,2026-05-31,4,2,1,1,1974,8,0,2,2,0,2087.67,1043.84,2,0.0,0.0,0
MRC002260,2026-05-31,5,1,1,1,1536,0,2,9,16,731.13,8531.46,947.94,9,0.8888,0.3428,0
MRC002261,2026-05-31,3,1,1,1,800,0,1,2,5,646.77,952.77,476.38,2,1.9996,2.7153,0
MRC002262,2026-05-31,5,1,0,1,1484,0,4,18,44,1087.35,20753.54,1152.97,14,0.8889,0.2096,0
MRC002263,2026-05-31,4,1,1,1,1244,4,1,2,5,412.34,1028.9,514.45,2,1.9996,1.603,0
MRC002264,2026-05-31,0,1,0,1,2242,2,1,3,5,98.58,1697.21,565.74,3,1.3332,0.2323,0
MRC002265,2026-05-31,5,1,0,1,1144,0,3,6,13,3204.08,9902.74,1650.46,6,1.9999,1.2942,0
MRC002266,2026-05-31,5,1,1,1,1816,20,0,1,7,0,597.69,597.69,1,0.0,0.0,0
MRC002267,2026-05-31,3,1,1,1,544,11,0,1,2,0,3280.32,3280.32,1,0.0,0.0,0
MRC002268,2026-05-31,5,1,1,1,1657,1,1,3,5,1963.16,9179.98,3059.99,3,1.3332,0.8554,0
MRC002269,2026-05-31,5,1,1,1,1156,0,8,29,51,10465.77,34725.18,1197.42,22,1.1034,1.2056,0
MRC002270,2026-05-31,5,1,1,1,1117,80,0,0,0,0,0,0.0,0,0.0,0.0,0
MRC002271,2026-05-31,5,1,1,1,1814,1,2,4,9,955.58,1232.82,308.21,4,1.9998,3.1005,0
MRC002272,2026-05-31,5,1,0,1,1222,21,0,1,1,0,3519.11,3519.11,1,0.0,0.0,1
MRC002273,2026-05-31,5,3,1,1,293,15,0,1,2,0,437.51,437.51,1,0.0,0.0,0
MRC002274,2026-05-31,2,0,1,1,1014,1,1,2,7,397.17,800.85,400.43,2,1.9996,1.9837,0
MRC002275,2026-05-31,0,0,0,1,2269,9,0,2,9,0,903.0,451.5,2,0.0,0.0,0
MRC002276,2026-05-31,4,0,1,1,2232,14,0,5,13,0,9124.94,1824.99,5,0.0,0.0,0
MRC002277,2026-05-31,5,1,0,1,1507,1,5,16,30,1643.09,11717.91,732.37,14,1.25,0.5609,0
MRC002278,2026-05-31,5,1,1,0,1559,2,2,14,26,1361.97,16880.52,1205.75,10,0.5714,0.3227,0
MRC002279,2026-05-31,2,1,1,0,739,5,1,3,7,515.52,1143.78,381.26,2,1.3332,1.8029,0
MRC002280,2026-05-31,5,0,1,1,1870,1,1,4,11,710.41,9792.36,2448.09,4,0.9999,0.2902,0
MRC002281,2026-05-31,0,2,1,1,1474,11,0,4,6,0,8391.6,2097.9,4,0.0,0.0,0
MRC002282,2026-05-31,4,1,1,1,246,10,0,5,8,0,4894.72,978.94,5,0.0,0.0,0
MRC002283,2026-05-31,5,1,1,0,2239,13,0,1,3,0,1785.59,1785.59,1,0.0,0.0,0
MRC002284,2026-05-31,2,0,1,0,2027,3,1,12,30,2118.85,15097.62,1258.13,10,0.3333,0.5614,0
MRC002285,2026-05-31,4,0,1,1,343,10,0,4,7,0,1977.73,494.43,4,0.0,0.0,0
MRC002286,2026-05-31,5,0,1,1,1077,180,0,0,0,0,0,0.0,0,0.0,0.0,1
MRC002287,2026-05-31,2,0,0,1,1787,9,0,8,13,0,12650.78,1581.35,5,0.0,0.0,0
MRC002288,2026-05-31,5,1,1,0,1775,20,0,1,1,0,598.09,598.09,1,0.0,0.0,0
MRC002289,2026-05-31,5,0,1,1,530,17,0,1,3,0,569.85,569.85,1,0.0,0.0,0
MRC002290,2026-05-31,5,0,1,1,252,20,0,2,6,0,619.34,309.67,2,0.0,0.0,0
MRC002291,2026-05-31,5,0,1,1,2316,14,0,2,5,0,890.24,445.12,2,0.0,0.0,0
MRC002292,2026-05-31,2,0,1,0,2118,4,6,43,114,4599.23,84208.09,1958.33,23,0.5581,0.2185,0
MRC002293,2026-05-31,5,0,0,1,1778,2,3,15,29,3709.93,24843.84,1656.26,10,0.8,0.5973,0
MRC002294,2026-05-31,2,0,0,1,1606,4,1,6,12,729.22,18258.52,3043.09,6,0.6666,0.1598,0
MRC002295,2026-05-31,0,0,1,0,1664,7,0,5,10,0,3553.8,710.76,4,0.0,0.0,0
MRC002296,2026-05-31,5,1,0,1,1164,0,5,12,17,15979.59,34791.51,2899.29,10,1.6666,1.8372,0
MRC002297,2026-05-31,5,2,1,1,1660,18,0,7,9,0,4464.72,637.82,7,0.0,0.0,0
MRC002298,2026-05-31,5,1,1,1,828,10,0,5,8,0,12232.92,2446.58,5,0.0,0.0,0
MRC002299,2026-05-31,0,0,0,1,347,2,2,5,12,2521.22,3830.67,766.13,5,1.5999,2.6327,0
MRC002300,2026-05-31,5,3,1,1,844,2,1,2,4,78.42,4442.78,2221.39,2,1.9996,0.0706,0
MRC002301,2026-05-31,0,3,1,0,807,5,1,3,14,320.82,1333.28,444.43,3,1.3332,0.9625,0
MRC002302,2026-05-31,2,1,1,1,827,4,1,4,5,3359.65,6062.19,1515.55,4,0.9999,2.2168,0
MRC002303,2026-05-31,5,0,1,1,1194,0,2,5,6,587.82,4445.54,889.11,5,1.5999,0.5289,0
MRC002304,2026-05-31,5,1,1,1,451,30,0,0,2,0,0,0.0,0,0.0,0.0,0
MRC002305,2026-05-31,5,3,1,1,1055,5,1,1,1,1215.54,1215.54,1215.54,1,3.9984,4.0,0
MRC002306,2026-05-31,4,1,1,1,1178,180,0,0,0,0,0,0.0,0,0.0,0.0,1
MRC002307,2026-05-31,5,1,0,1,575,7,0,8,16,0,15173.57,1896.7,6,0.0,0.0,0
MRC002308,2026-05-31,5,1,1,0,1155,1,1,5,14,598.29,11866.75,2373.35,5,0.7999,0.2017,0
MRC002309,2026-05-31,3,3,1,1,1638,8,0,9,13,0,7581.92,842.44,7,0.0,0.0,0
MRC002310,2026-05-31,5,0,1,1,1065,35,0,0,2,0,0,0.0,0,0.0,0.0,0
MRC002311,2026-05-31,2,0,1,1,170,2,3,6,15,3306.95,7624.6,1270.77,5,1.9999,1.7349,0
MRC002312,2026-05-31,5,2,1,0,1701,3,1,5,5,2570.37,11157.96,2231.59,4,0.7999,0.9214,0
MRC002313,2026-05-31,5,0,1,0,1429,0,5,10,18,4348.61,8438.35,843.84,10,1.9999,2.0614,0
MRC002314,2026-05-31,5,1,1,1,1082,0,1,1,2,3189.99,3189.99,3189.99,1,3.9984,4.0,1
MRC002315,2026-05-31,5,0,1,1,214,13,0,2,4,0,2758.78,1379.39,2,0.0,0.0,0
MRC002316,2026-05-31,5,0,1,0,359,2,1,2,3,986.68,2061.23,1030.62,2,1.9996,1.9147,1
MRC002317,2026-05-31,5,0,1,1,338,28,0,1,1,0,608.98,608.98,1,0.0,0.0,0
MRC002318,2026-05-31,2,1,1,1,2026,11,0,3,6,0,4587.19,1529.06,3,0.0,0.0,0
MRC002319,2026-05-31,5,1,0,1,839,2,1,3,8,369.16,2185.14,728.38,3,1.3332,0.6758,0
MRC002320,2026-05-31,5,1,1,1,1093,0,2,2,5,1940.17,1940.17,970.09,2,3.9992,4.0,1
MRC002321,2026-05-31,5,0,1,1,1685,6,1,1,1,729.89,729.89,729.89,1,3.9984,4.0,1
MRC002322,2026-05-31,4,2,1,1,1596,1,1,4,7,978.39,2921.97,730.49,3,0.9999,1.3394,0
MRC002323,2026-05-31,3,1,1,0,305,0,4,15,31,3294.33,23328.57,1555.24,13,1.0666,0.5649,0
MRC002324,2026-05-31,5,3,1,1,2196,1,1,5,7,889.58,3765.16,753.03,5,0.7999,0.9451,0
MRC002325,2026-05-31,5,0,0,1,744,8,0,5,14,0,7641.93,1528.39,4,0.0,0.0,0
MRC002326,2026-05-31,0,0,1,1,1841,0,1,2,4,881.24,6325.62,3162.81,2,1.9996,0.5573,1
MRC002327,2026-05-31,0,1,1,1,1983,0,1,3,5,541.81,3804.05,1268.02,3,1.3332,0.5697,0
MRC002328,2026-05-31,2,2,1,1,1342,29,0,1,3,0,146.78,146.78,1,0.0,0.0,1
MRC002329,2026-05-31,0,0,0,1,519,40,0,0,4,0,0,0.0,0,0.0,0.0,0
MRC002330,2026-05-31,5,1,1,1,1355,17,0,1,3,0,304.94,304.94,1,0.0,0.0,0
MRC002331,2026-05-31,5,1,1,1,699,0,3,8,15,9838.86,16275.75,2034.47,8,1.4999,2.418,0
MRC002332,2026-05-31,3,0,1,1,2021,15,0,1,2,0,70.71,70.71,1,0.0,0.0,0
MRC002333,2026-05-31,4,1,1,1,1813,33,0,0,4,0,0,0.0,0,0.0,0.0,0
MRC002334,2026-05-31,5,0,1,0,1964,8,0,3,8,0,2287.8,762.6,2,0.0,0.0,0
MRC002335,2026-05-31,5,0,0,1,1974,7,0,7,9,0,7208.14,1029.73,7,0.0,0.0,0
MRC002336,2026-05-31,5,2,1,1,555,11,0,2,7,0,1889.25,944.62,2,0.0,0.0,0
MRC002337,2026-05-31,0,1,1,1,231,2,1,7,10,2013.32,13693.8,1956.26,6,0.5714,0.5881,0
MRC002338,2026-05-31,4,1,1,0,1533,8,0,1,3,0,1328.54,1328.54,1,0.0,0.0,0
MRC002339,2026-05-31,5,1,1,1,1506,35,0,0,4,0,0,0.0,0,0.0,0.0,0
MRC002340,2026-05-31,5,3,0,1,2056,3,1,8,16,2365.95,7898.59,987.32,8,0.5,1.1982,0
MRC002341,2026-05-31,4,1,1,1,1558,17,0,1,4,0,314.83,314.83,1,0.0,0.0,0
MRC002342,2026-05-31,5,1,1,1,1920,9,0,2,6,0,2928.58,1464.29,2,0.0,0.0,0
MRC002343,2026-05-31,0,0,1,1,926,7,0,8,17,0,7441.76,930.22,7,0.0,0.0,0
MRC002344,2026-05-31,5,1,0,1,437,3,1,7,14,688.64,16689.35,2384.19,7,0.5714,0.165,0
MRC002345,2026-05-31,0,1,0,1,247,2,1,1,2,4612.13,4612.13,4612.13,1,3.9984,4.0,1
MRC002346,2026-05-31,5,1,1,1,1116,23,0,1,1,0,419.6,419.6,1,0.0,0.0,0
MRC002347,2026-05-31,5,0,1,1,169,2,2,9,23,798.12,8164.66,907.18,9,0.8888,0.391,0
MRC002348,2026-05-31,0,0,1,1,1297,0,2,5,14,1839.86,4671.96,934.39,5,1.5999,1.5752,0
MRC002349,2026-05-31,5,2,1,1,1040,2,1,3,8,332.04,1937.24,645.75,3,1.3332,0.6856,0
MRC002350,2026-05-31,0,2,1,1,728,8,0,1,2,0,1808.58,1808.58,1,0.0,0.0,0
MRC002351,2026-05-31,2,0,1,1,1456,3,1,1,1,215.8,215.8,215.8,1,3.9984,4.0,0
MRC002352,2026-05-31,0,1,1,1,1649,16,0,3,7,0,14654.7,4884.9,3,0.0,0.0,0
MRC002353,2026-05-31,4,1,0,1,251,22,0,1,1,0,2734.88,2734.88,1,0.0,0.0,1
MRC002354,2026-05-31,5,1,1,1,1205,2,3,8,15,1906.73,9313.25,1164.16,8,1.4999,0.8189,0
MRC002355,2026-05-31,0,1,0,1,2218,2,2,4,8,5315.12,7025.46,1756.37,4,1.9998,3.0262,0
MRC002356,2026-05-31,5,1,1,1,815,150,0,0,0,0,0,0.0,0,0.0,0.0,1
MRC002357,2026-05-31,0,0,1,1,1871,30,0,0,4,0,0,0.0,0,0.0,0.0,0
MRC002358,2026-05-31,3,0,1,1,901,24,0,1,1,0,3302.09,3302.09,1,0.0,0.0,1
MRC002359,2026-05-31,5,1,1,1,758,11,0,3,4,0,1581.89,527.3,3,0.0,0.0,0
MRC002360,2026-05-31,5,1,1,1,2036,0,3,15,29,5940.01,42381.06,2825.4,11,0.8,0.5606,0
MRC002361,2026-05-31,0,0,0,1,943,4,1,5,16,1547.86,11585.07,2317.01,5,0.7999,0.5344,0
MRC002362,2026-05-31,0,0,1,1,2057,61,0,0,0,0,0,0.0,0,0.0,0.0,0
MRC002363,2026-05-31,5,1,1,1,1595,31,0,0,1,0,0,0.0,0,0.0,0.0,1
MRC002364,2026-05-31,5,1,1,1,1940,26,0,1,3,0,567.12,567.12,1,0.0,0.0,0
MRC002365,2026-05-31,5,0,0,1,1945,2,2,6,8,2611.61,7219.4,1203.23,5,1.3332,1.447,0
MRC002366,2026-05-31,0,1,1,0,2161,1,2,9,17,1899.54,5645.7,627.3,8,0.8888,1.3458,0
MRC002367,2026-05-31,4,2,0,1,1377,3,4,23,41,7839.59,58936.82,2562.47,16,0.6956,0.5321,0
MRC002368,2026-05-31,5,0,0,1,2245,2,2,17,28,6879.92,42285.88,2487.4,13,0.4706,0.6508,0
MRC002369,2026-05-31,5,2,0,1,295,2,1,1,3,197.2,197.2,197.2,1,3.9984,4.0,1
MRC002370,2026-05-31,5,0,0,1,1239,0,4,15,30,6670.18,13449.92,896.66,12,1.0666,1.9837,0
MRC002371,2026-05-31,2,1,1,1,1031,6,1,3,10,635.09,6965.2,2321.73,3,1.3332,0.3647,0
MRC002372,2026-05-31,4,0,1,1,376,4,1,1,1,302.16,302.16,302.16,1,3.9984,4.0,1
MRC002373,2026-05-31,5,0,1,0,2073,76,0,0,0,0,0,0.0,0,0.0,0.0,0
MRC002374,2026-05-31,5,0,1,1,1913,4,1,4,7,3225.78,7440.4,1860.1,4,0.9999,1.7342,0
MRC002375,2026-05-31,0,0,0,1,1800,24,0,1,2,0,1475.9,1475.9,1,0.0,0.0,0
MRC002376,2026-05-31,5,2,1,0,1549,5,1,2,3,251.13,3670.51,1835.26,2,1.9996,0.2737,0
MRC002377,2026-05-31,5,1,1,0,1480,38,0,0,2,0,0,0.0,0,0.0,0.0,0
MRC002378,2026-05-31,2,2,0,1,996,3,3,8,14,1838.38,12137.42,1517.18,7,1.4999,0.6059,0
MRC002379,2026-05-31,2,1,1,1,1658,1,6,16,24,9258.58,22431.05,1401.94,14,1.5,1.651,0
MRC002380,2026-05-31,5,1,0,1,2296,3,1,2,6,2453.9,2940.29,1470.14,2,1.9996,3.3383,0
MRC002381,2026-05-31,2,0,1,1,713,20,0,1,5,0,983.83,983.83,1,0.0,0.0,0
MRC002382,2026-05-31,5,1,1,1,905,24,0,1,1,0,121.27,121.27,1,0.0,0.0,1
MRC002383,2026-05-31,5,1,0,0,403,27,0,2,10,0,3837.73,1918.87,2,0.0,0.0,0
MRC002384,2026-05-31,0,2,1,1,2148,1,1,2,7,1723.86,3266.76,1633.38,2,1.9996,2.1108,0
MRC002385,2026-05-31,5,2,1,0,1323,23,0,2,4,0,1474.29,737.14,2,0.0,0.0,1
MRC002386,2026-05-31,2,0,1,1,1459,1,4,10,14,2135.6,9096.35,909.63,9,1.5999,0.9391,0
MRC002387,2026-05-31,2,1,1,1,747,58,0,0,1,0,0,0.0,0,0.0,0.0,1
MRC002388,2026-05-31,5,1,1,1,245,25,0,1,6,0,578.71,578.71,1,0.0,0.0,1
MRC002389,2026-05-31,5,1,1,1,1923,23,0,1,2,0,220.81,220.81,1,0.0,0.0,0
MRC002390,2026-05-31,5,0,1,1,2044,12,0,1,4,0,126.56,126.56,1,0.0,0.0,0
MRC002391,2026-05-31,5,1,1,1,910,12,0,5,6,0,3494.5,698.9,5,0.0,0.0,0
MRC002392,2026-05-31,5,1,1,0,1830,0,1,3,6,1147.21,8478.25,2826.08,3,1.3332,0.5412,0
MRC002393,2026-05-31,5,0,1,1,1414,0,3,6,15,2696.25,11924.9,1987.48,5,1.9999,0.9044,0
MRC002394,2026-05-31,5,1,1,1,1568,8,0,3,9,0,3512.37,1170.79,3,0.0,0.0,0
MRC002395,2026-05-31,4,0,1,1,542,6,1,1,4,233.99,233.99,233.99,1,3.9984,4.0,0
MRC002396,2026-05-31,2,2,1,1,1507,13,0,2,4,0,1103.6,551.8,2,0.0,0.0,0
MRC002397,2026-05-31,3,0,1,1,517,1,1,6,11,7604.56,17422.01,2903.67,6,0.6666,1.746,0
MRC002398,2026-05-31,0,0,0,1,643,0,1,4,7,468.33,15154.47,3788.62,4,0.9999,0.1236,0
MRC002399,2026-05-31,5,0,0,1,944,31,0,0,3,0,0,0.0,0,0.0,0.0,0
MRC002400,2026-05-31,2,2,0,1,633,3,1,5,14,518.71,12175.83,2435.17,5,0.7999,0.1704,0
MRC002401,2026-05-31,4,1,1,0,2151,1,1,4,6,53.18,1192.04,298.01,4,0.9999,0.1785,0
MRC002402,2026-05-31,4,0,1,1,228,1,3,6,10,7625.58,14027.43,2337.91,6,1.9999,2.1745,0
MRC002403,2026-05-31,4,0,1,1,2140,30,0,0,1,0,0,0.0,0,0.0,0.0,0
MRC002404,2026-05-31,2,1,1,0,501,0,3,12,24,5959.27,16308.7,1359.06,11,1.0,1.4616,0
MRC002405,2026-05-31,5,1,1,0,2066,10,0,1,6,0,385.95,385.95,1,0.0,0.0,0
MRC002406,2026-05-31,5,0,0,1,900,21,0,1,5,0,499.83,499.83,1,0.0,0.0,0
MRC002407,2026-05-31,4,3,1,1,2177,11,0,3,6,0,9045.55,3015.18,2,0.0,0.0,0
MRC002408,2026-05-31,4,0,1,1,1346,2,2,12,19,1108.34,24926.81,2077.23,11,0.6666,0.1779,0
MRC002409,2026-05-31,5,1,1,1,1234,2,3,7,16,3576.04,8850.31,1264.33,6,1.7142,1.6162,0
MRC002410,2026-05-31,0,0,1,1,450,10,0,2,3,0,1244.41,622.2,2,0.0,0.0,0
MRC002411,2026-05-31,3,1,1,1,1112,2,4,15,36,3107.5,15358.84,1023.92,12,1.0666,0.8093,0
MRC002412,2026-05-31,3,1,1,1,1383,0,1,5,7,1446.73,5827.09,1165.42,5,0.7999,0.9931,0
MRC002413,2026-05-31,5,1,1,1,2313,2,1,2,8,371.15,895.05,447.52,2,1.9996,1.6587,0
MRC002414,2026-05-31,5,1,1,0,740,32,0,0,4,0,0,0.0,0,0.0,0.0,0
MRC002415,2026-05-31,5,2,1,1,345,4,1,10,14,1388.68,23144.49,2314.45,8,0.4,0.24,0
MRC002416,2026-05-31,5,2,1,1,719,8,0,1,3,0,508.1,508.1,1,0.0,0.0,1
MRC002417,2026-05-31,5,1,0,1,696,6,1,4,7,294.1,4352.08,1088.02,3,0.9999,0.2703,0
MRC002418,2026-05-31,4,1,1,1,2236,2,1,5,6,340.67,5852.36,1170.47,5,0.7999,0.2328,0
MRC002419,2026-05-31,4,2,1,1,493,7,0,9,25,0,10349.66,1149.96,9,0.0,0.0,0
MRC002420,2026-05-31,2,0,1,1,2333,9,0,1,1,0,2439.53,2439.53,1,0.0,0.0,1
MRC002421,2026-05-31,2,0,1,0,412,0,14,79,157,32939.65,142199.21,1799.99,29,0.7089,0.9266,0
MRC002422,2026-05-31,3,0,1,1,1937,3,1,2,2,423.23,946.64,473.32,2,1.9996,1.7883,1
MRC002423,2026-05-31,4,2,1,1,1070,1,2,4,7,4291.91,7468.95,1867.24,4,1.9998,2.2985,0
MRC002424,2026-05-31,4,0,1,1,283,9,0,3,9,0,6409.42,2136.47,3,0.0,0.0,0
MRC002425,2026-05-31,2,0,1,1,1506,0,2,3,7,2125.64,2478.96,826.32,3,2.6663,3.4299,0
MRC002426,2026-05-31,5,1,1,0,1757,41,0,0,3,0,0,0.0,0,0.0,0.0,0
MRC002427,2026-05-31,5,0,1,1,1997,5,2,8,11,2252.35,14447.54,1805.94,8,1.0,0.6236,0
MRC002428,2026-05-31,5,0,1,1,554,4,2,3,3,3019.63,4464.31,1488.1,3,2.6663,2.7056,0
MRC002429,2026-05-31,4,1,0,1,1513,0,4,12,31,5717.72,36439.46,3036.62,9,1.3333,0.6276,0
MRC002430,2026-05-31,2,0,1,0,1408,6,1,2,3,289.97,4581.13,2290.57,2,1.9996,0.2532,0
MRC002431,2026-05-31,5,3,1,1,1131,4,1,4,6,276.88,8520.48,2130.12,4,0.9999,0.13,0
MRC002432,2026-05-31,5,0,1,1,2117,7,0,3,4,0,3120.11,1040.04,3,0.0,0.0,0
MRC002433,2026-05-31,5,2,1,1,1089,7,0,4,5,0,3911.91,977.98,4,0.0,0.0,0
MRC002434,2026-05-31,3,1,1,1,995,41,0,0,1,0,0,0.0,0,0.0,0.0,0
MRC002435,2026-05-31,0,0,1,0,1312,18,0,4,14,0,5536.88,1384.22,3,0.0,0.0,0
MRC002436,2026-05-31,5,0,1,0,2194,4,1,3,4,965.2,6152.56,2050.85,3,1.3332,0.6275,0
MRC002437,2026-05-31,5,1,0,1,2060,28,0,1,3,0,379.55,379.55,1,0.0,0.0,0
MRC002438,2026-05-31,5,0,1,1,1712,0,1,3,5,181.2,2287.1,762.37,3,1.3332,0.3169,0
MRC002439,2026-05-31,3,0,1,1,341,7,0,7,8,0,6731.15,961.59,7,0.0,0.0,0
MRC002440,2026-05-31,2,2,1,1,822,6,1,3,7,1608.66,3228.5,1076.17,3,1.3332,1.9931,0
MRC002441,2026-05-31,4,1,1,1,198,6,1,5,10,941.35,11176.51,2235.3,5,0.7999,0.3369,0
MRC002442,2026-05-31,5,2,1,1,372,2,2,4,6,964.9,1306.17,326.54,4,1.9998,2.9549,0
MRC002443,2026-05-31,3,0,1,1,1982,10,0,9,13,0,9265.28,1029.48,7,0.0,0.0,0
MRC002444,2026-05-31,0,0,1,1,1946,10,0,1,3,0,811.51,811.51,1,0.0,0.0,1
MRC002445,2026-05-31,2,1,1,1,389,11,0,3,8,0,4528.77,1509.59,3,0.0,0.0,0
MRC002446,2026-05-31,5,0,1,1,1165,9,0,3,7,0,3114.76,1038.25,2,0.0,0.0,0
MRC002447,2026-05-31,2,0,0,1,775,68,0,0,0,0,0,0.0,0,0.0,0.0,1
MRC002448,2026-05-31,2,0,1,1,323,0,8,25,50,26774.13,48458.6,1938.34,17,1.28,2.2101,0
MRC002449,2026-05-31,5,0,1,1,998,9,0,6,11,0,4320.91,720.15,6,0.0,0.0,0
MRC002450,2026-05-31,5,1,1,1,390,1,1,4,9,431.54,18738.61,4684.65,4,0.9999,0.0921,0
MRC002451,2026-05-31,5,0,1,1,1773,6,1,7,13,373.56,18397.27,2628.18,5,0.5714,0.0812,0
MRC002452,2026-05-31,5,3,1,1,2277,0,4,20,57,14296.16,42941.35,2147.07,16,0.8,1.3317,0
MRC002453,2026-05-31,0,0,1,1,1088,13,0,12,27,0,14538.34,1211.53,11,0.0,0.0,0
MRC002454,2026-05-31,5,0,1,1,695,0,2,11,18,4234.22,26315.63,2392.33,8,0.7272,0.6436,0
MRC002455,2026-05-31,5,0,1,1,1256,16,0,1,3,0,460.08,460.08,1,0.0,0.0,0
MRC002456,2026-05-31,3,1,0,0,2277,8,0,1,4,0,239.03,239.03,1,0.0,0.0,0
MRC002457,2026-05-31,5,2,1,1,513,3,1,1,3,1075.53,1075.53,1075.53,1,3.9984,4.0,0
MRC002458,2026-05-31,4,2,0,1,1653,26,0,1,2,0,1753.47,1753.47,1,0.0,0.0,0
MRC002459,2026-05-31,5,0,1,1,368,5,2,8,16,3719.38,9324.0,1165.5,8,1.0,1.5956,0
MRC002460,2026-05-31,4,1,1,1,821,7,0,6,9,0,7018.82,1169.8,6,0.0,0.0,0
MRC002461,2026-05-31,0,2,1,1,1124,2,2,3,11,4763.78,5694.21,1898.07,3,2.6663,3.3464,0
MRC002462,2026-05-31,5,0,1,0,1003,4,1,3,5,799.37,1686.09,562.03,2,1.3332,1.8964,0
MRC002463,2026-05-31,4,1,0,1,555,18,0,5,11,0,8400.89,1680.18,5,0.0,0.0,0
MRC002464,2026-05-31,5,0,1,0,1862,1,2,4,11,438.18,1562.91,390.73,4,1.9998,1.1214,0
MRC002465,2026-05-31,2,1,1,1,1635,180,0,0,0,0,0,0.0,0,0.0,0.0,0
MRC002466,2026-05-31,2,1,1,1,1116,13,0,3,8,0,18143.44,6047.81,3,0.0,0.0,0
MRC002467,2026-05-31,2,1,1,1,1079,0,10,40,63,9231.08,93890.71,2347.27,24,1.0,0.3933,0
MRC002468,2026-05-31,2,2,1,1,328,8,0,3,3,0,2650.81,883.6,3,0.0,0.0,0
MRC002469,2026-05-31,5,1,1,1,1608,97,0,0,0,0,0,0.0,0,0.0,0.0,1
MRC002470,2026-05-31,5,2,1,1,667,16,0,2,4,0,996.3,498.15,1,0.0,0.0,0
MRC002471,2026-05-31,5,1,1,1,822,28,0,1,1,0,2414.23,2414.23,1,0.0,0.0,0
MRC002472,2026-05-31,5,0,1,0,2044,2,1,1,3,1157.89,1157.89,1157.89,1,3.9984,4.0,1
MRC002473,2026-05-31,5,1,1,1,1568,24,0,1,2,0,2597.86,2597.86,1,0.0,0.0,1
MRC002474,2026-05-31,5,1,1,1,1686,2,1,9,19,326.87,7632.73,848.08,8,0.4444,0.1713,0
MRC002475,2026-05-31,4,2,1,1,743,4,1,7,21,142.89,17861.6,2551.66,7,0.5714,0.032,0
MRC002476,2026-05-31,0,0,1,1,1259,14,0,3,5,0,623.93,207.98,3,0.0,0.0,0
MRC002477,2026-05-31,5,2,1,1,194,0,6,14,22,3519.51,25098.73,1792.77,11,1.7142,0.5609,0
MRC002478,2026-05-31,5,1,1,1,701,2,1,2,3,1533.91,3493.29,1746.64,2,1.9996,1.7564,0
MRC002479,2026-05-31,2,1,1,1,1913,8,0,3,8,0,4021.09,1340.36,3,0.0,0.0,0
MRC002480,2026-05-31,5,1,1,1,1201,1,13,33,60,16794.05,41932.41,1270.68,18,1.5757,1.602,0
MRC002481,2026-05-31,2,1,0,1,1552,1,1,7,13,793.34,9274.87,1324.98,6,0.5714,0.3421,0
MRC002482,2026-05-31,5,1,1,1,1888,6,1,6,13,383.34,6549.28,1091.55,5,0.6666,0.2341,0
MRC002483,2026-05-31,2,1,0,1,2212,15,0,2,3,0,637.1,318.55,2,0.0,0.0,0
MRC002484,2026-05-31,5,0,1,1,343,12,0,1,2,0,1306.32,1306.32,1,0.0,0.0,0
MRC002485,2026-05-31,4,1,0,0,1434,33,0,0,2,0,0,0.0,0,0.0,0.0,0
MRC002486,2026-05-31,0,0,1,1,2338,0,4,17,37,11085.15,32873.42,1933.73,13,0.9412,1.3488,0
MRC002487,2026-05-31,5,1,1,1,601,81,0,0,0,0,0,0.0,0,0.0,0.0,0
MRC002488,2026-05-31,0,1,1,1,2043,0,2,11,19,2905.96,37170.76,3379.16,10,0.7272,0.3127,0
MRC002489,2026-05-31,5,0,1,1,1432,4,3,8,14,3700.55,9275.31,1159.41,6,1.4999,1.5959,0
MRC002490,2026-05-31,5,1,0,1,859,43,0,0,2,0,0,0.0,0,0.0,0.0,1
MRC002491,2026-05-31,4,1,0,1,1876,1,2,14,32,18380.63,26455.63,1889.69,10,0.5714,2.7791,0
MRC002492,2026-05-31,4,1,1,1,2067,10,0,1,6,0,1608.09,1608.09,1,0.0,0.0,0
MRC002493,2026-05-31,5,1,1,1,476,44,0,0,1,0,0,0.0,0,0.0,0.0,0
MRC002494,2026-05-31,5,1,1,1,1654,0,1,2,8,929.64,22352.56,11176.28,2,1.9996,0.1664,0
MRC002495,2026-05-31,5,1,1,1,2211,64,0,0,0,0,0,0.0,0,0.0,0.0,1
MRC002496,2026-05-31,0,0,0,1,1620,14,0,2,5,0,2478.31,1239.15,2,0.0,0.0,0
MRC002497,2026-05-31,5,0,1,1,1360,4,1,3,3,1598.42,5202.23,1734.08,3,1.3332,1.229,0
MRC002498,2026-05-31,3,1,1,1,470,9,0,2,4,0,8247.55,4123.77,2,0.0,0.0,0
MRC002499,2026-05-31,5,0,1,1,1148,4,2,2,3,1574.69,1574.69,787.34,1,3.9992,4.0,0
MRC002500,2026-05-31,2,0,1,1,2144,0,4,9,15,4219.34,8216.88,912.99,8,1.7777,2.054,0
MRC002501,2026-05-31,0,0,1,1,1911,0,2,3,6,1872.19,2085.43,695.14,3,2.6663,3.591,0
MRC002502,2026-05-31,5,0,1,0,1148,18,0,2,10,0,6148.35,3074.18,2,0.0,0.0,0
MRC002503,2026-05-31,5,3,1,1,839,12,0,3,4,0,3149.02,1049.67,3,0.0,0.0,0
MRC002504,2026-05-31,2,0,1,1,1920,0,1,3,7,90.54,3082.19,1027.4,3,1.3332,0.1175,0
MRC002505,2026-05-31,5,0,1,1,2279,7,0,2,4,0,3423.05,1711.53,2,0.0,0.0,1
MRC002506,2026-05-31,0,2,1,1,819,9,0,2,3,0,3154.55,1577.28,2,0.0,0.0,0
MRC002507,2026-05-31,0,3,1,1,1936,0,5,22,37,6506.93,33592.38,1526.93,17,0.9091,0.7748,0
MRC002508,2026-05-31,0,0,1,1,837,2,3,7,15,3490.96,8121.02,1160.15,7,1.7142,1.7195,0
MRC002509,2026-05-31,2,2,1,1,1972,9,0,3,6,0,3496.05,1165.35,3,0.0,0.0,0
MRC002510,2026-05-31,0,0,1,0,2272,65,0,0,0,0,0,0.0,0,0.0,0.0,0
MRC002511,2026-05-31,2,1,1,1,1614,67,0,0,0,0,0,0.0,0,0.0,0.0,0
MRC002512,2026-05-31,0,0,1,1,1250,12,0,1,1,0,3070.06,3070.06,1,0.0,0.0,0
MRC002513,2026-05-31,5,1,0,1,851,16,0,1,4,0,712.43,712.43,1,0.0,0.0,0
MRC002514,2026-05-31,5,0,1,1,295,4,1,3,4,288.88,2829.28,943.09,3,1.3332,0.4084,0
MRC002515,2026-05-31,5,1,0,1,279,0,2,4,8,1411.24,5736.58,1434.14,4,1.9998,0.984,0
MRC002516,2026-05-31,4,0,1,1,1991,33,0,0,4,0,0,0.0,0,0.0,0.0,0
MRC002517,2026-05-31,5,1,1,1,1610,0,1,1,3,305.49,305.49,305.49,1,3.9984,4.0,0
MRC002518,2026-05-31,4,1,1,1,661,6,1,18,33,255.38,19850.17,1102.79,15,0.2222,0.0515,0
MRC002519,2026-05-31,5,0,1,1,1371,0,2,6,7,467.32,1960.35,326.72,5,1.3332,0.9535,0
MRC002520,2026-05-31,5,2,1,1,2085,4,2,6,11,1012.74,5634.7,939.12,5,1.3332,0.7189,0
MRC002521,2026-05-31,2,0,1,1,1580,8,0,2,4,0,2617.45,1308.73,2,0.0,0.0,0
MRC002522,2026-05-31,0,0,1,1,2167,9,0,7,7,0,10949.92,1564.27,5,0.0,0.0,0
MRC002523,2026-05-31,5,0,1,1,421,0,9,27,56,15963.53,37785.76,1399.47,21,1.3333,1.6899,0
MRC002524,2026-05-31,5,0,1,1,323,79,0,0,0,0,0,0.0,0,0.0,0.0,1
MRC002525,2026-05-31,5,0,0,0,1621,16,0,1,1,0,1460.1,1460.1,1,0.0,0.0,1
MRC002526,2026-05-31,5,1,0,1,1437,3,1,3,3,1052.68,1599.23,533.08,3,1.3332,2.633,0
MRC002527,2026-05-31,5,1,1,0,1668,5,1,3,7,816.65,10050.73,3350.24,3,1.3332,0.325,0
MRC002528,2026-05-31,0,1,1,0,2309,16,0,3,7,0,5201.85,1733.95,3,0.0,0.0,0
MRC002529,2026-05-31,5,1,1,1,402,3,1,1,4,394.16,394.16,394.16,1,3.9984,4.0,1
MRC002530,2026-05-31,2,1,1,1,2199,1,1,2,3,779.76,4370.84,2185.42,2,1.9996,0.7136,0
MRC002531,2026-05-31,5,0,0,1,297,6,1,13,23,2170.33,30670.68,2359.28,10,0.3077,0.283,0
MRC002532,2026-05-31,0,1,1,1,1312,16,0,2,6,0,8309.73,4154.86,2,0.0,0.0,0
MRC002533,2026-05-31,5,2,1,1,1982,15,0,3,8,0,1693.93,564.64,3,0.0,0.0,0
MRC002534,2026-05-31,5,0,1,1,1651,8,0,4,12,0,7393.98,1848.49,4,0.0,0.0,0
MRC002535,2026-05-31,4,1,1,1,651,0,1,6,15,1968.87,10968.43,1828.07,5,0.6666,0.718,0
MRC002536,2026-05-31,2,2,0,1,1485,1,3,17,35,4855.76,44670.98,2627.7,11,0.7059,0.4348,0
MRC002537,2026-05-31,5,1,1,1,2136,2,1,3,8,3048.21,4412.34,1470.78,3,1.3332,2.7633,0
MRC002538,2026-05-31,5,3,1,1,609,0,1,2,4,405.74,1145.49,572.75,2,1.9996,1.4168,0
MRC002539,2026-05-31,5,0,1,1,2213,104,0,0,0,0,0,0.0,0,0.0,0.0,0
MRC002540,2026-05-31,2,1,1,1,1591,1,2,5,19,2353.48,9532.15,1906.43,4,1.5999,0.9876,0
MRC002541,2026-05-31,5,0,1,1,354,16,0,2,4,0,772.51,386.25,2,0.0,0.0,0
MRC002542,2026-05-31,5,0,1,0,892,14,0,1,1,0,860.67,860.67,1,0.0,0.0,0
MRC002543,2026-05-31,2,3,1,1,2048,28,0,1,3,0,2028.28,2028.28,1,0.0,0.0,0
MRC002544,2026-05-31,3,0,1,1,903,0,5,14,25,5408.17,33473.33,2390.95,11,1.4285,0.6463,0
MRC002545,2026-05-31,0,3,0,1,2233,8,0,4,8,0,1911.96,477.99,4,0.0,0.0,0
MRC002546,2026-05-31,0,1,0,1,1082,2,1,4,7,223.58,2814.3,703.58,4,0.9999,0.3178,0
MRC002547,2026-05-31,2,2,0,1,913,33,0,0,3,0,0,0.0,0,0.0,0.0,0
MRC002548,2026-05-31,5,3,0,1,2027,0,7,14,30,4888.06,12452.65,889.48,11,1.9999,1.5701,0
MRC002549,2026-05-31,2,1,1,1,1881,0,1,3,5,260.23,1299.26,433.09,3,1.3332,0.8012,0
MRC002550,2026-05-31,4,3,0,1,685,13,0,2,4,0,2036.71,1018.36,1,0.0,0.0,0
MRC002551,2026-05-31,5,1,1,0,1871,3,1,3,9,147.9,3605.75,1201.92,3,1.3332,0.1641,0
MRC002552,2026-05-31,5,1,1,0,712,32,0,0,1,0,0,0.0,0,0.0,0.0,0
MRC002553,2026-05-31,5,1,1,1,2121,17,0,3,3,0,5337.17,1779.06,2,0.0,0.0,1
MRC002554,2026-05-31,0,0,1,1,181,18,0,3,4,0,3809.4,1269.8,3,0.0,0.0,0
MRC002555,2026-05-31,5,0,0,1,1611,4,1,3,6,771.55,2850.87,950.29,3,1.3332,1.0825,1
MRC002556,2026-05-31,2,0,1,1,503,55,0,0,1,0,0,0.0,0,0.0,0.0,0
MRC002557,2026-05-31,5,1,1,1,1643,10,0,1,2,0,846.39,846.39,1,0.0,0.0,0
MRC002558,2026-05-31,4,0,1,1,2303,4,1,8,22,1489.12,8530.82,1066.35,7,0.5,0.6982,0
MRC002559,2026-05-31,0,1,1,1,1623,0,2,5,13,2493.73,4899.9,979.98,5,1.5999,2.0357,0
MRC002560,2026-05-31,2,1,1,1,1113,25,0,1,4,0,508.22,508.22,1,0.0,0.0,1
MRC002561,2026-05-31,5,1,1,1,1963,13,0,6,10,0,6684.61,1114.1,4,0.0,0.0,0
MRC002562,2026-05-31,2,2,1,0,591,1,1,4,10,766.13,8335.59,2083.9,4,0.9999,0.3676,0
MRC002563,2026-05-31,4,3,1,1,1351,16,0,1,3,0,228.59,228.59,1,0.0,0.0,0
MRC002564,2026-05-31,5,2,0,0,2275,9,0,1,2,0,699.13,699.13,1,0.0,0.0,0
MRC002565,2026-05-31,5,1,0,1,942,9,0,2,6,0,4970.79,2485.39,2,0.0,0.0,0
MRC002566,2026-05-31,0,0,1,1,224,0,4,15,27,11871.52,18440.34,1229.36,11,1.0666,2.5751,0
MRC002567,2026-05-31,5,2,1,1,1129,3,3,4,8,6892.5,9940.05,2485.01,3,2.9997,2.7736,0
MRC002568,2026-05-31,5,0,1,1,1222,7,0,10,16,0,27972.91,2797.29,8,0.0,0.0,0
MRC002569,2026-05-31,2,0,1,0,1939,6,2,4,7,1193.23,3191.64,797.91,3,1.9998,1.4954,0
MRC002570,2026-05-31,5,0,1,1,1923,3,4,17,24,9632.28,40318.4,2371.67,13,0.9412,0.9556,0
MRC002571,2026-05-31,5,1,0,1,908,23,0,1,5,0,398.07,398.07,1,0.0,0.0,0
MRC002572,2026-05-31,2,1,1,1,1853,134,0,0,0,0,0,0.0,0,0.0,0.0,1
MRC002573,2026-05-31,0,0,0,1,477,33,0,0,3,0,0,0.0,0,0.0,0.0,1
MRC002574,2026-05-31,2,1,1,1,578,3,2,4,11,1565.98,3284.89,821.22,4,1.9998,1.9069,0
MRC002575,2026-05-31,4,0,1,1,1484,1,2,5,16,16973.36,23219.79,4643.96,5,1.5999,2.9239,0
MRC002576,2026-05-31,3,0,1,0,1711,0,1,2,4,3862.26,4809.45,2404.73,2,1.9996,3.2122,0
MRC002577,2026-05-31,5,0,1,1,1928,27,0,1,7,0,477.36,477.36,1,0.0,0.0,0
MRC002578,2026-05-31,5,0,1,1,1524,15,0,1,4,0,1210.18,1210.18,1,0.0,0.0,0
MRC002579,2026-05-31,2,1,0,1,444,6,2,14,28,2047.34,20982.86,1498.78,8,0.5714,0.3903,0
MRC002580,2026-05-31,5,0,1,1,1640,1,3,10,22,16316.0,22719.64,2271.96,9,1.2,2.8726,0
MRC002581,2026-05-31,0,0,1,1,1102,13,0,1,3,0,606.2,606.2,1,0.0,0.0,0
MRC002582,2026-05-31,3,0,1,1,746,8,0,1,2,0,2223.95,2223.95,1,0.0,0.0,1
MRC002583,2026-05-31,0,1,0,0,905,47,0,0,1,0,0,0.0,0,0.0,0.0,1
MRC002584,2026-05-31,5,3,1,1,1936,5,1,8,12,2413.15,22477.0,2809.62,8,0.5,0.4294,0
MRC002585,2026-05-31,5,1,1,1,552,8,0,2,4,0,349.93,174.97,2,0.0,0.0,0
MRC002586,2026-05-31,4,1,1,1,1386,11,0,2,3,0,449.58,224.79,2,0.0,0.0,0
MRC002587,2026-05-31,5,2,1,1,346,5,1,6,10,1504.84,6719.61,1119.93,5,0.6666,0.8958,0
MRC002588,2026-05-31,5,0,0,1,1749,1,1,2,3,601.68,3589.05,1794.52,2,1.9996,0.6706,0
MRC002589,2026-05-31,5,0,0,1,492,7,0,7,14,0,11600.39,1657.2,6,0.0,0.0,0
MRC002590,2026-05-31,5,1,1,1,2217,13,0,2,2,0,2089.17,1044.59,2,0.0,0.0,0
MRC002591,2026-05-31,0,0,0,1,2092,47,0,0,1,0,0,0.0,0,0.0,0.0,0
MRC002592,2026-05-31,5,1,1,1,2034,24,0,3,4,0,7541.83,2513.94,2,0.0,0.0,1
MRC002593,2026-05-31,0,1,1,1,926,7,0,3,5,0,3022.43,1007.48,2,0.0,0.0,0
MRC002594,2026-05-31,5,0,1,1,1874,1,3,10,18,2022.02,13601.27,1360.13,8,1.2,0.5947,0
MRC002595,2026-05-31,4,1,1,1,459,3,2,4,19,1830.82,3726.46,931.62,4,1.9998,1.9652,0
MRC002596,2026-05-31,5,1,1,1,797,12,0,12,20,0,13871.96,1156.0,9,0.0,0.0,0
MRC002597,2026-05-31,5,0,1,1,454,0,1,1,5,175.55,175.55,175.55,1,3.9984,4.0,0
MRC002598,2026-05-31,0,2,0,1,283,12,0,3,6,0,2599.35,866.45,3,0.0,0.0,0
MRC002599,2026-05-31,2,1,1,0,966,13,0,1,3,0,601.66,601.66,1,0.0,0.0,0
MRC002600,2026-05-31,5,0,1,1,1420,0,1,1,2,518.82,518.82,518.82,1,3.9984,4.0,1
MRC002601,2026-05-31,0,0,1,1,2049,0,2,2,6,1365.69,1365.69,682.85,2,3.9992,4.0,0
MRC002602,2026-05-31,5,0,0,1,240,30,0,0,2,0,0,0.0,0,0.0,0.0,0
MRC002603,2026-05-31,5,0,1,1,1054,1,2,7,25,4721.8,10655.11,1522.16,6,1.1428,1.7726,0
MRC002604,2026-05-31,2,0,1,1,1725,6,1,2,5,491.09,1459.94,729.97,2,1.9996,1.3455,0
MRC002605,2026-05-31,5,0,0,0,605,1,3,9,12,2788.09,10163.23,1129.25,7,1.3333,1.0973,0
MRC002606,2026-05-31,3,2,1,1,1774,10,0,3,7,0,1359.2,453.07,3,0.0,0.0,0
MRC002607,2026-05-31,5,2,0,0,1410,20,0,1,5,0,1038.04,1038.04,1,0.0,0.0,0
MRC002608,2026-05-31,0,1,1,1,1394,3,2,5,7,977.66,2555.7,511.14,4,1.5999,1.5302,0
MRC002609,2026-05-31,0,1,0,1,437,1,2,4,14,2054.79,4481.7,1120.42,4,1.9998,1.8339,0
MRC002610,2026-05-31,0,1,1,1,532,0,1,6,15,546.98,5271.41,878.57,6,0.6666,0.4151,0
MRC002611,2026-05-31,5,1,1,1,2082,25,0,1,7,0,504.56,504.56,1,0.0,0.0,0
MRC002612,2026-05-31,5,2,0,1,2078,7,0,5,12,0,22135.28,4427.06,5,0.0,0.0,0
MRC002613,2026-05-31,5,1,0,1,1153,17,0,1,2,0,413.18,413.18,1,0.0,0.0,0
MRC002614,2026-05-31,0,1,0,1,1467,1,1,1,2,450.2,450.2,450.2,1,3.9984,4.0,0
MRC002615,2026-05-31,3,2,1,0,1349,3,1,2,6,5610.58,6317.49,3158.74,2,1.9996,3.5524,0
MRC002616,2026-05-31,5,1,0,1,1290,0,2,9,22,1616.62,28452.32,3161.37,9,0.8888,0.2273,0
MRC002617,2026-05-31,5,0,1,0,1721,34,0,0,2,0,0,0.0,0,0.0,0.0,1
MRC002618,2026-05-31,0,0,1,0,1405,119,0,0,0,0,0,0.0,0,0.0,0.0,0
MRC002619,2026-05-31,5,1,1,1,438,7,0,2,5,0,1119.53,559.76,2,0.0,0.0,0
MRC002620,2026-05-31,0,0,1,1,346,2,2,8,11,527.12,12808.86,1601.11,8,1.0,0.1646,0
MRC002621,2026-05-31,0,0,1,1,2022,19,0,1,2,0,676.32,676.32,1,0.0,0.0,0
MRC002622,2026-05-31,5,0,1,1,1782,0,4,14,23,5729.74,17223.41,1230.24,12,1.1428,1.3307,0
MRC002623,2026-05-31,5,0,1,1,599,1,4,18,45,6671.87,30260.59,1681.14,16,0.8889,0.8819,0
MRC002624,2026-05-31,2,3,1,0,297,73,0,0,0,0,0,0.0,0,0.0,0.0,0
MRC002625,2026-05-31,3,0,1,1,644,5,1,2,3,3230.03,7977.3,3988.65,2,1.9996,1.6196,0
MRC002626,2026-05-31,5,0,1,1,1428,8,0,1,1,0,12195.7,12195.7,1,0.0,0.0,1
MRC002627,2026-05-31,0,1,1,1,1440,0,1,7,16,268.56,8698.28,1242.61,7,0.5714,0.1235,0
MRC002628,2026-05-31,5,0,1,1,534,20,0,1,4,0,3826.2,3826.2,1,0.0,0.0,0
MRC002629,2026-05-31,2,1,1,1,549,1,2,7,11,4424.4,9390.76,1341.54,7,1.1428,1.8846,0
MRC002630,2026-05-31,0,1,0,1,618,0,2,6,15,971.37,5181.14,863.52,5,1.3332,0.7499,0
MRC002631,2026-05-31,5,0,0,1,1133,180,0,0,0,0,0,0.0,0,0.0,0.0,0
MRC002632,2026-05-31,3,1,1,1,674,11,0,2,4,0,3936.1,1968.05,2,0.0,0.0,1
MRC002633,2026-05-31,4,0,1,1,1162,14,0,1,2,0,222.83,222.83,1,0.0,0.0,1
MRC002634,2026-05-31,2,1,1,1,196,1,3,15,21,2546.27,20230.82,1348.72,11,0.8,0.5034,0
MRC002635,2026-05-31,5,2,1,1,2210,2,4,12,20,12681.22,22346.59,1862.22,10,1.3333,2.2699,0
MRC002636,2026-05-31,5,2,1,1,2113,27,0,2,3,0,1515.77,757.88,1,0.0,0.0,0
MRC002637,2026-05-31,5,0,1,1,904,9,0,1,4,0,1479.77,1479.77,1,0.0,0.0,0
MRC002638,2026-05-31,5,1,1,1,1922,5,1,7,10,234.44,4039.82,577.12,7,0.5714,0.2321,0
MRC002639,2026-05-31,2,1,1,1,1334,0,5,46,87,24383.58,85163.55,1851.38,24,0.4348,1.1453,0
MRC002640,2026-05-31,5,2,1,1,233,3,1,4,5,1522.45,2802.19,700.55,4,0.9999,2.1732,0
MRC002641,2026-05-31,5,0,1,1,787,7,0,1,2,0,184.68,184.68,1,0.0,0.0,0
MRC002642,2026-05-31,5,1,1,1,289,0,4,16,26,12002.19,31551.13,1971.95,11,1.0,1.5216,0
MRC002643,2026-05-31,0,0,1,1,1711,7,0,3,4,0,1482.17,494.06,3,0.0,0.0,1
MRC002644,2026-05-31,2,0,0,1,1875,33,0,0,3,0,0,0.0,0,0.0,0.0,0
MRC002645,2026-05-31,0,1,1,1,1513,38,0,0,1,0,0,0.0,0,0.0,0.0,1
MRC002646,2026-05-31,2,1,0,1,179,17,0,1,1,0,3276.88,3276.88,1,0.0,0.0,0
MRC002647,2026-05-31,5,0,1,0,680,13,0,1,2,0,185.52,185.52,1,0.0,0.0,0
MRC002648,2026-05-31,5,2,1,1,1189,0,3,12,29,7243.61,16284.81,1357.07,11,1.0,1.7792,0
MRC002649,2026-05-31,5,1,1,1,481,12,0,4,5,0,3525.52,881.38,4,0.0,0.0,0
MRC002650,2026-05-31,5,3,1,1,399,2,2,5,8,1891.6,4865.55,973.11,5,1.5999,1.5551,0
MRC002651,2026-05-31,5,1,1,1,830,2,2,6,8,704.0,4580.42,763.4,6,1.3332,0.6148,0
MRC002652,2026-05-31,5,2,0,1,1457,0,1,4,6,2605.65,3583.42,895.86,4,0.9999,2.9086,0
MRC002653,2026-05-31,5,1,1,1,358,4,1,9,14,188.23,10894.02,1210.45,8,0.4444,0.0691,0
MRC002654,2026-05-31,5,0,0,1,2346,3,1,2,5,822.65,1205.22,602.61,2,1.9996,2.7303,0
MRC002655,2026-05-31,0,0,1,1,1167,32,0,0,5,0,0,0.0,0,0.0,0.0,0
MRC002656,2026-05-31,3,2,1,1,540,79,0,0,0,0,0,0.0,0,0.0,0.0,0
MRC002657,2026-05-31,3,0,1,0,208,3,2,4,9,934.43,7228.47,1807.12,4,1.9998,0.5171,0
MRC002658,2026-05-31,5,1,1,1,2255,86,0,0,0,0,0,0.0,0,0.0,0.0,1
MRC002659,2026-05-31,5,1,1,1,1464,5,2,17,40,1036.21,21491.45,1264.2,13,0.4706,0.1929,0
MRC002660,2026-05-31,5,0,1,1,2056,7,0,4,9,0,1042.67,260.67,4,0.0,0.0,0
MRC002661,2026-05-31,3,0,1,1,1862,13,0,2,7,0,11993.42,5996.71,2,0.0,0.0,0
MRC002662,2026-05-31,0,1,1,1,2319,13,0,3,7,0,1589.27,529.76,3,0.0,0.0,0
MRC002663,2026-05-31,5,0,0,1,2109,17,0,1,1,0,519.72,519.72,1,0.0,0.0,1
MRC002664,2026-05-31,5,1,1,1,1839,4,1,1,5,3615.59,3615.59,3615.59,1,3.9984,4.0,0
MRC002665,2026-05-31,5,0,1,1,2024,1,1,1,4,431.35,431.35,431.35,1,3.9984,4.0,0
MRC002666,2026-05-31,5,1,1,1,2037,1,3,9,13,8064.85,11980.58,1331.18,9,1.3333,2.6926,0
MRC002667,2026-05-31,0,0,1,1,721,12,0,4,6,0,5754.15,1438.54,4,0.0,0.0,1
MRC002668,2026-05-31,5,1,1,1,1464,1,1,4,10,8207.67,13732.32,3433.08,4,0.9999,2.3908,0
MRC002669,2026-05-31,5,0,1,1,2319,2,6,18,34,9793.74,38689.41,2149.41,15,1.3333,1.0125,0
MRC002670,2026-05-31,5,0,1,1,2060,12,0,1,4,0,4004.47,4004.47,1,0.0,0.0,0
MRC002671,2026-05-31,5,2,1,1,394,11,0,2,2,0,2249.66,1124.83,2,0.0,0.0,0
MRC002672,2026-05-31,3,0,1,1,408,30,0,0,1,0,0,0.0,0,0.0,0.0,1
MRC002673,2026-05-31,5,1,1,0,602,6,2,8,15,1253.72,6177.85,772.23,7,1.0,0.8118,0
MRC002674,2026-05-31,2,0,1,1,1785,5,2,5,9,2297.82,5249.04,1049.81,5,1.5999,1.751,0
MRC002675,2026-05-31,0,0,1,1,1025,3,1,4,6,318.57,9274.87,2318.72,4,0.9999,0.1374,0
MRC002676,2026-05-31,5,0,0,0,1538,2,2,5,8,4512.08,6530.97,1306.19,5,1.5999,2.7635,1
MRC002677,2026-05-31,5,2,0,1,470,15,0,3,6,0,5816.94,1938.98,3,0.0,0.0,1
MRC002678,2026-05-31,5,1,1,0,295,1,13,48,83,12558.35,70694.06,1472.79,21,1.0833,0.7106,0
MRC002679,2026-05-31,2,0,0,1,1849,0,1,5,7,8560.61,12442.88,2488.58,4,0.7999,2.752,0
MRC002680,2026-05-31,0,1,1,1,802,4,1,5,9,691.57,9394.87,1878.97,5,0.7999,0.2944,0
MRC002681,2026-05-31,4,1,0,1,259,6,1,3,3,8846.44,9361.92,3120.64,3,1.3332,3.7798,1
MRC002682,2026-05-31,5,1,0,1,637,1,1,7,14,1408.77,5304.64,757.81,7,0.5714,1.0623,0
MRC002683,2026-05-31,5,3,1,1,871,12,0,3,4,0,2436.79,812.26,3,0.0,0.0,0
MRC002684,2026-05-31,5,1,1,1,1050,11,0,3,7,0,4693.07,1564.36,3,0.0,0.0,0
MRC002685,2026-05-31,2,1,1,1,2124,19,0,4,14,0,2901.96,725.49,3,0.0,0.0,0
MRC002686,2026-05-31,3,0,1,1,598,0,1,1,5,254.37,254.37,254.37,1,3.9984,4.0,0
MRC002687,2026-05-31,5,3,0,1,1484,43,0,0,1,0,0,0.0,0,0.0,0.0,0
MRC002688,2026-05-31,4,1,0,1,765,68,0,0,0,0,0,0.0,0,0.0,0.0,1
MRC002689,2026-05-31,5,0,1,1,1254,5,1,2,3,14824.26,15038.47,7519.23,2,1.9996,3.943,1
MRC002690,2026-05-31,5,3,0,1,811,4,1,1,4,7425.68,7425.68,7425.68,1,3.9984,4.0,0
MRC002691,2026-05-31,0,3,1,1,917,28,0,1,1,0,439.33,439.33,1,0.0,0.0,0
MRC002692,2026-05-31,0,1,0,1,1475,3,3,10,26,1398.79,10972.38,1097.24,10,1.2,0.5099,0
MRC002693,2026-05-31,5,0,1,1,1453,2,2,4,12,3910.57,5264.47,1316.12,4,1.9998,2.9713,0
MRC002694,2026-05-31,5,1,1,1,459,31,0,0,1,0,0,0.0,0,0.0,0.0,1
MRC002695,2026-05-31,5,2,1,0,507,18,0,2,6,0,5064.76,2532.38,2,0.0,0.0,0
MRC002696,2026-05-31,5,1,0,1,691,8,0,1,5,0,8783.35,8783.35,1,0.0,0.0,0
MRC002697,2026-05-31,5,0,0,1,2130,0,1,4,8,1151.93,2407.53,601.88,4,0.9999,1.9139,0
MRC002698,2026-05-31,5,0,1,0,857,9,0,1,3,0,1447.93,1447.93,1,0.0,0.0,0
MRC002699,2026-05-31,5,0,1,1,1427,21,0,1,2,0,163.68,163.68,1,0.0,0.0,0
MRC002700,2026-05-31,0,0,1,1,1146,1,1,6,14,4343.26,11835.1,1972.52,5,0.6666,1.4679,0
MRC002701,2026-05-31,5,1,1,1,938,6,1,5,13,2135.43,19307.44,3861.49,5,0.7999,0.4424,0
MRC002702,2026-05-31,2,0,1,1,248,2,2,14,28,3698.82,21072.46,1505.18,13,0.5714,0.7021,0
MRC002703,2026-05-31,2,1,1,1,1128,3,1,4,6,96.87,1999.98,499.99,4,0.9999,0.1937,0
MRC002704,2026-05-31,2,2,1,1,2348,88,0,0,0,0,0,0.0,0,0.0,0.0,1
MRC002705,2026-05-31,5,1,0,1,2220,0,2,8,22,658.71,9702.63,1212.83,8,1.0,0.2716,0
MRC002706,2026-05-31,0,0,1,1,821,0,1,5,14,699.78,3002.35,600.47,4,0.7999,0.9323,0
MRC002707,2026-05-31,5,2,1,0,1329,4,1,7,14,492.33,3738.14,534.02,7,0.5714,0.5268,0
MRC002708,2026-05-31,5,0,1,1,792,18,0,2,4,0,2672.49,1336.24,2,0.0,0.0,0
MRC002709,2026-05-31,0,2,1,1,2178,10,0,1,4,0,598.89,598.89,1,0.0,0.0,1
MRC002710,2026-05-31,5,0,1,1,1377,3,1,3,5,1249.81,1408.2,469.4,3,1.3332,3.5501,0
MRC002711,2026-05-31,5,1,1,1,2175,14,0,1,1,0,2129.25,2129.25,1,0.0,0.0,1
MRC002712,2026-05-31,0,1,0,1,2031,0,1,4,5,239.83,1770.83,442.71,4,0.9999,0.5417,0
MRC002713,2026-05-31,0,0,0,1,880,0,21,67,129,28550.73,82827.91,1236.24,26,1.2537,1.3788,0
MRC002714,2026-05-31,5,1,1,1,1163,0,12,34,59,14035.29,50098.34,1473.48,21,1.4117,1.1206,0
MRC002715,2026-05-31,0,0,0,0,1409,6,1,9,20,746.59,8793.29,977.03,7,0.4444,0.3396,0
MRC002716,2026-05-31,0,1,1,1,708,0,1,3,3,1225.48,1809.5,603.17,3,1.3332,2.709,0
MRC002717,2026-05-31,5,0,1,1,1982,79,0,0,0,0,0,0.0,0,0.0,0.0,0
MRC002718,2026-05-31,5,1,1,1,1401,0,2,7,17,3087.35,6789.72,969.96,6,1.1428,1.8188,0
MRC002719,2026-05-31,5,1,0,1,618,1,4,14,19,2541.48,19535.06,1395.36,12,1.1428,0.5204,0
MRC002720,2026-05-31,3,1,1,1,1220,5,1,2,3,1368.04,6049.09,3024.55,2,1.9996,0.9046,0
MRC002721,2026-05-31,5,0,1,1,1960,27,0,1,5,0,291.59,291.59,1,0.0,0.0,0
MRC002722,2026-05-31,5,1,1,1,1089,22,0,1,8,0,3637.97,3637.97,1,0.0,0.0,0
MRC002723,2026-05-31,5,1,1,0,1716,53,0,0,1,0,0,0.0,0,0.0,0.0,1
MRC002724,2026-05-31,5,0,1,1,2314,23,0,1,1,0,6747.2,6747.2,1,0.0,0.0,0
MRC002725,2026-05-31,5,1,1,1,897,60,0,0,0,0,0,0.0,0,0.0,0.0,1
MRC002726,2026-05-31,3,0,1,1,2341,2,3,9,12,402.08,6415.29,712.81,8,1.3333,0.2507,0
MRC002727,2026-05-31,2,0,1,1,1070,6,1,5,10,6487.3,9795.27,1959.05,4,0.7999,2.6492,0
MRC002728,2026-05-31,3,1,1,1,1392,3,3,15,20,7184.46,21043.51,1402.9,11,0.8,1.3656,0
MRC002729,2026-05-31,3,0,1,1,1853,77,0,0,0,0,0,0.0,0,0.0,0.0,1
MRC002730,2026-05-31,2,0,1,0,313,73,0,0,0,0,0,0.0,0,0.0,0.0,0
MRC002731,2026-05-31,5,1,1,1,1697,1,1,3,14,2457.72,3549.24,1183.08,3,1.3332,2.7699,0
MRC002732,2026-05-31,5,1,1,1,1403,0,2,2,3,2220.92,2220.92,1110.46,2,3.9992,4.0,0
MRC002733,2026-05-31,2,0,1,1,1596,93,0,0,0,0,0,0.0,0,0.0,0.0,1
MRC002734,2026-05-31,0,0,1,0,2246,0,8,14,21,13180.62,18527.74,1323.41,11,2.2856,2.8456,0
MRC002735,2026-05-31,4,1,0,1,1225,3,1,3,10,59.52,2647.75,882.58,3,1.3332,0.0899,0
MRC002736,2026-05-31,4,1,0,1,2187,1,1,1,1,901.33,901.33,901.33,1,3.9984,4.0,1
MRC002737,2026-05-31,5,1,0,1,1405,11,0,2,4,0,1469.78,734.89,2,0.0,0.0,0
MRC002738,2026-05-31,5,1,0,0,635,4,1,5,8,3493.35,8236.66,1647.33,4,0.7999,1.6965,0
MRC002739,2026-05-31,4,1,1,1,1590,1,3,8,22,5393.98,14928.83,1866.1,7,1.4999,1.4453,0
MRC002740,2026-05-31,5,2,1,1,580,24,0,1,3,0,961.45,961.45,1,0.0,0.0,0
MRC002741,2026-05-31,0,0,0,1,2129,15,0,1,4,0,3307.42,3307.42,1,0.0,0.0,0
MRC002742,2026-05-31,0,0,1,1,497,0,3,14,21,6513.56,16943.17,1210.23,14,0.8571,1.5377,0
MRC002743,2026-05-31,5,0,1,1,1254,0,8,35,58,18691.4,50503.45,1442.96,19,0.9143,1.4804,0
MRC002744,2026-05-31,3,0,1,1,1956,19,0,1,3,0,563.93,563.93,1,0.0,0.0,0
MRC002745,2026-05-31,5,1,1,1,185,0,4,6,9,2242.93,14720.73,2453.46,5,2.6665,0.6095,0
MRC002746,2026-05-31,5,2,1,1,1235,12,0,4,7,0,6256.43,1564.11,4,0.0,0.0,1
MRC002747,2026-05-31,5,0,0,1,1271,2,2,4,7,3248.42,5053.33,1263.33,4,1.9998,2.5713,0
MRC002748,2026-05-31,0,0,1,1,903,8,0,3,5,0,2339.15,779.72,3,0.0,0.0,0
MRC002749,2026-05-31,5,1,1,1,1635,5,1,4,10,1053.54,12222.55,3055.64,4,0.9999,0.3448,0
MRC002750,2026-05-31,5,3,0,1,874,16,0,3,12,0,16454.41,5484.8,3,0.0,0.0,0
MRC002751,2026-05-31,4,0,1,1,983,0,13,45,97,25647.6,88096.96,1957.71,26,1.1555,1.1645,0
MRC002752,2026-05-31,5,1,1,1,766,18,0,2,2,0,4897.24,2448.62,2,0.0,0.0,0
MRC002753,2026-05-31,2,2,0,0,1529,180,0,0,0,0,0,0.0,0,0.0,0.0,1
MRC002754,2026-05-31,5,1,1,1,2093,0,6,24,48,4004.54,25550.18,1064.59,17,1.0,0.6269,0
MRC002755,2026-05-31,5,1,0,0,553,24,0,1,2,0,95.0,95.0,1,0.0,0.0,0
MRC002756,2026-05-31,3,1,0,1,1060,5,1,2,4,547.13,637.7,318.85,2,1.9996,3.4319,1
MRC002757,2026-05-31,0,0,1,1,658,5,3,8,13,4752.0,8839.15,1104.89,6,1.4999,2.1504,0
MRC002758,2026-05-31,5,1,1,1,698,2,1,1,1,1843.28,1843.28,1843.28,1,3.9984,4.0,1
MRC002759,2026-05-31,3,0,1,0,2287,0,2,6,10,556.01,3507.29,584.55,5,1.3332,0.6341,0
MRC002760,2026-05-31,0,1,1,1,1717,4,1,4,9,7865.26,10627.21,2656.8,4,0.9999,2.9604,0
MRC002761,2026-05-31,0,2,1,0,2228,1,4,12,24,2311.09,11441.65,953.47,10,1.3333,0.808,0
MRC002762,2026-05-31,5,0,1,1,1553,2,1,6,13,200.3,12899.71,2149.95,6,0.6666,0.0621,0
MRC002763,2026-05-31,0,1,0,1,1621,0,6,10,16,8583.66,18851.31,1885.13,9,2.3999,1.8213,0
MRC002764,2026-05-31,5,0,1,1,1728,10,0,5,9,0,5166.18,1033.24,4,0.0,0.0,0
MRC002765,2026-05-31,5,0,1,0,1591,0,3,17,26,2647.84,17539.19,1031.72,13,0.7059,0.6039,0
MRC002766,2026-05-31,4,1,1,1,1960,3,1,4,10,4118.92,7342.75,1835.69,3,0.9999,2.2438,0
MRC002767,2026-05-31,5,0,1,1,877,2,2,3,6,1409.25,1832.02,610.67,3,2.6663,3.0769,1
MRC002768,2026-05-31,4,1,1,1,386,17,0,2,4,0,5107.07,2553.53,2,0.0,0.0,0
MRC002769,2026-05-31,5,0,1,1,1232,49,0,0,1,0,0,0.0,0,0.0,0.0,0
MRC002770,2026-05-31,5,2,1,0,169,4,2,7,12,5539.53,9730.3,1390.04,7,1.1428,2.2772,0
MRC002771,2026-05-31,4,0,1,1,268,54,0,0,1,0,0,0.0,0,0.0,0.0,0
MRC002772,2026-05-31,3,0,1,1,275,9,0,4,6,0,2870.88,717.72,4,0.0,0.0,0
MRC002773,2026-05-31,3,1,1,1,334,18,0,4,8,0,4491.32,1122.83,3,0.0,0.0,0
MRC002774,2026-05-31,5,1,0,1,1709,54,0,0,1,0,0,0.0,0,0.0,0.0,0
MRC002775,2026-05-31,2,0,0,1,1470,0,1,3,5,844.48,4128.39,1376.13,2,1.3332,0.8182,0
MRC002776,2026-05-31,5,2,0,1,2206,12,0,2,6,0,4353.73,2176.86,2,0.0,0.0,0
MRC002777,2026-05-31,5,0,1,1,798,2,3,18,26,1472.64,22074.67,1226.37,13,0.6667,0.2668,0
MRC002778,2026-05-31,0,0,0,1,888,22,0,3,4,0,4689.27,1563.09,2,0.0,0.0,0
MRC002779,2026-05-31,3,1,1,1,1235,47,0,0,1,0,0,0.0,0,0.0,0.0,1
MRC002780,2026-05-31,0,1,1,1,1871,0,17,84,193,23433.9,124633.09,1483.73,29,0.8095,0.7521,0
MRC002781,2026-05-31,5,1,1,1,2198,8,0,10,12,0,15792.13,1579.21,7,0.0,0.0,0
MRC002782,2026-05-31,2,2,1,1,1758,0,4,9,18,2982.64,16762.35,1862.48,7,1.7777,0.7117,0
MRC002783,2026-05-31,5,1,1,0,1273,4,3,17,38,5169.95,29946.74,1761.57,13,0.7059,0.6906,0
MRC002784,2026-05-31,2,0,1,1,2302,0,1,3,7,4755.81,5891.6,1963.87,3,1.3332,3.2289,1
MRC002785,2026-05-31,0,0,1,1,561,6,1,2,8,799.69,1226.0,613.0,2,1.9996,2.6091,0
MRC002786,2026-05-31,5,0,1,1,1193,1,6,14,24,6462.67,16822.11,1201.58,11,1.7142,1.5367,0
MRC002787,2026-05-31,5,1,1,0,704,3,2,9,24,7558.25,15539.07,1726.56,8,0.8888,1.9456,0
MRC002788,2026-05-31,5,0,1,1,527,8,0,4,11,0,9648.84,2412.21,4,0.0,0.0,0
MRC002789,2026-05-31,5,1,1,1,1031,5,1,6,17,6058.65,22495.01,3749.17,5,0.6666,1.0773,0
MRC002790,2026-05-31,4,1,1,1,1837,1,1,3,5,160.14,2726.55,908.85,3,1.3332,0.2349,0
MRC002791,2026-05-31,5,1,1,1,864,4,1,3,5,600.25,1306.11,435.37,3,1.3332,1.8383,0
MRC002792,2026-05-31,0,0,1,1,1954,1,4,23,41,2721.36,35018.27,1522.53,17,0.6956,0.3109,0
MRC002793,2026-05-31,0,0,1,1,1499,9,0,2,9,0,1447.87,723.93,2,0.0,0.0,0
MRC002794,2026-05-31,5,2,1,1,1710,54,0,0,1,0,0,0.0,0,0.0,0.0,1
MRC002795,2026-05-31,5,1,1,1,696,7,0,5,9,0,8194.45,1638.89,4,0.0,0.0,1
MRC002796,2026-05-31,4,1,1,1,2051,3,3,16,32,4739.64,19732.15,1233.26,13,0.75,0.9608,0
MRC002797,2026-05-31,0,1,0,1,610,0,1,6,11,2069.29,8942.33,1490.39,5,0.6666,0.9256,0
MRC002798,2026-05-31,5,2,0,1,976,16,0,2,8,0,5255.34,2627.67,2,0.0,0.0,0
MRC002799,2026-05-31,0,0,1,1,1876,6,1,1,3,1803.58,1803.58,1803.58,1,3.9984,4.0,0
MRC002800,2026-05-31,4,2,1,1,1673,11,0,1,5,0,3429.58,3429.58,1,0.0,0.0,0
MRC002801,2026-05-31,0,0,1,0,819,18,0,3,6,0,4837.26,1612.42,3,0.0,0.0,1
MRC002802,2026-05-31,0,3,1,0,741,1,1,2,3,324.95,9971.66,4985.83,2,1.9996,0.1303,0
MRC002803,2026-05-31,2,0,1,1,1111,5,3,13,21,6616.71,27796.49,2138.19,9,0.923,0.9522,0
MRC002804,2026-05-31,5,0,1,1,1140,0,2,7,14,715.61,2845.02,406.43,6,1.1428,1.0061,0
MRC002805,2026-05-31,2,0,1,1,294,0,3,11,23,7989.82,18098.26,1645.3,10,1.0909,1.7659,0
MRC002806,2026-05-31,3,2,1,1,694,1,2,6,12,1524.27,5205.4,867.57,6,1.3332,1.1713,0
MRC002807,2026-05-31,5,3,0,1,502,4,3,14,40,3463.43,18909.99,1350.71,11,0.8571,0.7326,0
MRC002808,2026-05-31,3,0,1,1,502,15,0,3,7,0,6143.75,2047.92,3,0.0,0.0,0
MRC002809,2026-05-31,5,0,1,1,937,4,2,9,14,1000.47,10982.38,1220.26,7,0.8888,0.3644,0
MRC002810,2026-05-31,5,0,1,1,243,3,1,5,6,1018.86,6042.52,1208.5,5,0.7999,0.6745,0
MRC002811,2026-05-31,5,0,0,1,1644,63,0,0,0,0,0,0.0,0,0.0,0.0,0
MRC002812,2026-05-31,5,1,1,0,1632,5,1,3,5,759.66,5622.31,1874.1,3,1.3332,0.5405,0
MRC002813,2026-05-31,5,0,0,1,646,13,0,5,9,0,13268.87,2653.77,5,0.0,0.0,0
MRC002814,2026-05-31,5,3,1,1,2077,0,1,2,10,215.75,1278.27,639.13,2,1.9996,0.6751,0
MRC002815,2026-05-31,5,2,1,1,1462,0,5,12,25,9617.55,21676.79,1806.4,12,1.6666,1.7747,0
MRC002816,2026-05-31,0,0,1,1,852,11,0,1,6,0,3278.63,3278.63,1,0.0,0.0,0
MRC002817,2026-05-31,5,1,1,1,588,5,1,4,9,474.14,10503.0,2625.75,4,0.9999,0.1806,0
MRC002818,2026-05-31,5,3,1,1,1102,31,0,0,4,0,0,0.0,0,0.0,0.0,0
MRC002819,2026-05-31,2,2,0,1,2262,2,5,28,49,8043.05,45938.34,1640.65,20,0.7143,0.7003,0
MRC002820,2026-05-31,5,1,1,1,172,12,0,2,9,0,703.19,351.6,2,0.0,0.0,0
MRC002821,2026-05-31,2,0,1,1,208,0,2,8,14,1108.93,14406.37,1800.8,8,1.0,0.3079,0
MRC002822,2026-05-31,4,0,1,1,1067,2,1,4,8,1455.47,3955.12,988.78,4,0.9999,1.472,0
MRC002823,2026-05-31,5,1,1,1,2173,12,0,4,5,0,3003.74,750.93,3,0.0,0.0,0
MRC002824,2026-05-31,4,0,0,0,779,42,0,0,1,0,0,0.0,0,0.0,0.0,0
MRC002825,2026-05-31,2,1,1,1,1798,74,0,0,0,0,0,0.0,0,0.0,0.0,0
MRC002826,2026-05-31,2,1,0,1,1419,2,3,8,12,2101.2,5775.62,721.95,8,1.4999,1.4552,0
MRC002827,2026-05-31,5,1,0,1,600,0,2,2,7,1170.56,1170.56,585.28,2,3.9992,4.0,0
MRC002828,2026-05-31,5,0,1,1,2150,7,0,3,5,0,8249.69,2749.9,3,0.0,0.0,0
MRC002829,2026-05-31,5,1,0,0,521,7,0,6,13,0,2708.82,451.47,5,0.0,0.0,0
MRC002830,2026-05-31,5,2,0,1,1270,0,1,3,5,4711.5,5013.12,1671.04,3,1.3332,3.7593,0
MRC002831,2026-05-31,5,0,1,1,1612,0,1,4,6,745.1,25549.32,6387.33,4,0.9999,0.1167,0
MRC002832,2026-05-31,5,0,1,0,1641,23,0,1,4,0,4716.47,4716.47,1,0.0,0.0,0
MRC002833,2026-05-31,5,2,1,1,2031,5,2,7,12,1865.28,9061.38,1294.48,6,1.1428,0.8234,0
MRC002834,2026-05-31,2,1,1,1,1706,4,1,3,4,3274.15,4487.52,1495.84,3,1.3332,2.9184,0
MRC002835,2026-05-31,5,1,0,1,1601,12,0,7,16,0,17617.34,2516.76,6,0.0,0.0,0
MRC002836,2026-05-31,3,2,1,1,498,16,0,2,6,0,9254.66,4627.33,2,0.0,0.0,0
MRC002837,2026-05-31,0,1,1,1,834,5,1,2,9,4068.68,5565.21,2782.61,2,1.9996,2.9244,1
MRC002838,2026-05-31,4,3,0,1,922,18,0,1,2,0,1292.4,1292.4,1,0.0,0.0,0
MRC002839,2026-05-31,5,2,1,1,975,1,4,14,25,12819.54,23662.59,1690.18,11,1.1428,2.1671,0
MRC002840,2026-05-31,0,0,1,1,412,0,3,9,29,2425.82,9421.34,1046.82,8,1.3333,1.0299,0
MRC002841,2026-05-31,5,0,0,1,372,4,1,2,2,293.83,1161.41,580.71,2,1.9996,1.012,0
MRC002842,2026-05-31,2,0,1,1,1128,9,0,5,11,0,6422.4,1284.48,5,0.0,0.0,0
MRC002843,2026-05-31,3,1,1,1,1744,14,0,5,8,0,3149.86,629.97,4,0.0,0.0,0
MRC002844,2026-05-31,0,1,1,1,2103,2,2,5,11,6699.61,14706.56,2941.31,5,1.5999,1.8222,0
MRC002845,2026-05-31,5,1,0,1,2219,3,1,3,8,1192.8,1888.6,629.53,3,1.3332,2.5263,0
MRC002846,2026-05-31,2,3,1,1,1215,180,0,0,0,0,0,0.0,0,0.0,0.0,1
MRC002847,2026-05-31,0,1,0,1,2127,2,3,8,16,1095.13,20482.2,2560.28,6,1.4999,0.2139,0
MRC002848,2026-05-31,5,1,1,1,1161,5,3,7,22,3430.4,9269.79,1324.26,6,1.7142,1.4802,0
MRC002849,2026-05-31,5,1,1,1,1199,0,2,11,18,2560.84,9256.82,841.53,10,0.7272,1.1066,0
MRC002850,2026-05-31,5,1,1,1,622,29,0,1,6,0,1499.45,1499.45,1,0.0,0.0,0
MRC002851,2026-05-31,3,0,1,1,1537,15,0,2,4,0,4047.02,2023.51,2,0.0,0.0,0
MRC002852,2026-05-31,0,1,1,1,842,9,0,1,3,0,662.8,662.8,1,0.0,0.0,1
MRC002853,2026-05-31,5,1,0,1,1224,147,0,0,0,0,0,0.0,0,0.0,0.0,1
MRC002854,2026-05-31,5,0,1,1,2211,24,0,2,4,0,827.51,413.75,2,0.0,0.0,0
MRC002855,2026-05-31,0,1,1,1,1358,27,0,1,3,0,129.58,129.58,1,0.0,0.0,0
MRC002856,2026-05-31,5,1,0,1,827,6,1,5,9,472.05,6366.46,1273.29,5,0.7999,0.2966,0
MRC002857,2026-05-31,5,0,1,1,1629,180,0,0,0,0,0,0.0,0,0.0,0.0,0
MRC002858,2026-05-31,5,2,1,1,1763,1,1,2,3,539.66,1511.88,755.94,2,1.9996,1.4278,1
MRC002859,2026-05-31,5,0,1,1,1490,13,0,4,5,0,7551.65,1887.91,4,0.0,0.0,1
MRC002860,2026-05-31,2,1,1,1,257,4,2,9,19,505.14,4868.87,540.99,7,0.8888,0.415,0
MRC002861,2026-05-31,3,1,1,0,659,1,15,58,126,24453.01,62365.15,1075.26,26,1.0345,1.5684,0
MRC002862,2026-05-31,0,0,1,1,445,3,1,3,5,4319.04,6463.44,2154.48,3,1.3332,2.6729,0
MRC002863,2026-05-31,2,1,1,1,2253,15,0,1,2,0,916.06,916.06,1,0.0,0.0,1
MRC002864,2026-05-31,5,0,1,0,845,10,0,3,4,0,710.48,236.83,3,0.0,0.0,0
MRC002865,2026-05-31,5,0,1,1,1201,8,0,5,7,0,7271.78,1454.36,5,0.0,0.0,0
MRC002866,2026-05-31,2,1,0,1,2134,50,0,0,2,0,0,0.0,0,0.0,0.0,0
MRC002867,2026-05-31,4,0,1,1,2330,0,3,9,21,2381.2,24505.14,2722.79,9,1.3333,0.3887,0
MRC002868,2026-05-31,5,3,1,1,644,6,2,8,15,7310.14,16284.18,2035.52,7,1.0,1.7956,0
MRC002869,2026-05-31,4,1,1,1,2042,0,1,7,14,3665.31,4609.2,658.46,7,0.5714,3.1809,0
MRC002870,2026-05-31,0,0,1,1,1752,19,0,1,2,0,1706.45,1706.45,1,0.0,0.0,0
MRC002871,2026-05-31,0,2,1,0,1506,3,3,11,20,4765.17,16390.01,1490.0,10,1.0909,1.1629,0
MRC002872,2026-05-31,5,1,1,1,531,25,0,1,3,0,2251.73,2251.73,1,0.0,0.0,0
MRC002873,2026-05-31,5,1,1,1,1675,1,1,5,8,357.92,9809.49,1961.9,5,0.7999,0.1459,0
MRC002874,2026-05-31,0,1,1,1,1504,14,0,1,6,0,412.22,412.22,1,0.0,0.0,0
MRC002875,2026-05-31,0,2,1,1,1140,180,0,0,0,0,0,0.0,0,0.0,0.0,1
MRC002876,2026-05-31,5,0,1,1,1447,4,1,3,6,682.0,10715.18,3571.73,3,1.3332,0.2546,0
MRC002877,2026-05-31,5,0,1,1,625,131,0,0,0,0,0,0.0,0,0.0,0.0,1
MRC002878,2026-05-31,5,3,1,0,1523,6,1,3,3,206.3,3410.85,1136.95,3,1.3332,0.2419,0
MRC002879,2026-05-31,0,0,1,1,499,0,2,4,7,2311.05,5508.29,1377.07,4,1.9998,1.6782,0
MRC002880,2026-05-31,5,1,1,1,790,0,2,6,14,2238.52,4872.6,812.1,6,1.3332,1.8376,0
MRC002881,2026-05-31,5,1,0,1,1246,4,1,2,4,285.34,763.52,381.76,2,1.9996,1.4949,0
MRC002882,2026-05-31,5,1,0,1,519,14,0,1,1,0,392.25,392.25,1,0.0,0.0,0
MRC002883,2026-05-31,0,1,1,1,2161,2,2,3,5,5910.22,6386.06,2128.69,3,2.6663,3.702,0
MRC002884,2026-05-31,5,3,1,0,2101,11,0,2,3,0,8521.55,4260.78,2,0.0,0.0,1
MRC002885,2026-05-31,2,0,1,1,1201,74,0,0,0,0,0,0.0,0,0.0,0.0,1
MRC002886,2026-05-31,0,1,1,1,1409,23,0,1,6,0,483.04,483.04,1,0.0,0.0,0
MRC002887,2026-05-31,2,1,0,1,802,18,0,1,2,0,1673.54,1673.54,1,0.0,0.0,0
MRC002888,2026-05-31,5,0,0,1,628,3,3,5,8,4298.92,8030.1,1606.02,5,2.3998,2.1414,0
MRC002889,2026-05-31,2,2,1,1,2264,2,2,2,2,531.61,531.61,265.81,2,3.9992,4.0,0
MRC002890,2026-05-31,5,1,0,1,1068,66,0,0,0,0,0,0.0,0,0.0,0.0,0
MRC002891,2026-05-31,3,0,1,1,2248,2,1,8,17,542.9,7361.83,920.23,6,0.5,0.295,0
MRC002892,2026-05-31,3,2,1,1,311,25,0,1,4,0,1640.78,1640.78,1,0.0,0.0,0
MRC002893,2026-05-31,0,2,1,1,398,180,0,0,0,0,0,0.0,0,0.0,0.0,1
MRC002894,2026-05-31,5,0,0,1,1203,1,1,2,5,1026.11,1629.22,814.61,2,1.9996,2.5193,0
MRC002895,2026-05-31,0,1,1,1,1873,6,1,7,13,2104.42,11657.37,1665.34,5,0.5714,0.7221,0
MRC002896,2026-05-31,5,0,1,1,1091,19,0,2,4,0,7177.15,3588.57,2,0.0,0.0,1
MRC002897,2026-05-31,4,0,1,1,2000,17,0,1,4,0,1137.3,1137.3,1,0.0,0.0,0
MRC002898,2026-05-31,2,0,1,1,455,4,1,3,8,615.18,3165.0,1055.0,3,1.3332,0.7775,0
MRC002899,2026-05-31,3,2,1,0,2035,2,1,4,7,888.6,4430.11,1107.53,4,0.9999,0.8023,0
MRC002900,2026-05-31,0,0,1,0,1135,7,0,1,3,0,409.97,409.97,1,0.0,0.0,0
MRC002901,2026-05-31,4,0,0,1,787,3,2,3,8,2906.0,5153.03,1717.68,3,2.6663,2.2558,0
MRC002902,2026-05-31,5,1,1,1,1562,13,0,1,2,0,1760.62,1760.62,1,0.0,0.0,0
MRC002903,2026-05-31,0,1,1,1,1866,1,4,16,26,7340.46,29296.47,1831.03,13,1.0,1.0022,0
MRC002904,2026-05-31,2,0,0,1,2193,15,0,6,9,0,4520.01,753.34,6,0.0,0.0,0
MRC002905,2026-05-31,2,0,1,0,356,0,1,1,6,2397.5,2397.5,2397.5,1,3.9984,4.0,0
MRC002906,2026-05-31,2,1,1,1,1701,2,1,3,9,1423.97,5008.57,1669.52,3,1.3332,1.1372,0
MRC002907,2026-05-31,5,1,1,1,852,21,0,1,6,0,377.48,377.48,1,0.0,0.0,0
MRC002908,2026-05-31,4,1,1,1,1262,33,0,0,2,0,0,0.0,0,0.0,0.0,0
MRC002909,2026-05-31,5,0,0,1,1174,1,1,6,13,7387.01,16762.99,2793.83,5,0.6666,1.7627,0
MRC002910,2026-05-31,5,1,1,1,1847,4,1,7,11,161.37,9403.69,1343.38,6,0.5714,0.0686,0
MRC002911,2026-05-31,2,1,0,1,1035,0,12,35,65,20319.16,48883.4,1396.67,16,1.3714,1.6627,0
MRC002912,2026-05-31,5,0,1,1,776,2,1,9,14,858.23,31123.8,3458.2,8,0.4444,0.1103,0
MRC002913,2026-05-31,5,0,1,1,1229,0,2,6,10,2868.26,4790.77,798.46,6,1.3332,2.3948,0
MRC002914,2026-05-31,0,1,1,0,1626,3,2,9,14,2698.65,11923.43,1324.83,8,0.8888,0.9053,0
MRC002915,2026-05-31,2,0,1,1,2014,38,0,0,1,0,0,0.0,0,0.0,0.0,0
MRC002916,2026-05-31,4,0,0,0,176,9,0,1,1,0,173.67,173.67,1,0.0,0.0,1
MRC002917,2026-05-31,0,2,1,1,1407,18,0,1,3,0,399.16,399.16,1,0.0,0.0,1
MRC002918,2026-05-31,5,1,1,1,323,2,1,6,9,1363.65,13889.12,2314.85,6,0.6666,0.3927,0
MRC002919,2026-05-31,5,1,1,1,1519,0,3,12,23,4978.38,17134.44,1427.87,11,1.0,1.1622,0
MRC002920,2026-05-31,5,0,1,1,1529,1,3,11,18,5715.2,16146.76,1467.89,8,1.0909,1.4158,0
MRC002921,2026-05-31,4,1,1,1,2033,5,1,4,6,126.14,971.51,242.88,4,0.9999,0.5194,0
MRC002922,2026-05-31,4,1,1,1,585,1,5,20,45,10211.84,36132.66,1806.63,15,1.0,1.1305,0
MRC002923,2026-05-31,5,2,1,1,1901,6,1,4,7,4747.82,5943.27,1485.82,4,0.9999,3.1954,0
MRC002924,2026-05-31,5,1,1,1,1669,11,0,1,2,0,410.55,410.55,1,0.0,0.0,1
MRC002925,2026-05-31,0,1,0,1,1618,13,0,5,6,0,4873.27,974.65,5,0.0,0.0,0
MRC002926,2026-05-31,5,0,1,1,1556,5,1,15,24,911.74,17831.79,1188.79,12,0.2667,0.2045,0
MRC002927,2026-05-31,5,1,1,1,1366,42,0,0,2,0,0,0.0,0,0.0,0.0,0
MRC002928,2026-05-31,5,2,1,1,304,14,0,3,4,0,2770.38,923.46,3,0.0,0.0,1
MRC002929,2026-05-31,5,1,1,1,1941,5,1,3,8,2621.79,3725.64,1241.88,3,1.3332,2.8149,0
MRC002930,2026-05-31,5,1,1,1,1022,6,1,5,12,798.23,2849.36,569.87,5,0.7999,1.1206,0
MRC002931,2026-05-31,0,2,1,0,393,83,0,0,0,0,0,0.0,0,0.0,0.0,1
MRC002932,2026-05-31,2,2,0,1,1504,0,4,8,15,14429.13,17854.45,2231.81,7,1.9999,3.2326,0
MRC002933,2026-05-31,5,0,1,1,2234,60,0,0,0,0,0,0.0,0,0.0,0.0,0
MRC002934,2026-05-31,0,0,1,1,1723,6,1,12,19,1597.5,20014.44,1667.87,9,0.3333,0.3193,0
MRC002935,2026-05-31,0,1,1,1,702,39,0,0,1,0,0,0.0,0,0.0,0.0,1
MRC002936,2026-05-31,5,3,1,1,1948,8,0,2,2,0,675.43,337.71,2,0.0,0.0,0
MRC002937,2026-05-31,5,1,1,1,2014,8,0,6,14,0,20756.08,3459.35,5,0.0,0.0,0
MRC002938,2026-05-31,5,0,0,0,887,5,1,5,14,20481.53,24452.03,4890.41,4,0.7999,3.3505,0
MRC002939,2026-05-31,5,1,0,1,1307,3,1,1,3,305.49,305.49,305.49,1,3.9984,4.0,0
MRC002940,2026-05-31,5,0,0,1,1993,1,4,33,66,4879.32,43805.51,1327.44,20,0.4848,0.4455,0
MRC002941,2026-05-31,0,0,1,1,509,18,0,3,3,0,3859.65,1286.55,2,0.0,0.0,1
MRC002942,2026-05-31,5,0,0,1,939,11,0,1,4,0,598.03,598.03,1,0.0,0.0,0
MRC002943,2026-05-31,5,0,1,0,1162,23,0,1,2,0,1766.82,1766.82,1,0.0,0.0,0
MRC002944,2026-05-31,5,1,1,1,180,38,0,0,4,0,0,0.0,0,0.0,0.0,0
MRC002945,2026-05-31,4,0,1,1,529,1,4,6,6,4482.83,7908.78,1318.13,5,2.6665,2.2673,0
MRC002946,2026-05-31,0,0,1,0,1497,4,1,2,5,555.6,2359.02,1179.51,2,1.9996,0.9421,1
MRC002947,2026-05-31,5,1,1,1,740,8,0,4,10,0,4316.44,1079.11,3,0.0,0.0,0
MRC002948,2026-05-31,4,0,1,1,693,3,1,3,9,109.81,2342.85,780.95,3,1.3332,0.1875,0
MRC002949,2026-05-31,0,1,1,0,811,4,1,15,35,13620.86,36866.32,2457.75,11,0.2667,1.4779,0
MRC002950,2026-05-31,5,0,1,1,436,26,0,2,4,0,890.98,445.49,2,0.0,0.0,1
MRC002951,2026-05-31,3,0,1,1,1556,3,1,6,9,128.85,2157.26,359.54,6,0.6666,0.2389,0
MRC002952,2026-05-31,2,1,1,1,729,2,1,5,9,435.7,5518.79,1103.76,5,0.7999,0.3158,0
MRC002953,2026-05-31,0,0,1,0,1588,2,1,3,7,1105.64,23065.62,7688.54,3,1.3332,0.1917,0
MRC002954,2026-05-31,0,0,0,0,1973,3,1,4,7,547.2,3798.02,949.5,4,0.9999,0.5763,0
MRC002955,2026-05-31,5,0,1,1,1210,84,0,0,0,0,0,0.0,0,0.0,0.0,1
MRC002956,2026-05-31,5,0,1,1,2162,8,0,5,7,0,12424.77,2484.95,4,0.0,0.0,0
MRC002957,2026-05-31,0,0,1,1,593,11,0,3,11,0,4255.36,1418.45,2,0.0,0.0,0
MRC002958,2026-05-31,2,0,1,1,2266,25,0,1,4,0,1848.33,1848.33,1,0.0,0.0,0
MRC002959,2026-05-31,0,0,1,0,868,15,0,1,2,0,2417.32,2417.32,1,0.0,0.0,0
MRC002960,2026-05-31,0,0,1,0,826,5,1,1,3,275.58,275.58,275.58,1,3.9984,4.0,0
MRC002961,2026-05-31,4,2,1,1,2305,9,0,5,11,0,10445.02,2089.0,5,0.0,0.0,0
MRC002962,2026-05-31,3,0,1,1,1161,6,1,4,5,1252.87,2704.19,676.05,4,0.9999,1.8532,0
MRC002963,2026-05-31,4,0,1,1,1798,0,9,21,38,12901.44,29440.35,1401.92,18,1.7143,1.7529,0
MRC002964,2026-05-31,2,1,1,1,1918,3,1,2,3,210.83,1007.31,503.66,2,1.9996,0.8372,1
MRC002965,2026-05-31,5,0,0,1,1144,2,1,1,4,129.59,129.59,129.59,1,3.9984,4.0,1
MRC002966,2026-05-31,5,1,1,1,859,4,1,2,4,1000.44,1332.22,666.11,2,1.9996,3.0038,1
MRC002967,2026-05-31,0,0,0,1,1238,0,1,9,17,187.26,8098.47,899.83,7,0.4444,0.0925,0
MRC002968,2026-05-31,0,1,0,1,1006,0,1,10,18,1339.52,16299.84,1629.98,10,0.4,0.3287,0
MRC002969,2026-05-31,0,2,1,1,1074,0,5,20,46,2434.29,24890.24,1244.51,19,1.0,0.3912,0
MRC002970,2026-05-31,2,0,1,1,683,3,1,6,10,677.54,6661.9,1110.32,5,0.6666,0.4068,0
MRC002971,2026-05-31,5,0,1,1,2163,0,3,8,14,2490.43,6312.0,789.0,7,1.4999,1.5782,0
MRC002972,2026-05-31,0,1,1,0,1415,2,1,5,7,258.37,6504.13,1300.83,4,0.7999,0.1589,0
MRC002973,2026-05-31,5,3,1,1,1905,9,0,4,8,0,6332.42,1583.11,4,0.0,0.0,0
MRC002974,2026-05-31,5,1,1,1,1605,2,2,5,8,2251.92,5535.96,1107.19,5,1.5999,1.6271,0
MRC002975,2026-05-31,0,1,1,1,936,4,2,6,8,4409.52,10333.81,1722.3,6,1.3332,1.7068,0
MRC002976,2026-05-31,0,0,0,1,860,0,10,32,66,10708.98,151241.64,4726.3,20,1.25,0.2832,0
MRC002977,2026-05-31,0,1,0,1,2311,1,2,2,8,3977.85,3977.85,1988.92,2,3.9992,4.0,0
MRC002978,2026-05-31,0,0,1,1,217,6,2,6,9,6561.6,25761.1,4293.52,4,1.3332,1.0188,0
MRC002979,2026-05-31,3,1,1,1,809,4,1,4,9,753.37,12762.9,3190.72,3,0.9999,0.2361,0
MRC002980,2026-05-31,0,0,1,1,1772,2,1,3,8,818.32,2682.27,894.09,3,1.3332,1.2203,0
MRC002981,2026-05-31,5,1,1,1,1357,4,1,4,9,407.14,5451.08,1362.77,4,0.9999,0.2988,0
MRC002982,2026-05-31,5,0,1,0,1512,5,1,1,4,187.5,187.5,187.5,1,3.9984,4.0,0
MRC002983,2026-05-31,5,1,1,1,212,2,4,12,22,9530.14,17568.38,1464.03,9,1.3333,2.1698,0
MRC002984,2026-05-31,5,1,1,1,643,4,2,8,19,282.49,3529.35,441.17,8,1.0,0.3202,0
MRC002985,2026-05-31,3,2,1,0,1474,0,8,35,61,18101.99,57321.46,1637.76,21,0.9143,1.2632,0
MRC002986,2026-05-31,5,3,0,1,852,0,2,5,9,1227.53,5586.57,1117.31,5,1.5999,0.8789,0
MRC002987,2026-05-31,5,1,1,0,1192,0,3,9,11,3782.27,17080.06,1897.78,9,1.3333,0.8858,0
MRC002988,2026-05-31,2,1,0,1,2256,2,1,4,9,1317.78,4360.95,1090.24,3,0.9999,1.2087,0
MRC002989,2026-05-31,0,0,1,1,1559,10,0,2,5,0,1037.11,518.56,2,0.0,0.0,0
MRC002990,2026-05-31,2,2,0,1,1541,1,3,14,20,6045.22,17355.92,1239.71,11,0.8571,1.3932,0
MRC002991,2026-05-31,4,1,1,0,594,3,1,1,2,904.59,904.59,904.59,1,3.9984,4.0,1
MRC002992,2026-05-31,3,1,0,1,1466,4,2,6,14,10002.46,13994.15,2332.36,5,1.3332,2.859,0
MRC002993,2026-05-31,2,1,1,0,2262,2,6,23,54,4253.55,53384.02,2321.04,17,1.0435,0.3187,0
MRC002994,2026-05-31,5,1,1,1,1562,0,3,13,25,3980.47,21645.69,1665.05,10,0.923,0.7356,0
MRC002995,2026-05-31,5,2,1,1,1880,2,3,11,25,12273.92,25749.0,2340.82,8,1.0909,1.9067,0
MRC002996,2026-05-31,4,2,1,1,2250,1,1,6,10,207.34,6735.26,1122.54,6,0.6666,0.1231,0
MRC002997,2026-05-31,3,1,1,1,2134,33,0,0,3,0,0,0.0,0,0.0,0.0,0
MRC002998,2026-05-31,2,0,1,1,907,3,1,2,2,6678.5,9124.97,4562.48,2,1.9996,2.9276,0
MRC002999,2026-05-31,5,2,0,1,810,18,0,1,4,0,276.7,276.7,1,0.0,0.0,0
MRC003000,2026-05-31,5,1,0,0,778,13,0,2,2,0,1362.69,681.35,2,0.0,0.0,0
MRC003001,2026-05-31,0,1,1,1,1847,1,2,8,13,2282.97,8271.1,1033.89,7,1.0,1.1041,0
MRC003002,2026-05-31,5,1,1,0,988,0,3,15,30,5286.58,26936.33,1795.76,10,0.8,0.785,0
MRC003003,2026-05-31,0,1,1,0,1962,3,2,4,9,3282.57,7910.45,1977.61,3,1.9998,1.6599,0
MRC003004,2026-05-31,5,1,0,1,1915,16,0,2,8,0,326.19,163.1,2,0.0,0.0,0
MRC003005,2026-05-31,5,1,1,1,1620,3,2,8,10,1575.6,5651.56,706.45,8,1.0,1.1152,0
MRC003006,2026-05-31,2,2,1,0,429,2,1,7,16,1334.61,3628.24,518.32,7,0.5714,1.4714,0
MRC003007,2026-05-31,5,2,1,1,1720,28,0,1,1,0,341.73,341.73,1,0.0,0.0,1
MRC003008,2026-05-31,5,1,0,1,616,1,1,3,8,308.45,3139.61,1046.54,3,1.3332,0.393,0
MRC003009,2026-05-31,5,0,1,1,1372,74,0,0,0,0,0,0.0,0,0.0,0.0,0
MRC003010,2026-05-31,3,1,1,1,663,1,1,1,4,7513.15,7513.15,7513.15,1,3.9984,4.0,0
MRC003011,2026-05-31,5,1,1,1,300,18,0,1,3,0,440.26,440.26,1,0.0,0.0,0
MRC003012,2026-05-31,2,1,0,1,1555,97,0,0,0,0,0,0.0,0,0.0,0.0,0
MRC003013,2026-05-31,5,2,1,1,1151,126,0,0,0,0,0,0.0,0,0.0,0.0,0
MRC003014,2026-05-31,5,0,1,1,1566,2,1,1,3,609.05,609.05,609.05,1,3.9984,4.0,0
MRC003015,2026-05-31,0,0,1,1,1236,137,0,0,0,0,0,0.0,0,0.0,0.0,0
MRC003016,2026-05-31,4,2,1,1,977,26,0,1,2,0,2223.24,2223.24,1,0.0,0.0,0
MRC003017,2026-05-31,4,2,1,1,199,44,0,0,2,0,0,0.0,0,0.0,0.0,1
MRC003018,2026-05-31,0,1,0,0,768,83,0,0,0,0,0,0.0,0,0.0,0.0,1
MRC003019,2026-05-31,2,0,1,1,2089,19,0,1,6,0,745.77,745.77,1,0.0,0.0,0
MRC003020,2026-05-31,0,1,1,1,1813,16,0,1,3,0,986.07,986.07,1,0.0,0.0,0
MRC003021,2026-05-31,5,1,1,1,1178,21,0,1,2,0,194.0,194.0,1,0.0,0.0,1
MRC003022,2026-05-31,0,1,1,1,234,12,0,2,5,0,3314.94,1657.47,2,0.0,0.0,0
MRC003023,2026-05-31,4,0,1,1,2317,69,0,0,0,0,0,0.0,0,0.0,0.0,1
MRC003024,2026-05-31,5,0,1,1,1779,2,2,20,30,1263.48,36843.97,1842.2,16,0.4,0.1372,0
MRC003025,2026-05-31,2,1,1,1,213,15,0,2,10,0,34865.7,17432.85,2,0.0,0.0,0
MRC003026,2026-05-31,5,1,1,0,624,3,1,1,1,748.7,748.7,748.7,1,3.9984,4.0,1
MRC003027,2026-05-31,5,1,1,0,536,12,0,3,11,0,6095.95,2031.98,3,0.0,0.0,0
MRC003028,2026-05-31,5,0,1,1,2137,2,1,3,5,555.32,947.17,315.72,3,1.3332,2.3452,0
MRC003029,2026-05-31,5,0,1,1,2250,12,0,2,3,0,2382.37,1191.18,2,0.0,0.0,0
MRC003030,2026-05-31,0,0,1,1,1068,0,3,13,25,2050.88,20033.25,1541.02,10,0.923,0.4095,0
MRC003031,2026-05-31,0,2,0,1,553,22,0,2,3,0,1862.38,931.19,2,0.0,0.0,1
MRC003032,2026-05-31,5,1,0,1,1568,1,3,9,20,16917.04,23149.97,2572.22,9,1.3333,2.923,0
MRC003033,2026-05-31,5,1,1,1,760,3,2,5,7,551.69,4685.83,937.17,5,1.5999,0.4709,0
MRC003034,2026-05-31,5,1,0,1,429,2,1,2,6,2810.03,3348.4,1674.2,2,1.9996,3.3569,0
MRC003035,2026-05-31,5,2,0,1,730,23,0,1,1,0,782.45,782.45,1,0.0,0.0,0
MRC003036,2026-05-31,0,0,0,1,719,28,0,1,3,0,1231.12,1231.12,1,0.0,0.0,0
MRC003037,2026-05-31,5,1,0,1,282,2,1,3,4,2827.13,10112.53,3370.84,3,1.3332,1.1183,0
MRC003038,2026-05-31,5,2,1,1,1695,36,0,0,2,0,0,0.0,0,0.0,0.0,0
MRC003039,2026-05-31,5,0,0,0,934,5,1,3,7,471.05,3513.55,1171.18,3,1.3332,0.5363,0
MRC003040,2026-05-31,4,1,1,1,1367,8,0,2,5,0,793.17,396.59,2,0.0,0.0,0
MRC003041,2026-05-31,5,1,1,1,1367,53,0,0,1,0,0,0.0,0,0.0,0.0,0
MRC003042,2026-05-31,0,3,0,1,1848,7,0,5,11,0,6650.73,1330.15,5,0.0,0.0,0
MRC003043,2026-05-31,5,1,0,1,1830,0,3,8,25,3435.43,10993.24,1374.15,8,1.4999,1.25,0
MRC003044,2026-05-31,4,0,1,1,1396,19,0,1,6,0,192.18,192.18,1,0.0,0.0,0
MRC003045,2026-05-31,5,2,1,1,1996,30,0,0,1,0,0,0.0,0,0.0,0.0,1
MRC003046,2026-05-31,4,1,1,1,1408,0,3,10,21,43501.72,53213.65,5321.36,10,1.2,3.27,0
MRC003047,2026-05-31,5,1,1,0,222,7,0,5,9,0,4514.89,902.98,5,0.0,0.0,0
MRC003048,2026-05-31,5,0,1,1,2040,2,1,1,1,240.64,240.64,240.64,1,3.9984,4.0,0
MRC003049,2026-05-31,2,0,0,1,1846,5,1,5,12,778.58,2735.37,547.07,5,0.7999,1.1385,0
MRC003050,2026-05-31,5,1,0,0,1092,4,1,2,6,1181.68,1763.45,881.73,2,1.9996,2.6804,0
MRC003051,2026-05-31,5,1,1,1,1009,0,2,11,25,834.75,9653.03,877.55,10,0.7272,0.3459,0
MRC003052,2026-05-31,5,2,0,1,2120,2,2,3,7,4903.84,5734.48,1911.49,3,2.6663,3.4206,0
MRC003053,2026-05-31,2,0,1,1,1095,4,1,5,10,3563.88,7679.74,1535.95,5,0.7999,1.8563,0
MRC003054,2026-05-31,5,1,0,1,978,4,1,11,16,4149.55,16421.18,1492.83,10,0.3636,1.0108,0
MRC003055,2026-05-31,3,0,1,1,1765,180,0,0,0,0,0,0.0,0,0.0,0.0,1
MRC003056,2026-05-31,5,1,1,1,882,0,2,8,18,3336.01,24149.19,3018.65,8,1.0,0.5526,0
MRC003057,2026-05-31,5,0,1,1,1047,0,2,4,4,449.67,3182.02,795.5,4,1.9998,0.5653,0
MRC003058,2026-05-31,5,1,1,1,1868,2,2,7,17,1675.39,8661.66,1237.38,7,1.1428,0.7737,0
MRC003059,2026-05-31,0,0,0,1,652,1,7,27,43,12651.58,38785.9,1436.51,18,1.037,1.3048,0
MRC003060,2026-05-31,2,1,1,1,190,0,2,4,9,313.98,1885.95,471.49,4,1.9998,0.6659,0
MRC003061,2026-05-31,0,0,1,1,900,39,0,0,1,0,0,0.0,0,0.0,0.0,0
MRC003062,2026-05-31,4,1,0,1,541,2,1,7,8,2947.13,10658.41,1522.63,6,0.5714,1.106,0
MRC003063,2026-05-31,0,0,1,0,955,23,0,1,1,0,892.47,892.47,1,0.0,0.0,0
MRC003064,2026-05-31,4,1,1,1,321,0,6,24,55,9582.91,22468.75,936.2,19,1.0,1.706,0
MRC003065,2026-05-31,5,1,1,0,1452,21,0,1,3,0,454.44,454.44,1,0.0,0.0,0
MRC003066,2026-05-31,3,0,1,1,1283,0,1,9,29,489.78,6631.98,736.89,9,0.4444,0.2954,0
MRC003067,2026-05-31,0,0,1,0,759,10,0,2,4,0,934.57,467.28,2,0.0,0.0,1
MRC003068,2026-05-31,5,0,1,1,1537,9,0,4,8,0,3812.12,953.03,4,0.0,0.0,0
MRC003069,2026-05-31,5,1,0,1,480,1,4,11,18,5305.33,13470.87,1224.62,9,1.4545,1.5753,0
MRC003070,2026-05-31,5,3,1,1,187,22,0,1,1,0,1237.94,1237.94,1,0.0,0.0,1
MRC003071,2026-05-31,5,0,0,1,1206,1,1,3,6,1179.26,3744.65,1248.22,3,1.3332,1.2597,0
MRC003072,2026-05-31,5,1,1,0,517,8,0,14,26,0,11002.84,785.92,11,0.0,0.0,0
MRC003073,2026-05-31,5,1,0,0,2035,7,0,4,6,0,2740.54,685.13,4,0.0,0.0,0
MRC003074,2026-05-31,5,1,1,1,826,29,0,1,3,0,868.28,868.28,1,0.0,0.0,0
MRC003075,2026-05-31,5,1,1,1,1101,1,1,9,20,2453.38,11446.28,1271.81,7,0.4444,0.8574,0
MRC003076,2026-05-31,2,3,0,1,807,1,6,18,27,3104.28,20546.66,1141.48,12,1.3333,0.6043,0
MRC003077,2026-05-31,5,1,1,1,1112,7,0,7,27,0,12916.05,1845.15,7,0.0,0.0,0
MRC003078,2026-05-31,5,2,1,1,377,5,1,2,5,4462.01,4852.7,2426.35,2,1.9996,3.678,0
MRC003079,2026-05-31,5,0,1,1,2205,3,1,1,1,4843.96,4843.96,4843.96,1,3.9984,4.0,0
MRC003080,2026-05-31,5,2,1,1,542,1,1,4,7,1018.11,5186.44,1296.61,4,0.9999,0.7852,0
MRC003081,2026-05-31,2,3,1,1,1029,0,1,9,19,198.94,13209.25,1467.69,8,0.4444,0.0602,0
MRC003082,2026-05-31,2,2,1,1,2015,22,0,1,1,0,3045.56,3045.56,1,0.0,0.0,1
MRC003083,2026-05-31,5,0,1,1,1096,5,1,3,4,609.27,2845.24,948.41,3,1.3332,0.8565,0
MRC003084,2026-05-31,5,2,0,1,1695,22,0,1,1,0,209.32,209.32,1,0.0,0.0,0
MRC003085,2026-05-31,5,0,1,1,314,69,0,0,0,0,0,0.0,0,0.0,0.0,0
MRC003086,2026-05-31,5,1,1,1,811,2,3,13,23,3074.0,15453.27,1188.71,10,0.923,0.7957,0
MRC003087,2026-05-31,5,0,1,1,1825,9,0,7,11,0,20555.66,2936.52,5,0.0,0.0,0
MRC003088,2026-05-31,5,1,1,1,740,13,0,5,6,0,9280.1,1856.02,5,0.0,0.0,1
MRC003089,2026-05-31,0,1,1,1,1069,8,0,3,4,0,2718.23,906.08,3,0.0,0.0,0
MRC003090,2026-05-31,5,0,0,1,340,7,0,1,3,0,921.6,921.6,1,0.0,0.0,1
MRC003091,2026-05-31,0,0,0,1,1267,4,1,3,6,3319.03,4020.46,1340.15,3,1.3332,3.3021,0
MRC003092,2026-05-31,3,0,1,1,927,0,2,9,16,4419.96,9911.18,1101.24,7,0.8888,1.7838,0
MRC003093,2026-05-31,0,1,1,0,2044,0,1,2,5,23.57,801.04,400.52,2,1.9996,0.1177,0
MRC003094,2026-05-31,5,2,0,0,1034,77,0,0,0,0,0,0.0,0,0.0,0.0,0
MRC003095,2026-05-31,2,1,1,1,1972,0,1,9,14,830.05,7766.17,862.91,8,0.4444,0.4275,0
MRC003096,2026-05-31,0,1,1,1,2140,22,0,1,3,0,1073.84,1073.84,1,0.0,0.0,0
MRC003097,2026-05-31,5,2,1,1,1998,1,5,11,25,12303.24,26507.98,2409.82,7,1.8181,1.8565,0
MRC003098,2026-05-31,5,0,1,0,1788,0,14,68,143,14352.44,101330.15,1490.15,28,0.8235,0.5666,0
MRC003099,2026-05-31,0,1,1,1,1440,32,0,0,3,0,0,0.0,0,0.0,0.0,1
MRC003100,2026-05-31,5,1,0,1,1211,0,3,13,28,6702.91,25641.22,1972.4,11,0.923,1.0456,0
MRC003101,2026-05-31,0,0,1,1,342,39,0,0,2,0,0,0.0,0,0.0,0.0,0
MRC003102,2026-05-31,0,1,1,1,459,33,0,0,2,0,0,0.0,0,0.0,0.0,1
MRC003103,2026-05-31,0,1,1,0,995,19,0,1,1,0,1053.53,1053.53,1,0.0,0.0,0
MRC003104,2026-05-31,5,1,1,1,1598,0,2,5,22,5836.75,11715.01,2343.0,4,1.5999,1.9929,0
MRC003105,2026-05-31,5,1,0,1,175,2,1,4,10,857.35,13043.66,3260.91,4,0.9999,0.2629,0
MRC003106,2026-05-31,5,0,1,1,2210,9,0,2,6,0,2115.41,1057.7,2,0.0,0.0,1
MRC003107,2026-05-31,5,1,1,1,2334,76,0,0,0,0,0,0.0,0,0.0,0.0,0
MRC003108,2026-05-31,5,0,0,1,335,12,0,3,4,0,4687.73,1562.58,3,0.0,0.0,0
MRC003109,2026-05-31,5,2,1,1,375,29,0,1,2,0,192.74,192.74,1,0.0,0.0,0
MRC003110,2026-05-31,5,0,1,1,2019,45,0,0,1,0,0,0.0,0,0.0,0.0,0
MRC003111,2026-05-31,2,1,0,0,601,85,0,0,0,0,0,0.0,0,0.0,0.0,1
MRC003112,2026-05-31,0,1,1,1,558,6,1,4,6,145.53,5021.53,1255.38,3,0.9999,0.1159,0
MRC003113,2026-05-31,0,0,1,0,574,15,0,1,2,0,366.48,366.48,1,0.0,0.0,0
MRC003114,2026-05-31,5,0,1,1,1697,0,2,8,10,1123.98,12394.12,1549.27,7,1.0,0.3627,0
MRC003115,2026-05-31,3,0,0,1,454,6,1,2,3,3400.61,3540.06,1770.03,2,1.9996,3.8424,0
MRC003116,2026-05-31,0,1,1,1,566,1,3,6,15,4513.77,13570.82,2261.8,6,1.9999,1.3304,0
MRC003117,2026-05-31,5,2,1,1,1033,4,2,5,8,9915.16,15990.28,3198.06,5,1.5999,2.4803,0
MRC003118,2026-05-31,5,0,1,1,1476,4,1,3,7,3841.42,7668.51,2556.17,3,1.3332,2.0037,0
MRC003119,2026-05-31,4,1,1,1,2328,3,1,1,9,669.01,669.01,669.01,1,3.9984,4.0,0
MRC003120,2026-05-31,4,2,1,1,684,0,1,7,14,6575.33,13649.39,1949.91,7,0.5714,1.9269,0
MRC003121,2026-05-31,4,1,0,1,721,47,0,0,3,0,0,0.0,0,0.0,0.0,1
MRC003122,2026-05-31,2,2,1,1,1348,12,0,4,9,0,19327.03,4831.76,4,0.0,0.0,0
MRC003123,2026-05-31,5,1,1,1,1077,116,0,0,0,0,0,0.0,0,0.0,0.0,1
MRC003124,2026-05-31,5,1,1,1,1476,23,0,1,4,0,833.03,833.03,1,0.0,0.0,0
MRC003125,2026-05-31,0,0,1,1,703,10,0,2,2,0,1724.96,862.48,2,0.0,0.0,0
MRC003126,2026-05-31,5,0,1,1,1516,7,0,5,7,0,3090.24,618.05,5,0.0,0.0,0
MRC003127,2026-05-31,0,1,1,1,2187,0,2,6,16,3529.08,7248.97,1208.16,6,1.3332,1.9474,0
MRC003128,2026-05-31,2,2,0,1,1656,2,2,13,19,917.51,8279.28,636.87,12,0.6154,0.4433,0
MRC003129,2026-05-31,2,0,1,0,1771,0,6,17,21,6451.83,15842.78,931.93,11,1.4117,1.629,0
MRC003130,2026-05-31,5,2,1,0,315,0,1,1,6,3513.26,3513.26,3513.26,1,3.9984,4.0,0
MRC003131,2026-05-31,3,0,1,1,2136,7,0,7,13,0,9083.49,1297.64,7,0.0,0.0,0
MRC003132,2026-05-31,5,1,1,1,1701,2,1,4,11,740.81,2789.1,697.27,4,0.9999,1.0624,0
MRC003133,2026-05-31,0,2,1,1,1535,5,2,3,7,2626.12,3984.41,1328.14,2,2.6663,2.6364,1
MRC003134,2026-05-31,5,2,0,1,502,11,0,6,10,0,57594.61,9599.1,6,0.0,0.0,0
MRC003135,2026-05-31,0,1,1,0,1374,1,1,4,7,395.41,5024.34,1256.09,3,0.9999,0.3148,0
MRC003136,2026-05-31,2,0,1,1,1644,5,1,19,39,117.02,33344.2,1754.96,13,0.2105,0.014,0
MRC003137,2026-05-31,5,0,1,1,1527,4,2,10,19,1763.65,13979.96,1398.0,10,0.8,0.5046,0
MRC003138,2026-05-31,5,0,1,1,436,30,0,0,2,0,0,0.0,0,0.0,0.0,0
MRC003139,2026-05-31,0,1,1,1,254,3,1,1,4,1631.51,1631.51,1631.51,1,3.9984,4.0,0
MRC003140,2026-05-31,5,0,1,1,1212,0,1,4,14,1609.29,9455.97,2363.99,4,0.9999,0.6808,0
MRC003141,2026-05-31,5,1,1,1,1732,2,3,15,25,6431.25,29381.66,1958.78,12,0.8,0.8755,0
MRC003142,2026-05-31,5,0,0,1,1010,0,2,8,11,541.92,6006.24,750.78,7,1.0,0.3609,0
MRC003143,2026-05-31,5,1,0,1,1667,6,1,4,12,1671.67,3283.31,820.83,4,0.9999,2.0366,0
MRC003144,2026-05-31,0,0,1,1,2278,2,2,13,25,778.88,14885.49,1145.04,9,0.6154,0.2093,0
MRC003145,2026-05-31,5,1,1,1,2108,10,0,3,5,0,14721.56,4907.19,3,0.0,0.0,0
MRC003146,2026-05-31,0,1,1,1,1543,1,1,3,8,527.72,4934.59,1644.86,3,1.3332,0.4278,0
MRC003147,2026-05-31,0,3,1,1,1756,4,1,4,7,1195.55,9083.23,2270.81,4,0.9999,0.5265,0
MRC003148,2026-05-31,5,2,1,0,357,8,0,3,6,0,9924.27,3308.09,3,0.0,0.0,0
MRC003149,2026-05-31,5,1,1,1,351,0,4,26,51,4809.75,31899.04,1226.89,19,0.6154,0.6031,0
MRC003150,2026-05-31,0,0,0,1,1696,49,0,0,2,0,0,0.0,0,0.0,0.0,0
MRC003151,2026-05-31,5,2,1,1,1915,2,1,1,5,3179.25,3179.25,3179.25,1,3.9984,4.0,1
MRC003152,2026-05-31,5,2,0,1,589,1,6,30,56,10204.33,57795.02,1926.5,18,0.8,0.7062,0
MRC003153,2026-05-31,5,2,1,0,1459,180,0,0,0,0,0,0.0,0,0.0,0.0,1
MRC003154,2026-05-31,4,1,1,1,790,5,1,1,4,430.23,430.23,430.23,1,3.9984,4.0,0
MRC003155,2026-05-31,2,0,1,1,402,5,1,3,4,242.34,1734.95,578.32,3,1.3332,0.5587,0
MRC003156,2026-05-31,0,1,1,1,991,0,1,4,6,1624.62,15476.85,3869.21,4,0.9999,0.4199,1
MRC003157,2026-05-31,4,1,1,1,1143,5,1,2,2,2297.14,3870.17,1935.09,2,1.9996,2.3742,1
MRC003158,2026-05-31,2,0,1,0,1861,0,1,4,11,193.09,17405.71,4351.43,4,0.9999,0.0444,0
MRC003159,2026-05-31,2,1,1,1,2053,1,1,5,6,242.82,9749.69,1949.94,4,0.7999,0.0996,0
MRC003160,2026-05-31,0,1,0,1,2227,2,1,3,5,931.34,6878.98,2292.99,3,1.3332,0.5416,0
MRC003161,2026-05-31,0,0,0,1,393,0,4,9,22,28230.08,32348.68,3594.3,8,1.7777,3.4907,0
MRC003162,2026-05-31,5,1,0,1,2184,5,1,1,2,1451.44,1451.44,1451.44,1,3.9984,4.0,1
MRC003163,2026-05-31,5,1,1,1,1296,3,2,4,10,1331.79,2508.65,627.16,4,1.9998,2.1235,0
MRC003164,2026-05-31,2,1,1,1,537,7,0,2,7,0,259.97,129.99,2,0.0,0.0,0
MRC003165,2026-05-31,5,0,1,1,1579,1,1,4,7,1123.42,3379.75,844.94,4,0.9999,1.3296,0
MRC003166,2026-05-31,4,2,1,1,297,11,0,5,7,0,9312.38,1862.48,5,0.0,0.0,0
MRC003167,2026-05-31,2,1,1,1,1173,6,1,1,1,1163.84,1163.84,1163.84,1,3.9984,4.0,1
MRC003168,2026-05-31,5,1,1,1,1975,85,0,0,0,0,0,0.0,0,0.0,0.0,1
MRC003169,2026-05-31,5,1,1,1,2287,16,0,4,5,0,1752.02,438.0,3,0.0,0.0,0
MRC003170,2026-05-31,4,0,1,0,794,40,0,0,2,0,0,0.0,0,0.0,0.0,1
MRC003171,2026-05-31,2,1,1,0,546,8,0,6,9,0,3375.98,562.66,5,0.0,0.0,0
MRC003172,2026-05-31,3,0,1,0,1438,4,1,2,2,251.37,1315.56,657.78,2,1.9996,0.7643,1
MRC003173,2026-05-31,5,2,1,1,508,1,1,8,14,644.69,4841.18,605.15,6,0.5,0.5327,0
MRC003174,2026-05-31,2,0,1,0,2303,28,0,1,4,0,384.88,384.88,1,0.0,0.0,0
MRC003175,2026-05-31,5,3,1,0,881,0,1,2,6,279.73,1925.76,962.88,2,1.9996,0.581,0
MRC003176,2026-05-31,4,1,1,0,572,2,1,2,5,117.19,1799.36,899.68,2,1.9996,0.2605,0
MRC003177,2026-05-31,3,0,1,0,685,0,1,1,4,243.75,243.75,243.75,1,3.9984,4.0,0
MRC003178,2026-05-31,4,1,1,1,984,2,1,3,5,254.67,3584.13,1194.71,3,1.3332,0.2842,0
MRC003179,2026-05-31,5,0,1,1,1785,7,0,11,20,0,20612.72,1873.88,8,0.0,0.0,0
MRC003180,2026-05-31,5,2,1,1,2060,48,0,0,1,0,0,0.0,0,0.0,0.0,0
MRC003181,2026-05-31,2,1,0,0,1773,15,0,1,5,0,312.43,312.43,1,0.0,0.0,0
MRC003182,2026-05-31,5,1,1,1,1585,1,3,13,20,8881.69,21878.21,1682.94,9,0.923,1.6238,0
MRC003183,2026-05-31,0,1,1,1,755,1,1,6,14,125.66,2435.76,405.96,5,0.6666,0.2064,0
MRC003184,2026-05-31,2,3,1,1,2213,0,3,13,37,9576.39,25351.49,1950.11,11,0.923,1.511,0
MRC003185,2026-05-31,5,1,1,1,2349,1,2,2,5,945.15,945.15,472.57,2,3.9992,4.0,0
MRC003186,2026-05-31,5,1,1,1,1545,66,0,0,0,0,0,0.0,0,0.0,0.0,1
MRC003187,2026-05-31,5,1,1,1,1876,43,0,0,2,0,0,0.0,0,0.0,0.0,0
MRC003188,2026-05-31,5,0,1,1,828,51,0,0,2,0,0,0.0,0,0.0,0.0,0
MRC003189,2026-05-31,2,1,1,1,1142,1,1,10,16,914.1,17900.1,1790.01,7,0.4,0.2043,0
MRC003190,2026-05-31,2,1,1,0,1924,16,0,3,6,0,2077.73,692.58,3,0.0,0.0,0
MRC003191,2026-05-31,5,2,1,0,1091,0,1,3,5,1762.36,6810.4,2270.13,3,1.3332,1.0351,0
MRC003192,2026-05-31,4,1,1,1,1823,7,0,4,11,0,13130.48,3282.62,4,0.0,0.0,0
MRC003193,2026-05-31,0,1,1,1,2043,10,0,2,5,0,2325.39,1162.69,2,0.0,0.0,0
MRC003194,2026-05-31,5,1,1,1,2204,12,0,2,4,0,5428.44,2714.22,2,0.0,0.0,0
MRC003195,2026-05-31,5,1,1,1,802,42,0,0,1,0,0,0.0,0,0.0,0.0,1
MRC003196,2026-05-31,5,1,1,1,1205,2,4,14,22,7380.69,20107.01,1436.22,13,1.1428,1.4683,0
MRC003197,2026-05-31,4,2,1,0,1008,4,1,8,21,619.71,4892.19,611.52,7,0.5,0.5067,0
MRC003198,2026-05-31,0,0,1,1,1263,46,0,0,2,0,0,0.0,0,0.0,0.0,0
MRC003199,2026-05-31,5,1,1,1,1787,42,0,0,1,0,0,0.0,0,0.0,0.0,0
MRC003200,2026-05-31,5,2,1,1,872,1,4,7,15,5606.62,7626.04,1089.43,6,2.2856,2.9408,0
MRC003201,2026-05-31,0,1,1,1,674,16,0,1,1,0,1966.59,1966.59,1,0.0,0.0,0
MRC003202,2026-05-31,0,0,1,0,752,5,2,4,13,2245.23,3780.82,945.2,3,1.9998,2.3754,0
MRC003203,2026-05-31,0,1,0,0,1838,51,0,0,1,0,0,0.0,0,0.0,0.0,0
MRC003204,2026-05-31,5,0,1,1,2342,29,0,1,2,0,6629.1,6629.1,1,0.0,0.0,0
MRC003205,2026-05-31,5,0,1,1,390,2,6,23,45,17196.9,40282.35,1751.41,16,1.0435,1.7076,0
MRC003206,2026-05-31,5,1,0,1,2300,13,0,5,6,0,10450.36,2090.07,4,0.0,0.0,0
MRC003207,2026-05-31,0,2,0,0,235,9,0,10,16,0,20781.23,2078.12,8,0.0,0.0,0
MRC003208,2026-05-31,5,0,1,1,1322,31,0,0,1,0,0,0.0,0,0.0,0.0,0
MRC003209,2026-05-31,5,2,0,1,457,1,3,27,44,2276.68,22984.0,851.26,18,0.4444,0.3962,0
MRC003210,2026-05-31,0,1,1,1,2251,1,6,28,51,4983.43,29265.93,1045.21,22,0.8571,0.6811,0
MRC003211,2026-05-31,2,2,0,1,1829,36,0,0,1,0,0,0.0,0,0.0,0.0,1
MRC003212,2026-05-31,3,1,0,1,943,21,0,3,6,0,5361.44,1787.15,3,0.0,0.0,0
MRC003213,2026-05-31,2,2,1,1,1664,0,4,14,23,2976.57,14792.09,1056.58,11,1.1428,0.8049,0
MRC003214,2026-05-31,5,2,1,1,2022,6,1,2,3,832.47,1243.38,621.69,2,1.9996,2.6781,1
MRC003215,2026-05-31,5,3,1,0,640,1,2,5,10,20548.39,21791.07,4358.21,5,1.5999,3.7719,0
MRC003216,2026-05-31,2,1,1,0,1552,10,0,2,2,0,1470.15,735.08,2,0.0,0.0,1
MRC003217,2026-05-31,5,0,1,1,819,13,0,2,3,0,1934.59,967.29,2,0.0,0.0,1
MRC003218,2026-05-31,5,1,1,1,1731,4,1,5,10,82.99,13670.02,2734.0,5,0.7999,0.0243,0
MRC003219,2026-05-31,0,1,1,0,1405,2,1,4,4,1880.68,5379.96,1344.99,4,0.9999,1.3983,0
MRC003220,2026-05-31,5,0,1,1,1734,2,1,3,5,1218.69,4542.97,1514.32,3,1.3332,1.073,0
MRC003221,2026-05-31,4,2,0,1,1556,29,0,1,1,0,5580.67,5580.67,1,0.0,0.0,1
MRC003222,2026-05-31,2,0,1,1,1554,7,0,4,11,0,17110.78,4277.7,4,0.0,0.0,0
MRC003223,2026-05-31,5,2,1,1,349,41,0,0,1,0,0,0.0,0,0.0,0.0,1
MRC003224,2026-05-31,3,1,1,1,2027,0,6,20,32,4390.12,37331.95,1866.6,15,1.2,0.4704,0
MRC003225,2026-05-31,2,2,1,1,539,0,1,3,4,869.64,7727.57,2575.86,3,1.3332,0.4501,0
MRC003226,2026-05-31,0,2,1,1,1021,9,0,7,13,0,3638.53,519.79,7,0.0,0.0,0
MRC003227,2026-05-31,3,1,1,1,1281,0,3,9,18,5176.51,9189.56,1021.06,9,1.3333,2.2532,0
MRC003228,2026-05-31,2,1,1,1,2020,9,0,1,2,0,1076.15,1076.15,1,0.0,0.0,0
MRC003229,2026-05-31,5,0,1,1,1539,10,0,2,5,0,1869.0,934.5,2,0.0,0.0,0
MRC003230,2026-05-31,3,2,1,1,565,37,0,0,4,0,0,0.0,0,0.0,0.0,0
MRC003231,2026-05-31,5,2,1,1,790,4,1,2,4,2105.94,2511.74,1255.87,2,1.9996,3.3538,0
MRC003232,2026-05-31,2,0,1,1,601,3,2,2,3,857.73,857.73,428.87,2,3.9992,4.0,1
MRC003233,2026-05-31,5,0,1,1,1456,4,1,4,11,2199.24,4712.69,1178.17,4,0.9999,1.8667,0
MRC003234,2026-05-31,0,1,1,1,1732,3,1,1,1,187.54,187.54,187.54,1,3.9984,4.0,0
MRC003235,2026-05-31,2,0,1,1,1714,18,0,3,6,0,2817.41,939.14,3,0.0,0.0,0
MRC003236,2026-05-31,0,2,0,1,1804,2,3,7,16,1486.86,10191.81,1455.97,7,1.7142,0.5836,0
MRC003237,2026-05-31,0,0,1,1,1698,12,0,6,9,0,7327.9,1221.32,6,0.0,0.0,0
MRC003238,2026-05-31,5,2,0,0,2136,47,0,0,1,0,0,0.0,0,0.0,0.0,0
MRC003239,2026-05-31,5,3,0,1,2145,4,2,6,18,1638.48,4710.63,785.11,4,1.3332,1.3913,0
MRC003240,2026-05-31,5,2,1,1,765,2,1,9,20,185.29,6288.9,698.77,7,0.4444,0.1179,0
MRC003241,2026-05-31,3,1,1,1,830,10,0,1,2,0,3122.67,3122.67,1,0.0,0.0,0
MRC003242,2026-05-31,5,0,1,1,287,47,0,0,1,0,0,0.0,0,0.0,0.0,0
MRC003243,2026-05-31,5,2,1,1,749,0,5,17,24,9127.24,19166.61,1127.45,13,1.1764,1.9048,0
MRC003244,2026-05-31,5,1,1,1,1273,8,0,5,12,0,7515.61,1503.12,5,0.0,0.0,0
MRC003245,2026-05-31,5,3,1,1,1604,8,0,2,2,0,404.82,202.41,2,0.0,0.0,1
MRC003246,2026-05-31,5,0,1,1,2077,18,0,1,3,0,2169.67,2169.67,1,0.0,0.0,1
MRC003247,2026-05-31,4,0,1,1,1462,16,0,3,9,0,5550.72,1850.24,2,0.0,0.0,0
MRC003248,2026-05-31,5,3,1,0,2287,16,0,1,2,0,521.61,521.61,1,0.0,0.0,0
MRC003249,2026-05-31,0,2,1,0,1373,0,2,6,11,2132.15,7233.92,1205.65,6,1.3332,1.179,0
MRC003250,2026-05-31,2,0,1,1,2039,0,7,26,50,11361.93,33761.79,1298.53,18,1.0769,1.3461,0
MRC003251,2026-05-31,5,1,1,1,1930,0,3,7,12,3366.38,5308.95,758.42,6,1.7142,2.5364,0
MRC003252,2026-05-31,0,0,1,1,1235,37,0,0,1,0,0,0.0,0,0.0,0.0,0
MRC003253,2026-05-31,0,1,1,1,2071,48,0,0,1,0,0,0.0,0,0.0,0.0,0
MRC003254,2026-05-31,2,0,1,1,2051,1,2,12,23,3399.96,21110.73,1759.23,7,0.6666,0.6442,0
MRC003255,2026-05-31,5,1,1,0,847,2,1,6,10,4353.27,17487.78,2914.63,6,0.6666,0.9957,0
MRC003256,2026-05-31,5,0,0,1,632,4,1,4,13,632.34,5428.73,1357.18,4,0.9999,0.4659,0
MRC003257,2026-05-31,5,0,1,0,430,29,0,1,2,0,191.38,191.38,1,0.0,0.0,0
MRC003258,2026-05-31,5,1,1,1,2177,31,0,0,2,0,0,0.0,0,0.0,0.0,0
MRC003259,2026-05-31,5,0,1,1,1131,3,2,12,19,500.22,25978.78,2164.9,11,0.6666,0.077,0
MRC003260,2026-05-31,5,1,1,1,1403,0,1,4,4,3047.7,5577.28,1394.32,4,0.9999,2.1858,0
MRC003261,2026-05-31,5,1,1,1,762,180,0,0,0,0,0,0.0,0,0.0,0.0,1
MRC003262,2026-05-31,4,1,1,1,1015,23,0,1,2,0,457.19,457.19,1,0.0,0.0,0
MRC003263,2026-05-31,5,1,0,1,1044,25,0,3,8,0,1409.33,469.78,2,0.0,0.0,0
MRC003264,2026-05-31,0,0,0,0,1435,0,5,14,24,4102.85,16491.23,1177.94,12,1.4285,0.9952,0
MRC003265,2026-05-31,0,0,1,1,547,5,2,17,28,2438.83,38526.22,2266.25,12,0.4706,0.2532,0
MRC003266,2026-05-31,5,2,1,1,1878,1,2,4,6,1270.51,2195.69,548.92,4,1.9998,2.3146,0
MRC003267,2026-05-31,0,2,0,1,1018,3,1,6,8,14025.03,21498.76,3583.13,6,0.6666,2.6095,0
MRC003268,2026-05-31,3,3,1,1,689,3,1,4,7,386.21,2675.92,668.98,4,0.9999,0.5773,0
MRC003269,2026-05-31,5,2,1,1,197,14,0,3,11,0,2517.46,839.15,3,0.0,0.0,0
MRC003270,2026-05-31,0,1,1,1,387,30,0,0,4,0,0,0.0,0,0.0,0.0,0
MRC003271,2026-05-31,5,2,1,1,753,5,2,3,5,1125.66,1659.28,553.09,3,2.6663,2.7136,0
MRC003272,2026-05-31,5,1,1,0,1766,6,1,2,3,399.61,767.71,383.86,2,1.9996,2.0821,0
MRC003273,2026-05-31,5,1,1,1,2032,2,6,30,52,8752.4,46283.57,1542.79,19,0.8,0.7564,0
MRC003274,2026-05-31,2,2,0,1,2246,180,0,0,0,0,0,0.0,0,0.0,0.0,1
MRC003275,2026-05-31,5,1,1,1,815,4,1,3,7,7014.41,9265.67,3088.56,3,1.3332,3.0281,0
MRC003276,2026-05-31,5,1,1,1,1556,1,1,4,5,3003.07,7835.16,1958.79,4,0.9999,1.5331,0
MRC003277,2026-05-31,5,0,1,1,751,5,1,7,13,1048.78,6991.33,998.76,7,0.5714,0.6,0
MRC003278,2026-05-31,2,0,1,1,476,43,0,0,2,0,0,0.0,0,0.0,0.0,0
MRC003279,2026-05-31,5,0,1,1,1351,41,0,0,1,0,0,0.0,0,0.0,0.0,0
MRC003280,2026-05-31,5,2,1,1,1570,3,1,2,7,2727.49,2877.53,1438.76,2,1.9996,3.7914,0
MRC003281,2026-05-31,2,1,1,1,1827,0,4,16,26,5903.91,29824.19,1864.01,15,1.0,0.7918,0
MRC003282,2026-05-31,5,0,1,1,419,4,1,9,12,1368.74,8397.05,933.01,8,0.4444,0.652,0
MRC003283,2026-05-31,5,1,1,1,1797,7,0,11,16,0,25787.05,2344.28,11,0.0,0.0,0
MRC003284,2026-05-31,5,0,1,1,828,13,0,1,3,0,1751.04,1751.04,1,0.0,0.0,1
MRC003285,2026-05-31,5,1,1,0,773,1,2,5,9,912.69,3622.61,724.52,5,1.5999,1.0078,0
MRC003286,2026-05-31,3,0,1,1,234,0,1,10,25,1066.7,9059.3,905.93,9,0.4,0.471,0
MRC003287,2026-05-31,5,1,1,1,611,4,1,4,8,5502.61,10085.3,2521.32,3,0.9999,2.1824,0
MRC003288,2026-05-31,5,1,1,1,1230,0,3,9,22,1797.77,17832.43,1981.38,8,1.3333,0.4033,0
MRC003289,2026-05-31,0,1,1,1,578,34,0,0,1,0,0,0.0,0,0.0,0.0,1
MRC003290,2026-05-31,0,1,1,1,867,2,2,4,6,1235.98,9818.22,2454.56,4,1.9998,0.5035,0
MRC003291,2026-05-31,2,1,1,1,1323,13,0,6,10,0,11393.05,1898.84,6,0.0,0.0,0
MRC003292,2026-05-31,5,1,1,1,378,6,1,19,31,596.13,14649.32,771.02,15,0.2105,0.1628,0
MRC003293,2026-05-31,2,0,1,1,2077,4,1,3,3,1842.48,4967.74,1655.91,3,1.3332,1.4836,0
MRC003294,2026-05-31,5,1,1,1,840,4,1,1,2,2810.21,2810.21,2810.21,1,3.9984,4.0,0
MRC003295,2026-05-31,5,1,1,1,1823,0,6,26,43,14098.28,45620.7,1754.64,18,0.9231,1.2361,0
MRC003296,2026-05-31,4,1,0,1,1579,30,0,0,2,0,0,0.0,0,0.0,0.0,0
MRC003297,2026-05-31,5,2,0,1,1806,1,1,9,15,540.94,20368.69,2263.19,8,0.4444,0.1062,0
MRC003298,2026-05-31,5,0,1,1,796,3,1,3,6,311.43,1469.3,489.77,3,1.3332,0.8478,0
MRC003299,2026-05-31,2,2,1,0,541,4,2,5,6,649.83,2550.13,510.03,4,1.5999,1.0193,0
MRC003300,2026-05-31,0,0,1,1,477,31,0,0,2,0,0,0.0,0,0.0,0.0,0
MRC003301,2026-05-31,0,1,1,1,666,2,10,32,70,9087.11,34247.02,1070.22,18,1.25,1.0614,0
MRC003302,2026-05-31,0,2,1,1,1355,0,4,10,20,5433.38,14788.37,1478.84,9,1.5999,1.4696,0
MRC003303,2026-05-31,2,1,1,1,1529,2,3,16,36,873.95,15191.51,949.47,10,0.75,0.2301,0
MRC003304,2026-05-31,5,2,0,1,1810,33,0,0,3,0,0,0.0,0,0.0,0.0,0
MRC003305,2026-05-31,2,2,1,1,2270,114,0,0,0,0,0,0.0,0,0.0,0.0,1
MRC003306,2026-05-31,0,0,0,1,1978,4,2,3,4,1994.09,3579.36,1193.12,3,2.6663,2.2284,0
MRC003307,2026-05-31,4,3,1,1,944,0,11,44,87,34458.77,96003.98,2181.91,22,1.0,1.4357,0
MRC003308,2026-05-31,2,2,0,1,1196,19,0,4,8,0,9856.54,2464.13,3,0.0,0.0,0
MRC003309,2026-05-31,5,1,1,1,2251,0,3,10,22,3227.23,9035.11,903.51,10,1.2,1.4288,0
MRC003310,2026-05-31,2,0,1,1,1718,35,0,0,3,0,0,0.0,0,0.0,0.0,0
MRC003311,2026-05-31,0,0,1,1,1075,120,0,0,0,0,0,0.0,0,0.0,0.0,0
MRC003312,2026-05-31,5,2,1,1,1985,11,0,2,5,0,17151.01,8575.5,2,0.0,0.0,1
MRC003313,2026-05-31,5,2,1,0,462,0,8,37,58,11246.98,60850.36,1644.6,22,0.8649,0.7393,0
MRC003314,2026-05-31,5,2,0,1,1635,2,2,10,19,1877.18,10138.97,1013.9,10,0.8,0.7406,0
MRC003315,2026-05-31,5,1,1,1,2238,46,0,0,1,0,0,0.0,0,0.0,0.0,1
MRC003316,2026-05-31,5,0,1,1,1317,11,0,4,12,0,12238.87,3059.72,3,0.0,0.0,0
MRC003317,2026-05-31,5,1,0,1,1504,17,0,2,6,0,892.42,446.21,2,0.0,0.0,0
MRC003318,2026-05-31,5,0,0,1,295,12,0,1,3,0,457.03,457.03,1,0.0,0.0,0
MRC003319,2026-05-31,0,0,1,0,1486,26,0,2,6,0,2644.06,1322.03,2,0.0,0.0,0
MRC003320,2026-05-31,5,0,1,0,798,4,2,10,26,1203.56,5818.23,581.82,8,0.8,0.8274,0
MRC003321,2026-05-31,5,0,0,1,2337,2,5,12,28,3277.47,10489.28,874.11,8,1.6666,1.2498,0
MRC003322,2026-05-31,5,0,1,1,863,0,2,5,7,1591.74,14320.03,2864.01,4,1.5999,0.4446,0
MRC003323,2026-05-31,5,1,1,0,850,7,0,9,16,0,3449.78,383.31,7,0.0,0.0,0
MRC003324,2026-05-31,5,1,0,1,1028,5,1,10,13,852.36,18688.52,1868.85,10,0.4,0.1824,0
MRC003325,2026-05-31,0,1,1,1,1688,4,1,1,1,2908.07,2908.07,2908.07,1,3.9984,4.0,0
MRC003326,2026-05-31,5,1,1,1,2242,0,7,30,48,6662.92,51122.31,1704.08,19,0.9333,0.5213,0
MRC003327,2026-05-31,2,3,1,1,921,7,0,1,3,0,103.22,103.22,1,0.0,0.0,0
MRC003328,2026-05-31,5,1,0,1,621,13,0,4,10,0,20012.56,5003.14,3,0.0,0.0,0
MRC003329,2026-05-31,5,1,0,1,1835,8,0,1,3,0,1287.04,1287.04,1,0.0,0.0,0
MRC003330,2026-05-31,2,1,1,1,1348,2,1,1,2,1583.1,1583.1,1583.1,1,3.9984,4.0,1
MRC003331,2026-05-31,4,1,1,1,1158,0,1,6,8,317.86,4353.75,725.62,6,0.6666,0.292,0
MRC003332,2026-05-31,2,1,1,1,2330,6,1,5,9,3434.4,18170.42,3634.08,5,0.7999,0.756,0
MRC003333,2026-05-31,5,1,0,1,1247,7,0,7,10,0,10924.68,1560.67,6,0.0,0.0,0
MRC003334,2026-05-31,5,1,1,0,1517,3,1,2,5,633.78,2473.7,1236.85,2,1.9996,1.0248,0
MRC003335,2026-05-31,5,1,0,1,2309,2,2,16,36,896.8,13033.29,814.58,13,0.5,0.2752,0
MRC003336,2026-05-31,0,1,1,1,621,1,8,30,72,7637.28,33361.74,1112.06,18,1.0667,0.9157,0
MRC003337,2026-05-31,5,0,1,0,2137,7,0,9,25,0,14153.65,1572.63,8,0.0,0.0,0
MRC003338,2026-05-31,5,0,1,1,2263,11,0,4,6,0,1789.3,447.32,3,0.0,0.0,0
MRC003339,2026-05-31,0,1,1,1,1193,71,0,0,0,0,0,0.0,0,0.0,0.0,0
MRC003340,2026-05-31,2,1,1,1,899,1,1,4,10,462.7,3101.84,775.46,3,0.9999,0.5967,0
MRC003341,2026-05-31,5,1,1,1,519,3,1,6,14,3334.56,11651.21,1941.87,5,0.6666,1.1448,0
MRC003342,2026-05-31,2,0,1,1,269,6,2,10,17,991.13,7045.31,704.53,9,0.8,0.5627,0
MRC003343,2026-05-31,0,0,1,0,2315,118,0,0,0,0,0,0.0,0,0.0,0.0,1
MRC003344,2026-05-31,4,0,0,1,1107,3,1,8,18,819.66,7583.5,947.94,6,0.5,0.4323,0
MRC003345,2026-05-31,0,1,1,0,1624,0,1,16,29,56.92,15635.41,977.21,11,0.25,0.0146,0
MRC003346,2026-05-31,0,0,1,1,690,42,0,0,2,0,0,0.0,0,0.0,0.0,0
MRC003347,2026-05-31,4,0,1,1,872,11,0,7,15,0,8589.68,1227.1,6,0.0,0.0,0
MRC003348,2026-05-31,5,0,1,0,1954,41,0,0,2,0,0,0.0,0,0.0,0.0,0
MRC003349,2026-05-31,3,1,0,1,1599,24,0,2,7,0,6060.09,3030.05,2,0.0,0.0,0
MRC003350,2026-05-31,5,0,0,1,645,9,0,2,2,0,1950.72,975.36,2,0.0,0.0,0
MRC003351,2026-05-31,5,1,1,1,176,9,0,3,4,0,8494.44,2831.48,3,0.0,0.0,0
MRC003352,2026-05-31,3,1,1,0,1956,10,0,1,4,0,945.96,945.96,1,0.0,0.0,0
MRC003353,2026-05-31,0,2,1,1,339,11,0,4,9,0,2485.29,621.32,4,0.0,0.0,0
MRC003354,2026-05-31,4,1,1,1,244,5,1,7,18,230.59,5868.55,838.36,7,0.5714,0.1572,0
MRC003355,2026-05-31,4,0,1,1,821,6,1,10,21,136.85,6746.53,674.65,9,0.4,0.0811,0
MRC003356,2026-05-31,5,1,1,1,2195,50,0,0,1,0,0,0.0,0,0.0,0.0,0
MRC003357,2026-05-31,5,1,1,0,1573,3,2,4,10,1658.48,2449.38,612.35,4,1.9998,2.7084,0
MRC003358,2026-05-31,2,0,1,1,257,8,0,2,2,0,4003.66,2001.83,2,0.0,0.0,0
MRC003359,2026-05-31,3,2,1,1,2168,4,1,1,3,241.21,241.21,241.21,1,3.9984,4.0,0
MRC003360,2026-05-31,5,1,1,1,2215,18,0,3,5,0,1361.06,453.69,3,0.0,0.0,0
MRC003361,2026-05-31,2,0,1,1,1687,37,0,0,1,0,0,0.0,0,0.0,0.0,0
MRC003362,2026-05-31,3,0,1,0,326,11,0,3,10,0,1327.79,442.6,3,0.0,0.0,0
MRC003363,2026-05-31,5,2,1,1,196,4,1,5,8,73.45,2693.93,538.79,5,0.7999,0.1091,0
MRC003364,2026-05-31,5,3,1,1,2071,1,2,5,10,2393.04,6246.7,1249.34,5,1.5999,1.5324,0
MRC003365,2026-05-31,5,2,1,1,1962,1,3,15,28,1830.18,26498.67,1766.58,11,0.8,0.2763,0
MRC003366,2026-05-31,5,0,1,1,1981,15,0,2,3,0,2326.95,1163.47,2,0.0,0.0,0
MRC003367,2026-05-31,4,1,0,0,1228,0,3,5,13,5117.27,13383.1,2676.62,5,2.3998,1.5295,0
MRC003368,2026-05-31,5,0,1,1,1463,0,3,14,26,1874.05,23938.68,1709.91,13,0.8571,0.3131,0
MRC003369,2026-05-31,5,1,1,0,543,9,0,12,22,0,21627.5,1802.29,10,0.0,0.0,0
MRC003370,2026-05-31,2,1,0,1,243,1,1,2,5,1423.88,2563.47,1281.74,2,1.9996,2.2218,0
MRC003371,2026-05-31,5,3,1,1,648,75,0,0,0,0,0,0.0,0,0.0,0.0,0
MRC003372,2026-05-31,2,1,0,1,1522,58,0,0,1,0,0,0.0,0,0.0,0.0,0
MRC003373,2026-05-31,5,1,1,1,1043,2,1,1,1,364.14,364.14,364.14,1,3.9984,4.0,0
MRC003374,2026-05-31,5,0,0,0,1514,7,0,7,16,0,4946.73,706.68,6,0.0,0.0,0
MRC003375,2026-05-31,5,1,0,1,1127,0,1,5,13,513.39,3621.37,724.27,5,0.7999,0.5671,0
MRC003376,2026-05-31,5,0,1,1,1382,6,1,1,6,640.9,640.9,640.9,1,3.9984,4.0,0
MRC003377,2026-05-31,0,2,0,1,2243,28,0,1,3,0,261.62,261.62,1,0.0,0.0,1
MRC003378,2026-05-31,5,0,1,0,1544,9,0,4,5,0,3197.71,799.43,4,0.0,0.0,0
MRC003379,2026-05-31,5,1,1,1,2249,3,3,15,26,4964.27,29660.27,1977.35,13,0.8,0.6695,0
MRC003380,2026-05-31,5,0,1,1,2280,14,0,4,8,0,1640.33,410.08,2,0.0,0.0,0
MRC003381,2026-05-31,5,1,0,1,1514,4,1,6,14,774.59,4957.54,826.26,5,0.6666,0.625,0
MRC003382,2026-05-31,5,0,0,1,2340,0,25,105,220,30546.22,191914.91,1827.76,29,0.9524,0.6367,0
MRC003383,2026-05-31,5,1,1,1,709,7,0,4,6,0,4739.79,1184.95,4,0.0,0.0,0
MRC003384,2026-05-31,2,1,1,1,1302,66,0,0,0,0,0,0.0,0,0.0,0.0,0
MRC003385,2026-05-31,5,1,1,1,328,56,0,0,1,0,0,0.0,0,0.0,0.0,0
MRC003386,2026-05-31,5,2,1,1,365,25,0,1,8,0,359.69,359.69,1,0.0,0.0,0
MRC003387,2026-05-31,4,0,0,1,454,27,0,2,6,0,7514.49,3757.24,1,0.0,0.0,0
MRC003388,2026-05-31,5,1,0,1,457,3,1,1,2,693.6,693.6,693.6,1,3.9984,4.0,0
MRC003389,2026-05-31,4,2,1,1,1061,3,1,3,9,594.65,1871.45,623.82,3,1.3332,1.271,0
MRC003390,2026-05-31,5,0,0,1,1738,27,0,1,3,0,114.79,114.79,1,0.0,0.0,0
MRC003391,2026-05-31,0,2,1,1,2319,0,2,4,8,5339.21,6681.22,1670.31,4,1.9998,3.1965,0
MRC003392,2026-05-31,5,2,0,1,2310,7,0,14,25,0,18054.11,1289.58,11,0.0,0.0,0
MRC003393,2026-05-31,2,2,1,1,555,0,3,22,38,416.11,15896.62,722.57,16,0.5454,0.1047,0
MRC003394,2026-05-31,5,1,0,1,1117,1,2,11,25,1670.18,20056.26,1823.3,10,0.7272,0.3331,0
MRC003395,2026-05-31,0,1,1,1,1107,21,0,1,2,0,391.78,391.78,1,0.0,0.0,1
MRC003396,2026-05-31,5,1,1,1,379,10,0,3,6,0,2028.55,676.18,3,0.0,0.0,0
MRC003397,2026-05-31,5,1,0,1,251,12,0,4,6,0,2220.76,555.19,3,0.0,0.0,0
MRC003398,2026-05-31,5,3,1,1,936,0,3,10,14,27750.68,35271.77,3527.18,9,1.2,3.1471,0
MRC003399,2026-05-31,2,0,1,1,2036,10,0,1,2,0,602.63,602.63,1,0.0,0.0,0
MRC003400,2026-05-31,0,1,1,1,1006,18,0,2,3,0,1059.5,529.75,2,0.0,0.0,0
MRC003401,2026-05-31,5,1,1,1,1002,1,1,12,24,729.52,10362.55,863.55,10,0.3333,0.2816,0
MRC003402,2026-05-31,5,0,1,1,2342,0,2,4,9,4141.61,6089.03,1522.26,4,1.9998,2.7207,0
MRC003403,2026-05-31,4,1,1,1,989,21,0,1,6,0,1203.12,1203.12,1,0.0,0.0,0
MRC003404,2026-05-31,5,1,1,1,1665,9,0,5,13,0,4654.43,930.89,5,0.0,0.0,0
MRC003405,2026-05-31,0,1,1,1,2309,2,1,3,11,527.59,3403.02,1134.34,3,1.3332,0.6201,0
MRC003406,2026-05-31,5,2,1,1,422,3,2,5,9,3252.64,7411.85,1482.37,5,1.5999,1.7554,0
MRC003407,2026-05-31,4,0,1,1,1280,8,0,16,31,0,15582.45,973.9,13,0.0,0.0,0
MRC003408,2026-05-31,5,2,1,0,901,30,0,0,1,0,0,0.0,0,0.0,0.0,1
MRC003409,2026-05-31,2,1,1,1,424,0,2,4,8,1190.19,2267.15,566.79,4,1.9998,2.0999,0
MRC003410,2026-05-31,0,2,1,1,271,11,0,4,7,0,13577.66,3394.41,4,0.0,0.0,1
MRC003411,2026-05-31,2,0,1,1,1580,4,1,1,1,1927.47,1927.47,1927.47,1,3.9984,4.0,0
MRC003412,2026-05-31,2,1,0,1,1591,2,1,7,20,288.24,12650.8,1807.26,7,0.5714,0.0911,0
MRC003413,2026-05-31,3,2,1,0,1392,11,0,7,12,0,13340.75,1905.82,5,0.0,0.0,0
MRC003414,2026-05-31,5,0,1,1,1634,8,0,2,2,0,2135.17,1067.59,2,0.0,0.0,0
MRC003415,2026-05-31,5,1,1,1,1735,1,6,20,41,8948.07,25969.47,1298.47,13,1.2,1.3782,0
MRC003416,2026-05-31,5,1,0,1,290,47,0,0,1,0,0,0.0,0,0.0,0.0,1
MRC003417,2026-05-31,5,1,1,0,239,8,0,5,11,0,4049.32,809.86,5,0.0,0.0,0
MRC003418,2026-05-31,0,2,1,1,898,14,0,1,1,0,505.85,505.85,1,0.0,0.0,0
MRC003419,2026-05-31,4,1,1,1,1407,1,2,2,3,1293.32,1293.32,646.66,2,3.9992,4.0,0
MRC003420,2026-05-31,2,2,1,1,2137,4,2,4,8,1560.09,2600.88,650.22,3,1.9998,2.3993,0
MRC003421,2026-05-31,2,1,1,1,2305,19,0,2,3,0,9779.23,4889.61,2,0.0,0.0,0
MRC003422,2026-05-31,5,1,1,1,1971,180,0,0,0,0,0,0.0,0,0.0,0.0,0
MRC003423,2026-05-31,5,2,0,1,801,2,2,8,10,4045.94,10831.0,1353.88,7,1.0,1.4942,0
MRC003424,2026-05-31,5,1,1,1,1419,1,1,8,17,724.19,5437.32,679.66,7,0.5,0.5328,0
MRC003425,2026-05-31,5,0,1,0,418,37,0,0,4,0,0,0.0,0,0.0,0.0,0
MRC003426,2026-05-31,2,0,0,1,1223,2,1,5,7,1678.22,6754.48,1350.9,5,0.7999,0.9938,0
MRC003427,2026-05-31,5,1,1,1,380,30,0,0,2,0,0,0.0,0,0.0,0.0,1
MRC003428,2026-05-31,0,1,1,1,2334,180,0,0,0,0,0,0.0,0,0.0,0.0,1
MRC003429,2026-05-31,0,1,0,1,1150,180,0,0,0,0,0,0.0,0,0.0,0.0,1
MRC003430,2026-05-31,2,1,1,1,1742,4,2,10,21,4001.27,18099.01,1809.9,10,0.8,0.8843,0
MRC003431,2026-05-31,0,2,1,1,392,1,2,14,20,2232.71,26626.55,1901.9,12,0.5714,0.3354,0
MRC003432,2026-05-31,5,0,1,0,2246,1,1,5,9,3017.85,6654.83,1330.97,5,0.7999,1.8139,0
MRC003433,2026-05-31,0,1,1,1,1310,0,2,4,5,2947.74,4557.1,1139.28,4,1.9998,2.5874,0
MRC003434,2026-05-31,0,1,0,0,321,5,2,6,12,9453.74,15648.86,2608.14,5,1.3332,2.4165,0
MRC003435,2026-05-31,5,0,0,1,970,3,2,5,13,6748.55,8104.28,1620.86,5,1.5999,3.3309,0
MRC003436,2026-05-31,5,1,0,1,628,19,0,1,3,0,46.41,46.41,1,0.0,0.0,0
MRC003437,2026-05-31,5,1,0,1,315,0,1,4,6,456.06,2315.13,578.78,4,0.9999,0.788,0
MRC003438,2026-05-31,5,2,1,1,232,1,1,1,6,164.31,164.31,164.31,1,3.9984,4.0,0
MRC003439,2026-05-31,5,1,1,1,1721,6,1,4,7,297.5,2520.94,630.24,4,0.9999,0.472,0
MRC003440,2026-05-31,0,0,1,1,2061,2,7,18,24,6807.16,24552.96,1364.05,14,1.5555,1.109,0
MRC003441,2026-05-31,5,1,1,0,1607,4,2,16,39,5357.36,30870.75,1929.42,14,0.5,0.6942,0
MRC003442,2026-05-31,0,2,1,1,1681,130,0,0,0,0,0,0.0,0,0.0,0.0,0
MRC003443,2026-05-31,2,1,1,0,246,2,1,1,2,773.84,773.84,773.84,1,3.9984,4.0,0
MRC003444,2026-05-31,5,0,1,1,553,1,1,2,3,6651.07,12840.79,6420.4,2,1.9996,2.0719,0
MRC003445,2026-05-31,5,2,0,1,239,2,3,11,21,4091.91,32179.3,2925.39,9,1.0909,0.5086,0
MRC003446,2026-05-31,5,0,0,1,2293,2,1,1,1,2293.35,2293.35,2293.35,1,3.9984,4.0,0
MRC003447,2026-05-31,5,0,1,1,1777,180,0,0,0,0,0,0.0,0,0.0,0.0,1
MRC003448,2026-05-31,5,1,1,0,2253,1,1,3,6,158.85,693.71,231.24,3,1.3332,0.9159,0
MRC003449,2026-05-31,5,1,1,1,2142,0,4,10,17,5333.02,21747.1,2174.71,7,1.5999,0.9809,0
MRC003450,2026-05-31,5,2,0,1,655,139,0,0,0,0,0,0.0,0,0.0,0.0,0
MRC003451,2026-05-31,5,0,1,1,1282,3,1,2,5,122.3,569.42,284.71,2,1.9996,0.8591,0
MRC003452,2026-05-31,2,1,1,0,1578,0,4,12,27,2040.31,20376.24,1698.02,11,1.3333,0.4005,0
MRC003453,2026-05-31,3,1,1,1,1785,69,0,0,0,0,0,0.0,0,0.0,0.0,1
MRC003454,2026-05-31,4,2,1,1,1624,1,2,6,8,793.47,10245.7,1707.62,6,1.3332,0.3098,0
MRC003455,2026-05-31,5,2,1,1,1155,6,1,6,9,285.84,8722.26,1453.71,4,0.6666,0.1311,0
MRC003456,2026-05-31,0,1,1,1,173,64,0,0,0,0,0,0.0,0,0.0,0.0,1
MRC003457,2026-05-31,5,0,1,1,2216,31,0,0,2,0,0,0.0,0,0.0,0.0,0
MRC003458,2026-05-31,4,0,1,1,1669,83,0,0,0,0,0,0.0,0,0.0,0.0,0
MRC003459,2026-05-31,2,2,0,1,1992,2,1,3,8,501.1,1935.34,645.11,3,1.3332,1.0357,0
MRC003460,2026-05-31,5,1,0,1,648,21,0,1,2,0,1330.47,1330.47,1,0.0,0.0,0
MRC003461,2026-05-31,0,1,1,1,397,12,0,3,6,0,4705.52,1568.51,3,0.0,0.0,1
MRC003462,2026-05-31,5,2,1,1,2134,3,1,8,16,7976.38,14427.89,1803.49,7,0.5,2.2114,0
MRC003463,2026-05-31,5,2,1,1,1925,3,4,16,31,4874.95,24065.32,1504.08,13,1.0,0.8103,0
MRC003464,2026-05-31,2,1,0,1,1997,0,9,24,61,20630.23,35944.57,1497.69,17,1.5,2.2958,0
MRC003465,2026-05-31,0,2,0,1,1127,8,0,3,9,0,2372.1,790.7,3,0.0,0.0,0
MRC003466,2026-05-31,5,0,1,1,2143,13,0,1,2,0,1222.62,1222.62,1,0.0,0.0,1
MRC003467,2026-05-31,5,1,1,1,654,3,1,3,5,193.7,651.94,217.31,3,1.3332,1.1885,1
MRC003468,2026-05-31,2,3,1,1,1820,15,0,1,2,0,586.5,586.5,1,0.0,0.0,1
MRC003469,2026-05-31,4,0,1,1,1245,0,1,5,10,750.75,5305.78,1061.16,5,0.7999,0.566,0
MRC003470,2026-05-31,5,0,1,1,525,22,0,1,6,0,203.1,203.1,1,0.0,0.0,0
MRC003471,2026-05-31,5,1,1,0,1732,7,0,4,11,0,1804.81,451.2,4,0.0,0.0,0
MRC003472,2026-05-31,2,1,1,1,952,5,1,2,2,956.45,3632.31,1816.16,2,1.9996,1.0533,0
MRC003473,2026-05-31,0,0,1,1,511,28,0,1,2,0,11952.07,11952.07,1,0.0,0.0,0
MRC003474,2026-05-31,0,0,1,1,1714,0,1,5,8,2529.58,6007.3,1201.46,5,0.7999,1.6843,1
MRC003475,2026-05-31,0,0,1,0,1851,3,1,3,4,6996.28,7481.29,2493.76,3,1.3332,3.7407,0
MRC003476,2026-05-31,5,0,0,1,871,62,0,0,0,0,0,0.0,0,0.0,0.0,1
MRC003477,2026-05-31,5,2,1,1,2277,4,2,7,8,2260.64,14082.2,2011.74,7,1.1428,0.6421,0
MRC003478,2026-05-31,5,1,1,0,1716,13,0,2,5,0,1528.8,764.4,2,0.0,0.0,1
MRC003479,2026-05-31,5,1,0,1,213,2,4,11,22,10020.05,29198.13,2654.38,9,1.4545,1.3727,0
MRC003480,2026-05-31,0,0,1,1,899,2,1,8,19,557.31,9593.83,1199.23,7,0.5,0.2324,0
MRC003481,2026-05-31,5,1,0,0,2293,112,0,0,0,0,0,0.0,0,0.0,0.0,0
MRC003482,2026-05-31,2,0,1,1,553,1,1,6,15,3979.21,6370.41,1061.73,5,0.6666,2.4986,0
MRC003483,2026-05-31,2,2,1,0,2248,0,1,3,7,310.34,1170.03,390.01,3,1.3332,1.061,0
MRC003484,2026-05-31,5,2,1,1,1297,18,0,1,2,0,735.92,735.92,1,0.0,0.0,0
MRC003485,2026-05-31,0,1,1,1,1640,0,3,11,23,2958.94,13042.66,1185.7,11,1.0909,0.9075,0
MRC003486,2026-05-31,5,3,1,1,1664,23,0,2,2,0,5859.94,2929.97,2,0.0,0.0,0
MRC003487,2026-05-31,5,0,1,1,1283,2,2,12,23,1748.73,13884.49,1157.04,10,0.6666,0.5038,0
MRC003488,2026-05-31,5,0,1,1,1295,3,1,2,4,4206.68,6970.8,3485.4,2,1.9996,2.4139,1
MRC003489,2026-05-31,5,1,0,1,1404,94,0,0,0,0,0,0.0,0,0.0,0.0,0
MRC003490,2026-05-31,2,0,1,1,1567,0,9,25,58,14724.77,43343.6,1733.74,18,1.44,1.3589,0
MRC003491,2026-05-31,0,2,0,1,1776,11,0,2,2,0,639.21,319.61,2,0.0,0.0,0
MRC003492,2026-05-31,5,0,1,1,1122,0,1,3,3,110.52,1229.51,409.84,3,1.3332,0.3596,1
MRC003493,2026-05-31,5,1,1,1,1116,25,0,1,1,0,1126.01,1126.01,1,0.0,0.0,1
MRC003494,2026-05-31,5,0,1,0,1865,40,0,0,4,0,0,0.0,0,0.0,0.0,0
MRC003495,2026-05-31,0,0,1,0,1819,5,2,9,15,5242.0,13852.6,1539.18,8,0.8888,1.5137,0
MRC003496,2026-05-31,2,1,1,1,1585,5,1,4,8,1228.34,2823.81,705.95,4,0.9999,1.74,1
MRC003497,2026-05-31,2,2,1,1,1172,1,2,9,19,5365.95,10888.84,1209.87,6,0.8888,1.9712,0
MRC003498,2026-05-31,5,1,1,1,1420,1,1,4,7,859.26,8143.11,2035.78,4,0.9999,0.4221,0
MRC003499,2026-05-31,5,1,1,1,1412,0,2,3,4,4703.88,6194.12,2064.71,3,2.6663,3.0376,1
MRC003500,2026-05-31,5,0,1,1,1116,0,1,4,10,254.58,1764.7,441.18,3,0.9999,0.577,0
MRC003501,2026-05-31,2,0,1,0,555,1,1,4,6,848.2,2418.15,604.54,3,0.9999,1.4031,0
MRC003502,2026-05-31,5,0,0,1,1335,1,2,3,6,4764.24,6087.34,2029.11,3,2.6663,3.1306,1
MRC003503,2026-05-31,0,2,1,0,1132,3,5,27,53,2864.73,35612.23,1318.97,15,0.7407,0.3218,0
MRC003504,2026-05-31,4,0,0,0,276,25,0,2,5,0,2406.75,1203.38,2,0.0,0.0,0
MRC003505,2026-05-31,2,0,1,1,2252,3,1,6,16,2644.99,10751.77,1791.96,6,0.6666,0.984,0
MRC003506,2026-05-31,5,1,1,0,1621,1,4,11,21,23797.66,33421.67,3038.33,10,1.4545,2.8482,0
MRC003507,2026-05-31,5,1,1,1,413,26,0,2,3,0,3131.53,1565.76,2,0.0,0.0,1
MRC003508,2026-05-31,2,1,1,1,611,11,0,3,7,0,4641.72,1547.24,3,0.0,0.0,0
MRC003509,2026-05-31,5,0,1,1,1413,20,0,1,6,0,1640.64,1640.64,1,0.0,0.0,0
MRC003510,2026-05-31,5,1,1,0,2044,16,0,2,6,0,1689.74,844.87,2,0.0,0.0,0
MRC003511,2026-05-31,4,1,1,1,1225,13,0,1,2,0,543.2,543.2,1,0.0,0.0,0
MRC003512,2026-05-31,2,0,1,1,1939,9,0,3,6,0,3811.05,1270.35,3,0.0,0.0,0
MRC003513,2026-05-31,5,1,1,1,445,1,1,5,11,2695.68,27201.47,5440.29,5,0.7999,0.3964,0
MRC003514,2026-05-31,5,0,1,1,1318,1,2,4,6,3129.26,20551.68,5137.92,4,1.9998,0.6091,0
MRC003515,2026-05-31,5,2,1,1,1972,9,0,4,6,0,3528.5,882.12,3,0.0,0.0,0
MRC003516,2026-05-31,4,2,1,1,2015,0,3,5,6,2706.78,4646.43,929.29,5,2.3998,2.3302,1
MRC003517,2026-05-31,3,0,1,1,689,12,0,3,5,0,2067.23,689.08,3,0.0,0.0,0
MRC003518,2026-05-31,5,1,1,1,1630,5,3,17,36,1488.71,32425.29,1907.37,14,0.7059,0.1836,0
MRC003519,2026-05-31,2,1,0,1,251,14,0,4,8,0,2567.26,641.82,4,0.0,0.0,0
MRC003520,2026-05-31,5,2,0,0,473,63,0,0,0,0,0,0.0,0,0.0,0.0,0
MRC003521,2026-05-31,5,1,1,0,2131,44,0,0,1,0,0,0.0,0,0.0,0.0,1
MRC003522,2026-05-31,0,1,1,1,1783,48,0,0,1,0,0,0.0,0,0.0,0.0,0
MRC003523,2026-05-31,5,0,1,1,617,14,0,2,4,0,14636.46,7318.23,2,0.0,0.0,0
MRC003524,2026-05-31,5,0,1,1,2340,11,0,3,6,0,4008.57,1336.19,3,0.0,0.0,0
MRC003525,2026-05-31,0,1,1,1,2333,7,0,3,13,0,12983.99,4328.0,3,0.0,0.0,0
MRC003526,2026-05-31,5,1,1,1,254,5,1,2,3,265.67,951.43,475.72,2,1.9996,1.1169,0
MRC003527,2026-05-31,5,2,1,1,221,69,0,0,0,0,0,0.0,0,0.0,0.0,0
MRC003528,2026-05-31,5,2,1,1,700,12,0,4,9,0,8042.82,2010.7,4,0.0,0.0,0
MRC003529,2026-05-31,5,1,1,1,1899,39,0,0,1,0,0,0.0,0,0.0,0.0,1
MRC003530,2026-05-31,5,1,1,1,1471,3,1,7,14,910.21,8656.03,1236.58,7,0.5714,0.4206,0
MRC003531,2026-05-31,0,2,1,1,1285,15,0,1,3,0,395.91,395.91,1,0.0,0.0,0
MRC003532,2026-05-31,5,2,1,1,1072,6,1,4,8,1018.53,5211.5,1302.88,4,0.9999,0.7818,0
MRC003533,2026-05-31,5,2,0,0,1213,24,0,1,4,0,733.19,733.19,1,0.0,0.0,0
MRC003534,2026-05-31,5,3,1,1,1558,10,0,4,6,0,14056.28,3514.07,4,0.0,0.0,1
MRC003535,2026-05-31,5,1,1,1,304,14,0,2,4,0,2434.97,1217.49,2,0.0,0.0,0
MRC003536,2026-05-31,0,1,1,1,1446,4,1,5,8,462.05,16347.46,3269.49,4,0.7999,0.1131,0
MRC003537,2026-05-31,5,1,1,1,647,1,7,23,52,10243.54,52359.11,2276.48,17,1.2174,0.7826,0
MRC003538,2026-05-31,0,0,1,1,1886,3,1,3,7,611.51,1798.79,599.6,3,1.3332,1.3598,0
MRC003539,2026-05-31,2,1,1,1,591,0,2,4,5,7484.37,9777.63,2444.41,4,1.9998,3.0618,0
MRC003540,2026-05-31,5,1,1,1,319,3,1,1,2,1373.75,1373.75,1373.75,1,3.9984,4.0,0
MRC003541,2026-05-31,5,1,0,0,1114,1,2,3,8,3359.39,3428.66,1142.89,3,2.6663,3.9192,0
MRC003542,2026-05-31,5,0,1,1,1127,106,0,0,0,0,0,0.0,0,0.0,0.0,1
MRC003543,2026-05-31,5,1,1,1,1298,1,4,10,22,4264.14,7354.33,735.43,10,1.5999,2.3193,0
MRC003544,2026-05-31,0,1,0,1,2044,31,0,0,3,0,0,0.0,0,0.0,0.0,0
MRC003545,2026-05-31,5,1,0,1,1694,1,1,2,2,1349.27,1795.39,897.69,2,1.9996,3.0061,0
MRC003546,2026-05-31,0,0,1,1,957,71,0,0,0,0,0,0.0,0,0.0,0.0,1
MRC003547,2026-05-31,5,1,1,1,1752,0,3,3,8,2665.66,2665.66,888.55,2,3.9995,4.0,0
MRC003548,2026-05-31,5,0,1,1,1265,16,0,2,4,0,2203.11,1101.55,2,0.0,0.0,1
MRC003549,2026-05-31,2,0,1,1,653,0,2,5,11,7539.27,8701.57,1740.31,5,1.5999,3.4657,0
MRC003550,2026-05-31,0,0,0,1,212,33,0,0,1,0,0,0.0,0,0.0,0.0,0
MRC003551,2026-05-31,2,2,1,1,173,4,2,3,8,1610.24,4281.74,1427.25,3,2.6663,1.5043,0
MRC003552,2026-05-31,5,1,0,0,654,3,1,6,13,449.8,7907.72,1317.95,6,0.6666,0.2275,0
MRC003553,2026-05-31,5,1,1,1,1954,4,1,4,6,13645.07,16550.09,4137.52,4,0.9999,3.2979,0
MRC003554,2026-05-31,0,2,1,0,1178,13,0,3,4,0,3898.82,1299.61,3,0.0,0.0,0
MRC003555,2026-05-31,0,1,1,1,1152,3,1,3,9,2160.5,4170.13,1390.04,3,1.3332,2.0724,0
MRC003556,2026-05-31,2,2,1,0,1036,15,0,2,5,0,7891.33,3945.66,2,0.0,0.0,1
MRC003557,2026-05-31,0,0,1,1,724,16,0,2,3,0,3153.99,1576.99,2,0.0,0.0,1
MRC003558,2026-05-31,5,0,1,1,1726,0,1,6,9,353.84,7637.43,1272.9,5,0.6666,0.1853,0
MRC003559,2026-05-31,5,0,0,1,192,18,0,2,5,0,3325.4,1662.7,2,0.0,0.0,0
MRC003560,2026-05-31,0,1,1,1,1501,9,0,3,8,0,2659.2,886.4,3,0.0,0.0,0
MRC003561,2026-05-31,5,2,1,0,2212,3,4,14,31,4155.99,14521.85,1037.28,11,1.1428,1.1448,0
MRC003562,2026-05-31,2,1,0,0,2088,0,2,4,9,5901.56,6460.99,1615.25,4,1.9998,3.6537,0
MRC003563,2026-05-31,4,1,1,1,971,12,0,3,3,0,2543.27,847.76,3,0.0,0.0,0
MRC003564,2026-05-31,5,0,0,0,2032,4,2,6,8,1658.45,12078.98,2013.16,5,1.3332,0.5492,0
MRC003565,2026-05-31,0,2,0,0,684,5,2,5,7,2391.69,4619.24,923.85,3,1.5999,2.0711,0
MRC003566,2026-05-31,5,1,1,1,692,0,1,2,18,1905.75,3168.91,1584.45,2,1.9996,2.4056,0
MRC003567,2026-05-31,5,0,1,1,915,7,0,3,7,0,2064.58,688.19,3,0.0,0.0,0
MRC003568,2026-05-31,5,3,1,0,203,1,4,29,53,2536.14,41644.91,1436.03,20,0.5517,0.2436,0
MRC003569,2026-05-31,2,1,1,1,745,8,0,3,11,0,2978.99,993.0,3,0.0,0.0,0
MRC003570,2026-05-31,5,0,1,1,2032,8,0,5,11,0,9662.08,1932.42,5,0.0,0.0,0
MRC003571,2026-05-31,4,0,1,1,1830,11,0,5,10,0,4451.2,890.24,5,0.0,0.0,0
MRC003572,2026-05-31,5,0,1,0,884,1,3,15,25,701.45,8776.77,585.12,13,0.8,0.3197,0
MRC003573,2026-05-31,4,2,1,1,847,3,1,3,6,1735.38,2619.27,873.09,3,1.3332,2.6502,0
MRC003574,2026-05-31,5,1,1,1,923,32,0,0,2,0,0,0.0,0,0.0,0.0,0
MRC003575,2026-05-31,0,2,1,1,424,2,4,9,16,8437.78,11847.88,1316.43,7,1.7777,2.8487,0
MRC003576,2026-05-31,5,0,1,0,511,6,1,2,4,400.99,10877.09,5438.55,2,1.9996,0.1475,0
MRC003577,2026-05-31,5,1,1,1,2334,5,1,6,10,1052.53,3894.7,649.12,6,0.6666,1.081,0
MRC003578,2026-05-31,2,1,0,1,1679,0,2,6,14,1823.15,4559.82,759.97,6,1.3332,1.5993,0
MRC003579,2026-05-31,5,1,1,1,1645,4,1,2,5,4752.51,7860.62,3930.31,2,1.9996,2.4184,0
MRC003580,2026-05-31,0,1,1,1,777,9,0,4,9,0,21742.42,5435.61,4,0.0,0.0,0
MRC003581,2026-05-31,5,1,1,1,2035,39,0,0,2,0,0,0.0,0,0.0,0.0,0
MRC003582,2026-05-31,4,1,1,1,551,4,1,14,22,979.82,22231.48,1587.96,10,0.2857,0.1763,0
MRC003583,2026-05-31,0,2,1,1,2281,2,1,5,8,4523.96,11301.02,2260.2,5,0.7999,1.6013,0
MRC003584,2026-05-31,5,0,0,1,1264,5,2,4,8,2093.99,3728.82,932.21,3,1.9998,2.2463,0
MRC003585,2026-05-31,5,1,1,1,887,8,0,3,5,0,1702.26,567.42,3,0.0,0.0,0
MRC003586,2026-05-31,3,1,1,1,1804,7,0,6,11,0,9836.49,1639.41,6,0.0,0.0,0
MRC003587,2026-05-31,3,0,0,1,1076,0,3,8,14,6615.37,13705.94,1713.24,6,1.4999,1.9307,0
MRC003588,2026-05-31,0,0,1,1,754,6,1,9,12,534.21,8704.55,967.17,8,0.4444,0.2455,0
MRC003589,2026-05-31,0,3,1,1,1658,1,3,18,27,4053.01,24922.32,1384.57,12,0.6667,0.6505,0
MRC003590,2026-05-31,5,0,1,1,1742,7,0,1,6,0,364.1,364.1,1,0.0,0.0,0
MRC003591,2026-05-31,5,0,0,1,1483,2,2,4,9,618.54,4641.84,1160.46,4,1.9998,0.533,0
MRC003592,2026-05-31,0,1,1,1,1174,8,0,1,3,0,486.3,486.3,1,0.0,0.0,0
MRC003593,2026-05-31,2,0,1,1,883,0,9,22,57,9196.03,32363.5,1471.07,16,1.6363,1.1366,0
MRC003594,2026-05-31,5,0,0,1,1047,1,2,2,5,1471.5,1471.5,735.75,2,3.9992,4.0,0
MRC003595,2026-05-31,5,0,1,1,2075,6,1,6,10,452.94,3846.03,641.0,5,0.6666,0.4711,0
MRC003596,2026-05-31,5,0,1,1,950,0,2,6,8,498.49,2414.02,402.34,5,1.3332,0.826,0
MRC003597,2026-05-31,5,1,0,0,2278,19,0,2,7,0,1792.04,896.02,1,0.0,0.0,0
MRC003598,2026-05-31,3,2,1,1,483,25,0,1,6,0,646.25,646.25,1,0.0,0.0,0
MRC003599,2026-05-31,5,0,1,0,520,2,1,14,25,1545.8,21799.46,1557.1,13,0.2857,0.2836,0
MRC003600,2026-05-31,2,1,1,0,891,21,0,3,6,0,1822.78,607.59,3,0.0,0.0,0
MRC003601,2026-05-31,0,1,1,1,171,1,2,6,14,676.93,4681.57,780.26,5,1.3332,0.5784,0
MRC003602,2026-05-31,0,0,0,1,2086,66,0,0,0,0,0,0.0,0,0.0,0.0,0
MRC003603,2026-05-31,5,1,1,1,908,64,0,0,0,0,0,0.0,0,0.0,0.0,0
MRC003604,2026-05-31,4,1,1,1,388,6,1,6,10,87.51,3757.34,626.22,5,0.6666,0.0932,0
MRC003605,2026-05-31,5,0,0,1,1516,24,0,2,8,0,1751.11,875.56,2,0.0,0.0,0
MRC003606,2026-05-31,5,1,1,1,2258,2,3,12,29,2095.7,26801.28,2233.44,12,1.0,0.3128,0
MRC003607,2026-05-31,2,0,1,1,2336,28,0,1,1,0,272.81,272.81,1,0.0,0.0,0
MRC003608,2026-05-31,5,2,1,1,399,2,4,19,37,46014.62,65194.57,3431.29,17,0.8421,2.8232,0
MRC003609,2026-05-31,5,3,0,1,1897,16,0,1,2,0,1214.76,1214.76,1,0.0,0.0,0
MRC003610,2026-05-31,0,2,1,1,956,5,1,3,6,2342.41,12801.59,4267.2,3,1.3332,0.7319,0
MRC003611,2026-05-31,5,0,1,1,1992,15,0,2,2,0,488.24,244.12,2,0.0,0.0,0
MRC003612,2026-05-31,3,1,1,1,1489,5,2,7,10,769.48,22132.0,3161.71,6,1.1428,0.1391,0
MRC003613,2026-05-31,2,1,1,1,1763,14,0,2,3,0,903.01,451.5,2,0.0,0.0,1
MRC003614,2026-05-31,5,0,1,1,1995,7,0,5,9,0,10324.9,2064.98,5,0.0,0.0,0
MRC003615,2026-05-31,5,2,1,1,2121,0,1,4,12,628.48,6998.37,1749.59,4,0.9999,0.3592,0
MRC003616,2026-05-31,2,1,0,1,478,19,0,2,5,0,1456.07,728.03,2,0.0,0.0,1
MRC003617,2026-05-31,5,0,1,1,1746,23,0,1,1,0,184.19,184.19,1,0.0,0.0,0
MRC003618,2026-05-31,5,3,1,1,473,0,11,49,68,29480.33,114586.55,2338.5,24,0.898,1.0291,0
MRC003619,2026-05-31,5,0,1,1,2227,12,0,2,3,0,2733.0,1366.5,2,0.0,0.0,0
MRC003620,2026-05-31,0,1,0,1,1538,0,4,5,8,6349.51,7678.44,1535.69,5,3.1997,3.3077,0
MRC003621,2026-05-31,4,0,1,1,585,25,0,1,4,0,1191.47,1191.47,1,0.0,0.0,0
MRC003622,2026-05-31,5,0,1,1,804,4,1,10,13,382.07,8893.1,889.31,9,0.4,0.1719,0
MRC003623,2026-05-31,5,3,1,1,2122,17,0,3,5,0,6151.95,2050.65,3,0.0,0.0,0
MRC003624,2026-05-31,3,1,0,1,1573,15,0,1,2,0,4206.23,4206.23,1,0.0,0.0,1
MRC003625,2026-05-31,5,0,1,1,665,3,1,6,7,1369.04,3967.7,661.28,5,0.6666,1.3802,0
MRC003626,2026-05-31,4,1,0,0,1957,26,0,2,3,0,19300.71,9650.35,2,0.0,0.0,0
MRC003627,2026-05-31,5,2,0,1,1734,27,0,1,5,0,1512.72,1512.72,1,0.0,0.0,0
MRC003628,2026-05-31,5,2,1,0,332,1,1,4,11,1117.25,6632.43,1658.11,4,0.9999,0.6738,0
MRC003629,2026-05-31,5,2,1,1,783,4,2,10,38,796.03,8975.49,897.55,7,0.8,0.3548,0
MRC003630,2026-05-31,5,2,1,0,2010,1,1,2,3,8512.82,8973.13,4486.56,2,1.9996,3.7948,0
MRC003631,2026-05-31,5,1,0,1,931,27,0,1,1,0,152.38,152.38,1,0.0,0.0,0
MRC003632,2026-05-31,0,0,1,1,247,2,1,5,11,749.56,13088.8,2617.76,4,0.7999,0.2291,0
MRC003633,2026-05-31,5,2,1,1,1484,21,0,1,1,0,13697.52,13697.52,1,0.0,0.0,1
MRC003634,2026-05-31,5,0,0,1,2128,4,2,15,26,6037.95,19135.72,1275.71,11,0.5333,1.2621,0
MRC003635,2026-05-31,5,0,1,1,1380,43,0,0,1,0,0,0.0,0,0.0,0.0,1
MRC003636,2026-05-31,4,1,0,1,2296,3,1,3,6,2492.16,4070.9,1356.97,3,1.3332,2.4488,0
MRC003637,2026-05-31,5,0,0,1,414,4,1,5,10,79.29,7027.74,1405.55,4,0.7999,0.0451,0
MRC003638,2026-05-31,0,1,1,1,1623,1,2,5,9,421.5,5443.5,1088.7,4,1.5999,0.3097,0
MRC003639,2026-05-31,2,2,0,1,1584,12,0,1,1,0,575.22,575.22,1,0.0,0.0,1
MRC003640,2026-05-31,0,1,1,1,2315,0,4,19,34,2693.56,19768.69,1040.46,16,0.8421,0.545,0
MRC003641,2026-05-31,5,1,1,1,1303,123,0,0,0,0,0,0.0,0,0.0,0.0,1
MRC003642,2026-05-31,2,1,0,1,1961,38,0,0,2,0,0,0.0,0,0.0,0.0,0
MRC003643,2026-05-31,5,1,1,1,482,1,2,5,5,2316.91,5401.85,1080.37,5,1.5999,1.7156,0
MRC003644,2026-05-31,5,0,1,1,261,2,1,1,1,1927.09,1927.09,1927.09,1,3.9984,4.0,1
MRC003645,2026-05-31,5,0,1,1,1730,0,2,11,22,444.14,8226.9,747.9,10,0.7272,0.2159,0
MRC003646,2026-05-31,3,1,0,1,173,25,0,1,1,0,110.08,110.08,1,0.0,0.0,1
MRC003647,2026-05-31,5,1,1,1,2076,0,5,12,36,8644.74,15312.03,1276.0,9,1.6666,2.2583,0
MRC003648,2026-05-31,5,1,1,1,210,10,0,3,5,0,4279.03,1426.34,3,0.0,0.0,0
MRC003649,2026-05-31,4,0,0,1,1669,0,2,2,3,2963.56,2963.56,1481.78,2,3.9992,4.0,0
MRC003650,2026-05-31,0,0,0,1,1152,74,0,0,0,0,0,0.0,0,0.0,0.0,1
MRC003651,2026-05-31,5,1,1,1,1575,3,2,4,7,2184.95,11344.93,2836.23,4,1.9998,0.7704,0
MRC003652,2026-05-31,5,1,0,1,1527,24,0,1,2,0,1846.8,1846.8,1,0.0,0.0,0
MRC003653,2026-05-31,3,1,0,1,1135,4,1,2,5,311.32,1611.68,805.84,2,1.9996,0.7727,0
MRC003654,2026-05-31,4,2,1,1,1217,0,1,5,6,1969.43,4800.56,960.11,5,0.7999,1.641,0
MRC003655,2026-05-31,5,1,1,1,1264,2,1,8,18,1500.81,6811.88,851.49,7,0.5,0.8813,0
MRC003656,2026-05-31,5,0,1,1,1644,7,0,4,7,0,9352.31,2338.08,3,0.0,0.0,0
MRC003657,2026-05-31,5,1,1,1,1716,8,0,2,5,0,1407.46,703.73,2,0.0,0.0,0
MRC003658,2026-05-31,5,0,0,1,1147,8,0,9,16,0,23421.63,2602.4,8,0.0,0.0,0
MRC003659,2026-05-31,5,0,1,1,935,1,1,3,6,364.6,2219.19,739.73,3,1.3332,0.6572,0
MRC003660,2026-05-31,5,1,1,1,258,0,1,8,16,3866.62,9022.61,1127.83,7,0.5,1.7142,0
MRC003661,2026-05-31,5,0,1,1,1867,0,2,8,19,3549.73,7499.45,937.43,7,1.0,1.8933,0
MRC003662,2026-05-31,5,0,0,0,659,1,1,3,6,312.11,2055.67,685.22,3,1.3332,0.6073,0
MRC003663,2026-05-31,3,2,0,1,1113,2,1,3,6,367.02,3547.71,1182.57,3,1.3332,0.4138,1
MRC003664,2026-05-31,5,1,1,1,2333,6,1,6,15,327.77,4405.11,734.18,6,0.6666,0.2976,0
MRC003665,2026-05-31,5,2,1,1,1879,26,0,1,2,0,2841.06,2841.06,1,0.0,0.0,1
MRC003666,2026-05-31,5,2,0,1,920,3,2,6,8,2524.61,8495.47,1415.91,6,1.3332,1.1887,0
MRC003667,2026-05-31,5,0,1,1,1202,9,0,6,10,0,9157.32,1526.22,5,0.0,0.0,0
MRC003668,2026-05-31,0,1,0,1,874,9,0,3,10,0,1527.19,509.06,3,0.0,0.0,0
MRC003669,2026-05-31,5,0,1,1,1533,38,0,0,1,0,0,0.0,0,0.0,0.0,0
MRC003670,2026-05-31,5,1,1,1,498,2,1,12,20,747.24,9859.52,821.63,9,0.3333,0.3032,0
MRC003671,2026-05-31,2,0,1,0,2246,33,0,0,3,0,0,0.0,0,0.0,0.0,0
MRC003672,2026-05-31,2,0,1,1,2321,7,0,2,8,0,4137.02,2068.51,2,0.0,0.0,0
MRC003673,2026-05-31,4,0,1,1,817,18,0,3,5,0,8997.29,2999.1,3,0.0,0.0,0
MRC003674,2026-05-31,5,1,1,1,668,1,2,11,21,1594.01,11947.35,1086.12,11,0.7272,0.5337,0
MRC003675,2026-05-31,5,0,1,1,1343,5,1,1,2,2065.59,2065.59,2065.59,1,3.9984,4.0,1
MRC003676,2026-05-31,5,1,1,1,1578,0,7,22,44,19171.37,52894.12,2404.28,17,1.2727,1.4498,0
MRC003677,2026-05-31,2,2,1,1,1571,0,3,13,29,2523.86,18939.38,1456.88,11,0.923,0.533,0
MRC003678,2026-05-31,5,1,1,1,256,2,1,1,3,341.08,341.08,341.08,1,3.9984,4.0,0
MRC003679,2026-05-31,3,1,1,1,1718,6,1,6,13,700.35,7894.64,1315.77,6,0.6666,0.3548,0
MRC003680,2026-05-31,5,0,1,1,310,12,0,4,13,0,6952.89,1738.22,3,0.0,0.0,0
MRC003681,2026-05-31,0,2,1,1,912,0,7,22,35,5951.17,51038.37,2319.93,15,1.2727,0.4664,0
MRC003682,2026-05-31,0,1,1,1,1731,0,3,7,17,10435.84,14038.44,2005.49,7,1.7142,2.9735,0
MRC003683,2026-05-31,5,1,1,1,2103,0,9,26,55,10919.54,51511.29,1981.2,18,1.3846,0.8479,0
MRC003684,2026-05-31,4,2,1,1,1552,31,0,0,1,0,0,0.0,0,0.0,0.0,0
MRC003685,2026-05-31,5,0,1,1,514,4,2,3,5,5069.5,5526.09,1842.03,3,2.6663,3.6695,0
MRC003686,2026-05-31,5,1,1,0,1651,12,0,2,2,0,2611.02,1305.51,2,0.0,0.0,0
MRC003687,2026-05-31,0,0,0,1,245,7,0,2,3,0,3564.09,1782.05,2,0.0,0.0,0
MRC003688,2026-05-31,5,0,1,1,669,1,6,23,59,8413.42,27610.98,1200.48,14,1.0435,1.2189,0
MRC003689,2026-05-31,5,1,1,1,435,8,0,5,12,0,5883.71,1176.74,5,0.0,0.0,0
MRC003690,2026-05-31,5,1,1,1,2316,2,3,10,24,2880.31,11501.25,1150.12,9,1.2,1.0017,0
MRC003691,2026-05-31,5,0,1,1,969,6,1,1,5,1472.1,1472.1,1472.1,1,3.9984,4.0,0
MRC003692,2026-05-31,4,1,0,1,1385,5,1,3,10,650.89,3406.97,1135.66,3,1.3332,0.7642,0
MRC003693,2026-05-31,5,2,1,1,1892,8,0,3,3,0,3829.09,1276.36,2,0.0,0.0,0
MRC003694,2026-05-31,5,2,0,1,2283,3,2,5,8,781.97,5314.37,1062.87,5,1.5999,0.5886,0
MRC003695,2026-05-31,5,0,0,1,2340,2,1,3,4,123.98,2896.89,965.63,3,1.3332,0.1712,0
MRC003696,2026-05-31,3,1,1,1,523,55,0,0,1,0,0,0.0,0,0.0,0.0,1
MRC003697,2026-05-31,4,0,1,1,1025,10,0,5,7,0,6775.06,1355.01,5,0.0,0.0,0
MRC003698,2026-05-31,5,1,0,1,1050,1,2,6,9,4881.41,7387.28,1231.21,6,1.3332,2.6431,0
MRC003699,2026-05-31,3,0,1,1,1904,2,1,2,4,3983.16,4354.47,2177.24,2,1.9996,3.6589,0
MRC003700,2026-05-31,0,1,0,1,898,9,0,3,8,0,1879.19,626.4,3,0.0,0.0,0
MRC003701,2026-05-31,5,0,1,1,670,0,1,8,13,564.5,10326.78,1290.85,7,0.5,0.2187,0
MRC003702,2026-05-31,5,1,1,1,1814,3,2,6,18,2559.33,5246.09,874.35,5,1.3332,1.9514,0
MRC003703,2026-05-31,5,0,0,1,1246,77,0,0,0,0,0,0.0,0,0.0,0.0,1
MRC003704,2026-05-31,2,0,1,1,1798,3,1,2,4,354.83,2913.12,1456.56,2,1.9996,0.4872,1
MRC003705,2026-05-31,5,1,1,1,995,0,3,6,13,4551.39,9168.58,1528.1,6,1.9999,1.9856,0
MRC003706,2026-05-31,4,0,1,1,1228,6,1,10,14,748.58,8234.67,823.47,9,0.4,0.3636,0
MRC003707,2026-05-31,3,1,1,1,184,1,3,14,33,726.92,15464.01,1104.57,12,0.8571,0.188,0
MRC003708,2026-05-31,3,1,1,1,200,0,3,13,29,3494.57,14742.44,1134.03,11,0.923,0.9482,0
MRC003709,2026-05-31,4,1,1,1,165,0,9,40,82,23354.38,54371.93,1359.3,22,0.9,1.7181,0
MRC003710,2026-05-31,2,1,1,1,547,21,0,2,4,0,2622.63,1311.32,2,0.0,0.0,0
MRC003711,2026-05-31,5,1,1,1,924,0,7,25,46,4602.82,36827.26,1473.09,18,1.12,0.4999,0
MRC003712,2026-05-31,4,2,1,1,274,22,0,2,3,0,4302.01,2151.01,2,0.0,0.0,1
MRC003713,2026-05-31,5,0,1,1,516,0,6,39,88,6066.09,53427.52,1369.94,23,0.6154,0.4542,0
MRC003714,2026-05-31,5,1,0,0,2015,1,3,9,20,3495.1,6794.66,754.96,9,1.3333,2.0576,0
MRC003715,2026-05-31,3,1,1,1,2032,9,0,5,9,0,4306.65,861.33,4,0.0,0.0,0
MRC003716,2026-05-31,0,0,1,1,798,3,1,11,18,124.46,27186.3,2471.48,10,0.3636,0.0183,0
MRC003717,2026-05-31,4,0,1,1,2233,7,0,1,1,0,2220.35,2220.35,1,0.0,0.0,1
MRC003718,2026-05-31,0,0,1,1,422,17,0,1,2,0,801.11,801.11,1,0.0,0.0,1
MRC003719,2026-05-31,5,1,1,1,233,1,1,6,9,1172.09,10989.98,1831.66,6,0.6666,0.4266,0
MRC003720,2026-05-31,5,0,1,1,938,6,1,1,5,2922.99,2922.99,2922.99,1,3.9984,4.0,0
MRC003721,2026-05-31,5,1,1,1,743,1,7,25,64,20511.57,39981.08,1599.24,18,1.12,2.0521,0
MRC003722,2026-05-31,0,1,0,1,333,31,0,0,5,0,0,0.0,0,0.0,0.0,1
MRC003723,2026-05-31,4,1,1,1,2016,0,3,18,27,3875.43,19954.54,1108.59,15,0.6667,0.7769,0
MRC003724,2026-05-31,0,0,0,0,2303,7,0,2,4,0,2176.98,1088.49,2,0.0,0.0,0
MRC003725,2026-05-31,5,1,0,1,755,13,0,1,3,0,334.89,334.89,1,0.0,0.0,0
MRC003726,2026-05-31,4,1,1,1,853,17,0,2,2,0,937.42,468.71,2,0.0,0.0,0
MRC003727,2026-05-31,4,0,0,1,1734,32,0,0,3,0,0,0.0,0,0.0,0.0,1
MRC003728,2026-05-31,5,0,1,1,2203,2,1,2,6,302.02,1749.08,874.54,2,1.9996,0.6907,0
MRC003729,2026-05-31,3,0,1,1,791,5,1,5,6,266.33,3889.97,777.99,5,0.7999,0.2739,1
MRC003730,2026-05-31,4,2,1,1,1656,1,2,3,7,2364.34,2986.89,995.63,3,2.6663,3.1663,1
MRC003731,2026-05-31,5,0,0,1,215,11,0,2,6,0,1729.67,864.84,2,0.0,0.0,0
MRC003732,2026-05-31,0,0,1,1,1401,0,1,8,13,1312.22,14699.47,1837.43,6,0.5,0.3571,0
MRC003733,2026-05-31,0,0,1,0,2321,5,1,1,1,2025.86,2025.86,2025.86,1,3.9984,4.0,1
MRC003734,2026-05-31,0,0,1,1,1203,23,0,3,8,0,1268.83,422.94,2,0.0,0.0,0
MRC003735,2026-05-31,2,1,1,1,1566,2,4,9,16,11294.77,16565.83,1840.65,8,1.7777,2.7272,0
MRC003736,2026-05-31,5,1,1,1,1666,0,1,11,24,1588.1,18849.06,1713.55,11,0.3636,0.337,0
MRC003737,2026-05-31,3,1,1,1,1546,3,2,5,7,813.43,2921.08,584.22,5,1.5999,1.1139,0
MRC003738,2026-05-31,5,2,1,0,1664,13,0,1,1,0,236.0,236.0,1,0.0,0.0,1
MRC003739,2026-05-31,2,0,1,1,2102,2,2,5,10,1684.53,4255.74,851.15,5,1.5999,1.5833,0
MRC003740,2026-05-31,5,1,1,1,187,5,2,12,18,1440.84,13662.75,1138.56,10,0.6666,0.4218,0
MRC003741,2026-05-31,5,1,1,1,2097,35,0,0,3,0,0,0.0,0,0.0,0.0,0
MRC003742,2026-05-31,2,1,1,1,2148,2,1,3,8,729.75,3838.94,1279.65,3,1.3332,0.7604,0
MRC003743,2026-05-31,5,2,1,1,2140,1,1,4,5,2303.14,7805.86,1951.46,4,0.9999,1.1802,0
MRC003744,2026-05-31,5,0,1,1,969,0,4,24,49,3383.03,18887.29,786.97,16,0.6667,0.7165,0
MRC003745,2026-05-31,5,1,1,1,1438,4,2,2,5,2318.7,2318.7,1159.35,1,3.9992,4.0,0
MRC003746,2026-05-31,4,1,1,1,936,3,2,5,13,4160.84,8192.47,1638.49,5,1.5999,2.0315,0
MRC003747,2026-05-31,5,0,1,1,2001,2,1,6,7,1522.05,10114.42,1685.74,6,0.6666,0.6019,0
MRC003748,2026-05-31,3,2,1,1,1053,3,1,6,8,106.21,6788.03,1131.34,6,0.6666,0.0626,0
MRC003749,2026-05-31,5,0,1,1,848,1,5,10,23,7485.01,11296.89,1129.69,8,1.9999,2.6503,0
MRC003750,2026-05-31,5,0,0,0,1662,25,0,1,5,0,167.4,167.4,1,0.0,0.0,1
MRC003751,2026-05-31,2,1,1,1,272,1,3,6,10,7962.89,10652.5,1775.42,6,1.9999,2.9901,0
MRC003752,2026-05-31,5,1,0,0,986,10,0,2,6,0,2072.68,1036.34,2,0.0,0.0,0
MRC003753,2026-05-31,5,2,1,1,615,93,0,0,0,0,0,0.0,0,0.0,0.0,1
MRC003754,2026-05-31,5,2,1,1,981,0,5,17,27,4077.96,15643.42,920.2,15,1.1764,1.0427,0
MRC003755,2026-05-31,0,0,1,1,1145,7,0,11,20,0,9267.19,842.47,9,0.0,0.0,0
MRC003756,2026-05-31,0,1,1,1,303,21,0,4,5,0,7800.72,1950.18,4,0.0,0.0,0
MRC003757,2026-05-31,0,3,1,0,2054,25,0,1,3,0,490.7,490.7,1,0.0,0.0,0
MRC003758,2026-05-31,0,0,0,1,1075,4,1,2,7,1007.0,1376.98,688.49,2,1.9996,2.9252,0
MRC003759,2026-05-31,5,1,1,0,948,3,2,5,14,3447.9,5743.13,1148.63,5,1.5999,2.4014,0
MRC003760,2026-05-31,4,2,1,1,491,16,0,2,6,0,2051.98,1025.99,2,0.0,0.0,0
MRC003761,2026-05-31,5,0,1,1,2340,13,0,2,3,0,2865.35,1432.67,1,0.0,0.0,0
MRC003762,2026-05-31,5,2,1,1,2034,5,1,3,6,838.17,12585.45,4195.15,3,1.3332,0.2664,0
MRC003763,2026-05-31,5,1,1,1,1217,3,1,3,4,1200.5,3311.21,1103.74,3,1.3332,1.4502,0
MRC003764,2026-05-31,4,2,1,1,895,37,0,0,1,0,0,0.0,0,0.0,0.0,0
MRC003765,2026-05-31,5,1,1,1,1186,0,2,5,10,1361.37,4831.65,966.33,4,1.5999,1.127,0
MRC003766,2026-05-31,5,1,1,1,2264,19,0,1,1,0,1315.1,1315.1,1,0.0,0.0,1
MRC003767,2026-05-31,5,1,1,1,648,24,0,1,1,0,878.41,878.41,1,0.0,0.0,1
MRC003768,2026-05-31,0,0,0,1,1660,0,29,110,218,36360.72,195060.75,1773.28,30,1.0545,0.7456,0
MRC003769,2026-05-31,5,1,1,1,2139,0,6,28,55,7717.08,39117.24,1397.04,16,0.8571,0.7891,0
MRC003770,2026-05-31,0,2,1,1,1817,2,2,6,9,1660.7,7175.1,1195.85,4,1.3332,0.9258,0
MRC003771,2026-05-31,5,2,1,1,2066,0,3,11,18,3060.67,9702.66,882.06,8,1.0909,1.2618,0
MRC003772,2026-05-31,5,3,1,1,2235,2,5,11,21,4562.03,9259.11,841.74,9,1.8181,1.9708,0
MRC003773,2026-05-31,4,1,1,1,296,2,2,2,3,1828.64,1828.64,914.32,2,3.9992,4.0,0
MRC003774,2026-05-31,5,1,1,1,687,6,2,3,5,2356.69,5176.62,1725.54,2,2.6663,1.821,0
MRC003775,2026-05-31,0,1,1,0,480,4,1,4,7,2995.67,5295.63,1323.91,3,0.9999,2.2627,0
MRC003776,2026-05-31,5,1,1,1,1404,2,4,15,26,2480.81,12827.45,855.16,12,1.0666,0.7736,0
MRC003777,2026-05-31,5,1,1,1,1055,0,4,11,24,2216.15,11022.37,1002.03,8,1.4545,0.8042,0
MRC003778,2026-05-31,2,0,1,0,253,0,6,19,36,7506.02,22034.24,1159.7,13,1.2631,1.3626,0
MRC003779,2026-05-31,2,0,1,0,1383,5,1,3,5,44.75,2752.91,917.64,3,1.3332,0.065,0
MRC003780,2026-05-31,0,1,1,1,385,1,3,32,68,3348.62,40793.17,1274.79,24,0.375,0.3284,0
MRC003781,2026-05-31,5,0,0,1,1054,11,0,7,10,0,8397.44,1199.63,7,0.0,0.0,0
MRC003782,2026-05-31,5,0,1,1,965,3,8,26,49,4444.82,29162.66,1121.64,16,1.2308,0.6097,0
MRC003783,2026-05-31,0,0,1,1,2117,1,1,2,5,378.6,1214.56,607.28,2,1.9996,1.2469,0
MRC003784,2026-05-31,3,2,1,1,1656,30,0,0,3,0,0,0.0,0,0.0,0.0,1
MRC003785,2026-05-31,0,3,1,1,1528,1,6,28,47,4530.69,47612.44,1700.44,18,0.8571,0.3806,0
MRC003786,2026-05-31,5,1,1,1,1982,0,1,3,11,729.8,3413.27,1137.76,3,1.3332,0.8553,0
MRC003787,2026-05-31,3,2,1,1,559,4,2,6,7,17554.24,25649.52,4274.92,6,1.3332,2.7376,0
MRC003788,2026-05-31,0,2,1,1,725,7,0,6,8,0,38795.8,6465.97,5,0.0,0.0,0
MRC003789,2026-05-31,5,0,1,1,1808,35,0,0,2,0,0,0.0,0,0.0,0.0,0
MRC003790,2026-05-31,4,0,1,1,1801,24,0,1,3,0,565.62,565.62,1,0.0,0.0,0
MRC003791,2026-05-31,3,0,1,1,211,0,2,6,13,3641.56,5532.94,922.16,6,1.3332,2.6326,0
MRC003792,2026-05-31,5,0,1,0,655,4,1,5,7,647.52,8588.2,1717.64,5,0.7999,0.3016,0
MRC003793,2026-05-31,5,1,1,1,661,88,0,0,0,0,0,0.0,0,0.0,0.0,0
MRC003794,2026-05-31,5,0,1,1,178,1,3,17,37,4406.06,31347.6,1843.98,15,0.7059,0.5622,0
MRC003795,2026-05-31,5,2,1,1,1609,4,1,2,4,597.74,727.03,363.51,2,1.9996,3.2887,0
MRC003796,2026-05-31,2,1,1,1,283,0,2,8,15,1476.33,8698.23,1087.28,8,1.0,0.6789,0
MRC003797,2026-05-31,5,0,1,1,2003,34,0,0,1,0,0,0.0,0,0.0,0.0,0
MRC003798,2026-05-31,4,3,1,0,1444,6,1,2,7,1015.76,1558.13,779.07,2,1.9996,2.6076,0
MRC003799,2026-05-31,5,2,1,1,1829,0,4,7,19,2178.56,3362.37,480.34,6,2.2856,2.5917,0
MRC003800,2026-05-31,0,1,1,1,1251,9,0,9,16,0,7509.5,834.39,9,0.0,0.0,0
MRC003801,2026-05-31,5,1,1,1,2285,21,0,2,3,0,777.88,388.94,2,0.0,0.0,0
MRC003802,2026-05-31,5,3,1,1,755,0,1,8,12,510.24,7400.16,925.02,7,0.5,0.2758,0
MRC003803,2026-05-31,5,1,1,1,1384,1,1,6,12,849.98,5428.35,904.73,6,0.6666,0.6263,0
MRC003804,2026-05-31,3,2,1,1,179,20,0,1,7,0,395.27,395.27,1,0.0,0.0,0
MRC003805,2026-05-31,5,0,1,1,1984,28,0,1,1,0,2279.5,2279.5,1,0.0,0.0,0
MRC003806,2026-05-31,4,1,1,1,1406,15,0,1,2,0,1822.84,1822.84,1,0.0,0.0,0
MRC003807,2026-05-31,5,1,0,1,549,58,0,0,1,0,0,0.0,0,0.0,0.0,0
MRC003808,2026-05-31,5,0,1,1,1951,5,1,3,9,832.71,2438.65,812.88,3,1.3332,1.3659,0
MRC003809,2026-05-31,3,0,1,0,2326,0,10,32,50,14067.16,49996.18,1562.38,21,1.25,1.1255,0
MRC003810,2026-05-31,0,0,1,1,314,5,1,3,12,111.12,3491.7,1163.9,3,1.3332,0.1273,0
MRC003811,2026-05-31,5,0,0,1,2012,32,0,0,3,0,0,0.0,0,0.0,0.0,1
MRC003812,2026-05-31,0,0,0,0,1774,1,3,23,48,6923.99,37809.9,1643.91,16,0.5217,0.7325,0
MRC003813,2026-05-31,5,1,1,0,939,10,0,4,5,0,3268.12,817.03,4,0.0,0.0,0
MRC003814,2026-05-31,0,2,0,1,1551,10,0,7,9,0,27137.32,3876.76,6,0.0,0.0,0
MRC003815,2026-05-31,0,1,1,1,1881,21,0,2,2,0,3341.03,1670.52,2,0.0,0.0,0
MRC003816,2026-05-31,0,1,1,1,1212,11,0,4,5,0,8595.33,2148.83,3,0.0,0.0,0
MRC003817,2026-05-31,2,0,0,1,1621,2,4,12,18,14299.23,29786.18,2482.18,11,1.3333,1.9203,0
MRC003818,2026-05-31,5,2,0,1,270,27,0,1,1,0,3878.96,3878.96,1,0.0,0.0,1
MRC003819,2026-05-31,3,0,1,1,2186,5,1,1,5,392.09,392.09,392.09,1,3.9984,4.0,0
MRC003820,2026-05-31,5,0,1,1,2183,3,1,4,7,196.48,920.09,230.02,3,0.9999,0.8542,0
MRC003821,2026-05-31,5,1,1,1,624,16,0,3,6,0,372.94,124.31,3,0.0,0.0,0
MRC003822,2026-05-31,0,2,1,1,1208,16,0,1,2,0,791.89,791.89,1,0.0,0.0,1
MRC003823,2026-05-31,0,3,1,1,686,4,1,6,12,1905.81,8581.9,1430.32,6,0.6666,0.8883,0
MRC003824,2026-05-31,5,1,1,1,1038,0,16,56,115,45040.05,102779.97,1835.36,23,1.1428,1.7529,0
MRC003825,2026-05-31,5,1,1,0,766,6,1,6,11,2951.37,7434.5,1239.08,6,0.6666,1.5879,0
MRC003826,2026-05-31,3,1,0,1,2047,4,1,6,13,325.37,8656.08,1442.68,5,0.6666,0.1504,0
MRC003827,2026-05-31,4,1,1,1,1683,13,0,2,3,0,1626.65,813.33,2,0.0,0.0,0
MRC003828,2026-05-31,5,0,1,1,2012,0,3,13,27,482.82,24607.65,1892.9,11,0.923,0.0785,0
MRC003829,2026-05-31,0,0,0,1,1897,1,1,2,3,888.59,2849.18,1424.59,2,1.9996,1.2475,0
MRC003830,2026-05-31,5,3,1,1,1754,4,2,14,29,12557.34,22632.31,1616.59,8,0.5714,2.2194,0
MRC003831,2026-05-31,0,3,1,1,529,8,0,1,7,0,625.83,625.83,1,0.0,0.0,0
MRC003832,2026-05-31,5,0,0,1,1977,1,1,7,13,3697.42,11004.23,1572.03,7,0.5714,1.344,0
MRC003833,2026-05-31,2,0,1,1,1876,0,2,11,17,2089.17,15299.58,1390.87,9,0.7272,0.5462,0
MRC003834,2026-05-31,5,0,1,1,436,7,0,6,9,0,8799.32,1466.55,6,0.0,0.0,0
MRC003835,2026-05-31,0,1,1,1,356,0,2,6,9,5080.87,12793.1,2132.18,6,1.3332,1.5886,0
MRC003836,2026-05-31,3,0,0,1,1827,6,1,5,14,2423.96,6850.66,1370.13,5,0.7999,1.4153,0
MRC003837,2026-05-31,0,1,1,1,1017,2,1,3,6,706.01,2857.46,952.49,3,1.3332,0.9883,0
MRC003838,2026-05-31,5,0,1,1,881,14,0,2,5,0,1476.0,738.0,2,0.0,0.0,0
MRC003839,2026-05-31,0,0,1,0,1031,2,5,10,23,1880.31,8297.69,829.77,7,1.9999,0.9064,0
MRC003840,2026-05-31,0,0,1,1,2060,11,0,1,9,0,665.97,665.97,1,0.0,0.0,0
MRC003841,2026-05-31,5,1,1,1,959,28,0,1,2,0,297.65,297.65,1,0.0,0.0,0
MRC003842,2026-05-31,0,0,0,1,973,1,6,16,27,3929.43,31964.68,1997.79,12,1.5,0.4917,0
MRC003843,2026-05-31,4,1,1,1,1037,8,0,8,15,0,6717.25,839.66,6,0.0,0.0,0
MRC003844,2026-05-31,5,1,1,1,283,1,1,1,3,4964.25,4964.25,4964.25,1,3.9984,4.0,0
MRC003845,2026-05-31,5,1,1,1,246,5,3,9,15,1563.72,16847.11,1871.9,8,1.3333,0.3713,0
MRC003846,2026-05-31,5,0,1,1,1070,2,1,4,7,1091.03,3067.62,766.9,3,0.9999,1.4226,0
MRC003847,2026-05-31,2,1,1,1,201,6,3,8,16,3122.74,9837.84,1229.73,5,1.4999,1.2697,0
MRC003848,2026-05-31,3,0,0,1,1818,4,1,3,6,2068.01,4980.54,1660.18,3,1.3332,1.6609,0
MRC003849,2026-05-31,5,1,0,1,1092,0,3,7,17,1854.34,4636.24,662.32,5,1.7142,1.5999,0
MRC003850,2026-05-31,0,1,1,1,1259,14,0,1,2,0,181.36,181.36,1,0.0,0.0,1
MRC003851,2026-05-31,5,2,1,1,899,15,0,2,3,0,252.96,126.48,2,0.0,0.0,0
MRC003852,2026-05-31,0,3,0,1,1833,2,2,9,17,2053.26,14061.77,1562.42,9,0.8888,0.5841,0
MRC003853,2026-05-31,5,1,1,1,1099,2,9,51,87,8796.08,79862.69,1565.94,25,0.7059,0.4406,0
MRC003854,2026-05-31,5,2,1,1,242,6,1,5,8,1980.98,11850.48,2370.1,5,0.7999,0.6687,0
MRC003855,2026-05-31,5,0,1,1,1231,17,0,3,6,0,5466.23,1822.08,3,0.0,0.0,0
MRC003856,2026-05-31,5,1,1,1,552,21,0,2,6,0,1809.12,904.56,1,0.0,0.0,0
MRC003857,2026-05-31,0,0,1,1,1465,26,0,1,2,0,807.6,807.6,1,0.0,0.0,0
MRC003858,2026-05-31,2,0,1,1,1396,6,1,8,22,728.52,8222.71,1027.84,7,0.5,0.3544,0
MRC003859,2026-05-31,5,1,1,1,1201,23,0,1,7,0,728.59,728.59,1,0.0,0.0,0
MRC003860,2026-05-31,3,1,1,1,1006,1,1,13,22,421.22,15264.47,1174.19,12,0.3077,0.1104,0
MRC003861,2026-05-31,3,1,1,1,1467,0,1,3,6,518.0,1668.69,556.23,3,1.3332,1.2417,0
MRC003862,2026-05-31,0,2,0,1,1651,1,3,12,24,1654.53,5768.57,480.71,11,1.0,1.1473,0
MRC003863,2026-05-31,5,1,1,1,2084,18,0,1,1,0,304.67,304.67,1,0.0,0.0,0
MRC003864,2026-05-31,2,2,1,1,2268,4,1,5,7,1085.98,3886.26,777.25,5,0.7999,1.1178,0
MRC003865,2026-05-31,0,2,0,1,346,23,0,2,7,0,2071.66,1035.83,2,0.0,0.0,0
MRC003866,2026-05-31,5,2,1,1,1606,2,1,1,2,1060.76,1060.76,1060.76,1,3.9984,4.0,0
MRC003867,2026-05-31,3,0,1,1,349,15,0,5,11,0,4742.65,948.53,3,0.0,0.0,0
MRC003868,2026-05-31,3,1,1,0,1076,19,0,2,7,0,1663.88,831.94,2,0.0,0.0,0
MRC003869,2026-05-31,5,1,1,1,1784,0,2,7,18,3129.38,9776.18,1396.6,7,1.1428,1.2804,0
MRC003870,2026-05-31,2,3,0,1,1350,7,0,3,4,0,8657.74,2885.91,3,0.0,0.0,0
MRC003871,2026-05-31,5,0,0,1,1930,8,0,4,11,0,2735.64,683.91,3,0.0,0.0,0
MRC003872,2026-05-31,5,0,1,1,2159,0,3,7,15,4064.3,9035.6,1290.8,7,1.7142,1.7992,0
MRC003873,2026-05-31,5,0,0,1,2292,9,0,1,1,0,2067.94,2067.94,1,0.0,0.0,0
MRC003874,2026-05-31,4,0,1,1,1635,23,0,2,5,0,3077.42,1538.71,2,0.0,0.0,0
MRC003875,2026-05-31,0,2,1,1,1636,9,0,1,1,0,1162.18,1162.18,1,0.0,0.0,0
MRC003876,2026-05-31,5,0,1,1,1919,12,0,8,12,0,6803.95,850.49,5,0.0,0.0,0
MRC003877,2026-05-31,0,0,1,0,674,5,1,5,14,794.53,7800.8,1560.16,5,0.7999,0.4074,0
MRC003878,2026-05-31,0,1,1,1,823,2,5,15,26,4135.27,39665.38,2644.36,12,1.3333,0.417,0
MRC003879,2026-05-31,5,1,0,1,910,1,1,4,7,19661.2,21228.61,5307.15,4,0.9999,3.7047,0
MRC003880,2026-05-31,5,0,1,1,1791,27,0,1,3,0,388.58,388.58,1,0.0,0.0,0
MRC003881,2026-05-31,0,1,1,1,932,4,1,2,6,431.42,1180.34,590.17,2,1.9996,1.462,0
MRC003882,2026-05-31,5,1,1,0,469,13,0,1,4,0,340.49,340.49,1,0.0,0.0,1
MRC003883,2026-05-31,5,3,1,1,1910,9,0,2,7,0,4436.92,2218.46,2,0.0,0.0,0
MRC003884,2026-05-31,5,1,1,1,1803,16,0,1,1,0,1206.04,1206.04,1,0.0,0.0,0
MRC003885,2026-05-31,5,3,0,1,1463,5,1,2,6,312.08,480.9,240.45,2,1.9996,2.5958,0
MRC003886,2026-05-31,5,0,0,0,2091,17,0,4,8,0,2157.75,539.44,4,0.0,0.0,0
MRC003887,2026-05-31,4,1,1,1,1895,1,1,3,6,682.71,3764.75,1254.92,3,1.3332,0.7254,0
MRC003888,2026-05-31,2,1,1,0,2132,25,0,1,1,0,888.52,888.52,1,0.0,0.0,1
MRC003889,2026-05-31,5,1,1,1,732,1,1,2,3,4716.68,6636.11,3318.06,2,1.9996,2.843,0
MRC003890,2026-05-31,5,1,0,1,419,3,2,6,12,1114.43,11225.41,1870.9,5,1.3332,0.3971,0
MRC003891,2026-05-31,5,0,1,1,911,20,0,1,3,0,1532.03,1532.03,1,0.0,0.0,1
MRC003892,2026-05-31,5,0,1,1,1978,4,1,8,10,762.15,13326.41,1665.8,8,0.5,0.2288,0
MRC003893,2026-05-31,4,2,1,1,2185,4,1,3,5,217.81,1789.05,596.35,3,1.3332,0.487,0
MRC003894,2026-05-31,2,2,1,1,405,78,0,0,0,0,0,0.0,0,0.0,0.0,1
MRC003895,2026-05-31,5,0,1,1,2034,0,3,7,23,2190.43,5194.33,742.05,6,1.7142,1.6868,0
MRC003896,2026-05-31,0,1,0,1,1210,5,1,11,19,842.69,35482.45,3225.68,8,0.3636,0.095,0
MRC003897,2026-05-31,5,1,1,1,1952,6,2,3,3,4104.4,4668.08,1556.03,2,2.6663,3.517,0
MRC003898,2026-05-31,5,1,1,1,1656,23,0,2,5,0,2045.47,1022.74,2,0.0,0.0,0
MRC003899,2026-05-31,5,0,1,1,296,1,1,2,3,226.54,1549.02,774.51,2,1.9996,0.585,0
MRC003900,2026-05-31,2,2,1,1,1223,7,0,1,3,0,1844.13,1844.13,1,0.0,0.0,0
MRC003901,2026-05-31,5,1,1,1,359,10,0,2,2,0,4960.19,2480.09,2,0.0,0.0,0
MRC003902,2026-05-31,0,1,1,1,907,0,5,12,18,26406.49,34245.76,2853.81,11,1.6666,3.0844,0
MRC003903,2026-05-31,5,1,1,1,1820,0,4,24,71,3794.79,33169.96,1382.08,19,0.6667,0.4576,0
MRC003904,2026-05-31,0,1,1,1,1659,3,1,3,4,205.26,643.92,214.64,3,1.3332,1.2751,0
MRC003905,2026-05-31,5,0,1,1,1704,2,2,10,17,6617.24,22668.82,2266.88,10,0.8,1.1676,0
MRC003906,2026-05-31,5,2,1,1,1609,2,1,3,11,433.65,2049.71,683.24,3,1.3332,0.8463,0
MRC003907,2026-05-31,5,0,0,1,197,10,0,1,2,0,136.19,136.19,1,0.0,0.0,1
MRC003908,2026-05-31,3,2,1,1,1438,0,2,3,6,687.43,1720.1,573.37,3,2.6663,1.5986,0
MRC003909,2026-05-31,4,2,1,0,1224,0,2,4,8,2111.43,3049.03,762.26,4,1.9998,2.77,0
MRC003910,2026-05-31,5,1,1,1,1319,4,1,11,32,653.16,16018.75,1456.25,10,0.3636,0.1631,0
MRC003911,2026-05-31,5,1,1,1,629,0,6,15,30,19029.26,32011.01,2134.07,11,1.6,2.3778,0
MRC003912,2026-05-31,5,0,1,1,1707,6,1,3,9,1679.37,2244.97,748.32,3,1.3332,2.9922,0
MRC003913,2026-05-31,0,1,0,1,1492,0,5,17,27,2038.12,14109.89,829.99,15,1.1764,0.5778,0
MRC003914,2026-05-31,5,1,1,1,1045,4,1,2,7,2357.64,3205.39,1602.69,2,1.9996,2.9421,0
MRC003915,2026-05-31,5,0,1,1,288,9,0,5,20,0,4377.21,875.44,3,0.0,0.0,0
MRC003916,2026-05-31,5,0,1,1,315,8,0,3,6,0,5124.56,1708.19,2,0.0,0.0,0
MRC003917,2026-05-31,5,3,1,1,949,5,1,15,28,1353.01,31609.51,2107.3,12,0.2667,0.1712,0
MRC003918,2026-05-31,0,0,1,1,1339,2,2,11,21,3631.72,8571.18,779.2,11,0.7272,1.6949,0
MRC003919,2026-05-31,5,0,1,1,2343,3,2,7,13,417.67,6549.25,935.61,7,1.1428,0.2551,0
MRC003920,2026-05-31,2,0,0,1,1745,45,0,0,2,0,0,0.0,0,0.0,0.0,1
MRC003921,2026-05-31,2,1,1,0,1225,22,0,1,4,0,572.87,572.87,1,0.0,0.0,0
MRC003922,2026-05-31,5,1,1,1,818,4,1,4,14,762.19,14027.35,3506.84,4,0.9999,0.2173,0
MRC003923,2026-05-31,4,1,1,0,533,10,0,4,15,0,2426.25,606.56,4,0.0,0.0,0
MRC003924,2026-05-31,5,1,0,1,472,0,2,6,8,320.5,8570.37,1428.4,6,1.3332,0.1496,1
MRC003925,2026-05-31,0,0,1,1,322,64,0,0,0,0,0,0.0,0,0.0,0.0,0
MRC003926,2026-05-31,5,1,0,1,2157,16,0,2,10,0,1236.1,618.05,2,0.0,0.0,0
MRC003927,2026-05-31,5,0,1,1,199,9,0,6,7,0,5220.84,870.14,6,0.0,0.0,0
MRC003928,2026-05-31,5,2,1,1,2052,6,1,3,6,270.55,7199.95,2399.98,3,1.3332,0.1503,0
MRC003929,2026-05-31,5,0,1,1,1439,1,6,26,51,9572.37,33645.68,1294.06,16,0.9231,1.138,0
MRC003930,2026-05-31,5,0,0,1,1516,44,0,0,7,0,0,0.0,0,0.0,0.0,1
MRC003931,2026-05-31,4,1,1,1,2259,7,0,3,6,0,645.43,215.14,3,0.0,0.0,0
MRC003932,2026-05-31,5,0,1,1,1883,6,1,2,3,234.53,434.11,217.06,2,1.9996,2.161,0
MRC003933,2026-05-31,5,1,1,1,486,111,0,0,0,0,0,0.0,0,0.0,0.0,0
MRC003934,2026-05-31,3,1,1,1,2281,90,0,0,0,0,0,0.0,0,0.0,0.0,1
MRC003935,2026-05-31,2,2,1,1,549,8,0,5,9,0,4013.41,802.68,4,0.0,0.0,0
MRC003936,2026-05-31,0,0,0,1,1408,124,0,0,0,0,0,0.0,0,0.0,0.0,0
MRC003937,2026-05-31,5,1,0,1,1564,0,10,23,45,12838.24,44721.87,1944.43,20,1.7391,1.1483,0
MRC003938,2026-05-31,5,1,1,1,698,9,0,1,3,0,1307.25,1307.25,1,0.0,0.0,0
MRC003939,2026-05-31,2,0,0,1,1542,5,1,3,6,385.09,1099.35,366.45,3,1.3332,1.4012,0
MRC003940,2026-05-31,2,1,1,1,1560,5,1,10,25,1628.8,8940.04,894.0,8,0.4,0.7288,0
MRC003941,2026-05-31,5,2,1,1,2306,6,1,2,5,6519.26,7063.84,3531.92,2,1.9996,3.6916,0
MRC003942,2026-05-31,0,1,1,1,2163,1,2,9,18,2406.93,11588.18,1287.58,7,0.8888,0.8308,0
MRC003943,2026-05-31,5,2,1,1,1038,55,0,0,1,0,0,0.0,0,0.0,0.0,0
MRC003944,2026-05-31,4,1,1,1,1672,5,1,5,6,735.68,11554.5,2310.9,4,0.7999,0.2547,0
MRC003945,2026-05-31,0,1,1,1,1958,0,4,11,21,6431.11,14286.75,1298.8,8,1.4545,1.8006,0
MRC003946,2026-05-31,0,2,1,0,222,18,0,2,5,0,7365.35,3682.68,2,0.0,0.0,0
MRC003947,2026-05-31,5,0,1,0,1661,17,0,1,7,0,4130.4,4130.4,1,0.0,0.0,0
MRC003948,2026-05-31,5,1,1,1,2168,92,0,0,0,0,0,0.0,0,0.0,0.0,1
MRC003949,2026-05-31,0,1,1,1,427,3,2,10,20,1803.38,15025.26,1502.53,7,0.8,0.4801,0
MRC003950,2026-05-31,0,2,1,1,1811,23,0,1,1,0,282.51,282.51,1,0.0,0.0,0
MRC003951,2026-05-31,5,2,1,0,296,21,0,1,4,0,978.02,978.02,1,0.0,0.0,0
MRC003952,2026-05-31,0,0,1,1,1043,38,0,0,4,0,0,0.0,0,0.0,0.0,0
MRC003953,2026-05-31,5,1,0,0,1955,9,0,2,2,0,1993.08,996.54,2,0.0,0.0,0
MRC003954,2026-05-31,0,0,0,0,2322,21,0,1,1,0,376.73,376.73,1,0.0,0.0,0
MRC003955,2026-05-31,3,1,1,0,1755,1,1,4,11,616.75,3549.11,887.28,3,0.9999,0.6951,0
MRC003956,2026-05-31,2,1,0,1,1741,9,0,6,10,0,13182.38,2197.06,5,0.0,0.0,0
MRC003957,2026-05-31,5,0,1,0,731,3,1,3,4,2154.28,6744.67,2248.22,3,1.3332,1.2776,0
MRC003958,2026-05-31,5,2,1,1,1968,2,1,6,13,352.64,10439.55,1739.93,6,0.6666,0.1351,0
MRC003959,2026-05-31,0,1,0,1,1604,10,0,5,9,0,7705.74,1541.15,5,0.0,0.0,0
MRC003960,2026-05-31,4,1,1,1,2225,7,0,3,6,0,9120.79,3040.26,3,0.0,0.0,0
MRC003961,2026-05-31,0,3,1,1,1482,33,0,0,2,0,0,0.0,0,0.0,0.0,0
MRC003962,2026-05-31,0,1,1,1,251,4,2,2,3,8516.62,8516.62,4258.31,2,3.9992,4.0,0
MRC003963,2026-05-31,5,1,1,1,1281,1,2,8,11,6176.12,18095.71,2261.96,8,1.0,1.3652,0
MRC003964,2026-05-31,4,0,1,1,1857,15,0,3,6,0,2230.93,743.64,3,0.0,0.0,0
MRC003965,2026-05-31,2,0,1,1,1886,2,1,3,4,5942.78,12718.22,4239.41,3,1.3332,1.8691,0
MRC003966,2026-05-31,0,0,0,1,1009,3,1,9,13,233.78,28616.28,3179.59,8,0.4444,0.0327,0
MRC003967,2026-05-31,5,0,1,1,538,6,1,9,20,1598.8,20786.34,2309.59,8,0.4444,0.3077,0
MRC003968,2026-05-31,5,0,1,1,2063,31,0,0,2,0,0,0.0,0,0.0,0.0,0
MRC003969,2026-05-31,5,1,1,1,1963,22,0,1,3,0,74.42,74.42,1,0.0,0.0,0
MRC003970,2026-05-31,5,1,0,1,2085,0,15,67,118,14579.46,106249.24,1585.81,26,0.8955,0.5489,0
MRC003971,2026-05-31,5,0,1,1,1630,0,2,5,8,3459.17,7699.93,1539.99,5,1.5999,1.797,0
MRC003972,2026-05-31,2,1,1,1,1975,1,1,2,4,2341.99,3465.48,1732.74,2,1.9996,2.7032,0
MRC003973,2026-05-31,5,2,1,1,1045,34,0,0,3,0,0,0.0,0,0.0,0.0,0
MRC003974,2026-05-31,5,0,1,1,1867,7,0,1,3,0,54.65,54.65,1,0.0,0.0,0
MRC003975,2026-05-31,0,1,1,1,1231,7,0,5,15,0,56615.49,11323.1,5,0.0,0.0,0
MRC003976,2026-05-31,5,0,1,1,1900,5,1,2,4,258.08,2479.56,1239.78,2,1.9996,0.4163,0
MRC003977,2026-05-31,4,1,1,0,484,3,2,3,5,5834.32,6146.61,2048.87,3,2.6663,3.7968,1
MRC003978,2026-05-31,0,1,1,1,812,0,7,22,51,15757.96,39286.61,1785.76,17,1.2727,1.6044,0
MRC003979,2026-05-31,5,0,1,1,633,7,0,3,3,0,3150.64,1050.21,3,0.0,0.0,0
MRC003980,2026-05-31,0,0,1,1,1053,45,0,0,1,0,0,0.0,0,0.0,0.0,0
MRC003981,2026-05-31,5,2,1,1,1944,6,1,3,3,1296.14,3756.56,1252.19,3,1.3332,1.3801,1
MRC003982,2026-05-31,5,0,0,1,416,24,0,2,2,0,1138.29,569.14,2,0.0,0.0,0
MRC003983,2026-05-31,5,1,1,0,1761,31,0,0,2,0,0,0.0,0,0.0,0.0,1
MRC003984,2026-05-31,2,1,1,1,1979,1,2,6,9,4188.5,8784.4,1464.07,6,1.3332,1.9072,0
MRC003985,2026-05-31,5,0,1,1,1631,0,1,4,5,2803.91,7100.06,1775.01,4,0.9999,1.5797,0
MRC003986,2026-05-31,5,1,1,1,1576,1,2,13,26,1364.52,26532.96,2041.0,10,0.6154,0.2057,0
MRC003987,2026-05-31,4,1,0,0,467,31,0,0,3,0,0,0.0,0,0.0,0.0,0
MRC003988,2026-05-31,4,0,1,1,1503,7,0,8,13,0,6265.32,783.17,6,0.0,0.0,0
MRC003989,2026-05-31,5,2,1,1,659,3,3,6,8,3439.49,6141.53,1023.59,6,1.9999,2.2402,0
MRC003990,2026-05-31,5,1,1,1,702,6,1,5,12,2123.43,4919.12,983.82,5,0.7999,1.7267,0
MRC003991,2026-05-31,2,1,1,1,2047,6,1,8,19,13300.79,34054.91,4256.86,8,0.5,1.5623,0
MRC003992,2026-05-31,2,0,1,1,1508,1,5,22,46,3811.87,23642.39,1074.65,13,0.9091,0.6449,0
MRC003993,2026-05-31,5,0,0,1,2335,29,0,1,1,0,164.49,164.49,1,0.0,0.0,0
MRC003994,2026-05-31,0,1,1,1,1158,5,1,8,13,769.96,13213.61,1651.7,7,0.5,0.2331,0
MRC003995,2026-05-31,0,1,1,0,946,0,2,7,9,6947.31,10165.98,1452.28,7,1.1428,2.7336,0
MRC003996,2026-05-31,5,0,1,1,2339,0,2,8,22,10659.25,14038.45,1754.81,8,1.0,3.0372,0
MRC003997,2026-05-31,0,1,1,1,1525,1,3,7,14,1395.62,11264.38,1609.2,7,1.7142,0.4956,0
MRC003998,2026-05-31,0,1,0,0,2050,1,2,6,16,1867.45,9626.31,1604.39,5,1.3332,0.776,0
MRC003999,2026-05-31,5,0,1,1,262,13,0,1,3,0,2040.13,2040.13,1,0.0,0.0,0
MRC004000,2026-05-31,5,1,1,1,1314,11,0,1,2,0,879.86,879.86,1,0.0,0.0,0
MRC004001,2026-05-31,3,1,1,1,1950,2,1,2,5,3092.07,4612.86,2306.43,2,1.9996,2.6813,0
MRC004002,2026-05-31,2,1,0,1,1931,4,1,3,6,210.33,1114.63,371.54,3,1.3332,0.7548,0
MRC004003,2026-05-31,5,1,1,1,1727,6,2,4,7,4076.56,7242.06,1810.51,3,1.9998,2.2516,0
MRC004004,2026-05-31,5,1,1,1,524,38,0,0,4,0,0,0.0,0,0.0,0.0,0
MRC004005,2026-05-31,5,2,0,1,1359,0,1,4,7,254.79,2650.04,662.51,4,0.9999,0.3846,1
MRC004006,2026-05-31,5,2,1,1,386,9,0,2,2,0,6001.36,3000.68,2,0.0,0.0,1
MRC004007,2026-05-31,5,0,0,1,1917,10,0,1,1,0,605.63,605.63,1,0.0,0.0,0
MRC004008,2026-05-31,5,1,1,0,1542,6,1,5,6,3441.96,4844.05,968.81,5,0.7999,2.8422,0
MRC004009,2026-05-31,5,2,1,1,588,13,0,2,5,0,3266.45,1633.22,2,0.0,0.0,0
MRC004010,2026-05-31,0,2,0,1,1753,16,0,2,7,0,589.4,294.7,2,0.0,0.0,0
MRC004011,2026-05-31,5,0,1,1,1736,9,0,3,6,0,6948.26,2316.09,3,0.0,0.0,0
MRC004012,2026-05-31,5,0,0,0,280,0,8,22,47,11303.05,31909.63,1450.44,17,1.4545,1.4169,0
MRC004013,2026-05-31,2,0,1,1,359,0,4,10,16,3484.53,15328.3,1532.83,9,1.5999,0.9093,0
MRC004014,2026-05-31,0,2,1,1,604,2,1,4,11,1577.18,3806.2,951.55,3,0.9999,1.6575,0
MRC004015,2026-05-31,5,2,0,1,318,11,0,3,11,0,6127.58,2042.53,2,0.0,0.0,0
MRC004016,2026-05-31,5,2,0,1,1338,4,2,8,11,1936.31,11883.87,1485.48,7,1.0,0.6517,0
MRC004017,2026-05-31,5,0,1,1,2087,11,0,1,5,0,51.84,51.84,1,0.0,0.0,0
MRC004018,2026-05-31,3,2,0,0,302,1,1,3,4,691.79,1365.89,455.3,2,1.3332,2.0259,0
MRC004019,2026-05-31,0,0,1,1,1507,1,6,25,48,7036.54,29095.93,1163.84,17,0.96,0.9674,0
MRC004020,2026-05-31,4,1,1,1,1091,1,1,2,6,265.0,1406.28,703.14,2,1.9996,0.7538,0
MRC004021,2026-05-31,5,0,0,0,1992,41,0,0,1,0,0,0.0,0,0.0,0.0,0
MRC004022,2026-05-31,0,1,1,0,1218,1,3,7,12,3779.06,5212.37,744.62,6,1.7142,2.9001,0
MRC004023,2026-05-31,5,1,0,1,1626,2,3,8,14,6112.45,10337.97,1292.25,8,1.4999,2.365,0
MRC004024,2026-05-31,2,0,1,0,2179,3,1,5,9,296.35,14133.86,2826.77,5,0.7999,0.0839,0
MRC004025,2026-05-31,5,0,1,1,462,106,0,0,0,0,0,0.0,0,0.0,0.0,1
MRC004026,2026-05-31,3,2,0,1,854,6,1,9,25,279.73,11184.67,1242.74,8,0.4444,0.1,0
MRC004027,2026-05-31,4,0,1,1,754,27,0,2,6,0,493.32,246.66,2,0.0,0.0,0
MRC004028,2026-05-31,5,1,1,1,533,1,3,7,10,5129.84,9169.58,1309.94,6,1.7142,2.2378,0
MRC004029,2026-05-31,5,0,1,0,1580,1,3,6,16,2062.22,7259.56,1209.93,6,1.9999,1.1363,0
MRC004030,2026-05-31,0,0,0,1,181,38,0,0,1,0,0,0.0,0,0.0,0.0,1
MRC004031,2026-05-31,2,0,1,1,1008,1,1,5,7,1067.6,7491.16,1498.23,5,0.7999,0.5701,1
MRC004032,2026-05-31,5,1,0,0,430,8,0,2,2,0,1525.58,762.79,2,0.0,0.0,0
MRC004033,2026-05-31,5,1,0,1,1509,3,3,23,40,16552.75,33850.01,1471.74,13,0.5217,1.956,0
MRC004034,2026-05-31,3,0,0,1,1805,7,0,5,7,0,9176.68,1835.34,5,0.0,0.0,0
MRC004035,2026-05-31,5,2,1,1,1185,50,0,0,1,0,0,0.0,0,0.0,0.0,0
MRC004036,2026-05-31,0,0,0,1,1137,7,0,10,26,0,17694.94,1769.49,8,0.0,0.0,0
MRC004037,2026-05-31,0,1,0,1,1147,85,0,0,0,0,0,0.0,0,0.0,0.0,1
MRC004038,2026-05-31,5,0,1,1,599,5,3,6,16,2898.81,4909.16,818.19,4,1.9999,2.362,0
MRC004039,2026-05-31,5,2,1,1,985,14,0,1,1,0,1373.0,1373.0,1,0.0,0.0,0
MRC004040,2026-05-31,5,0,1,0,2203,43,0,0,3,0,0,0.0,0,0.0,0.0,0
MRC004041,2026-05-31,0,1,1,1,254,2,1,2,4,1121.37,2484.86,1242.43,2,1.9996,1.8051,0
MRC004042,2026-05-31,3,1,1,1,1885,0,4,6,21,9012.83,10300.06,1716.68,5,2.6665,3.5001,0
MRC004043,2026-05-31,5,1,1,1,524,0,12,35,71,16966.47,57440.49,1641.16,20,1.3714,1.1815,0
MRC004044,2026-05-31,4,2,1,0,414,53,0,0,1,0,0,0.0,0,0.0,0.0,0
MRC004045,2026-05-31,3,0,1,1,789,12,0,1,5,0,64.85,64.85,1,0.0,0.0,0
MRC004046,2026-05-31,5,1,1,1,752,1,4,35,69,2850.42,78856.6,2253.05,21,0.4571,0.1446,0
MRC004047,2026-05-31,4,2,1,1,855,45,0,0,2,0,0,0.0,0,0.0,0.0,0
MRC004048,2026-05-31,2,2,0,1,2021,24,0,1,4,0,2130.64,2130.64,1,0.0,0.0,1
MRC004049,2026-05-31,4,1,1,1,2141,11,0,4,10,0,3246.19,811.55,4,0.0,0.0,0
MRC004050,2026-05-31,5,1,1,1,1677,2,3,6,13,4135.24,5595.07,932.51,6,1.9999,2.9563,0
MRC004051,2026-05-31,4,1,1,1,484,1,5,11,17,7140.55,10115.74,919.61,8,1.8181,2.8235,0
MRC004052,2026-05-31,0,1,1,1,2231,12,0,2,4,0,1818.04,909.02,2,0.0,0.0,0
MRC004053,2026-05-31,0,2,1,1,2016,26,0,1,2,0,2682.72,2682.72,1,0.0,0.0,0
MRC004054,2026-05-31,0,2,1,1,331,1,2,10,21,5180.32,13592.01,1359.2,9,0.8,1.5245,0
MRC004055,2026-05-31,0,1,1,1,1011,31,0,0,1,0,0,0.0,0,0.0,0.0,0
MRC004056,2026-05-31,5,1,1,1,1859,180,0,0,0,0,0,0.0,0,0.0,0.0,1
MRC004057,2026-05-31,0,1,1,1,359,81,0,0,0,0,0,0.0,0,0.0,0.0,1
MRC004058,2026-05-31,4,0,1,1,331,20,0,1,5,0,195.04,195.04,1,0.0,0.0,0
MRC004059,2026-05-31,0,2,0,1,1489,0,2,11,31,1600.48,17447.94,1586.18,10,0.7272,0.3669,0
MRC004060,2026-05-31,2,1,0,1,900,146,0,0,0,0,0,0.0,0,0.0,0.0,1
MRC004061,2026-05-31,0,0,1,1,1129,2,6,17,34,14448.42,26436.36,1555.08,13,1.4117,2.1861,0
MRC004062,2026-05-31,5,1,1,1,1805,3,2,12,22,7314.4,17508.15,1459.01,11,0.6666,1.6711,0
MRC004063,2026-05-31,5,0,1,1,1355,29,0,1,3,0,253.69,253.69,1,0.0,0.0,0
MRC004064,2026-05-31,5,0,1,1,1718,39,0,0,1,0,0,0.0,0,0.0,0.0,1
MRC004065,2026-05-31,4,1,0,1,440,25,0,1,1,0,1449.62,1449.62,1,0.0,0.0,0
MRC004066,2026-05-31,5,1,1,1,169,37,0,0,2,0,0,0.0,0,0.0,0.0,0
MRC004067,2026-05-31,5,1,1,1,714,1,6,20,42,5720.29,19938.08,996.9,11,1.2,1.1476,0
MRC004068,2026-05-31,0,0,0,1,606,3,1,1,4,2431.38,2431.38,2431.38,1,3.9984,4.0,0
MRC004069,2026-05-31,5,1,1,1,873,22,0,1,1,0,73.0,73.0,1,0.0,0.0,0
MRC004070,2026-05-31,5,0,0,1,1866,14,0,2,6,0,1628.71,814.36,2,0.0,0.0,0
MRC004071,2026-05-31,2,2,1,1,497,5,1,1,2,1109.8,1109.8,1109.8,1,3.9984,4.0,1
MRC004072,2026-05-31,2,0,1,1,440,1,3,6,10,13178.52,18902.71,3150.45,6,1.9999,2.7887,0
MRC004073,2026-05-31,5,2,1,1,603,16,0,2,4,0,2165.16,1082.58,2,0.0,0.0,0
MRC004074,2026-05-31,0,0,1,1,878,0,13,48,95,11531.47,49687.34,1035.15,24,1.0833,0.9283,0
MRC004075,2026-05-31,5,0,1,0,596,45,0,0,2,0,0,0.0,0,0.0,0.0,0
MRC004076,2026-05-31,0,1,0,1,566,0,7,21,53,4842.6,34773.95,1655.9,12,1.3333,0.557,0
MRC004077,2026-05-31,0,1,1,1,1431,23,0,1,3,0,801.54,801.54,1,0.0,0.0,0
MRC004078,2026-05-31,0,2,1,1,408,3,1,4,5,26.37,1191.12,297.78,4,0.9999,0.0886,0
MRC004079,2026-05-31,2,1,1,1,501,5,1,3,7,352.29,1424.28,474.76,3,1.3332,0.9894,0
MRC004080,2026-05-31,5,0,1,1,1993,9,0,2,3,0,1040.88,520.44,2,0.0,0.0,0
MRC004081,2026-05-31,5,0,1,0,204,2,2,5,6,2038.87,9324.48,1864.9,4,1.5999,0.8746,0
MRC004082,2026-05-31,5,1,1,1,299,0,3,7,14,13867.28,16340.69,2334.38,7,1.7142,3.3945,0
MRC004083,2026-05-31,3,1,1,1,316,2,2,6,11,3520.95,10360.28,1726.71,6,1.3332,1.3594,0
MRC004084,2026-05-31,5,2,0,1,1336,0,2,7,11,1666.42,7935.66,1133.67,6,1.1428,0.84,0
MRC004085,2026-05-31,2,1,1,1,1683,16,0,2,3,0,1787.25,893.62,2,0.0,0.0,0
MRC004086,2026-05-31,0,1,1,0,1678,6,1,2,4,103.06,300.29,150.14,2,1.9996,1.3728,0
MRC004087,2026-05-31,5,2,0,1,1672,0,1,2,2,11026.3,11606.79,5803.39,2,1.9996,3.7999,0
MRC004088,2026-05-31,5,0,1,1,290,3,1,5,6,281.79,5348.94,1069.79,5,0.7999,0.2107,0
MRC004089,2026-05-31,5,1,0,1,917,23,0,2,7,0,5029.31,2514.65,2,0.0,0.0,1
MRC004090,2026-05-31,3,2,1,1,1549,14,0,1,2,0,3334.53,3334.53,1,0.0,0.0,0
MRC004091,2026-05-31,5,1,1,0,1655,16,0,2,2,0,6068.69,3034.34,2,0.0,0.0,0
MRC004092,2026-05-31,4,1,0,1,894,3,1,8,16,1113.25,13738.86,1717.36,7,0.5,0.3241,0
MRC004093,2026-05-31,5,2,1,1,2015,180,0,0,0,0,0,0.0,0,0.0,0.0,1
MRC004094,2026-05-31,5,0,0,1,1986,3,1,10,19,1038.58,12367.23,1236.72,9,0.4,0.3359,0
MRC004095,2026-05-31,5,2,0,1,1837,63,0,0,0,0,0,0.0,0,0.0,0.0,0
MRC004096,2026-05-31,0,1,1,1,1907,0,3,17,35,3089.57,17441.53,1025.97,14,0.7059,0.7086,0
MRC004097,2026-05-31,0,1,0,1,2295,3,2,14,26,2425.78,13203.34,943.1,11,0.5714,0.7349,0
MRC004098,2026-05-31,5,0,1,1,1899,9,0,4,8,0,9000.07,2250.02,4,0.0,0.0,0
MRC004099,2026-05-31,5,1,1,1,1444,0,2,4,5,775.13,4035.09,1008.77,4,1.9998,0.7684,0
MRC004100,2026-05-31,5,0,1,1,1036,1,3,10,36,3876.89,19751.0,1975.1,9,1.2,0.7852,0
MRC004101,2026-05-31,5,0,1,0,956,9,0,5,19,0,4789.61,957.92,5,0.0,0.0,0
MRC004102,2026-05-31,4,1,1,1,1962,8,0,5,12,0,3883.66,776.73,5,0.0,0.0,0
MRC004103,2026-05-31,0,0,1,1,811,1,4,9,18,2972.18,13656.84,1517.43,9,1.7777,0.8705,0
MRC004104,2026-05-31,5,1,1,1,1541,6,1,2,2,66.7,248.73,124.37,2,1.9996,1.0726,0
MRC004105,2026-05-31,4,0,1,1,1263,0,1,4,10,4105.65,8602.94,2150.74,4,0.9999,1.909,0
MRC004106,2026-05-31,3,0,1,1,992,47,0,0,1,0,0,0.0,0,0.0,0.0,0
MRC004107,2026-05-31,5,0,1,1,1149,4,1,1,3,691.67,691.67,691.67,1,3.9984,4.0,0
MRC004108,2026-05-31,2,1,0,1,341,4,1,4,5,957.02,5140.88,1285.22,4,0.9999,0.7446,0
MRC004109,2026-05-31,2,0,1,0,1715,42,0,0,3,0,0,0.0,0,0.0,0.0,0
MRC004110,2026-05-31,0,0,0,1,310,2,1,5,7,181.11,7090.7,1418.14,5,0.7999,0.1022,0
MRC004111,2026-05-31,4,1,1,1,326,8,0,2,2,0,5173.01,2586.51,2,0.0,0.0,0
MRC004112,2026-05-31,5,1,1,1,714,31,0,0,2,0,0,0.0,0,0.0,0.0,1
MRC004113,2026-05-31,2,1,0,1,1325,0,5,16,36,3913.79,17472.5,1092.03,12,1.25,0.896,0
MRC004114,2026-05-31,0,0,1,1,819,1,1,1,5,1410.19,1410.19,1410.19,1,3.9984,4.0,0
MRC004115,2026-05-31,0,2,1,1,2088,2,1,2,3,1567.21,13467.33,6733.67,2,1.9996,0.4655,1
MRC004116,2026-05-31,0,1,1,1,2191,3,2,5,7,2099.5,5530.64,1106.13,3,1.5999,1.5184,0
MRC004117,2026-05-31,5,1,1,1,1024,0,8,18,35,10033.09,39044.55,2169.14,13,1.7777,1.0279,0
MRC004118,2026-05-31,5,0,1,1,2349,2,3,8,16,3514.69,10371.39,1296.42,8,1.4999,1.3555,0
MRC004119,2026-05-31,3,0,1,1,359,36,0,0,3,0,0,0.0,0,0.0,0.0,0
MRC004120,2026-05-31,3,1,1,1,478,4,1,2,2,271.76,842.66,421.33,2,1.9996,1.29,0
MRC004121,2026-05-31,0,0,1,0,923,3,2,3,4,151.85,956.34,318.78,3,2.6663,0.6351,1
MRC004122,2026-05-31,3,1,1,1,2224,31,0,0,2,0,0,0.0,0,0.0,0.0,0
MRC004123,2026-05-31,0,0,1,1,1265,4,1,2,3,1719.44,2349.11,1174.56,2,1.9996,2.9278,1
MRC004124,2026-05-31,5,0,1,1,1708,30,0,0,1,0,0,0.0,0,0.0,0.0,1
MRC004125,2026-05-31,0,0,1,1,1591,6,1,5,8,126.31,3181.58,636.32,5,0.7999,0.1588,0
MRC004126,2026-05-31,5,0,1,1,1254,5,1,7,11,1174.45,4800.9,685.84,6,0.5714,0.9785,0
MRC004127,2026-05-31,0,1,1,1,2200,8,0,1,2,0,4607.85,4607.85,1,0.0,0.0,0
MRC004128,2026-05-31,5,0,0,0,2250,1,2,6,9,2236.94,8515.9,1419.32,5,1.3332,1.0507,0
MRC004129,2026-05-31,0,1,1,1,1144,1,4,18,41,3447.56,17235.55,957.53,15,0.8889,0.8001,0
MRC004130,2026-05-31,5,0,1,1,1724,0,6,22,45,7765.38,50630.39,2301.38,18,1.0909,0.6135,0
MRC004131,2026-05-31,0,1,1,1,1528,8,0,4,6,0,7090.61,1772.65,4,0.0,0.0,0
MRC004132,2026-05-31,5,2,1,1,1462,1,2,5,10,2014.69,10607.49,2121.5,5,1.5999,0.7597,0
MRC004133,2026-05-31,5,2,1,1,386,39,0,0,4,0,0,0.0,0,0.0,0.0,0
MRC004134,2026-05-31,4,1,1,1,622,6,1,1,2,415.53,415.53,415.53,1,3.9984,4.0,0
MRC004135,2026-05-31,4,1,1,1,2328,6,1,4,4,767.46,8291.48,2072.87,4,0.9999,0.3702,0
MRC004136,2026-05-31,2,1,1,1,699,0,4,7,9,6010.45,9842.36,1406.05,6,2.2856,2.4427,0
MRC004137,2026-05-31,5,2,0,1,1589,6,1,11,18,2730.92,26259.17,2387.2,9,0.3636,0.416,0
MRC004138,2026-05-31,5,1,1,1,2156,13,0,2,4,0,560.07,280.03,2,0.0,0.0,1
MRC004139,2026-05-31,0,0,1,1,1481,3,2,4,8,4478.7,14888.02,3722.01,4,1.9998,1.2033,0
MRC004140,2026-05-31,2,1,1,0,634,77,0,0,0,0,0,0.0,0,0.0,0.0,0
MRC004141,2026-05-31,4,0,1,1,2043,3,1,5,9,4376.77,6820.48,1364.1,5,0.7999,2.5668,0
MRC004142,2026-05-31,0,1,1,0,235,29,0,1,5,0,5002.66,5002.66,1,0.0,0.0,0
MRC004143,2026-05-31,5,0,1,1,1745,2,2,5,13,2302.57,7627.95,1525.59,5,1.5999,1.2074,0
MRC004144,2026-05-31,2,0,1,1,746,1,5,24,43,8206.66,32723.35,1363.47,17,0.8333,1.0032,0
MRC004145,2026-05-31,4,1,1,1,1564,37,0,0,1,0,0,0.0,0,0.0,0.0,0
MRC004146,2026-05-31,5,1,0,1,1215,54,0,0,2,0,0,0.0,0,0.0,0.0,0
MRC004147,2026-05-31,5,1,1,0,1408,6,1,6,13,1198.21,5404.55,900.76,6,0.6666,0.8868,0
MRC004148,2026-05-31,5,2,1,1,999,0,6,20,33,8210.84,31371.51,1568.58,14,1.2,1.0469,0
MRC004149,2026-05-31,0,2,1,1,1320,1,2,3,3,2840.23,3787.51,1262.5,3,2.6663,2.9996,0
MRC004150,2026-05-31,5,1,0,1,2209,3,2,5,15,3060.82,4138.63,827.73,5,1.5999,2.9583,0
MRC004151,2026-05-31,5,3,0,1,1970,7,0,4,6,0,5694.16,1423.54,4,0.0,0.0,0
MRC004152,2026-05-31,3,0,1,1,1079,0,4,11,20,8965.89,15177.22,1379.75,10,1.4545,2.363,0
MRC004153,2026-05-31,0,0,1,1,2221,6,1,7,10,708.36,6699.42,957.06,7,0.5714,0.4229,0
MRC004154,2026-05-31,5,2,1,1,2107,1,1,4,5,2200.38,12558.75,3139.69,4,0.9999,0.7008,0
MRC004155,2026-05-31,3,1,1,1,1535,1,1,4,13,971.51,8887.23,2221.81,3,0.9999,0.4373,0
MRC004156,2026-05-31,5,2,1,1,1464,15,0,1,1,0,1006.92,1006.92,1,0.0,0.0,0
MRC004157,2026-05-31,5,0,0,1,242,2,3,7,13,2012.96,12491.77,1784.54,7,1.7142,0.6446,0
MRC004158,2026-05-31,5,0,1,1,1310,2,2,8,21,2070.92,36376.56,4547.07,6,1.0,0.2277,0
MRC004159,2026-05-31,5,0,1,1,629,37,0,0,7,0,0,0.0,0,0.0,0.0,0
MRC004160,2026-05-31,5,1,1,1,515,13,0,1,2,0,445.83,445.83,1,0.0,0.0,0
MRC004161,2026-05-31,4,2,1,1,2040,14,0,1,7,0,372.41,372.41,1,0.0,0.0,0
MRC004162,2026-05-31,4,1,0,1,757,4,1,3,11,697.32,3076.37,1025.46,3,1.3332,0.9067,0
MRC004163,2026-05-31,5,0,0,1,1509,12,0,4,6,0,4380.36,1095.09,4,0.0,0.0,0
MRC004164,2026-05-31,3,0,1,1,2059,1,2,3,5,1513.27,1767.41,589.14,3,2.6663,3.4248,1
MRC004165,2026-05-31,5,0,0,1,1471,3,3,11,18,3398.42,12936.4,1176.04,8,1.0909,1.0508,0
MRC004166,2026-05-31,5,1,1,0,1869,24,0,2,3,0,531.51,265.75,2,0.0,0.0,1
MRC004167,2026-05-31,3,1,1,1,1858,1,1,2,5,228.83,471.17,235.59,2,1.9996,1.9427,1
MRC004168,2026-05-31,5,0,1,1,1142,40,0,0,2,0,0,0.0,0,0.0,0.0,1
MRC004169,2026-05-31,2,1,1,0,2179,5,1,4,9,393.95,1763.19,440.8,4,0.9999,0.8937,0
MRC004170,2026-05-31,5,1,0,1,2151,24,0,1,2,0,426.05,426.05,1,0.0,0.0,0
MRC004171,2026-05-31,0,0,1,1,902,30,0,0,2,0,0,0.0,0,0.0,0.0,1
MRC004172,2026-05-31,5,1,1,1,1954,1,3,7,12,6416.27,11634.95,1662.14,6,1.7142,2.2059,0
MRC004173,2026-05-31,5,1,1,1,564,17,0,1,3,0,510.92,510.92,1,0.0,0.0,0
MRC004174,2026-05-31,4,1,1,1,409,1,1,5,8,372.88,9655.06,1931.01,5,0.7999,0.1545,0
MRC004175,2026-05-31,2,0,1,1,1323,12,0,2,6,0,10977.53,5488.77,2,0.0,0.0,0
MRC004176,2026-05-31,2,0,1,1,1488,4,2,3,3,2055.91,2285.86,761.95,2,2.6663,3.5976,1
MRC004177,2026-05-31,5,1,1,1,1440,92,0,0,0,0,0,0.0,0,0.0,0.0,1
MRC004178,2026-05-31,2,0,0,1,1910,8,0,3,4,0,3876.12,1292.04,3,0.0,0.0,0
MRC004179,2026-05-31,0,2,1,1,1019,3,4,12,21,5603.88,25822.43,2151.87,10,1.3333,0.8681,0
MRC004180,2026-05-31,5,1,0,1,1931,5,1,5,11,1085.29,4487.95,897.59,5,0.7999,0.9673,0
MRC004181,2026-05-31,4,1,0,0,2136,0,12,31,62,10053.78,49440.73,1594.86,20,1.5484,0.8134,0
MRC004182,2026-05-31,3,1,0,1,364,20,0,1,5,0,650.9,650.9,1,0.0,0.0,0
MRC004183,2026-05-31,5,1,1,1,1146,59,0,0,1,0,0,0.0,0,0.0,0.0,1
MRC004184,2026-05-31,0,0,0,1,655,5,1,6,7,1393.87,14599.85,2433.31,5,0.6666,0.3819,0
MRC004185,2026-05-31,0,0,1,1,1599,9,0,1,5,0,1273.21,1273.21,1,0.0,0.0,0
MRC004186,2026-05-31,5,1,1,1,1067,64,0,0,0,0,0,0.0,0,0.0,0.0,0
MRC004187,2026-05-31,5,1,0,0,780,0,1,1,2,4334.02,4334.02,4334.02,1,3.9984,4.0,0
MRC004188,2026-05-31,0,2,1,1,714,5,1,8,16,1554.64,11827.71,1478.46,7,0.5,0.5258,0
MRC004189,2026-05-31,5,1,0,1,940,55,0,0,1,0,0,0.0,0,0.0,0.0,1
MRC004190,2026-05-31,3,1,0,1,403,31,0,0,3,0,0,0.0,0,0.0,0.0,0
MRC004191,2026-05-31,0,0,1,1,393,15,0,2,3,0,1216.15,608.08,2,0.0,0.0,1
MRC004192,2026-05-31,5,0,1,0,1538,1,2,4,6,1415.41,2787.33,696.83,4,1.9998,2.0312,0
MRC004193,2026-05-31,5,2,0,1,2224,7,0,6,12,0,20964.14,3494.02,6,0.0,0.0,0
MRC004194,2026-05-31,4,0,1,1,1273,13,0,7,13,0,8675.11,1239.3,6,0.0,0.0,0
MRC004195,2026-05-31,5,2,1,0,2191,29,0,1,4,0,488.57,488.57,1,0.0,0.0,0
MRC004196,2026-05-31,2,0,1,1,503,0,2,3,10,1682.29,2003.76,667.92,3,2.6663,3.3583,0
MRC004197,2026-05-31,4,1,1,1,2291,71,0,0,0,0,0,0.0,0,0.0,0.0,0
MRC004198,2026-05-31,4,0,1,1,1446,5,1,2,4,1442.72,2427.66,1213.83,2,1.9996,2.3771,0
MRC004199,2026-05-31,5,1,1,1,1790,0,3,7,13,45829.3,47741.65,6820.24,5,1.7142,3.8398,0
MRC004200,2026-05-31,5,0,1,1,300,29,0,1,2,0,169.0,169.0,1,0.0,0.0,1
MRC004201,2026-05-31,5,1,1,0,1484,9,0,10,20,0,14387.56,1438.76,9,0.0,0.0,0
MRC004202,2026-05-31,4,2,1,1,1001,7,0,5,11,0,3324.81,664.96,5,0.0,0.0,0
MRC004203,2026-05-31,5,1,1,1,2128,13,0,2,4,0,1540.49,770.25,2,0.0,0.0,1
MRC004204,2026-05-31,5,0,0,1,1896,118,0,0,0,0,0,0.0,0,0.0,0.0,1
MRC004205,2026-05-31,2,1,1,1,2053,33,0,0,3,0,0,0.0,0,0.0,0.0,0
MRC004206,2026-05-31,0,1,0,1,2109,44,0,0,2,0,0,0.0,0,0.0,0.0,0
MRC004207,2026-05-31,5,0,0,1,1739,29,0,1,2,0,813.18,813.18,1,0.0,0.0,1
MRC004208,2026-05-31,4,1,1,0,700,31,0,0,2,0,0,0.0,0,0.0,0.0,1
MRC004209,2026-05-31,5,2,1,0,783,45,0,0,1,0,0,0.0,0,0.0,0.0,0
MRC004210,2026-05-31,3,1,0,1,2043,4,1,5,16,1261.82,6299.82,1259.96,5,0.7999,0.8012,0
MRC004211,2026-05-31,0,1,1,1,1479,9,0,1,1,0,372.61,372.61,1,0.0,0.0,0
MRC004212,2026-05-31,5,1,1,0,2113,1,2,8,15,1969.94,17304.1,2163.01,6,1.0,0.4554,0
MRC004213,2026-05-31,5,1,1,0,1902,37,0,0,2,0,0,0.0,0,0.0,0.0,0
MRC004214,2026-05-31,5,0,1,1,1491,4,2,11,19,4240.64,22884.22,2080.38,8,0.7272,0.7412,0
MRC004215,2026-05-31,5,1,1,1,498,41,0,0,2,0,0,0.0,0,0.0,0.0,1
MRC004216,2026-05-31,5,0,1,1,2311,9,0,4,6,0,7385.0,1846.25,4,0.0,0.0,0
MRC004217,2026-05-31,5,0,0,1,695,1,2,4,7,8114.78,13875.5,3468.88,4,1.9998,2.3393,0
MRC004218,2026-05-31,0,0,1,1,702,8,0,9,22,0,19787.77,2198.64,6,0.0,0.0,0
MRC004219,2026-05-31,5,2,1,0,484,2,2,4,10,2131.46,3174.51,793.63,4,1.9998,2.6857,0
MRC004220,2026-05-31,2,0,0,1,315,12,0,6,11,0,9084.88,1514.15,6,0.0,0.0,0
MRC004221,2026-05-31,5,0,0,1,984,142,0,0,0,0,0,0.0,0,0.0,0.0,0
MRC004222,2026-05-31,5,0,1,1,2007,20,0,1,2,0,1825.99,1825.99,1,0.0,0.0,0
MRC004223,2026-05-31,0,0,1,1,2056,16,0,2,6,0,5047.29,2523.64,2,0.0,0.0,0
MRC004224,2026-05-31,5,3,1,0,1237,5,1,4,4,1358.57,5666.33,1416.58,4,0.9999,0.959,1
MRC004225,2026-05-31,0,1,1,1,852,15,0,2,4,0,450.21,225.1,2,0.0,0.0,0
MRC004226,2026-05-31,0,1,1,1,922,10,0,3,8,0,3531.53,1177.18,3,0.0,0.0,0
MRC004227,2026-05-31,2,1,0,1,2172,3,1,5,9,564.6,7218.64,1443.73,5,0.7999,0.3129,0
MRC004228,2026-05-31,5,0,1,1,285,4,1,13,26,726.64,12624.09,971.08,10,0.3077,0.2302,0
MRC004229,2026-05-31,0,1,1,1,290,1,1,3,10,506.28,1660.62,553.54,3,1.3332,1.2195,0
MRC004230,2026-05-31,3,3,1,1,306,104,0,0,0,0,0,0.0,0,0.0,0.0,0
MRC004231,2026-05-31,5,1,1,1,2105,8,0,4,6,0,7499.68,1874.92,4,0.0,0.0,0
MRC004232,2026-05-31,0,1,1,1,363,9,0,3,8,0,3914.96,1304.99,3,0.0,0.0,0
MRC004233,2026-05-31,5,1,1,1,2222,3,3,11,15,3782.84,6163.16,560.29,9,1.0909,2.4551,0
MRC004234,2026-05-31,2,2,1,1,566,1,1,5,7,381.45,7692.44,1538.49,5,0.7999,0.1984,0
MRC004235,2026-05-31,5,0,1,0,1363,49,0,0,4,0,0,0.0,0,0.0,0.0,0
MRC004236,2026-05-31,0,1,1,0,2285,0,3,12,21,7550.53,21841.83,1820.15,9,1.0,1.3828,0
MRC004237,2026-05-31,5,0,1,1,418,0,2,6,10,617.23,10711.93,1785.32,6,1.3332,0.2305,0
MRC004238,2026-05-31,5,1,0,1,779,3,1,3,3,250.06,1696.61,565.54,3,1.3332,0.5896,0
MRC004239,2026-05-31,0,2,1,0,1754,7,0,1,4,0,408.72,408.72,1,0.0,0.0,1
MRC004240,2026-05-31,0,1,1,0,1950,3,7,19,47,14699.9,38550.58,2028.98,14,1.4737,1.5253,0
MRC004241,2026-05-31,4,0,1,1,2147,180,0,0,0,0,0,0.0,0,0.0,0.0,0
MRC004242,2026-05-31,0,1,1,1,207,2,1,3,6,1362.18,18534.45,6178.15,2,1.3332,0.294,0
MRC004243,2026-05-31,5,2,1,1,1862,1,1,8,19,183.06,9104.49,1138.06,8,0.5,0.0804,0
MRC004244,2026-05-31,5,1,1,1,868,45,0,0,1,0,0,0.0,0,0.0,0.0,1
MRC004245,2026-05-31,5,2,1,1,1383,143,0,0,0,0,0,0.0,0,0.0,0.0,1
MRC004246,2026-05-31,5,2,1,0,2145,16,0,1,2,0,1126.92,1126.92,1,0.0,0.0,0
MRC004247,2026-05-31,5,2,1,1,2136,0,4,15,27,1680.42,20866.83,1391.12,11,1.0666,0.3221,0
MRC004248,2026-05-31,5,0,1,1,569,0,5,28,57,2121.11,29142.93,1040.82,21,0.7143,0.2911,0
MRC004249,2026-05-31,2,1,0,1,1193,14,0,1,4,0,11040.85,11040.85,1,0.0,0.0,0
MRC004250,2026-05-31,2,2,0,1,785,8,0,5,8,0,6567.99,1313.6,5,0.0,0.0,0
MRC004251,2026-05-31,2,2,1,1,1508,4,1,3,6,6941.98,7466.42,2488.81,3,1.3332,3.719,0
MRC004252,2026-05-31,2,0,1,1,1970,0,1,4,7,659.7,2072.21,518.05,4,0.9999,1.2734,0
MRC004253,2026-05-31,2,0,1,1,859,65,0,0,0,0,0,0.0,0,0.0,0.0,1
MRC004254,2026-05-31,0,0,0,1,430,0,12,46,74,12955.32,79656.59,1731.66,24,1.0435,0.6506,0
MRC004255,2026-05-31,2,1,0,1,305,28,0,1,1,0,299.93,299.93,1,0.0,0.0,1
MRC004256,2026-05-31,5,2,0,1,281,6,1,4,8,3678.74,6112.39,1528.1,4,0.9999,2.4074,0
MRC004257,2026-05-31,2,1,1,1,965,15,0,2,3,0,3747.71,1873.86,2,0.0,0.0,0
MRC004258,2026-05-31,0,0,1,1,2275,6,1,7,20,2948.87,25492.39,3641.77,6,0.5714,0.4627,0
MRC004259,2026-05-31,2,0,0,1,715,0,2,7,14,8764.04,16759.14,2394.16,6,1.1428,2.0918,0
MRC004260,2026-05-31,5,2,1,1,1049,3,1,1,2,366.57,366.57,366.57,1,3.9984,4.0,1
MRC004261,2026-05-31,5,0,1,1,1639,3,1,3,4,97.37,2132.82,710.94,3,1.3332,0.1826,0
MRC004262,2026-05-31,5,0,1,1,1602,68,0,0,0,0,0,0.0,0,0.0,0.0,1
MRC004263,2026-05-31,4,0,1,1,755,9,0,4,5,0,3483.23,870.81,4,0.0,0.0,0
MRC004264,2026-05-31,0,2,1,0,442,18,0,4,9,0,7641.34,1910.34,4,0.0,0.0,0
MRC004265,2026-05-31,2,1,1,0,507,19,0,1,3,0,337.2,337.2,1,0.0,0.0,0
MRC004266,2026-05-31,0,0,1,1,646,47,0,0,1,0,0,0.0,0,0.0,0.0,0
MRC004267,2026-05-31,2,0,0,1,353,1,8,31,59,16323.01,57259.09,1847.07,19,1.0322,1.1403,0
MRC004268,2026-05-31,5,2,1,1,1170,6,1,5,16,1127.53,4014.29,802.86,5,0.7999,1.1235,0
MRC004269,2026-05-31,0,1,1,1,1576,1,5,11,22,4067.99,8859.69,805.43,9,1.8181,1.8366,0
MRC004270,2026-05-31,2,1,1,1,1640,180,0,0,0,0,0,0.0,0,0.0,0.0,1
MRC004271,2026-05-31,5,0,1,1,2151,12,0,4,8,0,4743.01,1185.75,3,0.0,0.0,0
MRC004272,2026-05-31,3,0,0,1,805,2,1,12,16,312.75,10224.04,852.0,9,0.3333,0.1224,0
MRC004273,2026-05-31,0,2,1,1,1595,48,0,0,1,0,0,0.0,0,0.0,0.0,0
MRC004274,2026-05-31,0,1,0,0,2097,34,0,0,3,0,0,0.0,0,0.0,0.0,0
MRC004275,2026-05-31,5,1,0,1,227,1,2,2,5,11905.62,11905.62,5952.81,2,3.9992,4.0,0
MRC004276,2026-05-31,0,2,1,1,1871,58,0,0,1,0,0,0.0,0,0.0,0.0,1
MRC004277,2026-05-31,5,1,1,1,357,1,1,3,7,79.56,5903.51,1967.84,3,1.3332,0.0539,1
MRC004278,2026-05-31,5,2,0,0,1370,3,1,3,6,1593.46,4648.19,1549.4,3,1.3332,1.3713,0
MRC004279,2026-05-31,4,0,0,1,1980,10,0,5,12,0,2569.39,513.88,5,0.0,0.0,0
MRC004280,2026-05-31,5,0,1,1,1168,19,0,1,4,0,2223.79,2223.79,1,0.0,0.0,0
MRC004281,2026-05-31,0,2,1,1,1388,10,0,4,6,0,4078.76,1019.69,4,0.0,0.0,0
MRC004282,2026-05-31,4,2,1,1,1518,3,5,12,17,6508.65,12616.01,1051.33,10,1.6666,2.0636,0
MRC004283,2026-05-31,2,1,1,1,1427,14,0,1,2,0,116.08,116.08,1,0.0,0.0,0
MRC004284,2026-05-31,5,1,1,1,1763,26,0,1,3,0,191.77,191.77,1,0.0,0.0,0
MRC004285,2026-05-31,4,2,1,0,2042,6,1,4,9,513.17,3246.44,811.61,4,0.9999,0.6323,0
MRC004286,2026-05-31,0,1,1,1,459,1,3,6,13,3527.84,7911.85,1318.64,6,1.9999,1.7836,0
MRC004287,2026-05-31,5,0,1,1,1073,4,1,4,4,2675.99,4099.5,1024.88,4,0.9999,2.611,0
MRC004288,2026-05-31,0,1,1,1,2028,21,0,2,3,0,17665.54,8832.77,2,0.0,0.0,1
MRC004289,2026-05-31,5,1,1,1,998,0,3,14,21,10690.78,51743.95,3696.0,11,0.8571,0.8264,0
MRC004290,2026-05-31,5,1,0,1,1234,28,0,1,2,0,940.27,940.27,1,0.0,0.0,0
MRC004291,2026-05-31,5,2,1,1,1786,57,0,0,1,0,0,0.0,0,0.0,0.0,0
MRC004292,2026-05-31,5,1,0,1,2208,4,1,3,4,1664.88,3305.63,1101.88,3,1.3332,2.0146,0
MRC004293,2026-05-31,5,0,1,1,714,11,0,1,2,0,103.02,103.02,1,0.0,0.0,0
MRC004294,2026-05-31,0,0,1,1,2252,4,2,14,25,7850.71,28455.35,2032.52,11,0.5714,1.1036,0
MRC004295,2026-05-31,5,2,0,0,1715,8,0,2,3,0,1012.16,506.08,2,0.0,0.0,0
MRC004296,2026-05-31,5,0,1,1,232,2,2,10,23,1954.13,19766.72,1976.67,9,0.8,0.3954,0
MRC004297,2026-05-31,5,2,1,0,2047,10,0,4,11,0,4236.64,1059.16,4,0.0,0.0,0
MRC004298,2026-05-31,5,0,1,1,1005,0,1,1,5,137.32,137.32,137.32,1,3.9984,4.0,0
MRC004299,2026-05-31,3,1,0,1,781,0,3,13,20,2282.11,16523.83,1271.06,10,0.923,0.5524,0
MRC004300,2026-05-31,3,2,0,1,1314,0,1,3,4,193.22,1268.34,422.78,3,1.3332,0.6094,0
MRC004301,2026-05-31,0,1,0,1,1424,31,0,0,3,0,0,0.0,0,0.0,0.0,0
MRC004302,2026-05-31,5,2,1,1,1344,9,0,6,13,0,8212.02,1368.67,6,0.0,0.0,0
MRC004303,2026-05-31,5,0,1,0,285,7,0,2,9,0,2281.55,1140.78,2,0.0,0.0,0
MRC004304,2026-05-31,5,1,1,1,1961,4,2,3,5,1543.1,2014.47,671.49,2,2.6663,3.064,0
MRC004305,2026-05-31,2,1,0,0,911,79,0,0,0,0,0,0.0,0,0.0,0.0,1
MRC004306,2026-05-31,5,2,1,1,473,9,0,2,5,0,9174.06,4587.03,2,0.0,0.0,0
MRC004307,2026-05-31,5,0,0,0,1401,42,0,0,2,0,0,0.0,0,0.0,0.0,1
MRC004308,2026-05-31,5,0,1,1,1525,1,1,3,6,535.09,3501.39,1167.13,3,1.3332,0.6113,0
MRC004309,2026-05-31,5,1,1,0,391,0,2,4,5,1191.21,2461.51,615.38,3,1.9998,1.9357,0
MRC004310,2026-05-31,5,3,1,1,2224,26,0,1,1,0,1795.62,1795.62,1,0.0,0.0,1
MRC004311,2026-05-31,0,2,1,1,1477,9,0,6,8,0,11230.24,1871.71,5,0.0,0.0,0
MRC004312,2026-05-31,0,2,1,1,2342,7,0,3,4,0,2152.25,717.42,3,0.0,0.0,0
MRC004313,2026-05-31,5,1,1,1,1629,2,1,6,10,483.79,7249.47,1208.25,4,0.6666,0.2669,0
MRC004314,2026-05-31,2,1,0,1,187,4,1,4,7,4778.27,10290.85,2572.71,4,0.9999,1.8573,0
MRC004315,2026-05-31,5,2,0,1,620,0,7,33,68,14652.11,63799.14,1933.31,20,0.8485,0.9186,0
MRC004316,2026-05-31,0,2,1,1,2290,17,0,1,5,0,290.0,290.0,1,0.0,0.0,0
MRC004317,2026-05-31,0,2,1,1,1387,33,0,0,4,0,0,0.0,0,0.0,0.0,0
MRC004318,2026-05-31,2,2,1,1,432,6,1,2,6,1009.86,3201.64,1600.82,2,1.9996,1.2617,0
MRC004319,2026-05-31,5,2,0,1,327,2,1,5,12,995.39,8219.01,1643.8,4,0.7999,0.4844,0
MRC004320,2026-05-31,5,0,0,1,1338,6,1,8,17,1100.79,7277.77,909.72,7,0.5,0.605,0
MRC004321,2026-05-31,5,0,1,1,1463,1,2,12,22,1432.7,24727.77,2060.65,11,0.6666,0.2318,0
MRC004322,2026-05-31,5,3,1,1,703,6,1,2,5,682.56,1166.42,583.21,2,1.9996,2.3407,1
MRC004323,2026-05-31,5,1,0,1,590,1,4,11,25,3797.81,16364.62,1487.69,10,1.4545,0.9283,0
MRC004324,2026-05-31,0,0,0,1,1489,31,0,0,1,0,0,0.0,0,0.0,0.0,0
MRC004325,2026-05-31,5,1,1,1,1116,21,0,1,2,0,4026.88,4026.88,1,0.0,0.0,0
MRC004326,2026-05-31,5,1,1,0,245,4,1,4,8,2152.73,4749.51,1187.38,4,0.9999,1.813,0
MRC004327,2026-05-31,2,2,1,1,290,8,0,9,23,0,38447.68,4271.96,7,0.0,0.0,0
MRC004328,2026-05-31,5,2,0,1,685,0,2,5,9,1434.49,3023.04,604.61,5,1.5999,1.8981,0
MRC004329,2026-05-31,4,0,1,1,1397,12,0,2,3,0,5453.21,2726.61,2,0.0,0.0,1
MRC004330,2026-05-31,0,1,0,1,821,6,1,3,4,3111.18,3835.98,1278.66,3,1.3332,3.2442,1
MRC004331,2026-05-31,3,0,1,0,197,35,0,0,1,0,0,0.0,0,0.0,0.0,0
MRC004332,2026-05-31,5,2,1,0,2165,31,0,0,3,0,0,0.0,0,0.0,0.0,0
MRC004333,2026-05-31,2,0,0,0,1680,4,1,4,9,1275.66,6966.0,1741.5,4,0.9999,0.7325,0
MRC004334,2026-05-31,5,1,1,0,1440,4,1,1,2,1021.98,1021.98,1021.98,1,3.9984,4.0,1
MRC004335,2026-05-31,0,1,1,1,698,15,0,2,3,0,713.27,356.63,2,0.0,0.0,0
MRC004336,2026-05-31,5,1,1,1,1712,2,1,14,23,486.41,23728.66,1694.9,13,0.2857,0.082,0
MRC004337,2026-05-31,3,1,1,0,2232,2,3,14,37,5867.41,23134.24,1652.45,11,0.8571,1.0145,0
MRC004338,2026-05-31,0,1,0,1,1642,2,2,11,27,1762.41,19661.62,1787.42,8,0.7272,0.3585,0
MRC004339,2026-05-31,5,1,1,1,811,12,0,1,2,0,3726.31,3726.31,1,0.0,0.0,1
MRC004340,2026-05-31,5,0,1,1,1022,1,5,16,38,2627.74,19052.36,1190.77,14,1.25,0.5517,0
MRC004341,2026-05-31,3,0,1,1,2195,2,1,7,10,6912.02,11999.83,1714.26,7,0.5714,2.304,0
MRC004342,2026-05-31,4,1,0,1,195,44,0,0,2,0,0,0.0,0,0.0,0.0,0
MRC004343,2026-05-31,0,0,1,1,648,0,2,8,18,6538.09,14125.62,1765.7,8,1.0,1.8514,0
MRC004344,2026-05-31,5,1,1,1,398,0,3,7,11,3979.4,10319.62,1474.23,6,1.7142,1.5425,0
MRC004345,2026-05-31,5,0,1,1,1566,22,0,1,1,0,1254.83,1254.83,1,0.0,0.0,1
MRC004346,2026-05-31,5,2,1,0,1167,22,0,1,2,0,1632.71,1632.71,1,0.0,0.0,0
MRC004347,2026-05-31,5,0,0,1,456,9,0,2,7,0,19815.69,9907.84,2,0.0,0.0,0
MRC004348,2026-05-31,5,1,1,1,2221,4,1,2,4,11888.01,14203.31,7101.66,2,1.9996,3.348,0
MRC004349,2026-05-31,0,0,0,0,1370,0,3,10,17,8458.86,17086.5,1708.65,9,1.2,1.9802,0
MRC004350,2026-05-31,5,1,1,1,708,3,4,13,30,4954.59,20677.64,1590.59,11,1.2307,0.9584,0
MRC004351,2026-05-31,5,0,1,1,2231,19,0,2,6,0,938.26,469.13,2,0.0,0.0,0
MRC004352,2026-05-31,0,1,0,1,1690,4,1,4,7,789.84,10724.55,2681.14,4,0.9999,0.2946,0
MRC004353,2026-05-31,0,0,1,0,448,20,0,1,2,0,1872.56,1872.56,1,0.0,0.0,0
MRC004354,2026-05-31,5,1,0,1,1971,3,1,4,8,248.97,2751.99,688.0,4,0.9999,0.3619,0
MRC004355,2026-05-31,5,1,1,1,293,0,4,13,26,2592.04,15873.59,1221.05,12,1.2307,0.6532,0
MRC004356,2026-05-31,5,2,1,1,2146,118,0,0,0,0,0,0.0,0,0.0,0.0,0
MRC004357,2026-05-31,0,1,1,1,1024,3,1,4,9,233.42,3325.67,831.42,4,0.9999,0.2807,0
MRC004358,2026-05-31,5,1,1,1,806,0,1,3,7,705.39,3506.47,1168.82,3,1.3332,0.8047,0
MRC004359,2026-05-31,0,2,1,0,281,3,1,2,5,4357.59,4495.32,2247.66,2,1.9996,3.8774,1
MRC004360,2026-05-31,4,0,1,1,2199,20,0,3,3,0,3126.1,1042.03,3,0.0,0.0,0
MRC004361,2026-05-31,5,1,1,1,1387,0,9,17,37,8957.4,14096.53,829.21,14,2.1176,2.5417,0
MRC004362,2026-05-31,5,1,1,1,1493,5,1,3,3,568.34,3862.81,1287.6,3,1.3332,0.5885,0
MRC004363,2026-05-31,5,1,0,1,2023,9,0,2,6,0,756.42,378.21,2,0.0,0.0,0
MRC004364,2026-05-31,5,0,0,1,1275,1,3,19,31,11293.16,33717.65,1774.61,14,0.6316,1.3397,0
MRC004365,2026-05-31,5,1,1,1,798,5,1,2,5,527.98,1180.89,590.44,2,1.9996,1.7884,0
MRC004366,2026-05-31,4,1,1,1,1865,33,0,0,4,0,0,0.0,0,0.0,0.0,0
MRC004367,2026-05-31,2,1,1,1,1323,7,0,3,7,0,2121.55,707.18,3,0.0,0.0,0
MRC004368,2026-05-31,5,0,1,1,686,2,1,6,9,202.5,6813.28,1135.55,5,0.6666,0.1189,0
MRC004369,2026-05-31,5,1,1,1,2010,14,0,2,7,0,1234.1,617.05,2,0.0,0.0,0
MRC004370,2026-05-31,2,2,1,1,1940,55,0,0,1,0,0,0.0,0,0.0,0.0,0
MRC004371,2026-05-31,2,0,1,1,705,1,1,6,10,260.4,8202.95,1367.16,6,0.6666,0.127,0
MRC004372,2026-05-31,2,0,1,1,1585,1,1,6,12,1569.51,5557.25,926.21,6,0.6666,1.1297,0
MRC004373,2026-05-31,2,3,1,0,2177,9,0,3,7,0,4959.67,1653.22,3,0.0,0.0,0
MRC004374,2026-05-31,5,2,1,1,1911,0,3,12,19,3689.35,17045.87,1420.49,11,1.0,0.8657,0
MRC004375,2026-05-31,0,0,1,1,599,122,0,0,0,0,0,0.0,0,0.0,0.0,1
MRC004376,2026-05-31,5,1,1,0,2034,2,4,11,17,7900.11,12160.37,1105.49,11,1.4545,2.5986,0
MRC004377,2026-05-31,5,0,1,1,288,28,0,2,4,0,2045.29,1022.64,2,0.0,0.0,0
MRC004378,2026-05-31,3,2,1,1,1513,12,0,6,17,0,7466.42,1244.4,5,0.0,0.0,0
MRC004379,2026-05-31,5,1,1,0,1282,12,0,4,10,0,1574.06,393.51,4,0.0,0.0,0
MRC004380,2026-05-31,2,1,0,1,245,0,3,17,37,6612.44,22019.07,1295.24,14,0.7059,1.2012,0
MRC004381,2026-05-31,0,0,0,1,1751,1,2,7,10,1004.75,8047.59,1149.66,7,1.1428,0.4994,0
MRC004382,2026-05-31,4,1,1,1,815,1,1,3,3,488.1,2953.66,984.55,3,1.3332,0.661,1
MRC004383,2026-05-31,0,0,1,1,2027,4,1,2,3,481.7,586.78,293.39,2,1.9996,3.2837,0
MRC004384,2026-05-31,0,1,1,1,2083,31,0,0,3,0,0,0.0,0,0.0,0.0,1
MRC004385,2026-05-31,0,1,1,1,1455,2,2,7,14,3820.8,18015.5,2573.64,7,1.1428,0.8483,0
MRC004386,2026-05-31,2,1,0,1,1534,7,0,1,3,0,1154.37,1154.37,1,0.0,0.0,0
MRC004387,2026-05-31,0,2,0,1,278,2,2,14,22,485.33,20696.55,1478.33,11,0.5714,0.0938,0
MRC004388,2026-05-31,5,0,1,1,2109,6,1,3,5,3082.31,3263.98,1087.99,3,1.3332,3.7774,0
MRC004389,2026-05-31,0,0,1,1,1654,95,0,0,0,0,0,0.0,0,0.0,0.0,1
MRC004390,2026-05-31,2,1,1,1,1005,0,4,16,30,18744.86,37760.61,2360.04,12,1.0,1.9857,0
MRC004391,2026-05-31,5,1,1,1,352,180,0,0,0,0,0,0.0,0,0.0,0.0,0
MRC004392,2026-05-31,0,0,1,1,1267,7,0,3,7,0,2664.21,888.07,3,0.0,0.0,0
MRC004393,2026-05-31,5,1,1,1,2133,8,0,7,9,0,7327.14,1046.73,6,0.0,0.0,0
MRC004394,2026-05-31,5,1,1,1,2049,114,0,0,0,0,0,0.0,0,0.0,0.0,1
MRC004395,2026-05-31,3,1,1,1,380,0,2,4,6,1933.29,6236.83,1559.21,4,1.9998,1.2399,0
MRC004396,2026-05-31,4,1,1,1,1830,1,3,5,7,546.45,3861.09,772.22,4,2.3998,0.5661,0
MRC004397,2026-05-31,5,0,1,1,343,3,1,3,5,1847.77,2408.65,802.88,3,1.3332,3.0686,0
MRC004398,2026-05-31,5,0,1,1,989,2,3,12,31,6480.82,19258.02,1604.84,11,1.0,1.3461,0
MRC004399,2026-05-31,2,1,1,1,1142,10,0,2,3,0,2809.76,1404.88,2,0.0,0.0,1
MRC004400,2026-05-31,0,1,1,1,214,8,0,2,5,0,2105.44,1052.72,2,0.0,0.0,0
MRC004401,2026-05-31,0,1,1,1,464,0,2,6,8,8016.34,11054.28,1842.38,6,1.3332,2.9007,0
MRC004402,2026-05-31,5,2,1,1,2088,0,10,34,52,28984.17,69246.1,2036.65,23,1.1765,1.6743,0
MRC004403,2026-05-31,2,0,1,1,1540,4,2,2,7,4663.19,4663.19,2331.59,2,3.9992,4.0,0
MRC004404,2026-05-31,0,1,1,1,1883,9,0,1,1,0,996.9,996.9,1,0.0,0.0,0
MRC004405,2026-05-31,3,0,1,1,1413,4,1,2,2,1257.0,1552.55,776.27,2,1.9996,3.2385,0
MRC004406,2026-05-31,5,0,1,1,1146,0,1,2,4,578.35,2254.12,1127.06,2,1.9996,1.0263,1
MRC004407,2026-05-31,0,2,0,1,204,9,0,2,4,0,5099.61,2549.81,2,0.0,0.0,0
MRC004408,2026-05-31,0,3,1,1,1358,1,4,17,40,7112.42,21667.4,1274.55,14,0.9412,1.313,0
MRC004409,2026-05-31,2,0,1,1,1848,2,1,1,2,195.11,195.11,195.11,1,3.9984,4.0,0
MRC004410,2026-05-31,5,2,1,1,611,121,0,0,0,0,0,0.0,0,0.0,0.0,0
MRC004411,2026-05-31,5,0,1,1,1237,12,0,3,7,0,5117.49,1705.83,3,0.0,0.0,0
MRC004412,2026-05-31,5,3,0,1,1065,1,2,3,11,1415.5,1740.42,580.14,3,2.6663,3.2532,0
MRC004413,2026-05-31,0,2,1,0,2068,7,0,8,17,0,25207.59,3150.95,6,0.0,0.0,0
MRC004414,2026-05-31,2,0,1,1,521,2,1,6,8,773.53,6902.61,1150.43,5,0.6666,0.4483,0
MRC004415,2026-05-31,2,1,1,0,395,1,5,9,26,5747.22,17652.48,1961.39,7,2.2221,1.3023,0
MRC004416,2026-05-31,2,1,0,1,625,5,1,3,3,159.54,1877.92,625.97,3,1.3332,0.3398,0
MRC004417,2026-05-31,5,0,1,0,506,62,0,0,0,0,0,0.0,0,0.0,0.0,0
MRC004418,2026-05-31,5,0,0,0,2014,4,1,7,14,878.67,11699.83,1671.4,5,0.5714,0.3004,0
MRC004419,2026-05-31,2,1,0,1,734,126,0,0,0,0,0,0.0,0,0.0,0.0,1
MRC004420,2026-05-31,5,0,1,1,957,5,2,3,5,6001.86,6646.36,2215.45,3,2.6663,3.6121,0
MRC004421,2026-05-31,0,0,1,1,726,11,0,9,18,0,12810.13,1423.35,8,0.0,0.0,0
MRC004422,2026-05-31,5,0,1,1,1945,144,0,0,0,0,0,0.0,0,0.0,0.0,1
MRC004423,2026-05-31,2,1,1,0,1615,18,0,1,4,0,130.3,130.3,1,0.0,0.0,0
MRC004424,2026-05-31,3,0,0,1,1200,40,0,0,1,0,0,0.0,0,0.0,0.0,0
MRC004425,2026-05-31,0,1,1,0,1910,20,0,1,1,0,847.42,847.42,1,0.0,0.0,0
MRC004426,2026-05-31,5,0,1,1,319,55,0,0,2,0,0,0.0,0,0.0,0.0,1
MRC004427,2026-05-31,5,0,1,0,1647,1,2,5,7,7833.8,10911.82,2182.36,5,1.5999,2.8717,0
MRC004428,2026-05-31,5,1,1,0,954,9,0,2,3,0,1191.79,595.89,2,0.0,0.0,0
MRC004429,2026-05-31,5,0,1,1,993,1,3,9,22,2066.74,6174.9,686.1,7,1.3333,1.3388,0
MRC004430,2026-05-31,0,1,1,1,510,3,2,4,8,3700.91,9557.76,2389.44,4,1.9998,1.5489,0
MRC004431,2026-05-31,3,1,0,1,377,23,0,1,2,0,1433.17,1433.17,1,0.0,0.0,0
MRC004432,2026-05-31,2,1,1,1,1680,48,0,0,1,0,0,0.0,0,0.0,0.0,0
MRC004433,2026-05-31,5,1,1,1,2022,14,0,4,9,0,3658.82,914.71,4,0.0,0.0,0
MRC004434,2026-05-31,0,2,1,1,2156,3,4,27,52,1319.6,26122.61,967.5,16,0.5926,0.2021,0
MRC004435,2026-05-31,4,0,0,1,697,1,1,1,3,4664.83,4664.83,4664.83,1,3.9984,4.0,0
MRC004436,2026-05-31,5,2,1,1,1832,6,1,3,3,78.51,5936.39,1978.8,3,1.3332,0.0529,1
MRC004437,2026-05-31,0,0,1,1,408,42,0,0,1,0,0,0.0,0,0.0,0.0,1
MRC004438,2026-05-31,5,0,0,1,1865,0,2,9,21,3631.66,14096.37,1566.26,9,0.8888,1.0305,0
MRC004439,2026-05-31,4,1,1,0,1402,7,0,7,21,0,7016.94,1002.42,5,0.0,0.0,0
MRC004440,2026-05-31,5,0,1,1,2048,2,2,3,3,684.76,4781.5,1593.83,3,2.6663,0.5728,0
MRC004441,2026-05-31,5,1,1,1,312,43,0,0,1,0,0,0.0,0,0.0,0.0,0
MRC004442,2026-05-31,5,2,1,1,1862,25,0,2,5,0,594.42,297.21,2,0.0,0.0,1
MRC004443,2026-05-31,4,1,0,1,1185,0,1,2,3,5214.75,5757.63,2878.82,2,1.9996,3.6228,0
MRC004444,2026-05-31,0,1,1,1,1407,1,4,11,21,6718.14,10819.59,983.6,9,1.4545,2.4837,0
MRC004445,2026-05-31,0,3,1,1,1342,6,1,4,7,309.54,4323.8,1080.95,4,0.9999,0.2864,0
MRC004446,2026-05-31,0,1,1,1,1725,7,0,6,15,0,9216.13,1536.02,6,0.0,0.0,0
MRC004447,2026-05-31,5,0,0,0,1473,12,0,2,4,0,1288.75,644.38,2,0.0,0.0,0
MRC004448,2026-05-31,2,2,1,1,1073,63,0,0,0,0,0,0.0,0,0.0,0.0,1
MRC004449,2026-05-31,4,0,1,1,1116,0,12,51,114,14294.39,57460.14,1126.67,28,0.9412,0.9951,0
MRC004450,2026-05-31,4,0,0,1,319,21,0,2,4,0,1648.23,824.12,2,0.0,0.0,0
MRC004451,2026-05-31,5,0,0,1,1747,3,2,8,15,2301.59,7693.6,961.7,6,1.0,1.1966,0
MRC004452,2026-05-31,0,0,0,0,1706,14,0,1,2,0,284.45,284.45,1,0.0,0.0,0
MRC004453,2026-05-31,2,0,0,1,1403,20,0,1,2,0,2261.73,2261.73,1,0.0,0.0,0
MRC004454,2026-05-31,5,0,1,1,1741,0,3,5,14,3043.97,4078.96,815.79,5,2.3998,2.985,0
MRC004455,2026-05-31,0,1,1,1,752,71,0,0,0,0,0,0.0,0,0.0,0.0,1
MRC004456,2026-05-31,5,1,1,1,653,61,0,0,0,0,0,0.0,0,0.0,0.0,0
MRC004457,2026-05-31,0,2,1,1,2185,1,4,10,23,5214.51,17188.54,1718.85,8,1.5999,1.2135,0
MRC004458,2026-05-31,5,0,1,1,2249,1,1,7,10,964.3,12032.41,1718.92,7,0.5714,0.3206,0
MRC004459,2026-05-31,5,0,0,1,2028,5,1,5,10,1382.6,9514.65,1902.93,5,0.7999,0.5813,0
MRC004460,2026-05-31,5,1,0,1,279,0,3,14,32,6558.25,23622.56,1687.33,10,0.8571,1.1105,0
MRC004461,2026-05-31,5,0,0,1,1364,12,0,4,9,0,2029.65,507.41,4,0.0,0.0,0
MRC004462,2026-05-31,5,0,1,1,1773,26,0,1,1,0,1962.64,1962.64,1,0.0,0.0,1
MRC004463,2026-05-31,5,1,1,1,246,50,0,0,1,0,0,0.0,0,0.0,0.0,0
MRC004464,2026-05-31,5,1,1,1,2281,0,6,22,44,2847.66,21524.83,978.4,18,1.0909,0.5292,0
MRC004465,2026-05-31,5,0,1,1,1884,7,0,3,6,0,3432.11,1144.04,3,0.0,0.0,0
MRC004466,2026-05-31,5,1,0,1,840,0,7,24,36,12791.84,35777.13,1490.71,17,1.1666,1.4302,0
MRC004467,2026-05-31,3,1,1,1,1271,2,2,14,19,3430.73,20435.49,1459.68,11,0.5714,0.6715,0
MRC004468,2026-05-31,4,2,1,1,2158,5,1,3,6,348.46,6042.79,2014.26,3,1.3332,0.2307,0
MRC004469,2026-05-31,4,0,1,1,2030,7,0,1,1,0,1556.13,1556.13,1,0.0,0.0,0
MRC004470,2026-05-31,2,1,1,1,1970,1,1,6,11,188.88,4947.08,824.51,6,0.6666,0.1527,0
MRC004471,2026-05-31,0,1,0,1,2315,7,0,9,19,0,13144.3,1460.48,8,0.0,0.0,0
MRC004472,2026-05-31,2,0,1,1,1790,180,0,0,0,0,0,0.0,0,0.0,0.0,0
MRC004473,2026-05-31,0,1,1,1,2208,4,1,2,10,1774.38,2086.0,1043.0,2,1.9996,3.4025,0
MRC004474,2026-05-31,5,1,1,1,2249,26,0,1,1,0,376.94,376.94,1,0.0,0.0,1
MRC004475,2026-05-31,5,0,0,1,207,16,0,1,3,0,4116.17,4116.17,1,0.0,0.0,0
MRC004476,2026-05-31,5,1,0,1,1594,21,0,2,2,0,1201.36,600.68,1,0.0,0.0,1
MRC004477,2026-05-31,5,1,1,1,894,12,0,5,11,0,6174.36,1234.87,4,0.0,0.0,0
MRC004478,2026-05-31,0,1,1,0,1246,34,0,0,3,0,0,0.0,0,0.0,0.0,0
MRC004479,2026-05-31,0,0,1,1,531,1,1,5,19,114.86,10041.53,2008.31,5,0.7999,0.0458,0
MRC004480,2026-05-31,5,1,0,1,1641,11,0,2,4,0,769.45,384.73,2,0.0,0.0,1
MRC004481,2026-05-31,5,0,1,1,1988,33,0,0,4,0,0,0.0,0,0.0,0.0,0
MRC004482,2026-05-31,5,1,1,1,1064,28,0,1,1,0,143.47,143.47,1,0.0,0.0,1
MRC004483,2026-05-31,5,1,1,1,1690,11,0,6,9,0,7977.59,1329.6,5,0.0,0.0,0
MRC004484,2026-05-31,5,1,0,1,874,30,0,0,7,0,0,0.0,0,0.0,0.0,0
MRC004485,2026-05-31,5,1,1,1,1802,0,4,10,23,3225.82,9544.53,954.45,10,1.5999,1.3519,0
MRC004486,2026-05-31,5,0,1,1,344,13,0,3,9,0,5733.96,1911.32,3,0.0,0.0,0
MRC004487,2026-05-31,5,0,1,1,2088,1,1,2,7,1627.72,3519.68,1759.84,2,1.9996,1.8498,0
MRC004488,2026-05-31,0,1,1,1,990,9,0,6,12,0,4918.89,819.82,6,0.0,0.0,0
MRC004489,2026-05-31,0,0,1,1,1268,9,0,7,11,0,12294.51,1756.36,6,0.0,0.0,0
MRC004490,2026-05-31,2,1,0,1,1919,0,1,5,19,825.28,10270.55,2054.11,5,0.7999,0.3214,0
MRC004491,2026-05-31,3,1,1,1,230,40,0,0,1,0,0,0.0,0,0.0,0.0,0
MRC004492,2026-05-31,5,2,1,1,2230,9,0,2,4,0,628.2,314.1,2,0.0,0.0,0
MRC004493,2026-05-31,2,0,1,0,1507,92,0,0,0,0,0,0.0,0,0.0,0.0,0
MRC004494,2026-05-31,4,1,1,1,2295,10,0,4,7,0,1956.55,489.14,4,0.0,0.0,0
MRC004495,2026-05-31,5,0,1,1,1369,4,3,19,36,3526.22,21153.26,1113.33,13,0.6316,0.6668,0
MRC004496,2026-05-31,4,2,1,0,616,1,4,15,23,2784.9,17442.69,1162.85,11,1.0666,0.6386,0
MRC004497,2026-05-31,5,1,1,1,1437,6,1,6,8,96.19,3183.89,530.65,6,0.6666,0.1208,1
MRC004498,2026-05-31,0,1,0,1,1413,10,0,5,7,0,5493.72,1098.74,5,0.0,0.0,0
MRC004499,2026-05-31,2,1,1,1,2176,5,2,5,9,2943.09,4965.7,993.14,4,1.5999,2.3707,0
MRC004500,2026-05-31,2,0,1,1,1423,7,0,9,12,0,9416.02,1046.22,9,0.0,0.0,0
MRC004501,2026-05-31,2,1,1,0,1052,91,0,0,0,0,0,0.0,0,0.0,0.0,0
MRC004502,2026-05-31,0,2,1,0,549,1,3,14,27,4981.24,20015.11,1429.65,12,0.8571,0.9955,0
MRC004503,2026-05-31,4,0,0,1,877,45,0,0,1,0,0,0.0,0,0.0,0.0,1
MRC004504,2026-05-31,2,2,1,1,1435,3,1,1,5,209.64,209.64,209.64,1,3.9984,4.0,0
MRC004505,2026-05-31,2,2,0,1,971,4,1,7,15,42.49,4402.22,628.89,7,0.5714,0.0386,0
MRC004506,2026-05-31,5,3,1,1,957,32,0,0,3,0,0,0.0,0,0.0,0.0,0
MRC004507,2026-05-31,0,2,1,1,196,0,1,4,11,1545.54,2231.57,557.89,4,0.9999,2.7703,0
MRC004508,2026-05-31,2,0,1,1,2224,5,1,3,4,3648.04,4596.42,1532.14,3,1.3332,3.1747,0
MRC004509,2026-05-31,0,1,0,1,1993,6,1,5,10,1012.56,3471.32,694.26,5,0.7999,1.1668,0
MRC004510,2026-05-31,5,0,1,1,722,7,0,4,9,0,3015.82,753.96,4,0.0,0.0,0
MRC004511,2026-05-31,5,1,1,1,465,3,2,2,6,2159.38,2159.38,1079.69,1,3.9992,4.0,0
MRC004512,2026-05-31,5,0,1,1,1989,0,3,4,4,4550.87,5366.87,1341.72,3,2.9997,3.3918,0
MRC004513,2026-05-31,5,2,1,0,1993,3,1,1,1,961.66,961.66,961.66,1,3.9984,4.0,0
MRC004514,2026-05-31,2,0,1,1,2124,23,0,1,2,0,264.47,264.47,1,0.0,0.0,1
MRC004515,2026-05-31,5,0,1,0,1361,1,2,10,23,3787.02,9475.41,947.54,7,0.8,1.5987,0
MRC004516,2026-05-31,2,0,0,1,1772,3,2,11,20,948.48,29893.86,2717.62,11,0.7272,0.1269,0
MRC004517,2026-05-31,5,1,0,1,1759,1,2,6,11,888.69,5467.29,911.22,6,1.3332,0.6502,0
MRC004518,2026-05-31,2,0,0,0,634,16,0,2,5,0,1560.66,780.33,2,0.0,0.0,0
MRC004519,2026-05-31,2,0,1,1,1309,61,0,0,0,0,0,0.0,0,0.0,0.0,0
MRC004520,2026-05-31,5,0,1,1,733,16,0,1,2,0,2468.49,2468.49,1,0.0,0.0,1
MRC004521,2026-05-31,5,0,0,1,1812,1,1,2,5,398.3,533.79,266.89,2,1.9996,2.9847,0
MRC004522,2026-05-31,5,2,0,1,2286,50,0,0,1,0,0,0.0,0,0.0,0.0,0
MRC004523,2026-05-31,0,1,1,1,332,11,0,7,9,0,5405.08,772.15,7,0.0,0.0,0
MRC004524,2026-05-31,4,0,1,1,330,1,5,12,26,9164.4,22096.53,1841.38,10,1.6666,1.659,0
MRC004525,2026-05-31,2,0,1,1,742,13,0,2,3,0,1428.95,714.47,2,0.0,0.0,1
MRC004526,2026-05-31,5,0,1,0,420,13,0,1,2,0,553.67,553.67,1,0.0,0.0,0
MRC004527,2026-05-31,5,0,1,1,184,17,0,1,1,0,255.21,255.21,1,0.0,0.0,0
MRC004528,2026-05-31,2,0,1,1,2303,12,0,2,10,0,1238.6,619.3,2,0.0,0.0,0
MRC004529,2026-05-31,5,0,1,1,1437,15,0,3,7,0,2780.06,926.69,3,0.0,0.0,0
MRC004530,2026-05-31,4,0,1,1,1862,19,0,1,3,0,1079.43,1079.43,1,0.0,0.0,1
MRC004531,2026-05-31,5,0,1,0,1402,4,1,7,13,2453.5,14218.77,2031.25,7,0.5714,0.6902,0
MRC004532,2026-05-31,5,1,1,1,1795,0,12,52,104,42372.13,106221.17,2042.71,25,0.9231,1.5956,0
MRC004533,2026-05-31,5,0,1,1,1664,0,2,10,27,2355.67,16893.74,1689.37,9,0.8,0.5578,0
MRC004534,2026-05-31,2,1,1,1,515,5,1,1,3,7437.24,7437.24,7437.24,1,3.9984,4.0,0
MRC004535,2026-05-31,0,1,0,1,493,0,3,6,7,3053.41,7614.62,1269.1,6,1.9999,1.604,1
MRC004536,2026-05-31,0,2,1,1,1233,13,0,2,2,0,11486.31,5743.15,2,0.0,0.0,0
MRC004537,2026-05-31,5,0,1,1,975,1,2,5,6,2875.7,4399.38,879.88,5,1.5999,2.6146,1
MRC004538,2026-05-31,5,1,1,1,2002,10,0,8,21,0,26540.72,3317.59,6,0.0,0.0,0
MRC004539,2026-05-31,0,2,1,1,834,9,0,5,17,0,2036.11,407.22,5,0.0,0.0,0
MRC004540,2026-05-31,5,3,1,1,883,54,0,0,2,0,0,0.0,0,0.0,0.0,0
MRC004541,2026-05-31,5,2,1,1,1320,6,1,8,12,1454.98,20127.35,2515.92,5,0.5,0.2892,0
MRC004542,2026-05-31,5,0,1,1,586,3,3,15,25,3892.55,27652.53,1843.5,14,0.8,0.5631,0
MRC004543,2026-05-31,5,2,0,1,2040,17,0,1,2,0,349.1,349.1,1,0.0,0.0,0
MRC004544,2026-05-31,5,2,0,0,188,15,0,2,6,0,1705.42,852.71,2,0.0,0.0,0
MRC004545,2026-05-31,0,0,1,0,2016,4,2,5,12,4964.51,14582.2,2916.44,5,1.5999,1.3618,0
MRC004546,2026-05-31,0,0,1,1,1525,2,1,14,24,17262.34,32563.88,2325.99,11,0.2857,2.1204,0
MRC004547,2026-05-31,5,2,1,0,2105,4,1,5,8,560.67,4728.18,945.64,5,0.7999,0.4743,0
MRC004548,2026-05-31,5,0,1,1,806,0,1,1,5,446.94,446.94,446.94,1,3.9984,4.0,0
MRC004549,2026-05-31,5,1,0,1,2132,9,0,5,11,0,2982.07,596.41,5,0.0,0.0,1
MRC004550,2026-05-31,0,1,1,0,2052,8,0,3,3,0,6449.14,2149.71,2,0.0,0.0,0
MRC004551,2026-05-31,2,1,1,1,1162,19,0,2,5,0,7853.08,3926.54,2,0.0,0.0,1
MRC004552,2026-05-31,5,0,1,1,784,0,1,2,3,1601.88,6945.53,3472.76,2,1.9996,0.9225,1
MRC004553,2026-05-31,5,1,1,1,595,1,2,5,11,6777.08,8294.43,1658.89,5,1.5999,3.2683,0
MRC004554,2026-05-31,2,1,1,1,496,0,1,4,8,1560.01,6678.39,1669.6,4,0.9999,0.9344,0
MRC004555,2026-05-31,0,2,1,1,1439,6,1,6,12,89.1,4153.57,692.26,5,0.6666,0.0858,0
MRC004556,2026-05-31,5,0,1,1,2263,10,0,2,3,0,2578.07,1289.03,2,0.0,0.0,0
MRC004557,2026-05-31,5,0,0,1,1401,20,0,2,5,0,722.82,361.41,2,0.0,0.0,0
MRC004558,2026-05-31,5,0,0,1,2273,1,1,3,11,362.05,4428.97,1476.32,3,1.3332,0.327,0
MRC004559,2026-05-31,5,0,0,1,1816,3,3,18,27,13757.2,44879.66,2493.31,13,0.6667,1.2261,0
MRC004560,2026-05-31,5,3,1,1,1661,14,0,6,13,0,11063.67,1843.94,5,0.0,0.0,0
MRC004561,2026-05-31,4,0,1,1,1749,12,0,2,3,0,1922.15,961.08,2,0.0,0.0,0
MRC004562,2026-05-31,5,0,1,1,2193,2,1,5,17,542.88,3377.92,675.58,5,0.7999,0.6429,0
MRC004563,2026-05-31,5,2,1,1,2039,17,0,2,3,0,874.39,437.19,1,0.0,0.0,0
MRC004564,2026-05-31,3,0,0,1,518,66,0,0,0,0,0,0.0,0,0.0,0.0,1
MRC004565,2026-05-31,5,0,0,1,1443,3,5,22,37,11918.0,37513.37,1705.15,15,0.9091,1.2708,0
MRC004566,2026-05-31,5,1,1,0,1170,10,0,2,5,0,1535.09,767.54,2,0.0,0.0,0
MRC004567,2026-05-31,3,1,1,1,2086,1,3,14,19,3551.06,38659.69,2761.41,11,0.8571,0.3674,0
MRC004568,2026-05-31,0,2,1,1,611,34,0,0,4,0,0,0.0,0,0.0,0.0,0
MRC004569,2026-05-31,5,1,1,0,1956,36,0,0,1,0,0,0.0,0,0.0,0.0,0
MRC004570,2026-05-31,0,0,1,0,1211,42,0,0,1,0,0,0.0,0,0.0,0.0,1
MRC004571,2026-05-31,0,1,1,1,2201,5,1,3,7,1192.69,2271.9,757.3,3,1.3332,2.0999,0
MRC004572,2026-05-31,5,2,1,1,1893,2,2,5,10,942.75,3273.02,654.6,5,1.5999,1.1521,0
MRC004573,2026-05-31,5,0,1,1,918,4,1,8,12,1867.34,9003.27,1125.41,8,0.5,0.8296,0
MRC004574,2026-05-31,5,1,0,1,2011,0,1,2,3,1047.65,4514.87,2257.43,2,1.9996,0.9282,0
MRC004575,2026-05-31,5,1,1,0,574,2,1,5,7,508.69,4005.96,801.19,4,0.7999,0.5079,0
MRC004576,2026-05-31,5,1,1,1,174,122,0,0,0,0,0,0.0,0,0.0,0.0,1
MRC004577,2026-05-31,2,1,0,1,1272,3,4,13,32,3616.4,10462.65,804.82,10,1.2307,1.3826,0
MRC004578,2026-05-31,3,0,0,1,1016,7,0,1,1,0,2907.12,2907.12,1,0.0,0.0,0
MRC004579,2026-05-31,5,1,1,1,439,6,1,1,1,335.16,335.16,335.16,1,3.9984,4.0,0
MRC004580,2026-05-31,2,0,0,1,2337,26,0,1,4,0,1610.96,1610.96,1,0.0,0.0,0
MRC004581,2026-05-31,5,1,1,1,250,0,6,35,74,5737.14,42021.98,1200.63,19,0.6857,0.5461,0
MRC004582,2026-05-31,3,1,1,1,1452,4,2,8,15,4708.36,11831.43,1478.93,7,1.0,1.5918,0
MRC004583,2026-05-31,4,0,1,0,735,8,0,1,1,0,1228.16,1228.16,1,0.0,0.0,0
MRC004584,2026-05-31,5,0,0,0,812,13,0,4,14,0,9529.19,2382.3,3,0.0,0.0,0
MRC004585,2026-05-31,4,2,1,1,626,5,1,5,7,74.8,7460.79,1492.16,5,0.7999,0.0401,0
MRC004586,2026-05-31,0,0,1,1,1014,6,1,7,10,1406.26,7779.85,1111.41,6,0.5714,0.723,0
MRC004587,2026-05-31,4,0,1,1,1623,3,2,8,15,5583.59,12225.81,1528.23,7,1.0,1.8268,0
MRC004588,2026-05-31,0,0,1,1,869,0,2,4,7,125.31,2434.08,608.52,4,1.9998,0.2059,0
MRC004589,2026-05-31,2,1,0,1,1741,6,1,5,6,2180.9,9535.77,1907.15,5,0.7999,0.9148,0
MRC004590,2026-05-31,5,0,1,1,1143,3,1,2,2,515.86,715.23,357.62,2,1.9996,2.885,0
MRC004591,2026-05-31,2,2,1,1,1880,2,4,17,38,3023.73,19185.0,1128.53,14,0.9412,0.6304,0
MRC004592,2026-05-31,5,1,1,0,1136,14,0,2,2,0,1725.88,862.94,2,0.0,0.0,0
MRC004593,2026-05-31,3,0,1,1,963,32,0,0,3,0,0,0.0,0,0.0,0.0,0
MRC004594,2026-05-31,0,1,1,1,1272,34,0,0,4,0,0,0.0,0,0.0,0.0,0
MRC004595,2026-05-31,0,0,1,1,1665,18,0,1,1,0,1039.24,1039.24,1,0.0,0.0,0
MRC004596,2026-05-31,5,0,1,1,1179,7,0,2,3,0,1610.26,805.13,2,0.0,0.0,0
MRC004597,2026-05-31,5,1,0,1,2144,0,2,4,9,775.75,10328.74,2582.18,4,1.9998,0.3004,0
MRC004598,2026-05-31,5,0,1,1,1292,1,4,10,19,17604.65,26784.23,2678.42,9,1.5999,2.6291,0
MRC004599,2026-05-31,2,2,1,1,811,180,0,0,0,0,0,0.0,0,0.0,0.0,1
MRC004600,2026-05-31,5,1,1,1,226,19,0,2,5,0,949.82,474.91,2,0.0,0.0,1
MRC004601,2026-05-31,5,0,1,1,1022,4,2,2,3,2713.74,2713.74,1356.87,2,3.9992,4.0,0
MRC004602,2026-05-31,5,3,1,1,283,12,0,4,7,0,6771.34,1692.84,4,0.0,0.0,0
MRC004603,2026-05-31,0,1,0,1,243,1,2,15,31,8187.28,22199.39,1479.96,12,0.5333,1.4752,0
MRC004604,2026-05-31,5,0,0,1,975,37,0,0,2,0,0,0.0,0,0.0,0.0,0
MRC004605,2026-05-31,2,1,1,1,799,1,1,8,27,336.28,13163.87,1645.48,8,0.5,0.1022,0
MRC004606,2026-05-31,5,2,0,1,2098,1,1,1,3,1280.75,1280.75,1280.75,1,3.9984,4.0,0
MRC004607,2026-05-31,3,1,0,1,1760,3,4,20,43,3861.26,17682.19,884.11,15,0.8,0.8735,0
MRC004608,2026-05-31,5,1,1,1,1892,4,1,2,5,89.96,162.74,81.37,2,1.9996,2.2111,0
MRC004609,2026-05-31,2,1,1,1,1356,3,1,3,4,239.83,1496.37,498.79,3,1.3332,0.6411,0
MRC004610,2026-05-31,5,0,1,1,405,6,1,5,10,1252.63,9539.41,1907.88,5,0.7999,0.5252,1
MRC004611,2026-05-31,4,0,0,1,2024,3,2,16,31,3922.83,29192.6,1824.54,13,0.5,0.5375,0
MRC004612,2026-05-31,5,1,0,1,1246,6,1,6,9,916.04,10755.35,1792.56,6,0.6666,0.3407,0
MRC004613,2026-05-31,5,2,1,1,1102,9,0,4,7,0,715.98,179.0,4,0.0,0.0,0
MRC004614,2026-05-31,5,1,1,1,1486,0,3,6,12,4444.12,6322.16,1053.69,6,1.9999,2.8118,0
MRC004615,2026-05-31,5,0,1,1,522,6,1,1,2,2393.94,2393.94,2393.94,1,3.9984,4.0,0
MRC004616,2026-05-31,5,1,1,1,1216,9,0,5,11,0,6839.03,1367.81,5,0.0,0.0,0
MRC004617,2026-05-31,5,0,1,1,1488,14,0,2,4,0,1074.17,537.09,2,0.0,0.0,0
MRC004618,2026-05-31,5,0,1,0,1689,0,3,12,29,1516.77,14914.31,1242.86,12,1.0,0.4068,0
MRC004619,2026-05-31,5,1,1,1,1257,0,3,5,9,1467.07,2522.56,504.51,5,2.3998,2.3263,0
MRC004620,2026-05-31,5,0,0,1,2344,3,1,7,10,376.23,6141.59,877.37,7,0.5714,0.245,0
MRC004621,2026-05-31,5,2,1,1,2328,90,0,0,0,0,0,0.0,0,0.0,0.0,1
MRC004622,2026-05-31,3,1,1,0,375,1,1,8,16,205.68,26768.07,3346.01,7,0.5,0.0307,0
MRC004623,2026-05-31,0,1,0,1,346,1,1,2,7,2795.89,2957.16,1478.58,2,1.9996,3.7819,0
MRC004624,2026-05-31,5,2,1,1,1291,62,0,0,0,0,0,0.0,0,0.0,0.0,0
MRC004625,2026-05-31,0,1,1,1,1973,4,1,2,7,439.41,2432.47,1216.23,2,1.9996,0.7226,0
MRC004626,2026-05-31,4,2,1,1,1284,33,0,0,1,0,0,0.0,0,0.0,0.0,1
MRC004627,2026-05-31,5,2,1,1,639,13,0,3,8,0,17803.77,5934.59,3,0.0,0.0,0
MRC004628,2026-05-31,5,1,1,1,1393,14,0,6,23,0,7071.62,1178.6,6,0.0,0.0,0
MRC004629,2026-05-31,5,0,1,1,2225,7,0,1,1,0,321.07,321.07,1,0.0,0.0,0
MRC004630,2026-05-31,5,0,1,1,529,2,2,2,6,4517.17,4517.17,2258.59,2,3.9992,4.0,0
MRC004631,2026-05-31,4,2,1,1,1138,4,1,4,5,151.14,2204.09,551.02,4,0.9999,0.2743,0
MRC004632,2026-05-31,0,0,0,0,1559,92,0,0,0,0,0,0.0,0,0.0,0.0,1
MRC004633,2026-05-31,0,2,0,1,1024,5,1,5,11,307.88,10391.22,2078.24,4,0.7999,0.1185,0
MRC004634,2026-05-31,4,0,0,1,261,7,0,10,17,0,13794.9,1379.49,7,0.0,0.0,0
MRC004635,2026-05-31,5,1,0,1,1628,3,5,30,54,5671.77,37429.07,1247.64,19,0.6667,0.6061,0
MRC004636,2026-05-31,5,0,1,1,1784,15,0,3,14,0,1727.58,575.86,3,0.0,0.0,0
MRC004637,2026-05-31,5,2,1,1,1596,34,0,0,1,0,0,0.0,0,0.0,0.0,0
MRC004638,2026-05-31,4,0,1,1,1614,1,2,7,19,1513.99,12190.76,1741.54,6,1.1428,0.4968,0
MRC004639,2026-05-31,3,0,1,0,1599,9,0,7,22,0,20505.55,2929.36,6,0.0,0.0,0
MRC004640,2026-05-31,0,2,0,1,886,11,0,5,5,0,1537.68,307.54,4,0.0,0.0,0
MRC004641,2026-05-31,5,0,1,1,201,3,2,9,18,2225.08,19822.07,2202.45,9,0.8888,0.449,0
MRC004642,2026-05-31,5,0,1,1,2325,29,0,1,1,0,409.05,409.05,1,0.0,0.0,1
MRC004643,2026-05-31,0,2,0,1,611,4,1,12,24,3499.32,30281.04,2523.42,10,0.3333,0.4622,0
MRC004644,2026-05-31,5,2,0,1,1975,1,4,11,15,2552.86,8282.35,752.94,11,1.4545,1.2329,0
MRC004645,2026-05-31,5,0,1,1,1346,180,0,0,0,0,0,0.0,0,0.0,0.0,1
MRC004646,2026-05-31,2,1,1,1,1343,2,1,4,6,379.28,2688.57,672.14,4,0.9999,0.5643,0
MRC004647,2026-05-31,5,0,1,1,210,16,0,2,2,0,15531.46,7765.73,2,0.0,0.0,0
MRC004648,2026-05-31,5,0,1,1,2329,28,0,1,4,0,21092.97,21092.97,1,0.0,0.0,1
MRC004649,2026-05-31,0,1,1,1,1319,0,4,9,16,4161.17,9233.54,1025.95,8,1.7777,1.8026,0
MRC004650,2026-05-31,0,0,1,0,1978,4,2,4,5,1155.53,3556.49,889.12,4,1.9998,1.2996,0
MRC004651,2026-05-31,5,1,1,1,1864,2,3,15,31,4150.89,29167.24,1944.48,11,0.8,0.5693,0
MRC004652,2026-05-31,5,0,1,1,466,0,1,2,6,1039.14,3049.1,1524.55,2,1.9996,1.3632,0
MRC004653,2026-05-31,5,2,0,0,2235,1,1,4,5,1514.38,4896.24,1224.06,4,0.9999,1.2372,0
MRC004654,2026-05-31,5,1,1,1,1456,0,2,10,24,1075.78,15293.0,1529.3,7,0.8,0.2814,0
MRC004655,2026-05-31,5,0,1,1,569,4,1,4,7,621.43,8554.55,2138.64,4,0.9999,0.2906,0
MRC004656,2026-05-31,5,2,1,0,1434,10,0,6,8,0,8160.83,1360.14,6,0.0,0.0,0
MRC004657,2026-05-31,0,2,1,1,1511,1,1,4,10,6725.29,12558.62,3139.66,4,0.9999,2.142,0
MRC004658,2026-05-31,2,0,1,0,1591,6,1,3,6,158.62,3329.75,1109.92,3,1.3332,0.1905,0
MRC004659,2026-05-31,5,3,1,1,867,8,0,11,18,0,16060.48,1460.04,9,0.0,0.0,0
MRC004660,2026-05-31,5,0,1,1,2220,28,0,1,5,0,3930.03,3930.03,1,0.0,0.0,0
MRC004661,2026-05-31,5,0,1,1,682,60,0,0,0,0,0,0.0,0,0.0,0.0,1
MRC004662,2026-05-31,0,1,1,1,1240,8,0,1,3,0,268.59,268.59,1,0.0,0.0,1
MRC004663,2026-05-31,3,0,1,1,1997,4,1,2,2,175.88,7673.74,3836.87,2,1.9996,0.0917,0
MRC004664,2026-05-31,5,1,1,1,334,2,5,15,31,11824.58,35598.73,2373.25,11,1.3333,1.3287,0
MRC004665,2026-05-31,4,1,1,1,1046,58,0,0,1,0,0,0.0,0,0.0,0.0,0
MRC004666,2026-05-31,4,2,1,0,1212,3,3,7,9,2968.45,14090.38,2012.91,7,1.7142,0.8427,1
MRC004667,2026-05-31,5,0,1,0,1853,2,5,19,37,4709.35,28899.5,1521.03,16,1.0526,0.6518,0
MRC004668,2026-05-31,5,0,1,1,1886,57,0,0,1,0,0,0.0,0,0.0,0.0,1
MRC004669,2026-05-31,5,0,1,1,1906,1,2,11,15,939.69,11246.16,1022.38,9,0.7272,0.3342,0
MRC004670,2026-05-31,4,0,1,1,948,1,1,1,1,4842.55,4842.55,4842.55,1,3.9984,4.0,0
MRC004671,2026-05-31,3,2,1,1,1239,0,4,13,21,9971.32,19353.94,1488.76,13,1.2307,2.0608,0
MRC004672,2026-05-31,0,1,1,1,224,4,1,2,8,1101.18,4479.97,2239.99,2,1.9996,0.9832,0
MRC004673,2026-05-31,0,1,1,0,1962,8,0,2,4,0,1856.13,928.06,1,0.0,0.0,0
MRC004674,2026-05-31,3,1,1,1,827,13,0,1,2,0,3439.51,3439.51,1,0.0,0.0,0
MRC004675,2026-05-31,2,0,1,1,1186,0,4,14,29,6085.21,11755.41,839.67,12,1.1428,2.0706,0
MRC004676,2026-05-31,5,0,1,1,1655,17,0,2,4,0,1358.8,679.4,2,0.0,0.0,0
MRC004677,2026-05-31,5,1,1,1,1861,23,0,1,2,0,337.44,337.44,1,0.0,0.0,0
MRC004678,2026-05-31,0,2,1,0,352,33,0,0,3,0,0,0.0,0,0.0,0.0,0
MRC004679,2026-05-31,0,0,1,0,1841,1,2,4,8,5166.56,6343.45,1585.86,4,1.9998,3.2579,0
MRC004680,2026-05-31,5,0,1,1,986,2,1,2,7,3685.36,3965.06,1982.53,2,1.9996,3.7178,0
MRC004681,2026-05-31,0,1,1,1,1077,3,2,10,17,4294.89,13692.71,1369.27,9,0.8,1.2547,0
MRC004682,2026-05-31,0,0,1,1,455,3,1,7,8,708.32,13088.22,1869.75,6,0.5714,0.2165,0
MRC004683,2026-05-31,5,1,1,1,1731,1,2,9,12,4674.93,7168.84,796.54,8,0.8888,2.6085,0
MRC004684,2026-05-31,4,0,1,1,1204,10,0,2,3,0,2284.01,1142.01,2,0.0,0.0,0
MRC004685,2026-05-31,5,1,0,0,391,0,9,31,52,7388.65,31734.33,1023.69,21,1.1613,0.9313,0
MRC004686,2026-05-31,5,1,1,1,474,1,2,3,5,1243.57,2201.6,733.87,3,2.6663,2.2594,0
MRC004687,2026-05-31,0,2,1,1,1741,0,3,13,21,2121.61,27492.0,2114.77,10,0.923,0.3087,0
MRC004688,2026-05-31,5,1,1,1,403,28,0,1,1,0,2359.08,2359.08,1,0.0,0.0,0
MRC004689,2026-05-31,5,0,0,1,1303,132,0,0,0,0,0,0.0,0,0.0,0.0,0
MRC004690,2026-05-31,5,1,1,1,1689,40,0,0,2,0,0,0.0,0,0.0,0.0,0
MRC004691,2026-05-31,0,1,1,1,2157,8,0,7,12,0,15036.05,2148.01,6,0.0,0.0,0
MRC004692,2026-05-31,5,1,1,1,510,6,3,11,23,2082.79,10045.89,913.26,8,1.0909,0.8293,0
MRC004693,2026-05-31,4,2,1,1,811,0,1,2,2,1100.06,5116.1,2558.05,2,1.9996,0.8601,1
MRC004694,2026-05-31,5,2,1,1,503,7,0,2,3,0,778.81,389.4,2,0.0,0.0,0
MRC004695,2026-05-31,2,0,1,1,2087,5,1,6,13,1838.13,7638.06,1273.01,6,0.6666,0.9626,0
MRC004696,2026-05-31,5,1,1,1,1459,4,1,4,7,1875.44,6406.01,1601.5,4,0.9999,1.1711,0
MRC004697,2026-05-31,4,0,0,1,2313,40,0,0,2,0,0,0.0,0,0.0,0.0,0
MRC004698,2026-05-31,5,1,1,1,260,40,0,0,1,0,0,0.0,0,0.0,0.0,1
MRC004699,2026-05-31,5,2,0,1,1707,1,2,5,8,727.41,5117.85,1023.57,5,1.5999,0.5685,0
MRC004700,2026-05-31,5,1,1,1,237,0,2,10,13,1297.97,23503.84,2350.38,9,0.8,0.2209,0
MRC004701,2026-05-31,2,0,0,1,403,2,1,3,10,328.14,1352.27,450.76,3,1.3332,0.9706,0
MRC004702,2026-05-31,2,2,0,1,1107,0,1,5,12,88.59,4358.09,871.62,4,0.7999,0.0813,0
MRC004703,2026-05-31,5,1,1,0,966,13,0,1,4,0,1307.69,1307.69,1,0.0,0.0,0
MRC004704,2026-05-31,5,0,1,1,962,0,2,5,7,576.88,3651.43,730.29,5,1.5999,0.6319,0
MRC004705,2026-05-31,3,2,1,1,313,3,1,4,5,1047.27,4667.36,1166.84,4,0.9999,0.8975,0
MRC004706,2026-05-31,0,0,1,1,1354,1,2,3,3,609.29,1107.26,369.09,3,2.6663,2.2011,0
MRC004707,2026-05-31,5,1,1,1,909,0,3,4,5,3074.17,3339.84,834.96,3,2.9997,3.6818,0
MRC004708,2026-05-31,0,1,1,1,2335,2,1,3,8,222.41,4839.02,1613.01,3,1.3332,0.1838,0
MRC004709,2026-05-31,0,2,1,1,1890,2,1,4,6,97.1,1850.99,462.75,4,0.9999,0.2098,0
MRC004710,2026-05-31,4,0,1,1,1114,180,0,0,0,0,0,0.0,0,0.0,0.0,1
MRC004711,2026-05-31,5,0,0,1,1837,38,0,0,1,0,0,0.0,0,0.0,0.0,0
MRC004712,2026-05-31,5,1,0,1,1423,32,0,0,2,0,0,0.0,0,0.0,0.0,0
MRC004713,2026-05-31,5,2,1,1,1247,0,1,3,6,1703.08,8777.67,2925.89,3,1.3332,0.7761,0
MRC004714,2026-05-31,0,0,0,1,2173,0,16,51,100,26864.74,82082.26,1609.46,23,1.2549,1.3092,0
MRC004715,2026-05-31,2,0,0,1,1448,3,1,6,11,1027.03,3746.53,624.42,5,0.6666,1.0965,0
MRC004716,2026-05-31,5,2,1,1,1220,79,0,0,0,0,0,0.0,0,0.0,0.0,0
MRC004717,2026-05-31,3,1,1,1,1403,16,0,2,6,0,886.99,443.5,2,0.0,0.0,0
MRC004718,2026-05-31,0,0,0,1,1871,12,0,2,3,0,11074.33,5537.16,2,0.0,0.0,0
MRC004719,2026-05-31,2,0,1,0,1785,0,2,14,25,2629.68,17813.95,1272.42,10,0.5714,0.5905,0
MRC004720,2026-05-31,5,1,1,1,1363,0,7,11,21,17234.76,19670.33,1788.21,8,2.5454,3.5047,0
MRC004721,2026-05-31,5,1,1,1,551,1,4,14,25,11060.72,21679.45,1548.53,11,1.1428,2.0408,0
MRC004722,2026-05-31,5,1,1,1,1557,0,1,4,9,463.42,3057.87,764.47,4,0.9999,0.6062,0
MRC004723,2026-05-31,0,1,0,0,1105,14,0,2,3,0,1619.04,809.52,2,0.0,0.0,0
MRC004724,2026-05-31,5,0,1,1,2202,5,1,12,30,3712.82,25925.49,2160.46,8,0.3333,0.5728,0
MRC004725,2026-05-31,4,2,0,1,2149,7,0,4,10,0,3828.34,957.09,4,0.0,0.0,0
MRC004726,2026-05-31,5,0,1,1,166,5,1,5,10,272.79,3711.65,742.33,5,0.7999,0.294,0
MRC004727,2026-05-31,2,2,1,1,2348,0,2,6,6,1173.69,2687.88,447.98,6,1.3332,1.7466,0
MRC004728,2026-05-31,0,0,1,1,2133,180,0,0,0,0,0,0.0,0,0.0,0.0,0
MRC004729,2026-05-31,5,0,0,1,2147,3,2,8,19,4302.83,13974.34,1746.79,7,1.0,1.2316,0
MRC004730,2026-05-31,4,0,1,0,1252,6,1,7,9,10371.62,17432.6,2490.37,5,0.5714,2.3798,0
MRC004731,2026-05-31,4,0,1,1,756,180,0,0,0,0,0,0.0,0,0.0,0.0,1
MRC004732,2026-05-31,5,1,1,1,1490,12,0,5,10,0,4787.08,957.42,5,0.0,0.0,0
MRC004733,2026-05-31,5,1,0,1,2094,24,0,1,6,0,766.78,766.78,1,0.0,0.0,0
MRC004734,2026-05-31,5,2,1,1,1148,20,0,2,9,0,585.35,292.68,1,0.0,0.0,0
MRC004735,2026-05-31,2,1,1,1,2318,6,1,4,7,609.32,2221.99,555.5,4,0.9999,1.0969,0
MRC004736,2026-05-31,0,1,0,1,735,44,0,0,2,0,0,0.0,0,0.0,0.0,0
MRC004737,2026-05-31,5,0,1,1,2028,0,1,4,9,360.83,3914.11,978.53,4,0.9999,0.3687,0
MRC004738,2026-05-31,5,2,0,0,309,66,0,0,0,0,0,0.0,0,0.0,0.0,0
MRC004739,2026-05-31,0,0,0,1,1999,8,0,1,2,0,2891.8,2891.8,1,0.0,0.0,1
MRC004740,2026-05-31,5,0,1,1,2230,0,4,6,16,2718.24,4441.48,740.25,6,2.6665,2.448,0
MRC004741,2026-05-31,5,0,1,1,1700,0,1,5,13,39.87,2569.43,513.89,5,0.7999,0.0621,0
MRC004742,2026-05-31,0,0,0,1,1528,3,4,17,32,12629.77,37015.88,2177.4,12,0.9412,1.3648,0
MRC004743,2026-05-31,5,1,0,1,1064,13,0,3,4,0,1234.65,411.55,3,0.0,0.0,0
MRC004744,2026-05-31,5,0,0,1,2073,25,0,1,2,0,2909.39,2909.39,1,0.0,0.0,1
MRC004745,2026-05-31,4,0,0,1,441,0,3,9,14,18355.0,21596.02,2399.56,9,1.3333,3.3997,0
MRC004746,2026-05-31,5,2,0,1,800,29,0,1,4,0,376.27,376.27,1,0.0,0.0,0
MRC004747,2026-05-31,0,0,1,1,451,15,0,1,3,0,174.7,174.7,1,0.0,0.0,0
MRC004748,2026-05-31,0,1,0,1,772,10,0,6,9,0,3787.73,631.29,5,0.0,0.0,0
MRC004749,2026-05-31,5,0,1,1,1308,27,0,1,8,0,862.53,862.53,1,0.0,0.0,0
MRC004750,2026-05-31,5,2,1,1,898,41,0,0,1,0,0,0.0,0,0.0,0.0,0
MRC004751,2026-05-31,4,1,1,1,1083,134,0,0,0,0,0,0.0,0,0.0,0.0,0
MRC004752,2026-05-31,5,0,1,1,669,0,2,8,17,1558.92,7302.62,912.83,7,1.0,0.8539,0
MRC004753,2026-05-31,5,2,1,1,935,6,1,3,3,1046.28,2530.8,843.6,3,1.3332,1.6537,0
MRC004754,2026-05-31,5,1,1,1,1253,2,1,4,13,553.32,10745.92,2686.48,4,0.9999,0.206,0
MRC004755,2026-05-31,5,0,0,1,632,1,2,5,13,1329.46,3029.96,605.99,5,1.5999,1.7551,0
MRC004756,2026-05-31,5,1,0,1,2210,0,4,13,23,3283.17,9355.21,719.63,10,1.2307,1.4038,0
MRC004757,2026-05-31,2,1,0,1,2125,4,2,5,7,7340.08,9406.34,1881.27,4,1.5999,3.1213,0
MRC004758,2026-05-31,5,0,1,1,2079,9,0,2,6,0,2714.86,1357.43,2,0.0,0.0,0
MRC004759,2026-05-31,5,0,1,1,168,34,0,0,3,0,0,0.0,0,0.0,0.0,0
MRC004760,2026-05-31,5,0,1,1,1246,63,0,0,0,0,0,0.0,0,0.0,0.0,0
MRC004761,2026-05-31,2,1,1,1,1902,2,2,6,9,1354.27,9219.47,1536.58,6,1.3332,0.5876,0
MRC004762,2026-05-31,0,2,1,1,927,15,0,3,3,0,6404.91,2134.97,3,0.0,0.0,0
MRC004763,2026-05-31,0,1,1,1,671,16,0,1,8,0,4166.32,4166.32,1,0.0,0.0,0
MRC004764,2026-05-31,5,3,1,1,1501,5,1,9,27,574.78,5429.67,603.3,7,0.4444,0.4234,0
MRC004765,2026-05-31,5,0,1,1,170,21,0,1,5,0,1204.76,1204.76,1,0.0,0.0,0
MRC004766,2026-05-31,5,1,0,0,1502,27,0,1,1,0,2541.02,2541.02,1,0.0,0.0,1
MRC004767,2026-05-31,5,2,1,1,1151,6,1,2,5,11609.59,12864.4,6432.2,2,1.9996,3.6098,1
MRC004768,2026-05-31,0,1,1,1,1659,12,0,2,3,0,1906.71,953.36,2,0.0,0.0,1
MRC004769,2026-05-31,0,0,1,1,1657,13,0,10,23,0,9768.17,976.82,8,0.0,0.0,0
MRC004770,2026-05-31,5,0,1,1,1335,3,2,5,8,1899.46,4342.43,868.49,5,1.5999,1.7497,0
MRC004771,2026-05-31,3,0,1,1,1440,15,0,2,6,0,6348.98,3174.49,2,0.0,0.0,0
MRC004772,2026-05-31,5,1,1,1,223,11,0,2,3,0,4438.69,2219.35,2,0.0,0.0,0
MRC004773,2026-05-31,0,3,1,1,2309,19,0,1,2,0,359.99,359.99,1,0.0,0.0,0
MRC004774,2026-05-31,2,0,1,1,331,5,1,5,17,551.39,4023.4,804.68,4,0.7999,0.5482,0
MRC004775,2026-05-31,5,0,0,1,2298,2,4,18,47,1549.89,10963.61,609.09,13,0.8889,0.5655,0
MRC004776,2026-05-31,0,0,1,1,2292,63,0,0,0,0,0,0.0,0,0.0,0.0,1
MRC004777,2026-05-31,0,1,1,1,1733,5,1,6,14,75.31,11140.34,1856.72,6,0.6666,0.027,0
MRC004778,2026-05-31,5,1,1,1,1795,3,1,4,5,671.2,17229.44,4307.36,4,0.9999,0.1558,0
MRC004779,2026-05-31,5,0,1,1,230,2,2,21,31,2197.92,27368.83,1303.28,15,0.3809,0.3212,0
MRC004780,2026-05-31,5,1,0,1,2236,9,0,1,1,0,640.06,640.06,1,0.0,0.0,1
MRC004781,2026-05-31,5,0,0,1,1319,16,0,3,6,0,4403.97,1467.99,3,0.0,0.0,0
MRC004782,2026-05-31,5,1,1,1,906,5,1,3,6,280.53,478.9,159.63,3,1.3332,2.3431,0
MRC004783,2026-05-31,0,1,1,1,1628,1,2,3,6,1328.08,7309.92,2436.64,3,2.6663,0.7267,0
MRC004784,2026-05-31,5,0,1,1,1333,16,0,3,7,0,25044.74,8348.25,3,0.0,0.0,0
MRC004785,2026-05-31,5,1,0,0,955,14,0,4,7,0,2811.78,702.95,4,0.0,0.0,0
MRC004786,2026-05-31,5,1,0,1,868,8,0,3,4,0,1765.66,588.55,3,0.0,0.0,0
MRC004787,2026-05-31,5,1,1,1,423,0,8,21,32,14413.82,28769.09,1369.96,14,1.5238,2.0041,0
MRC004788,2026-05-31,5,1,1,1,2151,2,2,2,4,12069.48,12069.48,6034.74,2,3.9992,4.0,0
MRC004789,2026-05-31,0,1,0,1,1619,4,1,7,11,212.19,17981.24,2568.75,5,0.5714,0.0472,0
MRC004790,2026-05-31,3,0,0,1,793,5,1,3,8,74.31,6167.07,2055.69,3,1.3332,0.0482,0
MRC004791,2026-05-31,5,2,1,1,1745,0,3,8,18,925.0,15473.01,1934.13,7,1.4999,0.2391,0
MRC004792,2026-05-31,0,2,0,1,1680,9,0,2,3,0,2043.5,1021.75,2,0.0,0.0,0
MRC004793,2026-05-31,2,0,0,1,470,1,1,7,15,3187.77,7005.78,1000.83,7,0.5714,1.8201,0
MRC004794,2026-05-31,5,2,1,1,547,4,2,4,8,5617.42,10608.61,2652.15,4,1.9998,2.1181,0
MRC004795,2026-05-31,0,1,1,1,669,101,0,0,0,0,0,0.0,0,0.0,0.0,0
MRC004796,2026-05-31,2,0,1,0,394,1,1,1,2,50.68,50.68,50.68,1,3.9984,4.0,0
MRC004797,2026-05-31,5,1,1,1,1963,3,6,28,58,12764.66,51999.93,1857.14,15,0.8571,0.9819,0
MRC004798,2026-05-31,5,0,1,0,505,5,1,2,4,1449.93,9178.56,4589.28,2,1.9996,0.6319,0
MRC004799,2026-05-31,3,1,1,1,1937,5,1,4,4,1461.86,2789.43,697.36,4,0.9999,2.0963,0
MRC004800,2026-05-31,5,2,1,1,1321,8,0,4,11,0,2172.14,543.03,4,0.0,0.0,0
MRC004801,2026-05-31,5,0,1,1,420,29,0,1,2,0,2003.88,2003.88,1,0.0,0.0,0
MRC004802,2026-05-31,5,1,1,1,2010,4,1,2,4,5501.22,5619.76,2809.88,2,1.9996,3.9156,0
MRC004803,2026-05-31,0,0,1,1,544,0,1,3,8,572.78,1236.54,412.18,2,1.3332,1.8528,0
MRC004804,2026-05-31,5,1,0,1,2348,4,1,7,15,86.3,17123.32,2446.19,7,0.5714,0.0202,0
MRC004805,2026-05-31,4,2,0,1,195,9,0,1,1,0,3902.95,3902.95,1,0.0,0.0,0
MRC004806,2026-05-31,5,0,1,1,1525,0,5,24,56,7176.81,46084.45,1920.19,19,0.8333,0.6229,0
MRC004807,2026-05-31,5,1,1,1,850,6,1,2,5,191.6,3945.11,1972.56,2,1.9996,0.1943,0
MRC004808,2026-05-31,2,0,1,1,1330,2,1,4,5,3569.06,5914.74,1478.68,4,0.9999,2.4137,1
MRC004809,2026-05-31,3,1,0,1,1999,5,1,8,13,1000.85,5459.76,682.47,8,0.5,0.7333,0
MRC004810,2026-05-31,3,1,1,1,1884,2,1,2,2,1018.69,1391.1,695.55,2,1.9996,2.9292,1
MRC004811,2026-05-31,5,1,0,1,779,2,5,14,33,8765.46,17683.9,1263.14,11,1.4285,1.9827,0
MRC004812,2026-05-31,4,0,1,1,304,5,1,1,1,490.43,490.43,490.43,1,3.9984,4.0,1
MRC004813,2026-05-31,5,1,1,1,784,3,5,12,18,3445.41,10792.8,899.4,10,1.6666,1.2769,0
MRC004814,2026-05-31,0,1,0,1,1933,6,1,18,34,8641.83,28455.61,1580.87,12,0.2222,1.2148,0
MRC004815,2026-05-31,5,1,1,1,1291,2,1,2,3,305.54,3871.27,1935.63,2,1.9996,0.3157,0
MRC004816,2026-05-31,5,1,1,1,1822,19,0,3,5,0,3536.92,1178.97,3,0.0,0.0,0
MRC004817,2026-05-31,2,2,1,0,1245,1,1,2,3,1245.38,1881.77,940.88,2,1.9996,2.6473,0
MRC004818,2026-05-31,0,0,1,1,1322,1,1,10,19,225.19,16245.85,1624.59,9,0.4,0.0554,0
MRC004819,2026-05-31,5,0,0,1,306,22,0,1,3,0,7087.13,7087.13,1,0.0,0.0,1
MRC004820,2026-05-31,5,3,0,1,215,12,0,4,7,0,1364.83,341.21,4,0.0,0.0,0
MRC004821,2026-05-31,2,0,1,1,1701,8,0,2,3,0,3787.99,1894.0,2,0.0,0.0,0
MRC004822,2026-05-31,3,2,1,1,606,40,0,0,1,0,0,0.0,0,0.0,0.0,0
MRC004823,2026-05-31,5,1,1,1,953,13,0,1,2,0,13469.71,13469.71,1,0.0,0.0,0
MRC004824,2026-05-31,0,2,1,1,972,0,2,5,6,4282.01,6079.01,1215.8,5,1.5999,2.8176,0
MRC004825,2026-05-31,5,1,1,1,1548,7,0,6,11,0,8977.5,1496.25,6,0.0,0.0,0
MRC004826,2026-05-31,5,2,1,1,2221,82,0,0,0,0,0,0.0,0,0.0,0.0,0
MRC004827,2026-05-31,0,1,0,1,1820,6,1,4,8,523.7,2086.94,521.74,4,0.9999,1.0038,0
MRC004828,2026-05-31,5,1,1,1,1560,2,1,2,6,1056.58,2492.27,1246.13,2,1.9996,1.6958,0
MRC004829,2026-05-31,2,0,1,1,1989,1,2,7,17,314.92,7801.62,1114.52,6,1.1428,0.1615,0
MRC004830,2026-05-31,5,0,1,1,1279,12,0,2,7,0,585.89,292.94,2,0.0,0.0,0
MRC004831,2026-05-31,5,0,1,1,482,0,3,10,20,4237.21,9948.4,994.84,7,1.2,1.7037,0
MRC004832,2026-05-31,3,2,1,1,1232,35,0,0,2,0,0,0.0,0,0.0,0.0,1
MRC004833,2026-05-31,5,0,0,0,2301,18,0,4,8,0,5529.3,1382.33,4,0.0,0.0,0
MRC004834,2026-05-31,2,1,1,1,1869,0,4,11,17,8664.63,12071.47,1097.41,10,1.4545,2.8711,0
MRC004835,2026-05-31,5,1,1,1,929,16,0,1,3,0,1723.89,1723.89,1,0.0,0.0,0
MRC004836,2026-05-31,5,0,0,1,872,5,1,2,3,1011.6,1147.85,573.92,2,1.9996,3.5252,1
MRC004837,2026-05-31,5,3,1,1,2170,11,0,2,5,0,1842.01,921.0,1,0.0,0.0,0
MRC004838,2026-05-31,5,0,1,1,371,1,2,5,12,2190.16,7670.51,1534.1,5,1.5999,1.1421,0
MRC004839,2026-05-31,4,1,1,1,2203,4,1,2,3,130.69,5147.91,2573.95,2,1.9996,0.1015,1
MRC004840,2026-05-31,0,1,1,1,1644,7,0,8,13,0,4666.2,583.27,8,0.0,0.0,0
MRC004841,2026-05-31,5,0,1,1,1929,0,4,8,12,5637.82,15574.2,1946.78,7,1.9999,1.448,0
MRC004842,2026-05-31,2,0,0,1,883,1,1,1,2,2534.01,2534.01,2534.01,1,3.9984,4.0,0
MRC004843,2026-05-31,3,1,1,1,1581,0,3,7,9,3799.56,11376.47,1625.21,6,1.7142,1.3359,0
MRC004844,2026-05-31,5,0,0,1,876,2,2,2,3,4201.6,4201.6,2100.8,1,3.9992,4.0,0
MRC004845,2026-05-31,5,2,1,1,202,0,2,18,33,635.66,39513.89,2195.22,15,0.4444,0.0643,0
MRC004846,2026-05-31,5,1,1,1,1158,2,3,4,6,3781.27,4204.23,1051.06,4,2.9997,3.5976,0
MRC004847,2026-05-31,5,0,0,1,2306,67,0,0,0,0,0,0.0,0,0.0,0.0,1
MRC004848,2026-05-31,5,0,1,1,695,20,0,1,5,0,947.17,947.17,1,0.0,0.0,0
MRC004849,2026-05-31,0,0,1,1,519,21,0,1,1,0,708.35,708.35,1,0.0,0.0,0
MRC004850,2026-05-31,5,1,0,1,2178,116,0,0,0,0,0,0.0,0,0.0,0.0,1
MRC004851,2026-05-31,0,1,1,1,2153,7,0,2,2,0,2833.43,1416.72,2,0.0,0.0,0
MRC004852,2026-05-31,5,0,1,1,2015,5,1,7,12,876.47,5876.35,839.48,7,0.5714,0.5966,0
MRC004853,2026-05-31,5,1,1,1,2298,0,2,8,21,2144.9,10762.54,1345.32,7,1.0,0.7972,0
MRC004854,2026-05-31,5,1,1,0,2330,0,1,10,22,1287.95,12118.95,1211.89,6,0.4,0.4251,0
MRC004855,2026-05-31,5,1,0,1,2171,17,0,1,1,0,151.66,151.66,1,0.0,0.0,1
MRC004856,2026-05-31,5,0,0,0,2272,23,0,2,2,0,3994.77,1997.38,2,0.0,0.0,0
MRC004857,2026-05-31,4,0,1,1,1791,5,1,6,9,1104.45,4284.97,714.16,5,0.6666,1.031,0
MRC004858,2026-05-31,5,0,1,1,852,180,0,0,0,0,0,0.0,0,0.0,0.0,1
MRC004859,2026-05-31,0,1,1,1,1166,3,1,6,11,435.28,10524.47,1754.08,5,0.6666,0.1654,0
MRC004860,2026-05-31,5,1,1,1,996,0,4,8,11,6551.78,8084.9,1010.61,7,1.9999,3.2415,0
MRC004861,2026-05-31,5,0,1,0,1278,10,0,1,6,0,275.04,275.04,1,0.0,0.0,0
MRC004862,2026-05-31,5,0,0,1,1690,31,0,0,1,0,0,0.0,0,0.0,0.0,0
MRC004863,2026-05-31,5,1,1,1,693,22,0,1,3,0,290.11,290.11,1,0.0,0.0,1
MRC004864,2026-05-31,5,0,1,1,199,1,1,2,2,534.56,6235.26,3117.63,2,1.9996,0.3429,0
MRC004865,2026-05-31,5,1,1,1,1481,0,2,4,11,917.46,2674.49,668.62,4,1.9998,1.3722,0
MRC004866,2026-05-31,0,1,1,1,2336,3,2,5,7,385.46,22560.15,4512.03,4,1.5999,0.0683,0
MRC004867,2026-05-31,2,0,1,1,2048,2,3,8,16,12284.71,20435.93,2554.49,7,1.4999,2.4045,0
MRC004868,2026-05-31,5,1,1,1,188,0,2,5,5,4591.37,9474.55,1894.91,5,1.5999,1.9384,0
MRC004869,2026-05-31,5,0,1,1,1473,2,3,5,7,7838.63,9598.81,1919.76,4,2.3998,3.2665,0
MRC004870,2026-05-31,5,1,1,0,1326,18,0,1,1,0,210.02,210.02,1,0.0,0.0,0
MRC004871,2026-05-31,4,0,1,1,1093,0,1,3,5,92.29,2909.85,969.95,3,1.3332,0.1269,1
MRC004872,2026-05-31,0,1,1,1,1626,10,0,1,2,0,410.34,410.34,1,0.0,0.0,1
MRC004873,2026-05-31,5,1,1,1,1096,0,2,7,15,20777.86,25876.44,3696.63,5,1.1428,3.2119,0
MRC004874,2026-05-31,0,0,1,1,2162,15,0,1,2,0,1083.93,1083.93,1,0.0,0.0,0
MRC004875,2026-05-31,5,1,1,1,2148,9,0,1,2,0,684.3,684.3,1,0.0,0.0,1
MRC004876,2026-05-31,2,1,1,0,1572,0,1,4,7,368.71,11145.21,2786.3,4,0.9999,0.1323,0
MRC004877,2026-05-31,2,2,1,1,1166,8,0,13,23,0,9898.83,761.45,9,0.0,0.0,0
MRC004878,2026-05-31,5,0,1,1,1469,34,0,0,3,0,0,0.0,0,0.0,0.0,0
MRC004879,2026-05-31,5,0,1,1,2131,1,1,3,11,891.39,6574.63,2191.54,3,1.3332,0.5423,0
MRC004880,2026-05-31,5,0,1,1,821,13,0,2,7,0,4172.1,2086.05,2,0.0,0.0,0
MRC004881,2026-05-31,5,2,0,0,2062,1,1,1,2,870.37,870.37,870.37,1,3.9984,4.0,0
MRC004882,2026-05-31,5,1,1,1,1456,1,8,29,59,20375.88,46981.77,1620.06,16,1.1034,1.7348,0
MRC004883,2026-05-31,5,0,1,1,303,13,0,1,3,0,3513.78,3513.78,1,0.0,0.0,0
MRC004884,2026-05-31,5,1,1,1,1803,6,1,5,11,625.98,9531.56,1906.31,5,0.7999,0.2627,0
MRC004885,2026-05-31,5,0,1,1,606,3,1,3,4,837.8,3665.19,1221.73,3,1.3332,0.9143,0
MRC004886,2026-05-31,5,1,0,1,1291,21,0,1,3,0,977.97,977.97,1,0.0,0.0,0
MRC004887,2026-05-31,4,1,1,0,2241,12,0,6,11,0,2718.83,453.14,4,0.0,0.0,0
MRC004888,2026-05-31,0,1,1,1,1868,19,0,2,2,0,1739.85,869.92,2,0.0,0.0,0
MRC004889,2026-05-31,5,1,0,1,1693,2,4,22,41,6251.35,26401.17,1200.05,14,0.7273,0.9471,0
MRC004890,2026-05-31,5,0,1,1,317,0,1,7,12,308.0,4631.4,661.63,7,0.5714,0.266,0
MRC004891,2026-05-31,0,1,0,1,2042,5,1,3,12,1633.51,2250.6,750.2,3,1.3332,2.9032,0
MRC004892,2026-05-31,2,1,1,1,897,0,3,6,17,4230.39,21105.54,3517.59,6,1.9999,0.8018,1
MRC004893,2026-05-31,5,0,1,1,274,3,1,1,3,4750.11,4750.11,4750.11,1,3.9984,4.0,0
MRC004894,2026-05-31,5,2,1,1,2262,5,3,7,16,15527.13,20382.22,2911.75,5,1.7142,3.0472,0
MRC004895,2026-05-31,5,1,1,1,581,1,2,5,13,1355.99,4404.69,880.94,5,1.5999,1.2314,0
MRC004896,2026-05-31,0,2,1,1,871,15,0,1,3,0,16698.07,16698.07,1,0.0,0.0,0
MRC004897,2026-05-31,5,1,1,1,475,41,0,0,2,0,0,0.0,0,0.0,0.0,1
MRC004898,2026-05-31,5,0,1,0,1523,101,0,0,0,0,0,0.0,0,0.0,0.0,1
MRC004899,2026-05-31,3,1,0,1,2061,12,0,1,7,0,226.19,226.19,1,0.0,0.0,0
MRC004900,2026-05-31,2,1,1,1,1300,14,0,2,5,0,1343.55,671.77,2,0.0,0.0,0
MRC004901,2026-05-31,5,0,1,1,2064,4,1,12,16,85.91,15405.58,1283.8,10,0.3333,0.0223,0
MRC004902,2026-05-31,5,1,1,0,2211,0,4,7,21,14183.31,20402.3,2914.61,6,2.2856,2.7807,0
MRC004903,2026-05-31,5,0,0,1,2071,1,4,4,6,1438.95,1438.95,359.74,4,3.9996,4.0,0
MRC004904,2026-05-31,5,0,1,1,520,19,0,4,10,0,28555.84,7138.96,3,0.0,0.0,0
MRC004905,2026-05-31,5,2,1,0,615,2,1,4,5,2498.64,14971.72,3742.93,4,0.9999,0.6676,0
MRC004906,2026-05-31,2,0,1,1,819,1,1,9,21,4096.05,15753.6,1750.4,7,0.4444,1.04,0
MRC004907,2026-05-31,5,1,1,1,1559,4,1,4,5,128.58,3312.05,828.01,3,0.9999,0.1553,0
MRC004908,2026-05-31,5,1,1,1,2049,4,1,7,15,640.19,6007.36,858.19,6,0.5714,0.4263,0
MRC004909,2026-05-31,4,1,1,1,848,3,3,13,25,2983.89,13256.61,1019.74,7,0.923,0.9003,0
MRC004910,2026-05-31,4,0,1,1,1620,0,1,3,7,239.61,1494.18,498.06,3,1.3332,0.6414,0
MRC004911,2026-05-31,5,1,1,1,574,2,1,2,2,210.83,1490.59,745.29,2,1.9996,0.5658,0
MRC004912,2026-05-31,5,1,1,1,1351,0,15,46,86,25002.74,60401.92,1313.09,24,1.3043,1.6558,0
MRC004913,2026-05-31,5,2,1,1,1868,2,1,5,9,1023.73,10432.71,2086.54,5,0.7999,0.3925,0
MRC004914,2026-05-31,0,0,1,1,1027,7,0,2,4,0,721.86,360.93,2,0.0,0.0,0
MRC004915,2026-05-31,2,0,1,1,521,1,3,13,30,28741.63,35005.03,2692.69,13,0.923,3.2843,0
MRC004916,2026-05-31,4,1,1,1,1063,30,0,0,4,0,0,0.0,0,0.0,0.0,0
MRC004917,2026-05-31,5,0,0,1,1830,17,0,4,8,0,11957.33,2989.33,4,0.0,0.0,0
MRC004918,2026-05-31,5,1,1,0,2207,1,1,2,7,2145.42,2243.59,1121.8,2,1.9996,3.825,0
MRC004919,2026-05-31,5,1,1,1,1511,18,0,4,8,0,4102.68,1025.67,3,0.0,0.0,0
MRC004920,2026-05-31,5,1,1,0,1631,9,0,2,4,0,2266.02,1133.01,2,0.0,0.0,0
MRC004921,2026-05-31,0,3,0,1,1081,15,0,1,1,0,884.24,884.24,1,0.0,0.0,0
MRC004922,2026-05-31,5,1,1,1,2195,14,0,4,8,0,5093.09,1273.27,4,0.0,0.0,0
MRC004923,2026-05-31,5,2,1,1,2065,1,1,1,3,229.73,229.73,229.73,1,3.9984,4.0,0
MRC004924,2026-05-31,5,1,1,1,2289,3,1,5,11,337.92,4594.62,918.92,4,0.7999,0.2942,0
MRC004925,2026-05-31,4,0,1,1,2051,13,0,2,4,0,3027.42,1513.71,2,0.0,0.0,0
MRC004926,2026-05-31,5,1,1,1,1360,9,0,2,3,0,10227.8,5113.9,2,0.0,0.0,0
MRC004927,2026-05-31,2,1,1,1,2263,4,1,5,10,384.71,4415.55,883.11,5,0.7999,0.3485,0
MRC004928,2026-05-31,0,3,1,0,1497,0,3,8,11,3788.71,13973.38,1746.67,7,1.4999,1.0846,0
MRC004929,2026-05-31,0,0,1,0,1479,0,14,45,68,22841.74,58322.38,1296.05,24,1.2444,1.5666,0
MRC004930,2026-05-31,0,0,1,1,1599,2,1,5,11,448.71,3143.04,628.61,5,0.7999,0.5711,0
MRC004931,2026-05-31,0,2,0,1,571,8,0,5,10,0,14808.67,2961.73,5,0.0,0.0,0
MRC004932,2026-05-31,5,0,1,1,1998,0,2,3,8,2376.04,5951.26,1983.75,2,2.6663,1.597,0
MRC004933,2026-05-31,2,1,0,1,957,1,4,13,20,10953.33,38393.45,2953.34,11,1.2307,1.1412,0
MRC004934,2026-05-31,5,1,1,0,1605,2,3,7,14,7186.58,10216.58,1459.51,7,1.7142,2.8137,0
MRC004935,2026-05-31,5,0,1,1,2009,2,1,3,7,403.84,6350.77,2116.92,3,1.3332,0.2544,0
MRC004936,2026-05-31,5,0,1,1,415,5,1,2,4,469.93,9618.16,4809.08,2,1.9996,0.1954,0
MRC004937,2026-05-31,5,2,1,1,822,7,0,7,15,0,11177.45,1596.78,7,0.0,0.0,0
MRC004938,2026-05-31,5,0,1,1,2224,8,0,1,5,0,1016.47,1016.47,1,0.0,0.0,0
MRC004939,2026-05-31,0,1,1,1,953,76,0,0,0,0,0,0.0,0,0.0,0.0,0
MRC004940,2026-05-31,5,1,1,1,1609,1,1,1,2,4339.11,4339.11,4339.11,1,3.9984,4.0,1
MRC004941,2026-05-31,5,1,1,0,1392,14,0,6,9,0,7441.54,1240.26,5,0.0,0.0,0
MRC004942,2026-05-31,5,1,0,1,2065,4,1,5,8,369.79,3613.48,722.7,5,0.7999,0.4093,0
MRC004943,2026-05-31,5,0,1,1,1280,0,10,42,84,9481.58,72642.44,1729.58,21,0.9524,0.5221,0
MRC004944,2026-05-31,5,2,1,1,1093,2,2,3,7,9953.18,10433.57,3477.86,3,2.6663,3.8158,0
MRC004945,2026-05-31,5,0,1,1,200,0,1,2,3,248.1,1340.06,670.03,2,1.9996,0.7406,0
MRC004946,2026-05-31,3,0,1,1,1202,0,1,2,5,996.67,2001.47,1000.73,2,1.9996,1.9919,0
MRC004947,2026-05-31,5,2,1,0,1443,0,1,13,22,758.3,33170.7,2551.59,11,0.3077,0.0914,0
MRC004948,2026-05-31,5,0,1,1,1670,12,0,7,10,0,21630.64,3090.09,7,0.0,0.0,0
MRC004949,2026-05-31,5,0,1,1,1869,41,0,0,2,0,0,0.0,0,0.0,0.0,1
MRC004950,2026-05-31,5,3,1,1,1861,5,1,2,4,1553.64,1669.0,834.5,2,1.9996,3.7235,1
MRC004951,2026-05-31,5,0,1,1,1168,49,0,0,3,0,0,0.0,0,0.0,0.0,0
MRC004952,2026-05-31,3,0,1,1,336,9,0,2,4,0,3272.1,1636.05,2,0.0,0.0,0
MRC004953,2026-05-31,0,1,1,0,720,27,0,1,4,0,919.09,919.09,1,0.0,0.0,0
MRC004954,2026-05-31,4,1,1,1,1055,2,1,3,9,882.19,2682.81,894.27,2,1.3332,1.3153,0
MRC004955,2026-05-31,5,2,1,1,2304,9,0,3,4,0,2297.29,765.76,3,0.0,0.0,0
MRC004956,2026-05-31,0,1,1,1,1847,0,7,15,24,8266.66,13700.95,913.4,12,1.8666,2.4135,0
MRC004957,2026-05-31,5,3,1,1,2119,0,3,8,22,3470.81,6605.37,825.67,6,1.4999,2.1018,0
MRC004958,2026-05-31,5,0,1,1,2333,5,1,1,5,1592.84,1592.84,1592.84,1,3.9984,4.0,0
MRC004959,2026-05-31,5,1,1,1,456,35,0,0,1,0,0,0.0,0,0.0,0.0,1
MRC004960,2026-05-31,5,0,1,1,190,11,0,1,2,0,1064.73,1064.73,1,0.0,0.0,0
MRC004961,2026-05-31,5,2,1,1,1419,6,1,3,6,1721.94,7216.5,2405.5,3,1.3332,0.9544,0
MRC004962,2026-05-31,2,2,0,1,743,1,1,3,7,2750.51,9916.78,3305.59,3,1.3332,1.1094,0
MRC004963,2026-05-31,0,0,1,0,2063,66,0,0,0,0,0,0.0,0,0.0,0.0,0
MRC004964,2026-05-31,5,2,1,1,1180,6,1,2,2,1094.04,5661.88,2830.94,2,1.9996,0.7729,0
MRC004965,2026-05-31,0,1,0,0,185,11,0,1,4,0,1896.52,1896.52,1,0.0,0.0,0
MRC004966,2026-05-31,5,0,1,1,652,19,0,1,3,0,217.97,217.97,1,0.0,0.0,0
MRC004967,2026-05-31,5,1,0,1,911,1,1,2,6,482.9,960.63,480.31,2,1.9996,2.0108,0
MRC004968,2026-05-31,3,3,0,1,223,13,0,7,14,0,6459.74,922.82,5,0.0,0.0,0
MRC004969,2026-05-31,5,0,1,1,858,10,0,3,7,0,3630.38,1210.13,3,0.0,0.0,1
MRC004970,2026-05-31,5,0,1,1,1343,10,0,3,7,0,3404.67,1134.89,3,0.0,0.0,0
MRC004971,2026-05-31,5,3,1,0,2116,0,1,2,3,1026.41,1888.56,944.28,2,1.9996,2.174,1
MRC004972,2026-05-31,5,1,0,1,1583,16,0,2,3,0,1412.76,706.38,2,0.0,0.0,0
MRC004973,2026-05-31,5,1,1,1,368,21,0,1,3,0,546.54,546.54,1,0.0,0.0,1
MRC004974,2026-05-31,0,1,1,1,1074,47,0,0,1,0,0,0.0,0,0.0,0.0,0
MRC004975,2026-05-31,5,1,1,0,1844,99,0,0,0,0,0,0.0,0,0.0,0.0,0
MRC004976,2026-05-31,2,0,1,0,973,7,0,1,2,0,140.85,140.85,1,0.0,0.0,0
MRC004977,2026-05-31,3,0,1,1,1395,16,0,2,2,0,449.0,224.5,1,0.0,0.0,1
MRC004978,2026-05-31,5,2,1,1,2318,5,1,1,2,2615.76,2615.76,2615.76,1,3.9984,4.0,1
MRC004979,2026-05-31,0,1,0,0,466,3,1,7,11,213.01,9292.59,1327.51,5,0.5714,0.0917,0
MRC004980,2026-05-31,5,1,1,1,1208,1,1,15,28,1765.15,29340.82,1956.05,11,0.2667,0.2406,0
MRC004981,2026-05-31,0,2,1,1,1497,2,4,13,20,3204.24,13427.14,1032.86,11,1.2307,0.9546,0
MRC004982,2026-05-31,4,0,1,0,1908,3,1,2,3,1911.58,2509.12,1254.56,2,1.9996,3.0474,0
MRC004983,2026-05-31,0,2,1,1,1993,113,0,0,0,0,0,0.0,0,0.0,0.0,0
MRC004984,2026-05-31,0,1,1,1,792,6,1,3,4,589.18,4487.73,1495.91,3,1.3332,0.5251,0
MRC004985,2026-05-31,5,2,1,1,1185,85,0,0,0,0,0,0.0,0,0.0,0.0,1
MRC004986,2026-05-31,5,0,0,1,1978,12,0,1,1,0,3318.7,3318.7,1,0.0,0.0,0
MRC004987,2026-05-31,5,0,1,1,1998,10,0,3,3,0,3823.66,1274.55,3,0.0,0.0,0
MRC004988,2026-05-31,5,1,1,1,1964,59,0,0,1,0,0,0.0,0,0.0,0.0,1
MRC004989,2026-05-31,5,2,1,1,1623,0,5,15,30,5093.78,29173.79,1944.92,14,1.3333,0.6984,0
MRC004990,2026-05-31,5,3,1,1,749,22,0,1,2,0,1903.08,1903.08,1,0.0,0.0,0
MRC004991,2026-05-31,3,1,1,1,969,11,0,1,1,0,1793.12,1793.12,1,0.0,0.0,0
MRC004992,2026-05-31,0,1,1,1,1598,52,0,0,1,0,0,0.0,0,0.0,0.0,0
MRC004993,2026-05-31,5,0,1,0,720,4,1,2,3,471.81,12452.06,6226.03,2,1.9996,0.1516,0
MRC004994,2026-05-31,5,1,0,1,1655,5,1,4,10,4615.54,7622.79,1905.7,4,0.9999,2.422,0
MRC004995,2026-05-31,4,2,1,0,1290,25,0,2,4,0,10782.46,5391.23,2,0.0,0.0,0
MRC004996,2026-05-31,5,1,1,1,1132,0,1,4,6,544.57,9518.32,2379.58,4,0.9999,0.2289,0
MRC004997,2026-05-31,2,0,1,1,941,1,2,3,8,4843.53,6083.7,2027.9,3,2.6663,3.1846,0
MRC004998,2026-05-31,2,3,1,1,1855,17,0,2,2,0,569.96,284.98,2,0.0,0.0,1
MRC004999,2026-05-31,5,0,1,0,1182,13,0,4,8,0,2440.14,610.03,4,0.0,0.0,0
MRC005000,2026-05-31,2,1,0,1,835,12,0,2,2,0,7699.85,3849.93,2,0.0,0.0,0
