merchant_id,merchant_category,business_size,location_id,onboarding_date,qr_enabled,app_enabled,assigned_agent_id,merchant_tenure_days,merchant_status
MRC000001,Healthcare,Medium,LOC0077,2023-01-20,1,0,AGT00159,1349,Active
MRC000002,Transport,Small,LOC0067,2023-04-27,1,0,AGT00112,1252,Active
MRC000003,Utility,Micro,LOC0108,2020-10-08,0,0,AGT00216,2183,Active
MRC000004,General Retail,Medium,LOC0065,2025-09-09,0,1,AGT00075,386,Active
MRC000005,Transport,Small,LOC0080,2024-08-31,0,1,AGT00224,760,Active
MRC000006,Grocery,Small,LOC0091,2023-02-27,1,1,AGT00688,1311,Active
MRC000007,Grocery,Small,LOC0108,2021-01-31,0,1,AGT00235,2068,Active
MRC000008,General Retail,Medium,LOC0074,2023-03-09,0,1,AGT00003,1301,Active
MRC000009,General Retail,Small,LOC0067,2022-02-20,1,1,AGT00509,1683,Active
MRC000010,General Retail,Micro,LOC0010,2024-11-22,1,1,AGT00025,677,Active
MRC000011,Grocery,Micro,LOC0078,2020-04-26,1,0,AGT00622,2348,Active
MRC000012,Restaurant,Micro,LOC0022,2021-04-09,1,1,AGT00321,2000,Active
MRC000013,Healthcare,Small,LOC0045,2025-09-15,0,1,AGT00031,380,Active
MRC000014,Healthcare,Micro,LOC0064,2021-10-01,1,1,AGT00165,1825,Active
MRC000015,Grocery,Small,LOC0010,2025-03-10,1,1,AGT00653,569,Active
MRC000016,Education,Small,LOC0084,2022-08-13,1,1,AGT00691,1509,Active
MRC000017,Grocery,Medium,LOC0034,2021-09-22,1,0,AGT00219,1834,Active
MRC000018,Fashion,Small,LOC0062,2020-06-03,1,1,AGT00487,2310,Active
MRC000019,Pharmacy,Medium,LOC0043,2025-07-16,1,0,AGT00005,441,Active
MRC000020,Grocery,Medium,LOC0043,2024-03-30,0,1,AGT00456,914,Active
MRC000021,Grocery,Micro,LOC0048,2021-10-31,0,1,AGT00465,1795,Active
MRC000022,General Retail,Small,LOC0007,2024-05-24,1,0,AGT00153,859,Active
MRC000023,Healthcare,Micro,LOC0024,2021-09-12,1,1,AGT00566,1844,Active
MRC000024,General Retail,Medium,LOC0095,2024-11-12,1,1,AGT00410,687,Active
MRC000025,Fashion,Small,LOC0015,2024-12-25,0,1,AGT00538,644,Active
MRC000026,Restaurant,Micro,LOC0060,2022-09-15,1,1,AGT00712,1476,Active
MRC000027,Restaurant,Micro,LOC0017,2021-11-03,1,1,AGT00010,1792,Active
MRC000028,Education,Small,LOC0065,2024-09-25,0,1,AGT00313,735,Active
MRC000029,Restaurant,Medium,LOC0078,2020-09-25,0,1,AGT00622,2196,Active
MRC000030,Healthcare,Small,LOC0057,2020-10-06,1,1,AGT00142,2185,Active
MRC000031,Utility,Micro,LOC0093,2025-06-23,0,1,AGT00749,464,Active
MRC000032,General Retail,Micro,LOC0032,2024-02-22,1,1,AGT00056,951,Active
MRC000033,Pharmacy,Small,LOC0067,2022-08-20,1,1,AGT00014,1502,Active
MRC000034,Electronics,Small,LOC0034,2023-01-10,1,0,AGT00173,1359,Active
MRC000035,Pharmacy,Micro,LOC0062,2024-06-08,1,1,AGT00240,844,Active
MRC000036,Grocery,Micro,LOC0008,2022-10-18,1,1,AGT00303,1443,Active
MRC000037,Transport,Medium,LOC0033,2020-03-15,1,1,AGT00751,2390,Active
MRC000038,Electronics,Small,LOC0085,2024-02-14,1,1,AGT00315,959,Active
MRC000039,Healthcare,Small,LOC0094,2024-08-26,1,1,AGT00623,765,Active
MRC000040,Grocery,Small,LOC0033,2021-07-18,1,1,AGT00751,1900,Active
MRC000041,General Retail,Small,LOC0031,2022-07-20,1,1,AGT00026,1533,Active
MRC000042,General Retail,Small,LOC0036,2021-10-27,1,0,AGT00036,1799,Active
MRC000043,Fashion,Micro,LOC0034,2022-02-04,1,0,AGT00485,1699,Active
MRC000044,General Retail,Micro,LOC0120,2021-05-30,1,1,AGT00694,1949,Active
MRC000045,Pharmacy,Large,LOC0079,2021-08-07,1,1,AGT00061,1880,Active
MRC000046,Healthcare,Medium,LOC0047,2022-05-04,1,1,AGT00390,1610,Active
MRC000047,General Retail,Small,LOC0056,2023-03-30,1,1,AGT00363,1280,Active
MRC000048,Utility,Micro,LOC0062,2023-03-18,1,0,AGT00240,1292,Active
MRC000049,Utility,Micro,LOC0067,2024-05-17,1,1,AGT00426,866,Active
MRC000050,Fashion,Micro,LOC0047,2023-04-12,1,1,AGT00748,1267,Active
MRC000051,Utility,Medium,LOC0117,2022-05-06,1,1,AGT00753,1608,Active
MRC000052,Transport,Medium,LOC0035,2021-09-04,1,1,AGT00284,1852,Active
MRC000053,Grocery,Small,LOC0052,2021-05-04,1,1,AGT00015,1975,Active
MRC000054,Grocery,Large,LOC0001,2023-09-16,1,0,AGT00616,1110,Active
MRC000055,Utility,Micro,LOC0059,2021-07-30,0,1,AGT00472,1888,Active
MRC000056,Education,Small,LOC0103,2023-05-07,1,1,AGT00686,1242,Active
MRC000057,Electronics,Micro,LOC0120,2023-10-26,1,1,AGT00434,1070,Active
MRC000058,General Retail,Micro,LOC0057,2024-12-25,0,1,AGT00142,644,Active
MRC000059,Transport,Medium,LOC0017,2024-05-16,1,1,AGT00010,867,Active
MRC000060,Restaurant,Medium,LOC0087,2021-11-24,1,1,AGT00077,1771,Active
MRC000061,Restaurant,Micro,LOC0077,2024-09-01,0,1,AGT00359,759,Active
MRC000062,Education,Micro,LOC0116,2025-07-02,1,1,AGT00291,455,Active
MRC000063,Utility,Small,LOC0061,2024-05-02,1,1,AGT00428,881,Active
MRC000064,Education,Micro,LOC0001,2020-01-14,1,1,AGT00616,2451,Active
MRC000065,Electronics,Small,LOC0109,2025-01-24,0,1,AGT00242,614,Active
MRC000066,Healthcare,Small,LOC0082,2025-02-06,1,1,AGT00147,601,Active
MRC000067,Transport,Micro,LOC0097,2023-07-21,1,1,AGT00706,1167,Active
MRC000068,General Retail,Micro,LOC0015,2023-09-03,1,1,AGT00538,1123,Active
MRC000069,Grocery,Micro,LOC0055,2020-06-16,0,1,AGT00565,2297,Active
MRC000070,Healthcare,Medium,LOC0055,2024-07-16,0,1,AGT00221,806,Active
MRC000071,Electronics,Small,LOC0033,2023-06-20,1,0,AGT00475,1198,Active
MRC000072,Grocery,Small,LOC0102,2024-03-22,1,0,AGT00323,922,Active
MRC000073,Transport,Micro,LOC0023,2024-06-19,0,1,AGT00559,833,Active
MRC000074,Healthcare,Small,LOC0009,2024-01-13,1,1,AGT00085,991,Active
MRC000075,Electronics,Micro,LOC0029,2024-06-04,1,1,AGT00467,848,Active
MRC000076,Utility,Micro,LOC0119,2021-08-31,1,1,AGT00550,1856,Active
MRC000077,Restaurant,Small,LOC0014,2021-03-27,1,1,AGT00388,2013,Active
MRC000078,Pharmacy,Small,LOC0070,2024-11-26,1,1,AGT00735,673,Active
MRC000079,Restaurant,Micro,LOC0022,2022-12-30,1,0,AGT00544,1370,Active
MRC000080,Restaurant,Micro,LOC0048,2024-05-20,1,1,AGT00095,863,Active
MRC000081,Transport,Medium,LOC0067,2020-10-09,1,1,AGT00205,2182,Active
MRC000082,General Retail,Micro,LOC0003,2025-05-10,0,1,AGT00264,508,Active
MRC000083,Healthcare,Micro,LOC0029,2023-07-07,1,1,AGT00356,1181,Active
MRC000084,Grocery,Small,LOC0071,2023-12-24,1,1,AGT00364,1011,Active
MRC000085,Restaurant,Micro,LOC0002,2023-10-15,1,1,AGT00617,1081,Active
MRC000086,Grocery,Small,LOC0060,2020-05-01,1,0,AGT00714,2343,Active
MRC000087,Transport,Small,LOC0073,2022-09-23,1,0,AGT00357,1468,Active
MRC000088,Pharmacy,Small,LOC0026,2023-09-09,1,1,AGT00162,1117,Active
MRC000089,Electronics,Small,LOC0020,2021-02-16,1,1,AGT00607,2052,Active
MRC000090,Utility,Small,LOC0059,2021-04-24,1,1,AGT00092,1985,Active
MRC000091,Transport,Small,LOC0087,2025-02-04,1,1,AGT00193,603,Active
MRC000092,Restaurant,Micro,LOC0002,2023-03-15,0,1,AGT00617,1295,Active
MRC000093,Restaurant,Micro,LOC0041,2023-07-01,0,1,AGT00378,1187,Active
MRC000094,Transport,Small,LOC0120,2023-04-10,1,1,AGT00791,1269,Active
MRC000095,Electronics,Micro,LOC0041,2023-11-16,0,1,AGT00541,1049,Active
MRC000096,Grocery,Micro,LOC0040,2021-01-12,1,1,AGT00089,2087,Active
MRC000097,General Retail,Micro,LOC0089,2020-01-02,1,1,AGT00231,2463,Active
MRC000098,Electronics,Small,LOC0058,2025-10-20,1,1,AGT00630,345,Active
MRC000099,Fashion,Micro,LOC0047,2020-11-02,1,1,AGT00390,2158,Active
MRC000100,Grocery,Small,LOC0095,2020-10-15,1,1,AGT00458,2176,Active
MRC000101,Restaurant,Small,LOC0004,2023-10-11,1,1,AGT00503,1085,Active
MRC000102,Restaurant,Small,LOC0086,2023-01-22,0,1,AGT00469,1347,Active
MRC000103,Pharmacy,Micro,LOC0046,2025-05-08,1,1,AGT00743,510,Active
MRC000104,Education,Medium,LOC0107,2023-11-11,1,1,AGT00672,1054,Active
MRC000105,Fashion,Micro,LOC0087,2024-07-15,1,1,AGT00305,807,Active
MRC000106,General Retail,Medium,LOC0113,2020-07-15,1,1,AGT00271,2268,Active
MRC000107,General Retail,Small,LOC0016,2025-04-27,1,1,AGT00259,521,Active
MRC000108,Pharmacy,Micro,LOC0023,2023-12-06,1,1,AGT00245,1029,Active
MRC000109,Grocery,Small,LOC0109,2023-02-01,0,1,AGT00461,1337,Active
MRC000110,Utility,Small,LOC0047,2020-02-11,1,1,AGT00055,2423,Active
MRC000111,General Retail,Small,LOC0098,2021-01-27,1,0,AGT00370,2072,Active
MRC000112,General Retail,Small,LOC0083,2020-05-12,1,1,AGT00310,2332,Active
MRC000113,Grocery,Small,LOC0060,2024-02-09,1,1,AGT00712,964,Active
MRC000114,Pharmacy,Small,LOC0006,2024-05-11,1,1,AGT00545,872,Active
MRC000115,Grocery,Medium,LOC0009,2022-07-18,1,1,AGT00008,1535,Active
MRC000116,General Retail,Micro,LOC0087,2023-12-04,1,0,AGT00772,1031,Active
MRC000117,Education,Small,LOC0012,2025-11-13,0,1,AGT00016,321,Active
MRC000118,Electronics,Small,LOC0001,2021-02-07,0,0,AGT00616,2061,Active
MRC000119,Electronics,Small,LOC0027,2025-05-24,0,1,AGT00727,494,Active
MRC000120,Pharmacy,Small,LOC0110,2024-10-16,0,1,AGT00338,714,Active
MRC000121,Education,Small,LOC0076,2020-04-27,1,0,AGT00742,2347,Active
MRC000122,Grocery,Small,LOC0087,2021-08-01,1,1,AGT00772,1886,Active
MRC000123,Transport,Micro,LOC0079,2022-02-13,0,1,AGT00725,1690,Active
MRC000124,Healthcare,Micro,LOC0068,2025-03-10,0,1,AGT00610,569,Active
MRC000125,Transport,Small,LOC0031,2024-06-18,0,1,AGT00782,834,Active
MRC000126,Restaurant,Micro,LOC0052,2024-09-24,1,1,AGT00740,736,Active
MRC000127,General Retail,Micro,LOC0066,2022-02-15,0,1,AGT00517,1688,Active
MRC000128,Healthcare,Micro,LOC0119,2022-12-20,0,1,AGT00002,1380,Active
MRC000129,Grocery,Small,LOC0108,2023-10-22,1,1,AGT00235,1074,Active
MRC000130,Grocery,Large,LOC0089,2021-07-02,1,1,AGT00231,1916,Active
MRC000131,Transport,Small,LOC0098,2021-04-23,1,1,AGT00370,1986,Active
MRC000132,Pharmacy,Micro,LOC0097,2021-07-16,0,0,AGT00706,1902,Active
MRC000133,Grocery,Medium,LOC0081,2025-04-30,1,1,AGT00286,518,Active
MRC000134,Grocery,Micro,LOC0100,2022-04-27,1,1,AGT00598,1617,Active
MRC000135,Grocery,Large,LOC0009,2024-09-15,1,1,AGT00406,745,Active
MRC000136,Fashion,Small,LOC0003,2024-05-02,1,1,AGT00345,881,Active
MRC000137,Education,Micro,LOC0054,2020-02-10,1,1,AGT00695,2424,Active
MRC000138,Grocery,Small,LOC0007,2023-06-24,1,0,AGT00679,1194,Active
MRC000139,Healthcare,Micro,LOC0041,2021-04-02,1,1,AGT00497,2007,Active
MRC000140,Pharmacy,Small,LOC0024,2024-06-28,0,1,AGT00728,824,Active
MRC000141,Restaurant,Micro,LOC0115,2020-02-23,1,1,AGT00006,2411,Active
MRC000142,Pharmacy,Medium,LOC0079,2024-04-21,1,1,AGT00498,892,Active
MRC000143,Utility,Small,LOC0006,2024-11-15,1,0,AGT00045,684,Active
MRC000144,General Retail,Medium,LOC0075,2024-01-11,0,1,AGT00591,993,Active
MRC000145,Fashion,Medium,LOC0088,2024-12-04,1,1,AGT00053,665,Active
MRC000146,Grocery,Micro,LOC0040,2022-05-19,1,1,AGT00481,1595,Active
MRC000147,Pharmacy,Small,LOC0106,2025-02-06,1,1,AGT00478,601,Active
MRC000148,Grocery,Medium,LOC0117,2024-09-20,1,1,AGT00763,740,Active
MRC000149,General Retail,Micro,LOC0118,2021-10-05,1,0,AGT00004,1821,Active
MRC000150,Grocery,Micro,LOC0012,2025-09-15,1,1,AGT00495,380,Active
MRC000151,General Retail,Micro,LOC0054,2023-04-30,1,1,AGT00556,1249,Active
MRC000152,Education,Micro,LOC0094,2021-10-26,1,1,AGT00777,1800,Active
MRC000153,Electronics,Medium,LOC0054,2023-04-19,0,1,AGT00695,1260,Active
MRC000154,General Retail,Small,LOC0058,2025-10-31,1,1,AGT00630,334,Active
MRC000155,Grocery,Small,LOC0040,2025-01-06,1,1,AGT00243,632,Active
MRC000156,Utility,Large,LOC0051,2020-02-26,1,1,AGT00650,2408,Active
MRC000157,Grocery,Micro,LOC0084,2021-05-05,1,1,AGT00355,1974,Active
MRC000158,General Retail,Small,LOC0004,2023-11-13,1,1,AGT00397,1052,Active
MRC000159,Electronics,Micro,LOC0096,2020-09-25,1,0,AGT00160,2196,Active
MRC000160,Grocery,Micro,LOC0088,2025-12-03,0,1,AGT00241,301,Active
MRC000161,General Retail,Micro,LOC0017,2025-09-05,1,1,AGT00654,390,Active
MRC000162,Grocery,Micro,LOC0093,2020-09-02,1,0,AGT00749,2219,Active
MRC000163,Grocery,Small,LOC0063,2021-12-05,0,1,AGT00651,1760,Active
MRC000164,Utility,Small,LOC0039,2022-05-17,1,1,AGT00762,1597,Active
MRC000165,Fashion,Micro,LOC0055,2023-11-26,1,1,AGT00027,1039,Active
MRC000166,General Retail,Micro,LOC0063,2021-01-26,0,1,AGT00651,2073,Active
MRC000167,Transport,Small,LOC0026,2022-04-29,1,0,AGT00697,1615,Active
MRC000168,Education,Micro,LOC0073,2023-05-12,1,1,AGT00387,1237,Active
MRC000169,Restaurant,Medium,LOC0076,2023-09-08,1,1,AGT00184,1118,Active
MRC000170,Grocery,Medium,LOC0045,2023-11-05,1,1,AGT00581,1060,Active
MRC000171,General Retail,Small,LOC0056,2022-07-09,0,1,AGT00583,1544,Active
MRC000172,Grocery,Small,LOC0074,2022-01-16,1,1,AGT00003,1718,Active
MRC000173,Electronics,Small,LOC0061,2021-02-23,1,1,AGT00425,2045,Active
MRC000174,Pharmacy,Small,LOC0053,2023-07-14,1,1,AGT00492,1174,Active
MRC000175,Pharmacy,Medium,LOC0115,2024-06-11,1,1,AGT00104,841,Active
MRC000176,Education,Large,LOC0106,2022-08-20,1,0,AGT00316,1502,Active
MRC000177,Utility,Small,LOC0046,2022-06-22,1,1,AGT00743,1561,Active
MRC000178,Utility,Small,LOC0087,2024-04-19,0,1,AGT00772,894,Active
MRC000179,General Retail,Medium,LOC0098,2025-07-10,0,1,AGT00333,447,Active
MRC000180,Restaurant,Micro,LOC0014,2023-12-22,1,1,AGT00041,1013,Active
MRC000181,Fashion,Small,LOC0072,2025-07-16,1,1,AGT00788,441,Active
MRC000182,Grocery,Small,LOC0096,2025-06-21,0,1,AGT00731,466,Active
MRC000183,Healthcare,Small,LOC0007,2020-03-08,1,1,AGT00679,2397,Active
MRC000184,Restaurant,Micro,LOC0041,2021-04-15,1,1,AGT00378,1994,Active
MRC000185,Education,Micro,LOC0096,2025-10-01,1,1,AGT00721,364,Active
MRC000186,Grocery,Micro,LOC0113,2023-11-16,1,0,AGT00048,1049,Active
MRC000187,Utility,Small,LOC0120,2024-06-09,1,1,AGT00436,843,Active
MRC000188,Utility,Medium,LOC0073,2020-02-17,1,0,AGT00387,2417,Active
MRC000189,General Retail,Medium,LOC0006,2023-05-06,1,0,AGT00586,1243,Active
MRC000190,Grocery,Micro,LOC0004,2024-05-29,0,1,AGT00643,854,Active
MRC000191,General Retail,Micro,LOC0098,2022-03-02,1,0,AGT00370,1673,Active
MRC000192,Pharmacy,Small,LOC0089,2023-02-14,1,0,AGT00518,1324,Active
MRC000193,Restaurant,Small,LOC0024,2024-11-03,1,1,AGT00268,696,Active
MRC000194,Pharmacy,Small,LOC0016,2024-02-19,1,1,AGT00278,954,Active
MRC000195,Pharmacy,Small,LOC0018,2025-03-14,1,1,AGT00504,565,Active
MRC000196,Electronics,Micro,LOC0106,2021-10-23,1,1,AGT00401,1803,Active
MRC000197,Pharmacy,Small,LOC0092,2020-02-27,0,1,AGT00350,2407,Active
MRC000198,Restaurant,Small,LOC0114,2021-02-15,1,1,AGT00228,2053,Active
MRC000199,Transport,Micro,LOC0014,2023-09-19,1,1,AGT00388,1107,Active
MRC000200,General Retail,Medium,LOC0084,2023-01-18,1,1,AGT00691,1351,Active
MRC000201,Transport,Small,LOC0111,2025-08-07,1,1,AGT00122,419,Active
MRC000202,Education,Medium,LOC0064,2023-10-08,1,1,AGT00783,1088,Active
MRC000203,Grocery,Small,LOC0093,2025-10-08,1,1,AGT00295,357,Active
MRC000204,Utility,Small,LOC0073,2021-07-04,1,0,AGT00387,1914,Active
MRC000205,Grocery,Medium,LOC0001,2020-07-10,1,1,AGT00123,2273,Active
MRC000206,Pharmacy,Medium,LOC0052,2024-10-25,1,1,AGT00015,705,Active
MRC000207,Grocery,Large,LOC0032,2021-12-06,1,1,AGT00595,1759,Active
MRC000208,Transport,Medium,LOC0011,2022-05-18,1,1,AGT00540,1596,Active
MRC000209,Restaurant,Small,LOC0072,2023-06-19,0,1,AGT00198,1199,Active
MRC000210,Transport,Micro,LOC0112,2021-07-29,0,1,AGT00587,1889,Active
MRC000211,Restaurant,Small,LOC0007,2021-11-23,1,1,AGT00157,1772,Active
MRC000212,Fashion,Medium,LOC0040,2024-05-08,1,1,AGT00750,875,Active
MRC000213,Fashion,Micro,LOC0081,2021-03-09,1,1,AGT00276,2031,Active
MRC000214,Grocery,Small,LOC0038,2022-01-15,0,1,AGT00341,1719,Active
MRC000215,Fashion,Medium,LOC0014,2024-02-04,1,1,AGT00680,969,Active
MRC000216,Transport,Large,LOC0023,2021-07-25,1,1,AGT00065,1893,Active
MRC000217,Electronics,Medium,LOC0003,2022-02-17,0,1,AGT00312,1686,Active
MRC000218,Grocery,Small,LOC0120,2025-04-05,1,1,AGT00220,543,Active
MRC000219,Transport,Small,LOC0059,2024-12-19,1,0,AGT00330,650,Active
MRC000220,Restaurant,Large,LOC0114,2024-01-10,1,0,AGT00702,994,Active
MRC000221,Grocery,Micro,LOC0083,2025-09-12,1,1,AGT00310,383,Active
MRC000222,Grocery,Micro,LOC0042,2023-07-14,1,1,AGT00659,1174,Active
MRC000223,Fashion,Large,LOC0114,2023-03-15,1,1,AGT00571,1295,Active
MRC000224,Restaurant,Small,LOC0032,2021-04-27,0,1,AGT00595,1982,Active
MRC000225,Transport,Small,LOC0022,2024-12-08,1,1,AGT00103,661,Active
MRC000226,Pharmacy,Micro,LOC0097,2022-07-27,1,1,AGT00671,1526,Active
MRC000227,Utility,Small,LOC0067,2021-12-26,1,1,AGT00014,1739,Active
MRC000228,Pharmacy,Medium,LOC0051,2023-04-10,1,1,AGT00669,1269,Active
MRC000229,Education,Small,LOC0071,2020-07-14,1,1,AGT00734,2269,Active
MRC000230,Utility,Small,LOC0117,2024-01-21,0,1,AGT00753,983,Active
MRC000231,Restaurant,Small,LOC0034,2023-07-10,1,1,AGT00280,1178,Active
MRC000232,Grocery,Medium,LOC0109,2025-12-09,1,1,AGT00242,295,Active
MRC000233,Electronics,Medium,LOC0110,2023-07-04,1,1,AGT00705,1184,Active
MRC000234,General Retail,Small,LOC0092,2025-11-03,1,1,AGT00455,331,Active
MRC000235,General Retail,Small,LOC0019,2020-01-29,1,0,AGT00121,2436,Active
MRC000236,Pharmacy,Micro,LOC0011,2024-07-10,1,1,AGT00491,812,Active
MRC000237,Healthcare,Small,LOC0015,2021-02-07,0,1,AGT00050,2061,Active
MRC000238,Restaurant,Micro,LOC0085,2025-04-07,1,1,AGT00315,541,Active
MRC000239,Grocery,Small,LOC0048,2024-04-27,1,1,AGT00548,886,Active
MRC000240,Transport,Small,LOC0119,2025-03-31,1,1,AGT00209,548,Active
MRC000241,Electronics,Micro,LOC0001,2023-10-04,1,1,AGT00376,1092,Active
MRC000242,Electronics,Micro,LOC0045,2022-05-11,1,1,AGT00581,1603,Active
MRC000243,General Retail,Micro,LOC0032,2023-06-14,1,1,AGT00056,1204,Active
MRC000244,Restaurant,Micro,LOC0106,2022-05-05,1,1,AGT00067,1609,Active
MRC000245,Transport,Small,LOC0015,2021-02-20,1,1,AGT00443,2048,Active
MRC000246,Restaurant,Micro,LOC0049,2025-09-11,1,1,AGT00250,384,Active
MRC000247,Grocery,Micro,LOC0105,2023-06-04,1,1,AGT00117,1214,Active
MRC000248,Restaurant,Large,LOC0117,2022-05-30,1,1,AGT00753,1584,Active
MRC000249,General Retail,Micro,LOC0110,2022-10-31,1,1,AGT00125,1430,Active
MRC000250,Fashion,Medium,LOC0079,2025-02-02,0,1,AGT00570,605,Active
MRC000251,Grocery,Small,LOC0020,2024-09-22,0,1,AGT00543,738,Active
MRC000252,Transport,Small,LOC0012,2023-09-15,1,1,AGT00440,1111,Active
MRC000253,General Retail,Small,LOC0050,2022-01-24,0,1,AGT00464,1710,Active
MRC000254,General Retail,Micro,LOC0058,2020-01-16,1,1,AGT00106,2449,Active
MRC000255,Education,Medium,LOC0062,2023-10-04,1,1,AGT00438,1092,Active
MRC000256,Restaurant,Medium,LOC0006,2022-11-03,1,0,AGT00513,1427,Active
MRC000257,Education,Micro,LOC0082,2024-02-17,1,1,AGT00642,956,Active
MRC000258,Utility,Small,LOC0048,2025-10-04,1,0,AGT00465,361,Active
MRC000259,General Retail,Small,LOC0014,2023-07-31,1,1,AGT00418,1157,Active
MRC000260,Utility,Medium,LOC0110,2023-11-19,1,1,AGT00275,1046,Active
MRC000261,Fashion,Medium,LOC0043,2025-01-23,1,1,AGT00759,615,Active
MRC000262,Grocery,Micro,LOC0028,2021-12-13,1,1,AGT00489,1752,Active
MRC000263,Education,Medium,LOC0060,2024-06-01,1,0,AGT00185,851,Active
MRC000264,Grocery,Large,LOC0115,2024-08-14,1,1,AGT00108,777,Active
MRC000265,Grocery,Small,LOC0099,2023-08-20,1,1,AGT00508,1137,Active
MRC000266,Fashion,Micro,LOC0012,2020-03-11,1,1,AGT00495,2394,Active
MRC000267,Transport,Medium,LOC0083,2022-02-26,1,1,AGT00441,1677,Active
MRC000268,General Retail,Small,LOC0080,2023-06-02,1,1,AGT00262,1216,Active
MRC000269,Utility,Micro,LOC0107,2021-01-19,1,1,AGT00414,2080,Active
MRC000270,General Retail,Medium,LOC0116,2025-11-01,1,1,AGT00291,333,Active
MRC000271,Utility,Small,LOC0090,2023-12-13,1,1,AGT00499,1022,Active
MRC000272,Transport,Medium,LOC0079,2022-09-23,1,1,AGT00570,1468,Active
MRC000273,Grocery,Small,LOC0043,2023-01-15,1,1,AGT00664,1354,Active
MRC000274,Education,Micro,LOC0108,2021-12-01,1,1,AGT00474,1764,Active
MRC000275,Grocery,Large,LOC0114,2021-10-06,1,1,AGT00702,1820,Active
MRC000276,Grocery,Small,LOC0119,2023-03-27,1,1,AGT00550,1283,Active
MRC000277,Grocery,Small,LOC0115,2020-05-26,1,1,AGT00108,2318,Active
MRC000278,General Retail,Small,LOC0078,2020-05-29,1,1,AGT00358,2315,Active
MRC000279,Healthcare,Micro,LOC0115,2023-02-13,1,1,AGT00104,1325,Active
MRC000280,General Retail,Small,LOC0094,2020-07-26,1,1,AGT00270,2257,Active
MRC000281,General Retail,Small,LOC0029,2022-02-16,1,1,AGT00356,1687,Active
MRC000282,General Retail,Medium,LOC0004,2025-02-17,1,1,AGT00118,590,Active
MRC000283,Grocery,Large,LOC0118,2025-03-31,0,0,AGT00444,548,Active
MRC000284,General Retail,Small,LOC0052,2025-06-26,1,1,AGT00015,461,Active
MRC000285,General Retail,Micro,LOC0105,2024-09-11,1,0,AGT00117,749,Active
MRC000286,General Retail,Small,LOC0035,2024-02-04,1,1,AGT00715,969,Active
MRC000287,Grocery,Micro,LOC0044,2025-07-19,1,1,AGT00230,438,Active
MRC000288,Grocery,Medium,LOC0099,2022-04-29,1,0,AGT00138,1615,Active
MRC000289,General Retail,Small,LOC0064,2023-07-03,1,1,AGT00767,1185,Active
MRC000290,Grocery,Medium,LOC0082,2022-05-13,1,0,AGT00208,1601,Active
MRC000291,Restaurant,Micro,LOC0039,2022-12-14,1,1,AGT00762,1386,Active
MRC000292,Fashion,Micro,LOC0074,2024-05-03,1,1,AGT00318,880,Active
MRC000293,Grocery,Large,LOC0059,2022-04-14,0,1,AGT00330,1630,Active
MRC000294,Grocery,Small,LOC0112,2020-04-09,1,1,AGT00674,2365,Active
MRC000295,General Retail,Medium,LOC0060,2024-01-25,1,1,AGT00714,979,Active
MRC000296,General Retail,Medium,LOC0011,2024-02-15,0,0,AGT00703,958,Active
MRC000297,General Retail,Small,LOC0089,2022-11-16,1,1,AGT00231,1414,Active
MRC000298,Pharmacy,Small,LOC0115,2021-02-24,1,1,AGT00006,2044,Active
MRC000299,Pharmacy,Small,LOC0106,2022-10-13,0,1,AGT00067,1448,Active
MRC000300,Fashion,Medium,LOC0013,2020-12-26,1,1,AGT00789,2104,Active
MRC000301,Fashion,Large,LOC0120,2025-07-09,1,1,AGT00436,448,Active
MRC000302,Grocery,Micro,LOC0042,2025-05-16,1,1,AGT00659,502,Active
MRC000303,Utility,Small,LOC0101,2023-07-14,1,1,AGT00625,1174,Active
MRC000304,General Retail,Micro,LOC0076,2024-07-27,0,1,AGT00533,795,Active
MRC000305,Electronics,Small,LOC0117,2025-10-28,1,1,AGT00763,337,Active
MRC000306,Restaurant,Medium,LOC0041,2024-09-03,1,1,AGT00334,757,Active
MRC000307,Restaurant,Medium,LOC0073,2024-05-04,1,0,AGT00126,879,Active
MRC000308,Grocery,Small,LOC0082,2020-06-17,1,1,AGT00208,2296,Active
MRC000309,Pharmacy,Micro,LOC0019,2021-04-13,0,1,AGT00482,1996,Active
MRC000310,Electronics,Micro,LOC0094,2023-11-11,0,1,AGT00088,1054,Active
MRC000311,Fashion,Micro,LOC0018,2020-03-25,1,1,AGT00109,2380,Active
MRC000312,Electronics,Micro,LOC0100,2020-12-16,1,1,AGT00598,2114,Active
MRC000313,General Retail,Medium,LOC0016,2024-06-18,1,1,AGT00278,834,Active
MRC000314,Pharmacy,Small,LOC0022,2023-02-07,1,0,AGT00103,1331,Active
MRC000315,Grocery,Micro,LOC0060,2020-06-13,0,1,AGT00185,2300,Active
MRC000316,Grocery,Small,LOC0022,2023-03-24,1,0,AGT00103,1286,Active
MRC000317,Grocery,Micro,LOC0010,2023-09-29,1,1,AGT00025,1097,Active
MRC000318,Education,Micro,LOC0007,2020-07-23,1,1,AGT00157,2260,Active
MRC000319,Utility,Medium,LOC0035,2022-01-04,1,1,AGT00593,1730,Active
MRC000320,General Retail,Micro,LOC0059,2023-04-29,0,1,AGT00590,1250,Active
MRC000321,Transport,Small,LOC0006,2020-10-04,1,1,AGT00513,2187,Active
MRC000322,Restaurant,Small,LOC0017,2021-07-04,1,1,AGT00282,1914,Active
MRC000323,Grocery,Micro,LOC0074,2023-11-19,1,1,AGT00668,1046,Active
MRC000324,Restaurant,Micro,LOC0039,2023-06-04,1,1,AGT00445,1214,Active
MRC000325,Restaurant,Micro,LOC0091,2025-09-05,1,1,AGT00223,390,Active
MRC000326,General Retail,Micro,LOC0101,2025-05-09,1,1,AGT00625,509,Active
MRC000327,Fashion,Medium,LOC0004,2020-04-02,0,1,AGT00503,2372,Active
MRC000328,Pharmacy,Small,LOC0114,2025-08-23,0,1,AGT00794,403,Active
MRC000329,Pharmacy,Small,LOC0083,2020-12-15,0,1,AGT00441,2115,Active
MRC000330,Grocery,Small,LOC0099,2024-09-18,1,1,AGT00546,742,Active
MRC000331,General Retail,Large,LOC0058,2022-09-21,1,1,AGT00630,1470,Active
MRC000332,Grocery,Micro,LOC0001,2021-08-22,0,1,AGT00433,1865,Active
MRC000333,Grocery,Medium,LOC0107,2020-01-13,1,0,AGT00414,2452,Active
MRC000334,Grocery,Micro,LOC0069,2023-09-23,1,1,AGT00071,1103,Active
MRC000335,Utility,Medium,LOC0005,2020-06-05,0,1,AGT00083,2308,Active
MRC000336,Electronics,Micro,LOC0020,2023-03-31,0,1,AGT00028,1279,Active
MRC000337,Education,Micro,LOC0025,2020-10-10,1,1,AGT00670,2181,Active
MRC000338,Restaurant,Small,LOC0046,2025-05-09,0,1,AGT00718,509,Active
MRC000339,Grocery,Micro,LOC0054,2024-05-11,1,1,AGT00331,872,Active
MRC000340,General Retail,Small,LOC0052,2022-03-27,1,0,AGT00015,1648,Active
MRC000341,Grocery,Small,LOC0105,2021-09-27,1,1,AGT00564,1829,Active
MRC000342,Grocery,Small,LOC0114,2021-02-26,1,1,AGT00395,2042,Active
MRC000343,Education,Micro,LOC0082,2023-10-27,1,1,AGT00642,1069,Active
MRC000344,Grocery,Small,LOC0077,2022-03-24,1,1,AGT00359,1651,Active
MRC000345,Grocery,Micro,LOC0104,2022-04-01,1,1,AGT00372,1643,Active
MRC000346,Utility,Large,LOC0033,2020-01-27,1,1,AGT00507,2438,Active
MRC000347,Fashion,Small,LOC0067,2025-04-05,1,0,AGT00171,543,Active
MRC000348,Pharmacy,Small,LOC0078,2025-11-12,1,1,AGT00535,322,Active
MRC000349,Restaurant,Medium,LOC0035,2022-07-10,1,1,AGT00360,1543,Active
MRC000350,Healthcare,Small,LOC0115,2025-11-13,1,1,AGT00006,321,Active
MRC000351,Grocery,Small,LOC0029,2024-10-16,1,0,AGT00467,714,Active
MRC000352,Grocery,Micro,LOC0008,2022-12-21,1,1,AGT00699,1379,Active
MRC000353,Education,Small,LOC0039,2024-05-11,1,1,AGT00304,872,Active
MRC000354,Education,Micro,LOC0098,2024-05-14,1,1,AGT00370,869,Active
MRC000355,General Retail,Micro,LOC0045,2023-11-22,1,1,AGT00031,1043,Active
MRC000356,Restaurant,Medium,LOC0027,2021-11-08,0,1,AGT00415,1787,Active
MRC000357,Grocery,Micro,LOC0105,2023-10-10,1,1,AGT00072,1086,Active
MRC000358,Electronics,Small,LOC0019,2021-03-20,1,1,AGT00187,2020,Active
MRC000359,Transport,Micro,LOC0020,2025-01-04,1,1,AGT00269,634,Active
MRC000360,Grocery,Small,LOC0108,2025-05-08,1,0,AGT00645,510,Active
MRC000361,Electronics,Medium,LOC0039,2024-12-19,0,0,AGT00700,650,Active
MRC000362,Grocery,Micro,LOC0001,2020-06-22,1,1,AGT00616,2291,Active
MRC000363,General Retail,Small,LOC0053,2024-04-20,0,1,AGT00309,893,Active
MRC000364,General Retail,Small,LOC0089,2025-10-13,0,1,AGT00231,352,Active
MRC000365,Fashion,Medium,LOC0091,2024-01-29,1,1,AGT00779,975,Active
MRC000366,General Retail,Micro,LOC0011,2021-11-04,0,1,AGT00105,1791,Active
MRC000367,General Retail,Small,LOC0034,2023-10-19,1,1,AGT00285,1077,Active
MRC000368,Grocery,Small,LOC0075,2023-08-30,1,1,AGT00682,1127,Active
MRC000369,Restaurant,Small,LOC0080,2025-06-12,1,1,AGT00133,475,Active
MRC000370,Education,Micro,LOC0075,2021-12-20,1,1,AGT00567,1745,Active
MRC000371,Grocery,Small,LOC0041,2024-08-23,0,1,AGT00635,768,Active
MRC000372,Restaurant,Small,LOC0104,2025-05-18,1,1,AGT00732,500,Active
MRC000373,Pharmacy,Micro,LOC0010,2021-09-08,1,1,AGT00653,1848,Active
MRC000374,General Retail,Small,LOC0099,2020-05-10,1,1,AGT00462,2334,Active
MRC000375,Restaurant,Small,LOC0113,2022-04-23,1,0,AGT00343,1621,Active
MRC000376,Utility,Small,LOC0083,2020-05-09,0,1,AGT00441,2335,Active
MRC000377,Restaurant,Micro,LOC0052,2023-07-23,1,1,AGT00015,1165,Active
MRC000378,Grocery,Micro,LOC0046,2022-11-09,1,1,AGT00743,1421,Active
MRC000379,General Retail,Small,LOC0053,2023-10-29,1,1,AGT00739,1067,Active
MRC000380,Grocery,Small,LOC0020,2022-11-30,1,1,AGT00115,1400,Active
MRC000381,Grocery,Medium,LOC0027,2020-08-15,0,1,AGT00568,2237,Active
MRC000382,Restaurant,Small,LOC0077,2022-03-01,1,1,AGT00359,1674,Active
MRC000383,Transport,Small,LOC0067,2025-10-20,1,1,AGT00171,345,Active
MRC000384,Restaurant,Micro,LOC0060,2022-06-29,1,1,AGT00712,1554,Active
MRC000385,Grocery,Medium,LOC0057,2023-09-15,1,1,AGT00628,1111,Active
MRC000386,Restaurant,Micro,LOC0010,2022-09-17,1,1,AGT00025,1474,Active
MRC000387,Pharmacy,Micro,LOC0105,2022-08-17,1,1,AGT00279,1505,Active
MRC000388,Grocery,Micro,LOC0115,2022-06-09,1,1,AGT00339,1574,Active
MRC000389,Electronics,Micro,LOC0030,2020-10-12,1,0,AGT00274,2179,Active
MRC000390,Grocery,Small,LOC0038,2020-10-28,0,1,AGT00529,2163,Active
MRC000391,Pharmacy,Micro,LOC0076,2020-02-25,1,1,AGT00405,2409,Active
MRC000392,Transport,Micro,LOC0001,2022-04-22,1,1,AGT00616,1622,Active
MRC000393,Healthcare,Micro,LOC0013,2024-04-03,1,1,AGT00730,910,Active
MRC000394,Pharmacy,Large,LOC0109,2024-10-16,1,1,AGT00461,714,Active
MRC000395,Restaurant,Small,LOC0021,2020-11-18,1,1,AGT00277,2142,Active
MRC000396,Pharmacy,Medium,LOC0070,2020-06-30,1,1,AGT00421,2283,Active
MRC000397,General Retail,Medium,LOC0106,2025-09-27,0,1,AGT00175,368,Active
MRC000398,Grocery,Medium,LOC0088,2024-09-02,1,1,AGT00192,758,Active
MRC000399,Grocery,Small,LOC0033,2021-11-24,0,1,AGT00751,1771,Active
MRC000400,Fashion,Micro,LOC0019,2024-12-22,1,1,AGT00396,647,Active
MRC000401,Grocery,Micro,LOC0087,2025-08-30,1,1,AGT00772,396,Active
MRC000402,Grocery,Micro,LOC0049,2019-12-31,1,0,AGT00040,2465,Active
MRC000403,Grocery,Small,LOC0117,2025-05-21,1,0,AGT00773,497,Active
MRC000404,Transport,Micro,LOC0078,2024-09-07,1,1,AGT00358,753,Active
MRC000405,Education,Micro,LOC0002,2020-01-18,1,0,AGT00617,2447,Active
MRC000406,Transport,Small,LOC0031,2025-05-13,0,1,AGT00573,505,Active
MRC000407,Utility,Micro,LOC0090,2021-03-06,0,0,AGT00218,2034,Active
MRC000408,Restaurant,Micro,LOC0085,2022-08-08,1,0,AGT00315,1514,Active
MRC000409,General Retail,Micro,LOC0090,2022-09-25,1,1,AGT00218,1466,Active
MRC000410,Healthcare,Small,LOC0029,2021-01-05,0,1,AGT00467,2094,Active
MRC000411,Utility,Micro,LOC0030,2025-11-01,1,1,AGT00078,333,Active
MRC000412,Healthcare,Micro,LOC0026,2025-08-07,1,1,AGT00636,419,Active
MRC000413,Restaurant,Micro,LOC0084,2024-10-16,1,1,AGT00385,714,Active
MRC000414,Pharmacy,Small,LOC0002,2023-01-12,1,1,AGT00617,1357,Active
MRC000415,Fashion,Micro,LOC0098,2020-03-16,1,1,AGT00370,2389,Active
MRC000416,Grocery,Micro,LOC0034,2025-07-21,0,1,AGT00091,436,Active
MRC000417,Fashion,Medium,LOC0059,2023-06-13,1,1,AGT00092,1205,Active
MRC000418,Grocery,Medium,LOC0030,2023-05-26,1,1,AGT00336,1223,Active
MRC000419,Grocery,Micro,LOC0052,2024-10-14,1,0,AGT00015,716,Active
MRC000420,General Retail,Micro,LOC0092,2023-11-27,1,1,AGT00281,1038,Active
MRC000421,Transport,Micro,LOC0024,2024-10-04,0,1,AGT00728,726,Active
MRC000422,Education,Small,LOC0069,2025-02-21,1,1,AGT00754,586,Active
MRC000423,Restaurant,Micro,LOC0007,2022-11-05,1,0,AGT00150,1425,Active
MRC000424,Education,Medium,LOC0022,2020-05-23,0,1,AGT00449,2321,Active
MRC000425,General Retail,Medium,LOC0083,2023-07-18,0,1,AGT00441,1170,Active
MRC000426,Transport,Small,LOC0069,2022-03-01,1,1,AGT00754,1674,Active
MRC000427,Education,Micro,LOC0074,2021-12-14,1,1,AGT00201,1751,Active
MRC000428,Fashion,Medium,LOC0028,2020-12-01,1,1,AGT00489,2129,Active
MRC000429,Restaurant,Small,LOC0025,2021-01-11,1,1,AGT00523,2088,Active
MRC000430,Transport,Small,LOC0052,2020-07-17,1,1,AGT00740,2266,Active
MRC000431,General Retail,Micro,LOC0016,2021-02-02,1,1,AGT00278,2066,Active
MRC000432,Fashion,Small,LOC0107,2020-05-25,1,1,AGT00672,2319,Active
MRC000433,Restaurant,Medium,LOC0033,2020-03-08,0,1,AGT00412,2397,Active
MRC000434,Fashion,Medium,LOC0087,2021-06-27,1,1,AGT00193,1921,Active
MRC000435,Fashion,Small,LOC0019,2023-01-05,0,1,AGT00396,1364,Active
MRC000436,General Retail,Small,LOC0079,2024-02-16,1,1,AGT00260,957,Active
MRC000437,Transport,Small,LOC0025,2022-07-18,0,1,AGT00114,1535,Active
MRC000438,Restaurant,Small,LOC0034,2021-01-01,1,1,AGT00283,2098,Active
MRC000439,Restaurant,Medium,LOC0050,2021-06-15,0,1,AGT00738,1933,Active
MRC000440,Fashion,Small,LOC0015,2022-11-07,1,1,AGT00443,1423,Active
MRC000441,Grocery,Micro,LOC0015,2025-07-04,1,1,AGT00538,453,Active
MRC000442,Electronics,Micro,LOC0091,2024-05-03,0,1,AGT00596,880,Active
MRC000443,Utility,Small,LOC0042,2022-07-05,1,1,AGT00501,1548,Active
MRC000444,Transport,Medium,LOC0069,2023-08-28,0,1,AGT00477,1129,Active
MRC000445,Grocery,Micro,LOC0078,2023-03-27,1,1,AGT00622,1283,Active
MRC000446,Healthcare,Small,LOC0075,2024-02-28,1,0,AGT00020,945,Active
MRC000447,Healthcare,Medium,LOC0076,2025-07-04,1,1,AGT00302,453,Active
MRC000448,Pharmacy,Small,LOC0118,2023-03-05,1,0,AGT00306,1305,Active
MRC000449,Education,Micro,LOC0076,2023-04-20,1,1,AGT00533,1259,Active
MRC000450,Education,Micro,LOC0042,2021-04-15,1,1,AGT00659,1994,Active
MRC000451,General Retail,Small,LOC0035,2025-04-16,1,1,AGT00572,532,Active
MRC000452,Grocery,Micro,LOC0097,2023-01-23,1,1,AGT00719,1346,Active
MRC000453,Grocery,Small,LOC0051,2020-11-08,1,1,AGT00515,2152,Active
MRC000454,Fashion,Small,LOC0068,2024-05-11,1,1,AGT00610,872,Active
MRC000455,Grocery,Small,LOC0098,2024-01-26,1,1,AGT00017,978,Active
MRC000456,Restaurant,Small,LOC0029,2025-06-10,1,1,AGT00467,477,Active
MRC000457,Utility,Micro,LOC0027,2022-07-11,1,1,AGT00568,1542,Active
MRC000458,Grocery,Micro,LOC0007,2020-11-04,1,1,AGT00153,2156,Active
MRC000459,Fashion,Micro,LOC0009,2023-01-30,1,1,AGT00406,1339,Active
MRC000460,General Retail,Micro,LOC0074,2023-06-20,1,1,AGT00003,1198,Active
MRC000461,Electronics,Small,LOC0061,2021-06-25,0,1,AGT00425,1923,Active
MRC000462,Fashion,Micro,LOC0036,2023-04-27,0,1,AGT00081,1252,Active
MRC000463,Electronics,Small,LOC0026,2023-07-30,1,1,AGT00776,1158,Active
MRC000464,Grocery,Micro,LOC0084,2021-05-24,1,0,AGT00385,1955,Active
MRC000465,Grocery,Micro,LOC0011,2024-04-06,1,1,AGT00491,907,Active
MRC000466,Transport,Micro,LOC0085,2020-11-17,1,1,AGT00329,2143,Active
MRC000467,Restaurant,Small,LOC0109,2024-05-11,0,1,AGT00461,872,Active
MRC000468,Pharmacy,Small,LOC0055,2022-11-27,1,1,AGT00511,1403,Active
MRC000469,Grocery,Medium,LOC0060,2024-06-19,1,1,AGT00185,833,Active
MRC000470,General Retail,Micro,LOC0065,2022-03-07,0,1,AGT00525,1668,Active
MRC000471,Grocery,Small,LOC0012,2023-05-14,1,1,AGT00440,1235,Active
MRC000472,Healthcare,Small,LOC0076,2024-07-13,0,0,AGT00353,809,Active
MRC000473,Restaurant,Micro,LOC0044,2021-07-06,1,1,AGT00615,1912,Active
MRC000474,Education,Micro,LOC0057,2020-05-14,0,1,AGT00569,2330,Active
MRC000475,Pharmacy,Micro,LOC0003,2025-10-17,1,1,AGT00345,348,Active
MRC000476,Grocery,Micro,LOC0106,2022-07-26,1,1,AGT00401,1527,Active
MRC000477,Electronics,Medium,LOC0041,2021-08-31,1,1,AGT00148,1856,Active
MRC000478,Transport,Micro,LOC0010,2021-08-28,1,1,AGT00025,1859,Active
MRC000479,Grocery,Small,LOC0094,2024-08-23,1,1,AGT00777,768,Active
MRC000480,Fashion,Small,LOC0118,2025-04-12,1,1,AGT00004,536,Active
MRC000481,Fashion,Micro,LOC0063,2022-11-21,0,1,AGT00090,1409,Active
MRC000482,Pharmacy,Small,LOC0005,2022-02-25,1,0,AGT00212,1678,Active
MRC000483,Education,Micro,LOC0120,2024-03-25,0,1,AGT00392,919,Active
MRC000484,Grocery,Small,LOC0025,2023-10-03,1,1,AGT00290,1093,Active
MRC000485,Electronics,Micro,LOC0029,2022-10-12,1,1,AGT00467,1449,Active
MRC000486,Grocery,Micro,LOC0085,2023-04-09,0,1,AGT00294,1270,Active
MRC000487,Fashion,Micro,LOC0040,2023-01-26,1,1,AGT00750,1343,Active
MRC000488,Restaurant,Small,LOC0011,2021-11-18,1,1,AGT00540,1777,Active
MRC000489,Fashion,Small,LOC0082,2020-01-28,0,0,AGT00642,2437,Active
MRC000490,Fashion,Small,LOC0032,2021-03-14,1,1,AGT00595,2026,Active
MRC000491,General Retail,Micro,LOC0104,2025-11-30,0,1,AGT00775,304,Active
MRC000492,Fashion,Large,LOC0019,2023-11-15,1,0,AGT00121,1050,Active
MRC000493,Utility,Micro,LOC0109,2025-11-26,1,1,AGT00461,308,Active
MRC000494,Pharmacy,Medium,LOC0087,2020-09-26,1,1,AGT00305,2195,Active
MRC000495,Restaurant,Small,LOC0029,2022-02-08,1,1,AGT00467,1695,Active
MRC000496,Grocery,Small,LOC0070,2024-08-26,1,1,AGT00297,765,Active
MRC000497,Fashion,Small,LOC0113,2020-12-10,1,1,AGT00322,2120,Active
MRC000498,Transport,Small,LOC0008,2022-08-06,1,1,AGT00547,1516,Active
MRC000499,General Retail,Small,LOC0099,2025-08-27,1,1,AGT00138,399,Active
MRC000500,Education,Micro,LOC0056,2025-01-21,1,1,AGT00583,617,Active
MRC000501,Transport,Small,LOC0114,2021-02-13,0,1,AGT00571,2055,Active
MRC000502,Grocery,Micro,LOC0026,2024-03-25,1,1,AGT00618,919,Active
MRC000503,Grocery,Small,LOC0087,2022-10-28,0,1,AGT00305,1433,Active
MRC000504,Utility,Small,LOC0117,2020-08-09,1,1,AGT00773,2243,Active
MRC000505,Grocery,Medium,LOC0042,2024-03-26,1,1,AGT00659,918,Active
MRC000506,Grocery,Small,LOC0013,2025-11-22,1,1,AGT00439,312,Active
MRC000507,General Retail,Micro,LOC0048,2025-06-17,1,1,AGT00796,470,Active
MRC000508,General Retail,Small,LOC0072,2020-06-26,1,1,AGT00198,2287,Active
MRC000509,Education,Micro,LOC0076,2022-05-17,1,1,AGT00332,1597,Active
MRC000510,Restaurant,Small,LOC0058,2023-12-31,1,0,AGT00352,1004,Active
MRC000511,General Retail,Small,LOC0112,2025-06-29,1,1,AGT00587,458,Active
MRC000512,Pharmacy,Small,LOC0070,2021-10-19,1,0,AGT00421,1807,Active
MRC000513,Fashion,Micro,LOC0077,2025-09-22,1,1,AGT00611,373,Active
MRC000514,Restaurant,Micro,LOC0115,2025-05-31,1,1,AGT00104,487,Active
MRC000515,General Retail,Small,LOC0113,2022-05-30,1,1,AGT00322,1584,Active
MRC000516,General Retail,Micro,LOC0041,2022-02-15,0,1,AGT00378,1688,Active
MRC000517,Transport,Micro,LOC0035,2022-07-22,0,1,AGT00215,1531,Active
MRC000518,Grocery,Micro,LOC0090,2020-07-09,1,0,AGT00073,2274,Active
MRC000519,Fashion,Small,LOC0064,2024-05-08,0,1,AGT00132,875,Active
MRC000520,Pharmacy,Micro,LOC0054,2022-08-22,1,1,AGT00320,1500,Active
MRC000521,General Retail,Small,LOC0084,2024-02-18,1,1,AGT00385,955,Active
MRC000522,Grocery,Medium,LOC0080,2023-10-18,1,1,AGT00262,1078,Active
MRC000523,Grocery,Small,LOC0110,2025-01-22,0,1,AGT00287,616,Active
MRC000524,Transport,Micro,LOC0044,2021-03-20,0,1,AGT00615,2020,Active
MRC000525,Fashion,Micro,LOC0091,2021-10-02,1,1,AGT00522,1824,Active
MRC000526,General Retail,Micro,LOC0028,2021-09-12,1,1,AGT00489,1844,Active
MRC000527,Grocery,Small,LOC0113,2025-02-10,1,1,AGT00632,597,Active
MRC000528,Utility,Small,LOC0011,2025-04-04,1,1,AGT00540,544,Active
MRC000529,Grocery,Micro,LOC0091,2021-04-14,1,1,AGT00169,1995,Active
MRC000530,Grocery,Micro,LOC0013,2021-12-24,1,0,AGT00789,1741,Active
MRC000531,Fashion,Micro,LOC0106,2025-10-13,1,1,AGT00478,352,Active
MRC000532,Pharmacy,Micro,LOC0116,2021-12-26,1,1,AGT00317,1739,Active
MRC000533,Education,Medium,LOC0099,2020-02-06,1,1,AGT00462,2428,Active
MRC000534,Grocery,Micro,LOC0095,2021-06-19,1,1,AGT00458,1929,Active
MRC000535,Grocery,Micro,LOC0058,2024-04-20,1,1,AGT00413,893,Active
MRC000536,Healthcare,Micro,LOC0030,2024-01-26,1,1,AGT00427,978,Active
MRC000537,Pharmacy,Micro,LOC0119,2021-06-18,0,1,AGT00213,1930,Active
MRC000538,Transport,Micro,LOC0064,2023-07-25,1,1,AGT00767,1163,Active
MRC000539,Healthcare,Small,LOC0098,2021-07-22,1,1,AGT00370,1896,Active
MRC000540,Grocery,Micro,LOC0086,2020-03-21,1,0,AGT00527,2384,Active
MRC000541,Utility,Micro,LOC0085,2023-07-16,1,1,AGT00294,1172,Active
MRC000542,Pharmacy,Small,LOC0043,2022-07-13,1,0,AGT00759,1540,Active
MRC000543,Restaurant,Small,LOC0052,2023-01-12,1,1,AGT00740,1357,Active
MRC000544,Grocery,Micro,LOC0053,2022-12-02,0,1,AGT00252,1398,Active
MRC000545,General Retail,Medium,LOC0073,2025-07-05,1,0,AGT00047,452,Active
MRC000546,Education,Micro,LOC0087,2020-01-22,0,0,AGT00772,2443,Active
MRC000547,Electronics,Large,LOC0024,2022-09-23,1,1,AGT00640,1468,Active
MRC000548,General Retail,Medium,LOC0028,2024-08-03,1,1,AGT00349,788,Active
MRC000549,Restaurant,Small,LOC0006,2022-07-12,1,1,AGT00586,1541,Active
MRC000550,General Retail,Micro,LOC0064,2023-08-01,1,1,AGT00076,1156,Active
MRC000551,Healthcare,Medium,LOC0081,2021-01-17,1,1,AGT00737,2082,Active
MRC000552,General Retail,Micro,LOC0026,2021-06-01,1,1,AGT00163,1947,Active
MRC000553,General Retail,Micro,LOC0086,2023-09-05,0,0,AGT00229,1121,Active
MRC000554,General Retail,Small,LOC0001,2021-09-11,0,1,AGT00433,1845,Active
MRC000555,Grocery,Small,LOC0104,2025-10-06,1,1,AGT00656,359,Active
MRC000556,Utility,Medium,LOC0083,2020-03-06,1,1,AGT00310,2399,Active
MRC000557,Utility,Small,LOC0082,2022-11-27,1,1,AGT00459,1403,Active
MRC000558,Transport,Medium,LOC0085,2022-01-18,1,1,AGT00294,1716,Active
MRC000559,Pharmacy,Small,LOC0044,2022-02-07,1,1,AGT00736,1696,Active
MRC000560,General Retail,Small,LOC0120,2024-02-02,1,0,AGT00347,971,Active
MRC000561,Pharmacy,Small,LOC0090,2021-11-01,0,1,AGT00299,1794,Active
MRC000562,Fashion,Large,LOC0022,2023-08-02,1,0,AGT00544,1155,Active
MRC000563,Electronics,Medium,LOC0111,2021-11-21,1,0,AGT00146,1774,Active
MRC000564,Grocery,Medium,LOC0089,2025-06-04,1,1,AGT00035,483,Active
MRC000565,Healthcare,Small,LOC0038,2025-02-01,1,1,AGT00608,606,Active
MRC000566,Grocery,Small,LOC0114,2020-06-08,0,1,AGT00571,2305,Active
MRC000567,Transport,Micro,LOC0030,2021-07-24,1,1,AGT00078,1894,Active
MRC000568,General Retail,Medium,LOC0078,2025-03-11,1,1,AGT00535,568,Active
MRC000569,Restaurant,Micro,LOC0081,2024-09-06,1,1,AGT00790,754,Active
MRC000570,Transport,Micro,LOC0116,2022-09-12,1,1,AGT00537,1479,Active
MRC000571,Grocery,Small,LOC0069,2025-12-05,1,1,AGT00373,299,Active
MRC000572,General Retail,Small,LOC0120,2023-07-24,1,0,AGT00436,1164,Active
MRC000573,General Retail,Small,LOC0035,2024-01-04,1,1,AGT00715,1000,Active
MRC000574,Grocery,Micro,LOC0097,2025-02-27,0,0,AGT00671,580,Active
MRC000575,Transport,Micro,LOC0030,2024-03-02,1,1,AGT00427,942,Active
MRC000576,Electronics,Micro,LOC0120,2024-03-17,1,1,AGT00791,927,Active
MRC000577,Electronics,Micro,LOC0092,2025-07-24,1,1,AGT00348,433,Active
MRC000578,Transport,Micro,LOC0076,2022-03-04,1,1,AGT00742,1671,Active
MRC000579,Fashion,Small,LOC0008,2024-05-01,1,0,AGT00063,882,Active
MRC000580,Education,Micro,LOC0060,2025-10-10,1,1,AGT00712,355,Active
MRC000581,Pharmacy,Micro,LOC0018,2025-10-30,1,1,AGT00137,335,Active
MRC000582,Restaurant,Micro,LOC0111,2020-03-08,1,1,AGT00122,2397,Active
MRC000583,General Retail,Small,LOC0046,2025-04-03,1,1,AGT00743,545,Active
MRC000584,Grocery,Medium,LOC0100,2020-07-10,0,0,AGT00460,2273,Active
MRC000585,Education,Micro,LOC0109,2024-12-18,1,1,AGT00242,651,Active
MRC000586,Grocery,Micro,LOC0014,2025-06-16,1,1,AGT00680,471,Active
MRC000587,General Retail,Small,LOC0092,2022-09-13,1,0,AGT00281,1478,Active
MRC000588,Education,Micro,LOC0037,2020-10-07,1,1,AGT00641,2184,Active
MRC000589,Restaurant,Medium,LOC0014,2025-07-14,1,1,AGT00418,443,Active
MRC000590,Pharmacy,Large,LOC0032,2023-12-31,1,1,AGT00666,1004,Active
MRC000591,Fashion,Small,LOC0066,2021-06-17,1,1,AGT00022,1931,Active
MRC000592,General Retail,Medium,LOC0103,2025-07-23,0,1,AGT00686,434,Active
MRC000593,Electronics,Small,LOC0083,2024-12-12,1,1,AGT00310,657,Active
MRC000594,Fashion,Small,LOC0028,2024-02-18,1,1,AGT00489,955,Active
MRC000595,Healthcare,Micro,LOC0036,2021-02-19,1,1,AGT00447,2049,Active
MRC000596,Restaurant,Micro,LOC0037,2021-02-14,1,1,AGT00195,2054,Active
MRC000597,Fashion,Micro,LOC0089,2021-09-19,1,1,AGT00034,1837,Active
MRC000598,Restaurant,Small,LOC0063,2021-12-24,1,1,AGT00023,1741,Active
MRC000599,Grocery,Small,LOC0003,2025-10-21,1,1,AGT00264,344,Active
MRC000600,Healthcare,Micro,LOC0010,2024-07-14,1,1,AGT00025,808,Active
MRC000601,General Retail,Small,LOC0010,2020-06-13,1,1,AGT00653,2300,Active
MRC000602,General Retail,Micro,LOC0116,2021-08-29,0,1,AGT00291,1858,Active
MRC000603,General Retail,Micro,LOC0061,2024-07-09,1,1,AGT00771,813,Active
MRC000604,Fashion,Micro,LOC0059,2021-09-23,1,1,AGT00092,1833,Active
MRC000605,Pharmacy,Small,LOC0092,2021-08-18,1,1,AGT00350,1869,Active
MRC000606,Transport,Small,LOC0023,2021-07-08,1,1,AGT00134,1910,Active
MRC000607,General Retail,Small,LOC0004,2020-02-06,1,1,AGT00503,2428,Active
MRC000608,Healthcare,Micro,LOC0033,2022-09-23,1,1,AGT00604,1468,Active
MRC000609,Fashion,Small,LOC0026,2025-08-09,1,1,AGT00163,417,Active
MRC000610,Transport,Large,LOC0096,2021-01-23,1,0,AGT00154,2076,Active
MRC000611,Utility,Micro,LOC0099,2025-11-15,0,0,AGT00139,319,Active
MRC000612,General Retail,Small,LOC0077,2022-02-15,1,1,AGT00611,1688,Active
MRC000613,Utility,Micro,LOC0110,2021-03-13,1,0,AGT00338,2027,Active
MRC000614,Fashion,Micro,LOC0056,2025-03-19,1,1,AGT00756,560,Active
MRC000615,Pharmacy,Small,LOC0029,2021-03-11,0,1,AGT00467,2029,Active
MRC000616,Fashion,Micro,LOC0040,2021-02-11,0,1,AGT00089,2057,Active
MRC000617,Restaurant,Small,LOC0017,2022-01-19,1,1,AGT00010,1715,Active
MRC000618,General Retail,Medium,LOC0109,2024-01-10,1,1,AGT00242,994,Active
MRC000619,Electronics,Micro,LOC0073,2024-10-02,0,1,AGT00047,728,Active
MRC000620,Fashion,Micro,LOC0093,2021-09-29,0,1,AGT00386,1827,Active
MRC000621,Restaurant,Medium,LOC0034,2025-01-08,0,1,AGT00091,630,Active
MRC000622,Transport,Small,LOC0087,2021-12-03,1,1,AGT00772,1762,Active
MRC000623,Electronics,Medium,LOC0040,2024-12-12,1,1,AGT00325,657,Active
MRC000624,Grocery,Micro,LOC0054,2023-12-15,1,1,AGT00556,1020,Active
MRC000625,General Retail,Small,LOC0079,2022-12-07,1,1,AGT00725,1393,Active
MRC000626,Restaurant,Medium,LOC0118,2024-12-29,1,1,AGT00004,640,Active
MRC000627,Fashion,Micro,LOC0067,2021-03-17,1,1,AGT00205,2023,Active
MRC000628,Pharmacy,Medium,LOC0086,2021-10-21,1,1,AGT00527,1805,Active
MRC000629,Electronics,Small,LOC0072,2025-11-12,1,0,AGT00788,322,Active
MRC000630,Transport,Medium,LOC0051,2020-11-18,1,1,AGT00650,2142,Active
MRC000631,General Retail,Micro,LOC0112,2021-09-03,1,1,AGT00402,1853,Active
MRC000632,Grocery,Small,LOC0116,2020-12-12,1,0,AGT00291,2118,Active
MRC000633,General Retail,Micro,LOC0038,2022-05-13,1,1,AGT00608,1601,Active
MRC000634,Transport,Large,LOC0108,2022-03-20,0,1,AGT00474,1655,Active
MRC000635,Pharmacy,Micro,LOC0055,2023-09-01,1,1,AGT00178,1125,Active
MRC000636,Pharmacy,Micro,LOC0089,2024-08-08,1,1,AGT00231,783,Active
MRC000637,Restaurant,Medium,LOC0063,2024-07-21,1,1,AGT00651,801,Active
MRC000638,General Retail,Micro,LOC0093,2024-01-27,0,1,AGT00295,977,Active
MRC000639,Restaurant,Small,LOC0105,2024-03-22,1,1,AGT00117,922,Active
MRC000640,Fashion,Micro,LOC0051,2021-06-13,1,1,AGT00669,1935,Active
MRC000641,Transport,Small,LOC0085,2022-10-29,1,1,AGT00329,1432,Active
MRC000642,General Retail,Micro,LOC0061,2023-07-04,1,1,AGT00425,1184,Active
MRC000643,Transport,Small,LOC0096,2021-08-16,1,1,AGT00179,1871,Active
MRC000644,Healthcare,Small,LOC0023,2021-07-31,0,1,AGT00559,1887,Active
MRC000645,Grocery,Micro,LOC0088,2020-05-15,1,1,AGT00192,2329,Active
MRC000646,General Retail,Micro,LOC0072,2024-02-10,1,1,AGT00788,963,Active
MRC000647,Pharmacy,Micro,LOC0055,2024-07-04,1,1,AGT00379,818,Active
MRC000648,Grocery,Small,LOC0045,2025-12-04,1,1,AGT00038,300,Active
MRC000649,General Retail,Micro,LOC0085,2025-01-02,1,1,AGT00315,636,Active
MRC000650,Pharmacy,Micro,LOC0042,2022-05-09,0,1,AGT00659,1605,Active
MRC000651,Grocery,Micro,LOC0004,2021-02-13,1,1,AGT00673,2055,Active
MRC000652,Education,Small,LOC0114,2022-05-14,1,1,AGT00228,1600,Active
MRC000653,Restaurant,Small,LOC0054,2020-01-12,0,1,AGT00695,2453,Active
MRC000654,Grocery,Small,LOC0020,2022-03-17,0,1,AGT00082,1658,Active
MRC000655,Education,Medium,LOC0028,2020-09-06,1,1,AGT00349,2215,Active
MRC000656,Healthcare,Small,LOC0100,2024-05-11,0,1,AGT00161,872,Active
MRC000657,Utility,Medium,LOC0040,2024-01-10,0,1,AGT00243,994,Active
MRC000658,Grocery,Small,LOC0034,2021-02-09,1,1,AGT00485,2059,Active
MRC000659,Electronics,Micro,LOC0059,2022-01-03,1,1,AGT00472,1731,Active
MRC000660,Utility,Large,LOC0004,2023-01-17,0,1,AGT00733,1352,Active
MRC000661,Grocery,Small,LOC0068,2020-03-30,1,1,AGT00149,2375,Active
MRC000662,Pharmacy,Small,LOC0005,2021-05-27,1,1,AGT00212,1952,Active
MRC000663,Grocery,Micro,LOC0101,2024-03-12,1,1,AGT00039,932,Active
MRC000664,Electronics,Micro,LOC0052,2022-04-22,1,1,AGT00015,1622,Active
MRC000665,Grocery,Small,LOC0027,2023-08-05,0,1,AGT00473,1152,Active
MRC000666,Healthcare,Small,LOC0055,2023-06-22,0,1,AGT00752,1196,Active
MRC000667,General Retail,Small,LOC0022,2021-02-22,1,1,AGT00206,2046,Active
MRC000668,Pharmacy,Micro,LOC0039,2021-11-24,1,1,AGT00466,1771,Active
MRC000669,Transport,Small,LOC0016,2025-11-21,1,1,AGT00724,313,Active
MRC000670,Pharmacy,Micro,LOC0081,2022-07-10,1,1,AGT00258,1543,Active
MRC000671,Grocery,Micro,LOC0118,2022-02-03,1,1,AGT00404,1700,Active
MRC000672,Healthcare,Micro,LOC0059,2022-11-28,1,1,AGT00330,1402,Active
MRC000673,Fashion,Medium,LOC0012,2024-03-02,1,1,AGT00016,942,Active
MRC000674,General Retail,Small,LOC0009,2022-01-30,1,1,AGT00127,1704,Active
MRC000675,Electronics,Medium,LOC0100,2020-04-17,1,1,AGT00161,2357,Active
MRC000676,Grocery,Small,LOC0042,2025-06-13,1,1,AGT00248,474,Active
MRC000677,Fashion,Small,LOC0036,2022-05-10,1,1,AGT00036,1604,Active
MRC000678,Pharmacy,Small,LOC0013,2020-07-08,1,1,AGT00649,2275,Active
MRC000679,General Retail,Medium,LOC0080,2023-07-26,1,1,AGT00224,1162,Active
MRC000680,Transport,Medium,LOC0008,2023-12-16,1,0,AGT00614,1019,Active
MRC000681,Restaurant,Small,LOC0109,2024-06-24,1,0,AGT00242,828,Active
MRC000682,Electronics,Micro,LOC0025,2024-08-14,1,1,AGT00648,777,Active
MRC000683,Transport,Small,LOC0009,2023-08-16,1,1,AGT00199,1141,Active
MRC000684,Utility,Micro,LOC0085,2021-05-06,1,1,AGT00315,1973,Active
MRC000685,Grocery,Micro,LOC0043,2024-11-15,1,1,AGT00759,684,Active
MRC000686,Grocery,Small,LOC0084,2024-07-30,1,1,AGT00675,792,Active
MRC000687,Grocery,Medium,LOC0005,2019-12-27,0,1,AGT00377,2469,Active
MRC000688,Restaurant,Micro,LOC0104,2020-01-03,1,1,AGT00656,2462,Active
MRC000689,Fashion,Micro,LOC0038,2024-08-09,1,1,AGT00608,782,Active
MRC000690,Grocery,Medium,LOC0091,2023-06-13,0,1,AGT00688,1205,Active
MRC000691,Restaurant,Micro,LOC0113,2023-07-20,1,1,AGT00407,1168,Active
MRC000692,Fashion,Micro,LOC0065,2024-03-09,1,1,AGT00075,935,Active
MRC000693,Grocery,Small,LOC0041,2025-01-18,0,1,AGT00148,620,Active
MRC000694,General Retail,Medium,LOC0038,2025-08-04,1,1,AGT00529,422,Active
MRC000695,Education,Small,LOC0083,2022-04-16,1,1,AGT00430,1628,Active
MRC000696,Restaurant,Small,LOC0001,2025-09-17,1,1,AGT00376,378,Active
MRC000697,Electronics,Micro,LOC0018,2022-04-01,1,0,AGT00504,1643,Active
MRC000698,Restaurant,Micro,LOC0078,2025-05-24,0,1,AGT00246,494,Active
MRC000699,General Retail,Small,LOC0004,2025-01-14,1,1,AGT00503,624,Active
MRC000700,Education,Medium,LOC0035,2025-12-07,1,0,AGT00572,297,Active
MRC000701,Fashion,Micro,LOC0078,2023-08-01,0,1,AGT00246,1156,Active
MRC000702,General Retail,Micro,LOC0031,2024-01-03,1,1,AGT00362,1001,Active
MRC000703,General Retail,Micro,LOC0112,2023-12-23,0,1,AGT00744,1012,Active
MRC000704,Utility,Micro,LOC0117,2024-02-08,1,0,AGT00753,965,Active
MRC000705,Pharmacy,Micro,LOC0005,2020-05-07,1,1,AGT00496,2337,Active
MRC000706,Grocery,Micro,LOC0021,2023-05-23,1,1,AGT00471,1226,Active
MRC000707,Transport,Small,LOC0109,2021-02-13,0,1,AGT00461,2055,Active
MRC000708,Fashion,Micro,LOC0004,2024-07-27,1,1,AGT00643,795,Active
MRC000709,Transport,Small,LOC0059,2023-01-27,1,1,AGT00590,1342,Active
MRC000710,Utility,Small,LOC0114,2025-08-02,1,1,AGT00702,424,Active
MRC000711,Restaurant,Medium,LOC0071,2024-05-31,0,1,AGT00409,852,Active
MRC000712,Pharmacy,Large,LOC0037,2025-07-15,0,1,AGT00483,442,Active
MRC000713,Fashion,Micro,LOC0001,2025-11-02,1,1,AGT00376,332,Active
MRC000714,Pharmacy,Micro,LOC0048,2024-11-15,1,0,AGT00720,684,Active
MRC000715,Transport,Small,LOC0066,2025-01-04,1,1,AGT00311,634,Active
MRC000716,Healthcare,Micro,LOC0010,2024-01-26,1,1,AGT00653,978,Active
MRC000717,Fashion,Micro,LOC0064,2021-07-07,1,1,AGT00131,1911,Active
MRC000718,Healthcare,Micro,LOC0049,2025-01-28,1,1,AGT00040,610,Active
MRC000719,Electronics,Medium,LOC0040,2022-04-23,1,1,AGT00481,1621,Active
MRC000720,Healthcare,Micro,LOC0117,2023-10-12,0,1,AGT00785,1084,Active
MRC000721,Pharmacy,Small,LOC0108,2023-07-21,0,1,AGT00620,1167,Active
MRC000722,Healthcare,Small,LOC0084,2020-06-11,1,1,AGT00355,2302,Active
MRC000723,Healthcare,Small,LOC0071,2023-03-08,1,1,AGT00722,1302,Active
MRC000724,Pharmacy,Micro,LOC0057,2024-05-25,1,1,AGT00637,858,Active
MRC000725,Electronics,Medium,LOC0009,2024-07-15,0,1,AGT00199,807,Active
MRC000726,General Retail,Small,LOC0037,2024-12-15,0,1,AGT00769,654,Active
MRC000727,Pharmacy,Small,LOC0002,2021-03-01,1,1,AGT00617,2039,Active
MRC000728,Healthcare,Micro,LOC0044,2021-12-26,1,1,AGT00615,1739,Active
MRC000729,General Retail,Medium,LOC0057,2024-05-11,1,0,AGT00569,872,Active
MRC000730,General Retail,Small,LOC0074,2023-01-10,0,1,AGT00003,1359,Active
MRC000731,Restaurant,Small,LOC0043,2022-12-09,1,0,AGT00456,1391,Active
MRC000732,Education,Micro,LOC0031,2025-09-05,1,1,AGT00116,390,Active
MRC000733,General Retail,Micro,LOC0086,2020-07-11,1,1,AGT00229,2272,Active
MRC000734,Education,Micro,LOC0019,2021-04-01,1,1,AGT00396,2008,Active
MRC000735,Grocery,Micro,LOC0016,2022-10-05,1,1,AGT00724,1456,Active
MRC000736,Grocery,Micro,LOC0084,2021-09-06,0,1,AGT00549,1850,Active
MRC000737,Utility,Micro,LOC0071,2025-04-23,1,1,AGT00364,525,Active
MRC000738,Fashion,Medium,LOC0105,2020-02-12,0,1,AGT00072,2422,Active
MRC000739,Pharmacy,Small,LOC0089,2022-02-17,1,1,AGT00518,1686,Active
MRC000740,Restaurant,Medium,LOC0109,2020-05-07,0,1,AGT00461,2337,Active
MRC000741,Healthcare,Small,LOC0080,2020-10-16,1,1,AGT00133,2175,Active
MRC000742,Fashion,Small,LOC0101,2022-06-20,1,1,AGT00143,1563,Active
MRC000743,General Retail,Micro,LOC0021,2024-03-27,1,1,AGT00277,917,Active
MRC000744,Healthcare,Small,LOC0064,2021-11-10,1,1,AGT00222,1785,Active
MRC000745,General Retail,Micro,LOC0114,2022-11-24,1,1,AGT00228,1406,Active
MRC000746,General Retail,Small,LOC0095,2023-07-07,1,0,AGT00183,1181,Active
MRC000747,Pharmacy,Medium,LOC0049,2021-09-15,1,1,AGT00399,1841,Active
MRC000748,Transport,Medium,LOC0112,2020-08-24,1,1,AGT00402,2228,Active
MRC000749,Grocery,Micro,LOC0038,2024-12-08,0,1,AGT00341,661,Active
MRC000750,General Retail,Small,LOC0003,2022-08-28,1,0,AGT00264,1494,Active
MRC000751,Pharmacy,Micro,LOC0096,2021-04-22,0,0,AGT00731,1987,Active
MRC000752,Transport,Micro,LOC0050,2024-01-06,1,1,AGT00738,998,Active
MRC000753,General Retail,Micro,LOC0005,2023-12-01,1,1,AGT00377,1034,Active
MRC000754,Grocery,Micro,LOC0025,2025-11-27,1,1,AGT00648,307,Active
MRC000755,General Retail,Small,LOC0009,2024-01-12,0,1,AGT00765,992,Active
MRC000756,Grocery,Micro,LOC0120,2022-06-15,1,1,AGT00347,1568,Active
MRC000757,Fashion,Micro,LOC0102,2020-02-25,1,1,AGT00210,2409,Active
MRC000758,Fashion,Large,LOC0112,2022-10-26,1,1,AGT00151,1435,Active
MRC000759,Restaurant,Small,LOC0022,2024-03-22,1,1,AGT00449,922,Active
MRC000760,Education,Small,LOC0097,2021-02-08,1,1,AGT00745,2060,Active
MRC000761,General Retail,Small,LOC0068,2024-11-02,1,1,AGT00149,697,Active
MRC000762,Restaurant,Small,LOC0036,2024-11-04,1,1,AGT00429,695,Active
MRC000763,Education,Small,LOC0081,2022-11-05,1,1,AGT00286,1425,Active
MRC000764,General Retail,Small,LOC0115,2021-01-31,1,0,AGT00717,2068,Active
MRC000765,Utility,Medium,LOC0056,2024-09-09,1,1,AGT00528,751,Active
MRC000766,Grocery,Micro,LOC0004,2025-11-14,0,1,AGT00437,320,Active
MRC000767,General Retail,Small,LOC0102,2021-08-19,1,1,AGT00018,1868,Active
MRC000768,Grocery,Micro,LOC0023,2022-06-13,1,1,AGT00245,1570,Active
MRC000769,Education,Medium,LOC0022,2021-11-10,1,1,AGT00787,1785,Active
MRC000770,Education,Micro,LOC0075,2023-08-03,1,1,AGT00020,1154,Active
MRC000771,Utility,Micro,LOC0096,2025-04-03,1,1,AGT00154,545,Active
MRC000772,Grocery,Large,LOC0096,2023-12-24,1,1,AGT00731,1011,Active
MRC000773,Grocery,Small,LOC0105,2023-02-25,1,1,AGT00117,1313,Active
MRC000774,Healthcare,Micro,LOC0107,2023-05-16,1,1,AGT00626,1233,Active
MRC000775,Grocery,Micro,LOC0016,2020-08-23,1,1,AGT00259,2229,Active
MRC000776,Fashion,Micro,LOC0037,2024-08-16,1,1,AGT00301,775,Active
MRC000777,Healthcare,Large,LOC0087,2024-02-05,1,1,AGT00238,968,Active
MRC000778,Transport,Small,LOC0047,2024-11-12,1,1,AGT00748,687,Active
MRC000779,Pharmacy,Micro,LOC0086,2022-07-20,1,1,AGT00229,1533,Active
MRC000780,Restaurant,Small,LOC0055,2021-02-22,1,1,AGT00178,2046,Active
MRC000781,General Retail,Small,LOC0055,2020-09-05,1,1,AGT00752,2216,Active
MRC000782,Fashion,Micro,LOC0004,2024-08-07,1,1,AGT00043,784,Active
MRC000783,Grocery,Medium,LOC0073,2023-05-23,1,1,AGT00047,1226,Active
MRC000784,Pharmacy,Micro,LOC0104,2021-07-21,1,1,AGT00732,1897,Active
MRC000785,Restaurant,Medium,LOC0099,2025-09-08,1,0,AGT00508,387,Active
MRC000786,General Retail,Small,LOC0041,2021-09-15,1,1,AGT00334,1841,Active
MRC000787,Restaurant,Micro,LOC0082,2025-02-27,1,1,AGT00147,580,Active
MRC000788,Grocery,Small,LOC0024,2025-10-06,1,1,AGT00566,359,Active
MRC000789,Electronics,Small,LOC0077,2025-04-14,1,1,AGT00159,534,Active
MRC000790,Grocery,Small,LOC0050,2020-09-09,1,1,AGT00366,2212,Active
MRC000791,Pharmacy,Small,LOC0112,2021-11-21,1,1,AGT00667,1774,Active
MRC000792,General Retail,Micro,LOC0086,2021-03-29,1,1,AGT00582,2011,Active
MRC000793,Transport,Micro,LOC0009,2021-11-01,1,1,AGT00486,1794,Active
MRC000794,Grocery,Small,LOC0105,2021-03-14,1,1,AGT00117,2026,Active
MRC000795,Fashion,Micro,LOC0087,2022-12-29,1,1,AGT00238,1371,Active
MRC000796,Grocery,Micro,LOC0026,2021-02-13,1,0,AGT00644,2055,Active
MRC000797,Grocery,Small,LOC0034,2025-08-16,1,1,AGT00174,410,Active
MRC000798,Education,Micro,LOC0021,2022-06-24,1,1,AGT00502,1559,Active
MRC000799,Electronics,Small,LOC0038,2021-06-12,0,1,AGT00341,1936,Active
MRC000800,Healthcare,Medium,LOC0114,2020-01-08,0,1,AGT00794,2457,Active
MRC000801,General Retail,Medium,LOC0109,2023-10-25,1,1,AGT00461,1071,Active
MRC000802,Pharmacy,Micro,LOC0067,2024-11-21,1,1,AGT00760,678,Active
MRC000803,General Retail,Small,LOC0044,2021-08-27,0,1,AGT00227,1860,Active
MRC000804,Electronics,Medium,LOC0044,2025-07-12,0,1,AGT00615,445,Active
MRC000805,Pharmacy,Micro,LOC0115,2021-04-26,0,1,AGT00339,1983,Active
MRC000806,General Retail,Small,LOC0024,2021-10-01,0,1,AGT00728,1825,Active
MRC000807,Grocery,Small,LOC0091,2021-10-30,1,1,AGT00158,1796,Active
MRC000808,Electronics,Micro,LOC0120,2024-03-15,1,1,AGT00392,929,Active
MRC000809,Healthcare,Micro,LOC0103,2025-03-30,1,1,AGT00030,549,Active
MRC000810,Pharmacy,Small,LOC0087,2022-04-29,1,1,AGT00772,1615,Active
MRC000811,General Retail,Micro,LOC0108,2023-10-17,0,1,AGT00216,1079,Active
MRC000812,Pharmacy,Medium,LOC0027,2023-08-15,1,1,AGT00013,1142,Active
MRC000813,General Retail,Small,LOC0119,2024-11-02,1,1,AGT00002,697,Active
MRC000814,Grocery,Micro,LOC0011,2023-12-20,0,1,AGT00703,1015,Active
MRC000815,Grocery,Small,LOC0002,2020-12-26,0,1,AGT00617,2104,Active
MRC000816,Restaurant,Small,LOC0024,2020-08-14,1,1,AGT00640,2238,Active
MRC000817,General Retail,Micro,LOC0074,2023-11-16,0,1,AGT00003,1049,Active
MRC000818,Grocery,Large,LOC0030,2025-02-10,0,1,AGT00274,597,Active
MRC000819,General Retail,Small,LOC0077,2025-10-04,1,1,AGT00168,361,Active
MRC000820,Pharmacy,Small,LOC0014,2024-10-31,1,1,AGT00680,699,Active
MRC000821,Fashion,Medium,LOC0084,2025-11-26,0,1,AGT00355,308,Active
MRC000822,Restaurant,Small,LOC0028,2021-12-19,1,1,AGT00051,1746,Active
MRC000823,Grocery,Small,LOC0063,2022-02-12,0,1,AGT00606,1691,Active
MRC000824,General Retail,Micro,LOC0015,2021-04-13,1,1,AGT00443,1996,Active
MRC000825,Fashion,Micro,LOC0117,2023-12-22,1,1,AGT00129,1013,Active
MRC000826,Transport,Small,LOC0046,2020-12-25,1,1,AGT00718,2105,Active
MRC000827,Education,Small,LOC0073,2024-12-12,1,0,AGT00357,657,Active
MRC000828,Electronics,Small,LOC0059,2024-07-30,1,1,AGT00092,792,Active
MRC000829,Education,Small,LOC0072,2020-06-25,1,1,AGT00198,2288,Active
MRC000830,General Retail,Small,LOC0055,2020-09-07,1,1,AGT00093,2214,Active
MRC000831,Transport,Medium,LOC0009,2022-05-19,1,1,AGT00486,1595,Active
MRC000832,Electronics,Large,LOC0100,2022-04-26,1,1,AGT00097,1618,Active
MRC000833,Transport,Micro,LOC0078,2021-10-09,1,0,AGT00358,1817,Active
MRC000834,Education,Medium,LOC0031,2021-01-14,1,1,AGT00026,2085,Active
MRC000835,Fashion,Medium,LOC0011,2024-07-30,1,1,AGT00703,792,Active
MRC000836,Education,Micro,LOC0107,2025-07-21,1,1,AGT00265,436,Active
MRC000837,Fashion,Micro,LOC0040,2024-11-08,1,1,AGT00750,691,Active
MRC000838,Healthcare,Micro,LOC0109,2023-10-30,1,1,AGT00242,1066,Active
MRC000839,General Retail,Small,LOC0092,2024-07-21,1,1,AGT00281,801,Active
MRC000840,General Retail,Small,LOC0116,2022-10-28,0,1,AGT00291,1433,Active
MRC000841,General Retail,Small,LOC0080,2025-02-19,1,1,AGT00133,588,Active
MRC000842,Education,Small,LOC0022,2022-07-06,1,1,AGT00422,1547,Active
MRC000843,Healthcare,Micro,LOC0005,2021-09-17,1,0,AGT00212,1839,Active
MRC000844,Grocery,Small,LOC0030,2025-05-15,1,0,AGT00274,503,Active
MRC000845,Fashion,Medium,LOC0053,2024-03-30,0,1,AGT00252,914,Active
MRC000846,Pharmacy,Large,LOC0075,2022-09-28,1,1,AGT00059,1463,Active
MRC000847,Grocery,Small,LOC0108,2025-07-26,1,1,AGT00216,431,Active
MRC000848,General Retail,Micro,LOC0017,2021-12-24,0,0,AGT00381,1741,Active
MRC000849,General Retail,Micro,LOC0077,2021-06-15,1,0,AGT00359,1933,Active
MRC000850,Electronics,Micro,LOC0011,2023-10-19,1,1,AGT00207,1077,Active
MRC000851,Pharmacy,Small,LOC0058,2025-11-28,1,1,AGT00352,306,Active
MRC000852,Transport,Micro,LOC0009,2022-12-19,1,1,AGT00765,1381,Active
MRC000853,Fashion,Medium,LOC0045,2020-10-06,0,1,AGT00530,2185,Active
MRC000854,Utility,Small,LOC0073,2024-03-18,1,1,AGT00047,926,Active
MRC000855,General Retail,Small,LOC0089,2020-11-18,1,1,AGT00140,2142,Active
MRC000856,Restaurant,Micro,LOC0097,2020-10-02,1,1,AGT00267,2189,Active
MRC000857,Pharmacy,Small,LOC0063,2024-04-13,1,1,AGT00651,900,Active
MRC000858,Pharmacy,Small,LOC0032,2022-05-18,1,1,AGT00666,1596,Active
MRC000859,Grocery,Small,LOC0110,2025-09-16,1,1,AGT00288,379,Active
MRC000860,Restaurant,Micro,LOC0113,2022-08-31,1,1,AGT00084,1491,Active
MRC000861,Grocery,Medium,LOC0117,2020-09-13,1,1,AGT00773,2208,Active
MRC000862,Grocery,Micro,LOC0096,2020-04-24,1,1,AGT00160,2350,Active
MRC000863,Pharmacy,Micro,LOC0094,2024-10-07,1,1,AGT00777,723,Active
MRC000864,Grocery,Large,LOC0010,2021-12-26,1,0,AGT00653,1739,Active
MRC000865,Healthcare,Micro,LOC0069,2025-07-26,1,0,AGT00071,431,Active
MRC000866,Grocery,Micro,LOC0049,2024-04-15,1,1,AGT00250,898,Active
MRC000867,General Retail,Small,LOC0032,2020-12-18,1,1,AGT00056,2112,Active
MRC000868,Pharmacy,Small,LOC0009,2022-02-14,1,1,AGT00406,1689,Active
MRC000869,Grocery,Micro,LOC0026,2023-08-14,1,1,AGT00644,1143,Active
MRC000870,Grocery,Micro,LOC0110,2020-03-17,1,1,AGT00125,2388,Active
MRC000871,Healthcare,Micro,LOC0110,2021-06-04,0,1,AGT00705,1944,Active
MRC000872,Pharmacy,Small,LOC0090,2025-10-27,0,1,AGT00217,338,Active
MRC000873,Electronics,Micro,LOC0013,2025-06-26,1,1,AGT00597,461,Active
MRC000874,Grocery,Small,LOC0083,2022-03-19,0,1,AGT00310,1656,Active
MRC000875,General Retail,Medium,LOC0016,2020-09-19,1,1,AGT00724,2202,Active
MRC000876,Grocery,Micro,LOC0082,2025-01-09,1,0,AGT00612,629,Active
MRC000877,Restaurant,Micro,LOC0005,2022-09-28,0,1,AGT00496,1463,Active
MRC000878,General Retail,Micro,LOC0035,2021-01-29,1,1,AGT00367,2070,Active
MRC000879,Pharmacy,Micro,LOC0015,2020-10-20,1,1,AGT00443,2171,Active
MRC000880,Pharmacy,Micro,LOC0113,2022-02-17,1,1,AGT00343,1686,Active
MRC000881,Utility,Small,LOC0069,2019-12-25,1,1,AGT00071,2471,Active
MRC000882,Pharmacy,Micro,LOC0111,2020-05-10,0,1,AGT00799,2334,Active
MRC000883,Grocery,Small,LOC0003,2020-12-21,0,1,AGT00435,2109,Active
MRC000884,Fashion,Small,LOC0089,2021-12-15,1,1,AGT00574,1750,Active
MRC000885,Grocery,Medium,LOC0058,2020-01-25,1,1,AGT00352,2440,Active
MRC000886,General Retail,Micro,LOC0057,2025-11-10,1,0,AGT00200,324,Active
MRC000887,Transport,Micro,LOC0105,2025-06-05,1,1,AGT00072,482,Active
MRC000888,Education,Large,LOC0006,2022-11-28,1,1,AGT00545,1402,Active
MRC000889,Pharmacy,Micro,LOC0114,2021-12-12,1,0,AGT00794,1753,Active
MRC000890,Transport,Small,LOC0004,2020-07-22,0,1,AGT00643,2261,Active
MRC000891,Transport,Small,LOC0044,2021-11-26,0,1,AGT00615,1769,Active
MRC000892,Grocery,Small,LOC0017,2024-07-28,0,1,AGT00552,794,Active
MRC000893,General Retail,Micro,LOC0063,2020-07-11,1,1,AGT00651,2272,Active
MRC000894,Education,Micro,LOC0072,2025-06-19,1,1,AGT00788,468,Active
MRC000895,Utility,Small,LOC0078,2025-05-24,1,1,AGT00246,494,Active
MRC000896,Pharmacy,Small,LOC0096,2021-08-28,0,1,AGT00721,1859,Active
MRC000897,Grocery,Small,LOC0091,2020-03-14,0,1,AGT00273,2391,Active
MRC000898,Transport,Small,LOC0114,2022-12-16,1,1,AGT00702,1384,Active
MRC000899,Utility,Medium,LOC0054,2025-02-26,1,1,AGT00064,581,Active
MRC000900,Restaurant,Large,LOC0022,2025-09-05,1,1,AGT00057,390,Active
MRC000901,Grocery,Small,LOC0019,2020-02-07,1,1,AGT00144,2427,Active
MRC000902,Utility,Micro,LOC0034,2024-04-15,1,1,AGT00280,898,Active
MRC000903,Pharmacy,Small,LOC0073,2022-02-20,1,0,AGT00588,1683,Active
MRC000904,Restaurant,Small,LOC0007,2024-01-04,1,1,AGT00488,1000,Active
MRC000905,Education,Small,LOC0115,2024-09-05,0,1,AGT00339,755,Active
MRC000906,Grocery,Micro,LOC0119,2021-12-19,1,1,AGT00550,1746,Active
MRC000907,Grocery,Small,LOC0020,2021-07-17,1,1,AGT00607,1901,Active
MRC000908,Grocery,Micro,LOC0094,2023-02-21,0,1,AGT00623,1317,Active
MRC000909,General Retail,Micro,LOC0072,2022-12-05,1,1,AGT00788,1395,Active
MRC000910,Restaurant,Medium,LOC0058,2023-01-18,1,1,AGT00352,1351,Active
MRC000911,Transport,Small,LOC0089,2022-06-04,1,1,AGT00574,1579,Active
MRC000912,General Retail,Small,LOC0070,2021-02-19,1,1,AGT00704,2049,Active
MRC000913,Transport,Small,LOC0039,2021-09-16,0,1,AGT00726,1840,Active
MRC000914,Electronics,Small,LOC0068,2024-04-18,1,1,AGT00778,895,Active
MRC000915,Electronics,Micro,LOC0017,2024-06-26,0,1,AGT00654,826,Active
MRC000916,Restaurant,Small,LOC0031,2021-12-09,1,1,AGT00300,1756,Active
MRC000917,Education,Micro,LOC0117,2022-02-07,0,1,AGT00753,1696,Active
MRC000918,General Retail,Small,LOC0023,2023-10-06,1,1,AGT00559,1090,Active
MRC000919,Utility,Micro,LOC0072,2020-12-11,1,1,AGT00788,2119,Active
MRC000920,Fashion,Large,LOC0036,2023-06-17,1,1,AGT00429,1201,Active
MRC000921,Restaurant,Small,LOC0056,2023-12-15,1,1,AGT00639,1020,Active
MRC000922,General Retail,Small,LOC0030,2022-08-21,1,1,AGT00274,1501,Active
MRC000923,Grocery,Micro,LOC0069,2024-10-22,1,1,AGT00754,708,Active
MRC000924,General Retail,Small,LOC0067,2021-10-20,1,1,AGT00205,1806,Active
MRC000925,Pharmacy,Small,LOC0075,2020-08-06,0,1,AGT00567,2246,Active
MRC000926,Healthcare,Small,LOC0037,2020-04-22,0,1,AGT00301,2352,Active
MRC000927,Utility,Small,LOC0070,2023-04-16,1,0,AGT00800,1263,Active
MRC000928,Fashion,Medium,LOC0088,2024-05-09,1,1,AGT00442,874,Active
MRC000929,Grocery,Small,LOC0087,2023-02-05,0,0,AGT00772,1333,Active
MRC000930,General Retail,Small,LOC0069,2025-05-05,1,1,AGT00071,513,Active
MRC000931,Restaurant,Small,LOC0036,2021-12-19,1,1,AGT00036,1746,Active
MRC000932,Restaurant,Small,LOC0064,2023-05-26,1,1,AGT00781,1223,Active
MRC000933,Electronics,Small,LOC0065,2025-03-26,1,1,AGT00075,553,Active
MRC000934,Fashion,Small,LOC0115,2022-09-10,0,1,AGT00561,1481,Active
MRC000935,Transport,Micro,LOC0046,2021-08-30,1,1,AGT00743,1857,Active
MRC000936,Grocery,Micro,LOC0039,2024-08-06,1,1,AGT00326,785,Active
MRC000937,Fashion,Micro,LOC0090,2023-07-17,1,0,AGT00019,1171,Active
MRC000938,General Retail,Medium,LOC0077,2020-08-20,0,1,AGT00159,2232,Active
MRC000939,Grocery,Small,LOC0052,2021-09-18,0,1,AGT00740,1838,Active
MRC000940,Fashion,Micro,LOC0001,2021-03-08,1,1,AGT00087,2032,Active
MRC000941,Transport,Small,LOC0085,2023-04-10,1,1,AGT00329,1269,Active
MRC000942,General Retail,Small,LOC0089,2023-01-04,1,1,AGT00035,1365,Active
MRC000943,Education,Medium,LOC0112,2022-12-28,1,1,AGT00667,1372,Active
MRC000944,General Retail,Large,LOC0061,2023-04-09,1,1,AGT00425,1270,Active
MRC000945,Pharmacy,Medium,LOC0062,2025-02-05,0,1,AGT00438,602,Active
MRC000946,Restaurant,Medium,LOC0026,2025-09-19,1,1,AGT00162,376,Active
MRC000947,General Retail,Micro,LOC0056,2020-12-25,1,1,AGT00583,2105,Active
MRC000948,General Retail,Micro,LOC0001,2022-10-01,1,1,AGT00616,1460,Active
MRC000949,Electronics,Small,LOC0061,2022-10-11,1,1,AGT00524,1450,Active
MRC000950,Fashion,Small,LOC0085,2022-05-26,1,1,AGT00315,1588,Active
MRC000951,Fashion,Micro,LOC0095,2023-06-30,0,1,AGT00458,1188,Active
MRC000952,Grocery,Small,LOC0080,2020-08-17,1,1,AGT00416,2235,Active
MRC000953,General Retail,Micro,LOC0097,2023-02-25,1,1,AGT00719,1313,Active
MRC000954,Utility,Micro,LOC0080,2022-12-19,1,1,AGT00262,1381,Active
MRC000955,Fashion,Micro,LOC0094,2022-10-14,1,1,AGT00270,1447,Active
MRC000956,Pharmacy,Medium,LOC0053,2025-01-08,1,1,AGT00309,630,Active
MRC000957,Restaurant,Small,LOC0073,2024-12-04,1,0,AGT00047,665,Active
MRC000958,Grocery,Small,LOC0077,2024-11-19,1,1,AGT00611,680,Active
MRC000959,Healthcare,Medium,LOC0069,2024-06-10,1,1,AGT00754,842,Active
MRC000960,Electronics,Medium,LOC0069,2025-01-02,1,1,AGT00373,636,Active
MRC000961,Pharmacy,Small,LOC0094,2024-08-15,0,0,AGT00777,776,Active
MRC000962,Education,Small,LOC0029,2020-05-07,1,1,AGT00467,2337,Active
MRC000963,General Retail,Micro,LOC0039,2023-10-21,1,1,AGT00726,1075,Active
MRC000964,Grocery,Small,LOC0063,2021-03-20,1,1,AGT00651,2020,Active
MRC000965,Fashion,Micro,LOC0078,2023-08-11,0,1,AGT00535,1146,Active
MRC000966,Fashion,Small,LOC0062,2021-01-10,1,1,AGT00487,2089,Active
MRC000967,Grocery,Small,LOC0024,2021-06-16,1,1,AGT00394,1932,Active
MRC000968,Electronics,Micro,LOC0099,2020-12-07,1,1,AGT00500,2123,Active
MRC000969,Education,Small,LOC0066,2024-03-27,0,1,AGT00022,917,Active
MRC000970,Grocery,Small,LOC0053,2025-05-23,1,1,AGT00492,495,Active
MRC000971,Grocery,Small,LOC0106,2024-02-13,1,1,AGT00175,960,Active
MRC000972,General Retail,Micro,LOC0053,2021-10-05,1,1,AGT00252,1821,Active
MRC000973,Restaurant,Micro,LOC0020,2022-01-18,1,1,AGT00028,1716,Active
MRC000974,Transport,Micro,LOC0119,2021-10-01,1,1,AGT00136,1825,Active
MRC000975,Education,Medium,LOC0046,2020-01-08,1,1,AGT00743,2457,Active
MRC000976,General Retail,Medium,LOC0108,2024-08-13,1,1,AGT00216,778,Active
MRC000977,Healthcare,Micro,LOC0063,2023-04-22,1,1,AGT00307,1257,Active
MRC000978,General Retail,Small,LOC0030,2023-01-10,1,0,AGT00274,1359,Active
MRC000979,Education,Small,LOC0046,2025-01-25,1,1,AGT00743,613,Active
MRC000980,Fashion,Large,LOC0110,2021-12-31,1,1,AGT00275,1734,Active
MRC000981,Restaurant,Micro,LOC0114,2025-09-02,1,1,AGT00571,393,Active
MRC000982,Restaurant,Small,LOC0017,2020-08-05,1,0,AGT00010,2247,Active
MRC000983,Restaurant,Small,LOC0119,2025-06-07,1,1,AGT00213,480,Active
MRC000984,Grocery,Micro,LOC0103,2025-04-20,1,1,AGT00030,528,Active
MRC000985,Fashion,Micro,LOC0078,2024-12-03,1,1,AGT00535,666,Active
MRC000986,Restaurant,Micro,LOC0022,2020-08-16,0,1,AGT00657,2236,Active
MRC000987,Grocery,Small,LOC0071,2020-10-22,1,1,AGT00364,2169,Active
MRC000988,Pharmacy,Small,LOC0052,2020-06-11,1,1,AGT00740,2302,Active
MRC000989,Healthcare,Small,LOC0015,2020-12-23,1,1,AGT00120,2107,Active
MRC000990,Education,Micro,LOC0119,2020-06-08,1,1,AGT00553,2305,Active
MRC000991,Utility,Medium,LOC0073,2023-02-21,1,1,AGT00357,1317,Active
MRC000992,Electronics,Micro,LOC0012,2025-12-07,1,1,AGT00514,297,Active
MRC000993,General Retail,Large,LOC0042,2023-05-05,1,1,AGT00501,1244,Active
MRC000994,Utility,Micro,LOC0101,2024-08-22,0,1,AGT00631,769,Active
MRC000995,Grocery,Medium,LOC0054,2024-07-01,1,1,AGT00556,821,Active
MRC000996,General Retail,Medium,LOC0060,2021-10-29,1,1,AGT00712,1797,Active
MRC000997,Grocery,Medium,LOC0018,2024-12-18,0,1,AGT00504,651,Active
MRC000998,Education,Medium,LOC0014,2024-01-14,0,1,AGT00389,990,Active
MRC000999,Utility,Micro,LOC0118,2023-08-13,0,1,AGT00729,1144,Active
MRC001000,Restaurant,Small,LOC0115,2025-08-06,1,0,AGT00296,420,Active
MRC001001,Education,Small,LOC0012,2021-10-07,1,1,AGT00676,1819,Active
MRC001002,Restaurant,Small,LOC0066,2021-05-25,1,1,AGT00292,1954,Active
MRC001003,Grocery,Large,LOC0082,2022-08-15,0,0,AGT00459,1507,Active
MRC001004,Grocery,Micro,LOC0106,2025-10-16,1,1,AGT00401,349,Active
MRC001005,Grocery,Small,LOC0068,2021-04-03,1,1,AGT00600,2006,Active
MRC001006,Grocery,Medium,LOC0105,2023-04-18,1,1,AGT00117,1261,Active
MRC001007,Education,Micro,LOC0015,2024-05-15,1,1,AGT00050,868,Active
MRC001008,Electronics,Micro,LOC0002,2020-04-17,1,1,AGT00617,2357,Active
MRC001009,Fashion,Micro,LOC0056,2020-10-27,1,0,AGT00756,2164,Active
MRC001010,Transport,Small,LOC0032,2023-05-01,1,0,AGT00253,1248,Active
MRC001011,Grocery,Medium,LOC0091,2023-04-24,1,1,AGT00223,1255,Active
MRC001012,Pharmacy,Micro,LOC0041,2020-07-04,1,1,AGT00541,2279,Active
MRC001013,Utility,Small,LOC0049,2024-10-26,1,1,AGT00021,704,Active
MRC001014,General Retail,Small,LOC0065,2023-07-08,0,1,AGT00510,1180,Active
MRC001015,Fashion,Small,LOC0116,2022-07-20,1,0,AGT00291,1533,Active
MRC001016,Grocery,Small,LOC0009,2023-11-21,1,1,AGT00486,1044,Active
MRC001017,Utility,Medium,LOC0067,2024-01-28,1,1,AGT00112,976,Active
MRC001018,General Retail,Micro,LOC0047,2025-04-27,1,1,AGT00748,521,Active
MRC001019,Restaurant,Micro,LOC0005,2024-05-14,1,1,AGT00496,869,Active
MRC001020,Pharmacy,Small,LOC0098,2023-10-27,1,0,AGT00335,1069,Active
MRC001021,Grocery,Small,LOC0110,2020-12-14,1,1,AGT00288,2116,Active
MRC001022,Education,Small,LOC0021,2023-12-12,1,1,AGT00502,1023,Active
MRC001023,General Retail,Micro,LOC0092,2024-12-30,1,1,AGT00348,639,Active
MRC001024,Transport,Micro,LOC0085,2020-11-24,0,1,AGT00315,2136,Active
MRC001025,Restaurant,Medium,LOC0085,2023-11-10,1,1,AGT00315,1055,Active
MRC001026,Transport,Micro,LOC0056,2020-06-16,1,1,AGT00128,2297,Active
MRC001027,General Retail,Small,LOC0039,2025-04-23,1,1,AGT00445,525,Active
MRC001028,Fashion,Small,LOC0009,2025-10-31,1,1,AGT00199,334,Active
MRC001029,Utility,Micro,LOC0005,2020-06-13,1,1,AGT00083,2300,Active
MRC001030,Restaurant,Micro,LOC0022,2025-05-17,1,1,AGT00449,501,Active
MRC001031,Restaurant,Micro,LOC0064,2025-11-29,1,1,AGT00203,305,Active
MRC001032,Education,Small,LOC0017,2022-02-11,1,1,AGT00384,1692,Active
MRC001033,Fashion,Micro,LOC0083,2024-01-24,1,1,AGT00310,980,Active
MRC001034,General Retail,Small,LOC0075,2023-01-23,0,1,AGT00682,1346,Active
MRC001035,Electronics,Micro,LOC0042,2023-07-09,1,1,AGT00659,1179,Active
MRC001036,Restaurant,Micro,LOC0011,2024-03-09,0,1,AGT00540,935,Active
MRC001037,Restaurant,Micro,LOC0063,2023-01-31,0,1,AGT00606,1338,Active
MRC001038,Electronics,Micro,LOC0099,2024-05-29,1,1,AGT00138,854,Active
MRC001039,Restaurant,Micro,LOC0048,2024-08-14,1,1,AGT00186,777,Active
MRC001040,Healthcare,Medium,LOC0097,2024-08-14,1,0,AGT00470,777,Active
MRC001041,Restaurant,Micro,LOC0035,2025-04-03,1,1,AGT00403,545,Active
MRC001042,Restaurant,Small,LOC0010,2022-10-26,1,1,AGT00025,1435,Active
MRC001043,Education,Small,LOC0078,2022-09-06,1,1,AGT00535,1485,Active
MRC001044,Grocery,Small,LOC0107,2025-11-09,1,1,AGT00672,325,Active
MRC001045,Transport,Small,LOC0107,2023-03-19,1,1,AGT00265,1291,Active
MRC001046,Electronics,Micro,LOC0116,2021-07-17,1,1,AGT00291,1901,Active
MRC001047,Fashion,Small,LOC0013,2025-12-15,0,0,AGT00597,289,Active
MRC001048,Healthcare,Micro,LOC0006,2024-03-01,1,1,AGT00545,943,Active
MRC001049,Healthcare,Small,LOC0069,2020-03-19,1,0,AGT00373,2386,Active
MRC001050,General Retail,Micro,LOC0115,2023-05-30,1,1,AGT00202,1219,Active
MRC001051,Restaurant,Small,LOC0120,2025-11-11,1,1,AGT00347,323,Active
MRC001052,Restaurant,Small,LOC0034,2022-10-23,1,1,AGT00219,1438,Active
MRC001053,Healthcare,Small,LOC0046,2023-07-04,1,1,AGT00718,1184,Active
MRC001054,Education,Micro,LOC0080,2024-09-12,1,1,AGT00224,748,Active
MRC001055,Transport,Small,LOC0110,2025-07-10,1,1,AGT00287,447,Active
MRC001056,Electronics,Small,LOC0021,2020-09-04,0,1,AGT00502,2217,Active
MRC001057,Utility,Small,LOC0118,2021-02-05,1,1,AGT00404,2063,Active
MRC001058,Grocery,Micro,LOC0099,2021-11-18,1,0,AGT00139,1777,Active
MRC001059,Electronics,Micro,LOC0009,2025-11-09,0,0,AGT00486,325,Active
MRC001060,Grocery,Micro,LOC0102,2020-10-03,1,1,AGT00795,2188,Active
MRC001061,Restaurant,Small,LOC0077,2023-02-17,1,1,AGT00168,1321,Active
MRC001062,Transport,Small,LOC0118,2023-02-13,1,1,AGT00444,1325,Active
MRC001063,Fashion,Small,LOC0026,2020-09-17,1,0,AGT00776,2204,Active
MRC001064,Restaurant,Small,LOC0120,2023-05-18,0,1,AGT00347,1231,Active
MRC001065,General Retail,Small,LOC0006,2024-07-19,0,1,AGT00513,803,Active
MRC001066,Utility,Small,LOC0010,2024-07-17,1,0,AGT00025,805,Active
MRC001067,Electronics,Small,LOC0054,2020-06-01,0,1,AGT00320,2312,Active
MRC001068,General Retail,Small,LOC0079,2022-09-14,1,1,AGT00432,1477,Active
MRC001069,Fashion,Micro,LOC0021,2022-07-02,1,1,AGT00502,1551,Active
MRC001070,Utility,Medium,LOC0033,2022-05-31,1,1,AGT00475,1583,Active
MRC001071,Grocery,Large,LOC0047,2024-08-23,1,1,AGT00602,768,Active
MRC001072,Pharmacy,Small,LOC0016,2023-06-14,0,1,AGT00100,1204,Active
MRC001073,Restaurant,Medium,LOC0022,2020-04-08,1,0,AGT00787,2366,Active
MRC001074,Grocery,Large,LOC0018,2025-02-03,1,0,AGT00137,604,Active
MRC001075,Electronics,Small,LOC0115,2020-04-09,1,1,AGT00108,2365,Active
MRC001076,Grocery,Small,LOC0113,2024-04-30,1,1,AGT00048,883,Active
MRC001077,Transport,Small,LOC0076,2024-03-11,0,1,AGT00332,933,Active
MRC001078,Grocery,Micro,LOC0083,2025-11-16,1,0,AGT00441,318,Active
MRC001079,Grocery,Micro,LOC0017,2021-12-28,0,1,AGT00384,1737,Active
MRC001080,General Retail,Small,LOC0007,2024-01-20,1,1,AGT00662,984,Active
MRC001081,Transport,Small,LOC0046,2023-03-20,0,1,AGT00743,1290,Active
MRC001082,General Retail,Micro,LOC0119,2022-06-28,1,1,AGT00209,1555,Active
MRC001083,Fashion,Small,LOC0058,2022-03-03,0,1,AGT00630,1672,Active
MRC001084,Grocery,Small,LOC0097,2020-03-30,1,1,AGT00671,2375,Active
MRC001085,Education,Small,LOC0045,2022-08-21,0,1,AGT00589,1501,Active
MRC001086,Electronics,Micro,LOC0038,2024-11-24,0,1,AGT00608,675,Active
MRC001087,Grocery,Small,LOC0098,2021-10-02,0,1,AGT00017,1824,Active
MRC001088,General Retail,Micro,LOC0057,2025-08-18,0,1,AGT00200,408,Active
MRC001089,Education,Micro,LOC0088,2020-11-30,1,0,AGT00442,2130,Active
MRC001090,Healthcare,Micro,LOC0088,2024-03-10,1,1,AGT00053,934,Active
MRC001091,Fashion,Micro,LOC0088,2021-08-22,0,1,AGT00442,1865,Active
MRC001092,Education,Micro,LOC0082,2025-01-09,1,1,AGT00208,629,Active
MRC001093,Pharmacy,Small,LOC0098,2023-07-13,1,0,AGT00335,1175,Active
MRC001094,General Retail,Small,LOC0056,2021-10-20,1,0,AGT00583,1806,Active
MRC001095,Restaurant,Micro,LOC0037,2022-03-31,1,1,AGT00226,1644,Active
MRC001096,Grocery,Medium,LOC0062,2025-12-05,1,0,AGT00487,299,Active
MRC001097,Grocery,Small,LOC0039,2025-10-03,1,1,AGT00726,362,Active
MRC001098,Transport,Medium,LOC0006,2020-02-04,1,1,AGT00513,2430,Active
MRC001099,General Retail,Small,LOC0044,2022-10-19,1,1,AGT00615,1442,Active
MRC001100,General Retail,Micro,LOC0061,2020-11-04,1,1,AGT00524,2156,Active
MRC001101,Transport,Medium,LOC0063,2025-07-12,1,1,AGT00033,445,Active
MRC001102,General Retail,Medium,LOC0041,2023-01-10,1,1,AGT00541,1359,Active
MRC001103,Healthcare,Small,LOC0088,2022-07-07,1,1,AGT00192,1546,Active
MRC001104,Restaurant,Small,LOC0035,2020-06-14,1,1,AGT00360,2299,Active
MRC001105,Education,Small,LOC0078,2021-09-17,1,1,AGT00535,1839,Active
MRC001106,Grocery,Small,LOC0033,2022-03-16,1,1,AGT00412,1659,Active
MRC001107,Pharmacy,Small,LOC0119,2024-03-16,0,1,AGT00553,928,Active
MRC001108,Restaurant,Small,LOC0078,2020-01-07,0,1,AGT00246,2458,Active
MRC001109,Pharmacy,Micro,LOC0067,2024-01-02,1,1,AGT00205,1002,Active
MRC001110,General Retail,Micro,LOC0052,2024-04-18,1,1,AGT00740,895,Active
MRC001111,General Retail,Micro,LOC0091,2021-08-19,1,1,AGT00779,1868,Active
MRC001112,Restaurant,Micro,LOC0052,2019-12-31,1,0,AGT00740,2465,Active
MRC001113,Transport,Micro,LOC0097,2020-11-01,0,1,AGT00706,2159,Active
MRC001114,Restaurant,Medium,LOC0020,2024-11-19,1,1,AGT00543,680,Active
MRC001115,Grocery,Micro,LOC0099,2021-01-31,1,0,AGT00500,2068,Active
MRC001116,Restaurant,Micro,LOC0116,2023-11-06,1,1,AGT00317,1059,Active
MRC001117,Pharmacy,Micro,LOC0030,2024-08-19,1,1,AGT00411,772,Active
MRC001118,Restaurant,Small,LOC0027,2020-05-14,0,1,AGT00473,2330,Active
MRC001119,Pharmacy,Small,LOC0115,2020-04-12,1,1,AGT00006,2362,Active
MRC001120,Grocery,Small,LOC0049,2023-09-30,1,1,AGT00021,1096,Active
MRC001121,Pharmacy,Medium,LOC0084,2025-10-21,1,1,AGT00249,344,Active
MRC001122,General Retail,Large,LOC0023,2024-09-15,1,1,AGT00065,745,Active
MRC001123,Grocery,Medium,LOC0052,2022-09-22,1,1,AGT00740,1469,Active
MRC001124,Restaurant,Medium,LOC0085,2025-08-10,0,1,AGT00294,416,Active
MRC001125,Electronics,Micro,LOC0108,2024-08-08,1,1,AGT00216,783,Active
MRC001126,Restaurant,Small,LOC0053,2025-01-26,0,1,AGT00181,612,Active
MRC001127,Electronics,Micro,LOC0010,2020-04-07,1,1,AGT00025,2367,Active
MRC001128,Grocery,Small,LOC0050,2023-11-02,1,1,AGT00647,1063,Active
MRC001129,Transport,Micro,LOC0078,2023-09-09,1,1,AGT00189,1117,Active
MRC001130,Education,Micro,LOC0106,2023-06-11,1,1,AGT00175,1207,Active
MRC001131,Transport,Micro,LOC0101,2025-11-19,1,1,AGT00107,315,Active
MRC001132,Education,Small,LOC0092,2022-09-19,1,1,AGT00042,1472,Active
MRC001133,Fashion,Small,LOC0020,2020-07-03,1,1,AGT00082,2280,Active
MRC001134,Restaurant,Micro,LOC0063,2021-02-04,1,1,AGT00033,2064,Active
MRC001135,Pharmacy,Small,LOC0070,2024-06-18,0,1,AGT00421,834,Active
MRC001136,Electronics,Micro,LOC0057,2025-11-18,1,1,AGT00200,316,Active
MRC001137,Grocery,Small,LOC0111,2021-05-03,1,1,AGT00799,1976,Active
MRC001138,Restaurant,Micro,LOC0116,2020-12-06,0,1,AGT00537,2124,Active
MRC001139,Transport,Micro,LOC0026,2020-06-12,1,1,AGT00636,2301,Active
MRC001140,Grocery,Small,LOC0115,2022-07-05,1,0,AGT00339,1548,Active
MRC001141,Grocery,Small,LOC0102,2023-02-17,1,0,AGT00342,1321,Active
MRC001142,Transport,Medium,LOC0085,2021-06-09,1,1,AGT00329,1939,Active
MRC001143,Restaurant,Small,LOC0046,2021-10-31,1,1,AGT00119,1795,Active
MRC001144,Utility,Medium,LOC0092,2021-06-08,1,1,AGT00350,1940,Active
MRC001145,General Retail,Micro,LOC0071,2024-04-05,1,1,AGT00032,908,Active
MRC001146,General Retail,Small,LOC0108,2020-07-23,0,1,AGT00235,2260,Active
MRC001147,Fashion,Large,LOC0086,2025-09-27,1,1,AGT00582,368,Active
MRC001148,Pharmacy,Micro,LOC0116,2025-05-27,1,1,AGT00537,491,Active
MRC001149,Education,Small,LOC0051,2022-01-17,1,1,AGT00594,1717,Active
MRC001150,Education,Micro,LOC0010,2022-07-18,1,1,AGT00025,1535,Active
MRC001151,Education,Small,LOC0060,2022-08-25,0,1,AGT00714,1497,Active
MRC001152,Restaurant,Micro,LOC0120,2020-07-10,1,0,AGT00436,2273,Active
MRC001153,Grocery,Small,LOC0079,2020-10-02,1,1,AGT00369,2189,Active
MRC001154,Pharmacy,Small,LOC0085,2021-08-29,0,1,AGT00315,1858,Active
MRC001155,Grocery,Micro,LOC0076,2024-12-23,1,1,AGT00405,646,Active
MRC001156,Grocery,Micro,LOC0072,2025-05-20,1,1,AGT00788,498,Active
MRC001157,General Retail,Micro,LOC0008,2025-02-15,0,1,AGT00547,592,Active
MRC001158,Grocery,Micro,LOC0050,2022-04-16,1,0,AGT00647,1628,Active
MRC001159,Education,Small,LOC0011,2021-09-12,1,1,AGT00207,1844,Active
MRC001160,General Retail,Medium,LOC0041,2021-03-06,1,1,AGT00497,2034,Active
MRC001161,Restaurant,Micro,LOC0087,2025-05-06,0,1,AGT00772,512,Active
MRC001162,Electronics,Small,LOC0097,2024-04-26,0,1,AGT00719,887,Active
MRC001163,Transport,Small,LOC0027,2023-12-10,1,0,AGT00415,1025,Active
MRC001164,Restaurant,Micro,LOC0079,2022-03-07,1,1,AGT00432,1668,Active
MRC001165,Fashion,Micro,LOC0028,2025-09-07,0,0,AGT00349,388,Active
MRC001166,Utility,Small,LOC0025,2020-12-07,1,1,AGT00114,2123,Active
MRC001167,Healthcare,Small,LOC0116,2025-06-24,0,1,AGT00113,463,Active
MRC001168,Utility,Medium,LOC0074,2022-10-30,1,0,AGT00003,1431,Active
MRC001169,General Retail,Small,LOC0024,2020-05-19,1,1,AGT00640,2325,Active
MRC001170,Restaurant,Small,LOC0017,2024-10-19,0,1,AGT00069,711,Active
MRC001171,Healthcare,Medium,LOC0006,2021-11-07,1,1,AGT00586,1788,Active
MRC001172,Education,Medium,LOC0060,2022-09-03,1,1,AGT00714,1488,Active
MRC001173,Transport,Medium,LOC0013,2021-01-21,1,1,AGT00439,2078,Active
MRC001174,Healthcare,Micro,LOC0071,2022-06-12,1,1,AGT00239,1571,Active
MRC001175,Healthcare,Large,LOC0053,2020-11-20,0,1,AGT00739,2140,Active
MRC001176,General Retail,Medium,LOC0077,2023-07-21,0,1,AGT00159,1167,Active
MRC001177,Restaurant,Small,LOC0025,2024-12-24,1,1,AGT00114,645,Active
MRC001178,Transport,Small,LOC0018,2021-11-24,1,1,AGT00504,1771,Active
MRC001179,Pharmacy,Large,LOC0013,2020-03-04,1,1,AGT00789,2401,Active
MRC001180,Education,Small,LOC0012,2023-05-16,1,1,AGT00495,1233,Active
MRC001181,Healthcare,Small,LOC0009,2021-01-21,1,1,AGT00486,2078,Active
MRC001182,Utility,Small,LOC0032,2020-09-17,1,1,AGT00253,2204,Active
MRC001183,Fashion,Small,LOC0097,2022-02-06,1,1,AGT00745,1697,Active
MRC001184,Electronics,Small,LOC0073,2021-03-24,1,1,AGT00357,2016,Active
MRC001185,Restaurant,Micro,LOC0031,2022-08-05,1,0,AGT00573,1517,Active
MRC001186,Grocery,Micro,LOC0112,2021-02-23,0,1,AGT00402,2045,Active
MRC001187,Pharmacy,Small,LOC0092,2023-12-14,1,1,AGT00348,1021,Active
MRC001188,General Retail,Small,LOC0094,2022-10-25,1,0,AGT00623,1436,Active
MRC001189,Restaurant,Small,LOC0108,2025-06-30,1,1,AGT00235,457,Active
MRC001190,General Retail,Medium,LOC0090,2024-10-14,1,1,AGT00577,716,Active
MRC001191,Pharmacy,Small,LOC0115,2022-07-01,1,1,AGT00563,1552,Active
MRC001192,Healthcare,Small,LOC0040,2021-08-18,1,1,AGT00089,1869,Active
MRC001193,Education,Micro,LOC0103,2025-10-13,1,1,AGT00551,352,Active
MRC001194,Transport,Small,LOC0014,2025-07-20,1,0,AGT00388,437,Active
MRC001195,Transport,Medium,LOC0037,2025-12-04,0,0,AGT00361,300,Active
MRC001196,Transport,Small,LOC0108,2022-11-13,1,1,AGT00235,1417,Active
MRC001197,General Retail,Medium,LOC0017,2023-12-16,0,1,AGT00408,1019,Active
MRC001198,Education,Large,LOC0061,2025-08-24,0,1,AGT00428,402,Active
MRC001199,Grocery,Micro,LOC0041,2021-03-19,0,1,AGT00378,2021,Active
MRC001200,Pharmacy,Small,LOC0013,2022-10-20,1,1,AGT00649,1441,Active
MRC001201,Transport,Small,LOC0029,2025-11-26,1,1,AGT00356,308,Active
MRC001202,Fashion,Small,LOC0065,2021-11-10,1,1,AGT00313,1785,Active
MRC001203,Electronics,Micro,LOC0076,2020-07-05,1,1,AGT00184,2278,Active
MRC001204,Education,Micro,LOC0082,2023-06-16,1,1,AGT00147,1202,Active
MRC001205,Restaurant,Micro,LOC0016,2020-04-13,0,1,AGT00278,2361,Active
MRC001206,Utility,Small,LOC0039,2023-06-21,1,1,AGT00304,1197,Active
MRC001207,Healthcare,Micro,LOC0013,2025-07-01,1,1,AGT00689,456,Active
MRC001208,Healthcare,Small,LOC0002,2025-03-24,1,1,AGT00617,555,Active
MRC001209,Healthcare,Small,LOC0047,2025-07-24,1,1,AGT00755,433,Active
MRC001210,General Retail,Small,LOC0075,2024-02-27,1,1,AGT00567,946,Active
MRC001211,Education,Medium,LOC0045,2023-08-30,0,1,AGT00141,1127,Active
MRC001212,General Retail,Small,LOC0005,2023-04-22,1,1,AGT00377,1257,Active
MRC001213,Grocery,Micro,LOC0027,2023-02-01,1,1,AGT00568,1337,Active
MRC001214,Transport,Large,LOC0052,2020-10-18,0,0,AGT00015,2173,Active
MRC001215,Healthcare,Medium,LOC0043,2025-11-22,0,1,AGT00456,312,Active
MRC001216,Fashion,Small,LOC0099,2020-08-03,1,1,AGT00139,2249,Active
MRC001217,Pharmacy,Small,LOC0072,2024-07-13,1,1,AGT00198,809,Active
MRC001218,Electronics,Micro,LOC0120,2020-04-04,1,1,AGT00172,2370,Active
MRC001219,Restaurant,Small,LOC0022,2025-02-25,0,1,AGT00057,582,Active
MRC001220,General Retail,Micro,LOC0045,2025-05-12,1,1,AGT00038,506,Active
MRC001221,Restaurant,Small,LOC0011,2025-03-27,1,1,AGT00540,552,Active
MRC001222,Grocery,Micro,LOC0003,2024-03-10,1,1,AGT00345,934,Active
MRC001223,Education,Small,LOC0111,2020-04-30,1,1,AGT00122,2344,Active
MRC001224,Restaurant,Micro,LOC0060,2023-03-12,0,1,AGT00714,1298,Active
MRC001225,Grocery,Micro,LOC0080,2024-12-21,1,1,AGT00416,648,Active
MRC001226,Education,Micro,LOC0034,2022-02-14,0,1,AGT00485,1689,Active
MRC001227,Electronics,Small,LOC0007,2022-12-03,1,1,AGT00792,1397,Active
MRC001228,Grocery,Micro,LOC0108,2021-10-04,1,1,AGT00052,1822,Active
MRC001229,Education,Small,LOC0080,2021-07-11,1,0,AGT00262,1907,Active
MRC001230,Education,Micro,LOC0086,2021-04-05,0,1,AGT00527,2004,Active
MRC001231,Utility,Small,LOC0065,2025-01-21,1,1,AGT00096,617,Active
MRC001232,Restaurant,Micro,LOC0049,2022-12-30,0,1,AGT00314,1370,Active
MRC001233,Pharmacy,Medium,LOC0051,2022-03-11,1,1,AGT00244,1664,Active
MRC001234,General Retail,Micro,LOC0092,2022-08-19,0,1,AGT00281,1503,Active
MRC001235,Education,Micro,LOC0028,2020-02-22,1,1,AGT00489,2412,Active
MRC001236,Grocery,Micro,LOC0041,2020-03-20,1,1,AGT00541,2385,Active
MRC001237,General Retail,Micro,LOC0037,2021-02-08,0,1,AGT00226,2060,Active
MRC001238,Grocery,Small,LOC0063,2024-07-11,0,1,AGT00651,811,Active
MRC001239,Utility,Micro,LOC0117,2022-10-19,0,1,AGT00716,1442,Active
MRC001240,Transport,Medium,LOC0111,2021-02-25,1,1,AGT00188,2043,Active
MRC001241,General Retail,Small,LOC0066,2024-05-10,1,0,AGT00293,873,Active
MRC001242,General Retail,Micro,LOC0025,2021-09-14,1,1,AGT00523,1842,Active
MRC001243,Pharmacy,Small,LOC0113,2024-06-21,1,1,AGT00084,831,Active
MRC001244,Utility,Micro,LOC0038,2025-02-14,1,1,AGT00341,593,Active
MRC001245,Restaurant,Micro,LOC0043,2024-07-11,0,1,AGT00664,811,Active
MRC001246,Education,Micro,LOC0107,2020-06-02,0,1,AGT00265,2311,Active
MRC001247,Education,Micro,LOC0032,2020-01-04,0,0,AGT00056,2461,Active
MRC001248,Grocery,Micro,LOC0056,2020-11-05,0,1,AGT00194,2155,Active
MRC001249,Grocery,Medium,LOC0111,2024-05-04,1,1,AGT00164,879,Active
MRC001250,Grocery,Small,LOC0039,2021-04-19,0,1,AGT00124,1990,Active
MRC001251,Grocery,Medium,LOC0075,2024-08-28,0,1,AGT00020,763,Active
MRC001252,Pharmacy,Micro,LOC0005,2025-03-15,0,1,AGT00377,564,Active
MRC001253,General Retail,Medium,LOC0120,2024-05-31,1,1,AGT00434,852,Active
MRC001254,Electronics,Micro,LOC0051,2025-02-15,0,1,AGT00398,592,Active
MRC001255,Utility,Micro,LOC0081,2022-02-17,1,1,AGT00276,1686,Active
MRC001256,General Retail,Medium,LOC0061,2021-11-16,1,1,AGT00524,1779,Active
MRC001257,Healthcare,Micro,LOC0053,2025-10-01,1,1,AGT00492,364,Active
MRC001258,Restaurant,Small,LOC0049,2025-04-27,1,1,AGT00683,521,Active
MRC001259,General Retail,Medium,LOC0003,2023-02-05,1,0,AGT00264,1333,Active
MRC001260,Healthcare,Small,LOC0034,2025-04-14,1,1,AGT00285,534,Active
MRC001261,Healthcare,Small,LOC0046,2021-01-03,1,1,AGT00718,2096,Active
MRC001262,General Retail,Micro,LOC0045,2023-07-27,1,1,AGT00111,1161,Active
MRC001263,Education,Micro,LOC0033,2023-06-29,1,1,AGT00507,1189,Active
MRC001264,Electronics,Large,LOC0078,2025-12-06,0,1,AGT00189,298,Active
MRC001265,General Retail,Micro,LOC0100,2021-10-07,1,1,AGT00420,1819,Active
MRC001266,Fashion,Micro,LOC0107,2021-08-24,1,0,AGT00414,1863,Active
MRC001267,Utility,Micro,LOC0117,2021-06-09,1,1,AGT00763,1939,Active
MRC001268,Grocery,Medium,LOC0078,2022-09-24,1,1,AGT00189,1467,Active
MRC001269,Grocery,Small,LOC0050,2024-05-08,1,1,AGT00009,875,Active
MRC001270,Electronics,Small,LOC0078,2025-06-30,1,1,AGT00246,457,Active
MRC001271,Grocery,Medium,LOC0016,2024-01-28,1,1,AGT00724,976,Active
MRC001272,General Retail,Micro,LOC0099,2022-09-17,1,0,AGT00508,1474,Active
MRC001273,Grocery,Medium,LOC0065,2025-04-07,1,1,AGT00484,541,Active
MRC001274,Healthcare,Micro,LOC0020,2025-08-21,0,1,AGT00269,405,Active
MRC001275,Pharmacy,Small,LOC0052,2024-08-30,0,1,AGT00740,761,Active
MRC001276,General Retail,Micro,LOC0037,2025-07-16,1,1,AGT00195,441,Active
MRC001277,Restaurant,Large,LOC0042,2025-11-16,0,1,AGT00764,318,Active
MRC001278,Grocery,Medium,LOC0007,2023-01-22,1,1,AGT00153,1347,Active
MRC001279,Grocery,Small,LOC0002,2021-07-03,1,1,AGT00617,1915,Active
MRC001280,Electronics,Micro,LOC0042,2022-12-21,1,1,AGT00659,1379,Active
MRC001281,General Retail,Micro,LOC0037,2025-06-01,0,1,AGT00641,486,Active
MRC001282,General Retail,Small,LOC0120,2023-12-08,0,1,AGT00436,1027,Active
MRC001283,Restaurant,Micro,LOC0032,2025-10-01,1,1,AGT00666,364,Active
MRC001284,Fashion,Micro,LOC0040,2022-03-30,1,1,AGT00089,1645,Active
MRC001285,Grocery,Small,LOC0110,2024-07-26,1,1,AGT00338,796,Active
MRC001286,Electronics,Small,LOC0104,2023-08-24,0,1,AGT00272,1133,Active
MRC001287,Education,Medium,LOC0007,2020-07-26,1,1,AGT00488,2257,Active
MRC001288,Pharmacy,Small,LOC0011,2022-06-14,1,1,AGT00105,1569,Active
MRC001289,Education,Micro,LOC0012,2021-05-21,1,1,AGT00627,1958,Active
MRC001290,General Retail,Small,LOC0056,2023-11-14,1,1,AGT00363,1051,Active
MRC001291,Grocery,Micro,LOC0069,2020-05-24,1,1,AGT00071,2320,Active
MRC001292,Pharmacy,Small,LOC0043,2021-09-07,1,1,AGT00759,1849,Active
MRC001293,Pharmacy,Small,LOC0002,2022-11-17,1,1,AGT00617,1413,Active
MRC001294,Grocery,Micro,LOC0025,2022-07-01,1,1,AGT00670,1552,Active
MRC001295,Grocery,Micro,LOC0074,2022-03-27,1,1,AGT00003,1648,Active
MRC001296,Education,Medium,LOC0045,2025-01-02,1,0,AGT00038,636,Active
MRC001297,Grocery,Small,LOC0015,2024-06-16,1,1,AGT00050,836,Active
MRC001298,Healthcare,Small,LOC0079,2021-11-09,1,1,AGT00570,1786,Active
MRC001299,General Retail,Small,LOC0074,2023-04-29,1,1,AGT00668,1250,Active
MRC001300,General Retail,Small,LOC0059,2021-04-10,1,1,AGT00092,1999,Active
MRC001301,Transport,Micro,LOC0113,2022-10-26,1,1,AGT00322,1435,Active
MRC001302,Grocery,Medium,LOC0102,2025-07-27,1,1,AGT00342,430,Active
MRC001303,Grocery,Medium,LOC0005,2021-12-26,1,1,AGT00212,1739,Active
MRC001304,Pharmacy,Micro,LOC0109,2022-04-25,0,1,AGT00461,1619,Active
MRC001305,General Retail,Micro,LOC0006,2023-10-13,1,1,AGT00586,1083,Active
MRC001306,General Retail,Small,LOC0058,2021-03-26,0,1,AGT00413,2014,Active
MRC001307,Restaurant,Small,LOC0109,2023-11-12,1,1,AGT00461,1053,Active
MRC001308,Restaurant,Small,LOC0118,2025-04-11,1,1,AGT00404,537,Active
MRC001309,Electronics,Small,LOC0003,2025-03-28,1,1,AGT00312,551,Active
MRC001310,Restaurant,Small,LOC0009,2020-07-26,1,1,AGT00406,2257,Active
MRC001311,General Retail,Small,LOC0029,2023-09-18,1,1,AGT00356,1108,Active
MRC001312,Pharmacy,Micro,LOC0034,2023-06-25,1,1,AGT00280,1193,Active
MRC001313,Restaurant,Micro,LOC0034,2024-02-19,1,1,AGT00091,954,Active
MRC001314,Fashion,Small,LOC0051,2021-07-19,1,1,AGT00594,1899,Active
MRC001315,Grocery,Medium,LOC0039,2022-05-04,1,1,AGT00457,1610,Active
MRC001316,Restaurant,Small,LOC0070,2020-08-01,0,0,AGT00704,2251,Active
MRC001317,General Retail,Micro,LOC0103,2020-08-11,1,0,AGT00324,2241,Active
MRC001318,Grocery,Medium,LOC0066,2020-01-16,1,0,AGT00311,2449,Active
MRC001319,Education,Small,LOC0040,2023-12-29,1,1,AGT00481,1006,Active
MRC001320,Restaurant,Small,LOC0069,2022-06-21,1,1,AGT00477,1562,Active
MRC001321,Grocery,Micro,LOC0075,2023-11-21,1,1,AGT00682,1044,Active
MRC001322,Grocery,Small,LOC0108,2021-10-01,1,1,AGT00216,1825,Active
MRC001323,Pharmacy,Small,LOC0114,2021-06-27,1,1,AGT00228,1921,Active
MRC001324,Grocery,Small,LOC0034,2024-06-16,0,1,AGT00283,836,Active
MRC001325,Restaurant,Micro,LOC0111,2020-10-26,1,1,AGT00146,2165,Active
MRC001326,Utility,Small,LOC0099,2024-03-24,1,1,AGT00139,920,Active
MRC001327,Healthcare,Micro,LOC0016,2020-01-30,1,1,AGT00180,2435,Active
MRC001328,General Retail,Large,LOC0067,2020-11-15,1,1,AGT00509,2145,Active
MRC001329,Fashion,Micro,LOC0019,2025-11-08,0,1,AGT00121,326,Active
MRC001330,Transport,Small,LOC0059,2023-07-31,0,0,AGT00330,1157,Active
MRC001331,Transport,Small,LOC0006,2023-08-22,1,1,AGT00045,1135,Active
MRC001332,Pharmacy,Micro,LOC0036,2021-01-15,0,1,AGT00447,2084,Active
MRC001333,Restaurant,Micro,LOC0071,2021-08-18,1,1,AGT00638,1869,Active
MRC001334,Electronics,Micro,LOC0037,2025-08-29,1,1,AGT00012,397,Active
MRC001335,Utility,Small,LOC0002,2020-12-07,1,1,AGT00617,2123,Active
MRC001336,Fashion,Large,LOC0047,2024-08-28,1,1,AGT00390,763,Active
MRC001337,Pharmacy,Small,LOC0065,2023-10-02,1,1,AGT00313,1094,Active
MRC001338,General Retail,Large,LOC0092,2024-12-11,1,1,AGT00348,658,Active
MRC001339,Grocery,Micro,LOC0017,2025-01-07,1,1,AGT00069,631,Active
MRC001340,General Retail,Small,LOC0058,2022-10-23,1,1,AGT00352,1438,Active
MRC001341,Utility,Medium,LOC0024,2025-06-15,1,1,AGT00728,472,Active
MRC001342,General Retail,Medium,LOC0019,2025-06-25,0,1,AGT00144,462,Active
MRC001343,Utility,Micro,LOC0015,2021-04-06,1,1,AGT00050,2003,Active
MRC001344,Pharmacy,Small,LOC0092,2023-11-27,1,0,AGT00348,1038,Active
MRC001345,Transport,Medium,LOC0111,2022-01-31,1,1,AGT00340,1703,Active
MRC001346,Healthcare,Small,LOC0080,2020-01-24,1,1,AGT00196,2441,Active
MRC001347,Healthcare,Small,LOC0046,2025-08-28,1,1,AGT00119,398,Active
MRC001348,Pharmacy,Micro,LOC0114,2021-03-18,0,0,AGT00228,2022,Active
MRC001349,Grocery,Micro,LOC0060,2025-04-22,0,0,AGT00714,526,Active
MRC001350,Restaurant,Small,LOC0064,2021-05-31,1,1,AGT00094,1948,Active
MRC001351,Fashion,Small,LOC0077,2024-02-18,1,1,AGT00168,955,Active
MRC001352,Education,Micro,LOC0079,2025-02-25,1,1,AGT00655,582,Active
MRC001353,General Retail,Micro,LOC0060,2024-08-05,1,1,AGT00712,786,Active
MRC001354,Utility,Small,LOC0058,2023-10-13,1,1,AGT00106,1083,Active
MRC001355,Transport,Small,LOC0039,2021-08-06,1,1,AGT00257,1881,Active
MRC001356,Pharmacy,Small,LOC0082,2021-11-21,1,1,AGT00459,1774,Active
MRC001357,Fashion,Small,LOC0081,2021-08-08,1,1,AGT00286,1879,Active
MRC001358,Restaurant,Micro,LOC0053,2025-10-31,1,1,AGT00739,334,Active
MRC001359,Pharmacy,Medium,LOC0086,2020-02-16,1,1,AGT00068,2418,Active
MRC001360,Grocery,Small,LOC0017,2023-05-14,0,1,AGT00010,1235,Active
MRC001361,Restaurant,Micro,LOC0050,2025-04-18,1,1,AGT00366,530,Active
MRC001362,Pharmacy,Small,LOC0119,2020-05-29,0,0,AGT00553,2315,Active
MRC001363,Education,Small,LOC0089,2021-03-21,1,1,AGT00034,2019,Active
MRC001364,Grocery,Small,LOC0087,2025-06-21,1,1,AGT00772,466,Active
MRC001365,Pharmacy,Small,LOC0104,2023-05-08,0,1,AGT00775,1241,Active
MRC001366,Grocery,Small,LOC0074,2020-07-16,1,1,AGT00298,2267,Active
MRC001367,Transport,Small,LOC0080,2021-11-17,1,1,AGT00224,1778,Active
MRC001368,Education,Micro,LOC0058,2024-10-18,0,0,AGT00630,712,Active
MRC001369,Restaurant,Micro,LOC0100,2021-10-09,1,1,AGT00580,1817,Active
MRC001370,Grocery,Micro,LOC0086,2024-10-30,1,1,AGT00469,700,Active
MRC001371,General Retail,Small,LOC0063,2023-11-10,1,1,AGT00033,1055,Active
MRC001372,Education,Small,LOC0016,2024-10-16,1,1,AGT00724,714,Active
MRC001373,Transport,Small,LOC0097,2021-10-24,0,1,AGT00671,1802,Active
MRC001374,Electronics,Micro,LOC0040,2020-05-23,1,1,AGT00266,2321,Active
MRC001375,Utility,Small,LOC0044,2025-09-11,1,1,AGT00660,384,Active
MRC001376,General Retail,Micro,LOC0015,2022-05-08,1,1,AGT00443,1606,Active
MRC001377,Restaurant,Small,LOC0027,2024-06-23,1,1,AGT00568,829,Active
MRC001378,Transport,Small,LOC0016,2021-06-21,1,1,AGT00724,1927,Active
MRC001379,Pharmacy,Micro,LOC0012,2025-02-16,1,1,AGT00627,591,Active
MRC001380,Transport,Micro,LOC0003,2023-10-09,1,1,AGT00264,1087,Active
MRC001381,Restaurant,Small,LOC0036,2024-09-24,1,1,AGT00447,736,Active
MRC001382,Grocery,Small,LOC0091,2020-09-26,1,1,AGT00596,2195,Active
MRC001383,General Retail,Micro,LOC0104,2025-06-20,1,1,AGT00372,467,Active
MRC001384,General Retail,Medium,LOC0028,2022-06-25,0,1,AGT00051,1558,Active
MRC001385,Restaurant,Large,LOC0051,2025-03-29,1,1,AGT00669,550,Active
MRC001386,General Retail,Medium,LOC0100,2022-05-17,0,1,AGT00145,1597,Active
MRC001387,Restaurant,Micro,LOC0085,2021-05-15,0,1,AGT00315,1964,Active
MRC001388,Fashion,Small,LOC0109,2021-06-18,1,1,AGT00461,1930,Active
MRC001389,General Retail,Micro,LOC0051,2025-10-06,1,1,AGT00650,359,Active
MRC001390,Restaurant,Medium,LOC0021,2021-05-02,1,1,AGT00624,1977,Active
MRC001391,Fashion,Small,LOC0018,2024-03-09,1,1,AGT00504,935,Active
MRC001392,Transport,Micro,LOC0086,2021-11-19,1,1,AGT00419,1776,Active
MRC001393,Grocery,Micro,LOC0004,2020-03-13,1,1,AGT00397,2392,Active
MRC001394,Fashion,Medium,LOC0056,2025-04-02,0,1,AGT00681,546,Active
MRC001395,Restaurant,Medium,LOC0043,2023-10-17,0,1,AGT00664,1079,Active
MRC001396,Transport,Small,LOC0111,2020-10-11,0,1,AGT00188,2180,Active
MRC001397,Grocery,Small,LOC0120,2025-02-11,1,0,AGT00791,596,Active
MRC001398,Pharmacy,Small,LOC0059,2024-05-26,0,0,AGT00330,857,Active
MRC001399,Healthcare,Medium,LOC0070,2022-09-05,1,0,AGT00297,1486,Active
MRC001400,Grocery,Small,LOC0046,2020-01-02,1,1,AGT00743,2463,Active
MRC001401,Fashion,Small,LOC0094,2024-03-14,1,1,AGT00270,930,Active
MRC001402,Healthcare,Small,LOC0036,2023-08-28,1,0,AGT00429,1129,Active
MRC001403,Utility,Medium,LOC0090,2021-03-15,1,1,AGT00346,2025,Active
MRC001404,Grocery,Micro,LOC0109,2025-03-30,1,1,AGT00461,549,Active
MRC001405,General Retail,Small,LOC0021,2024-01-02,1,1,AGT00374,1002,Active
MRC001406,Healthcare,Micro,LOC0028,2024-01-27,1,1,AGT00051,977,Active
MRC001407,Restaurant,Small,LOC0046,2023-07-25,1,1,AGT00718,1163,Active
MRC001408,Utility,Small,LOC0100,2022-07-13,0,1,AGT00784,1540,Active
MRC001409,Healthcare,Micro,LOC0077,2024-08-20,1,1,AGT00359,771,Active
MRC001410,Education,Small,LOC0024,2023-08-15,1,1,AGT00566,1142,Active
MRC001411,Electronics,Micro,LOC0045,2020-06-23,1,1,AGT00761,2290,Active
MRC001412,Healthcare,Medium,LOC0078,2021-01-02,1,1,AGT00535,2097,Active
MRC001413,General Retail,Medium,LOC0116,2020-03-29,1,1,AGT00317,2376,Active
MRC001414,Education,Small,LOC0055,2021-11-18,1,1,AGT00565,1777,Active
MRC001415,Utility,Small,LOC0009,2022-06-24,1,1,AGT00765,1559,Active
MRC001416,Healthcare,Micro,LOC0013,2024-09-07,1,1,AGT00649,753,Active
MRC001417,General Retail,Medium,LOC0004,2025-01-04,0,1,AGT00043,634,Active
MRC001418,General Retail,Small,LOC0016,2022-09-27,1,1,AGT00254,1464,Active
MRC001419,Grocery,Micro,LOC0050,2023-07-17,0,1,AGT00062,1171,Active
MRC001420,Grocery,Large,LOC0034,2021-04-02,1,1,AGT00283,2007,Active
MRC001421,Education,Micro,LOC0037,2025-11-26,0,0,AGT00012,308,Active
MRC001422,Fashion,Small,LOC0092,2020-08-18,1,0,AGT00348,2234,Active
MRC001423,Education,Micro,LOC0058,2024-12-10,0,0,AGT00352,659,Active
MRC001424,Utility,Small,LOC0088,2023-08-08,1,1,AGT00241,1149,Active
MRC001425,General Retail,Micro,LOC0066,2023-10-31,1,1,AGT00311,1065,Active
MRC001426,Restaurant,Micro,LOC0025,2020-06-07,1,0,AGT00523,2306,Active
MRC001427,Healthcare,Small,LOC0114,2021-08-26,1,1,AGT00395,1861,Active
MRC001428,Grocery,Large,LOC0058,2025-09-30,1,1,AGT00630,365,Active
MRC001429,Electronics,Micro,LOC0101,2020-11-10,1,1,AGT00143,2150,Active
MRC001430,Grocery,Small,LOC0012,2021-11-30,1,1,AGT00256,1765,Active
MRC001431,Electronics,Small,LOC0102,2025-07-22,1,1,AGT00342,435,Active
MRC001432,Electronics,Medium,LOC0086,2021-04-14,1,0,AGT00419,1995,Active
MRC001433,Healthcare,Micro,LOC0030,2025-10-04,1,1,AGT00411,361,Active
MRC001434,Transport,Small,LOC0096,2023-06-03,0,1,AGT00721,1215,Active
MRC001435,Restaurant,Medium,LOC0090,2024-12-28,0,0,AGT00346,641,Active
MRC001436,Grocery,Micro,LOC0108,2025-11-24,0,1,AGT00645,310,Active
MRC001437,Grocery,Small,LOC0026,2022-08-13,1,0,AGT00636,1509,Active
MRC001438,General Retail,Medium,LOC0107,2021-11-07,0,1,AGT00265,1788,Active
MRC001439,General Retail,Micro,LOC0092,2023-02-03,0,1,AGT00539,1335,Active
MRC001440,Restaurant,Small,LOC0041,2023-11-30,1,1,AGT00378,1035,Active
MRC001441,Pharmacy,Micro,LOC0043,2022-11-22,1,0,AGT00664,1408,Active
MRC001442,Fashion,Medium,LOC0031,2025-01-20,1,1,AGT00300,618,Active
MRC001443,Transport,Medium,LOC0058,2025-08-30,1,1,AGT00630,396,Active
MRC001444,Restaurant,Small,LOC0108,2025-01-08,0,1,AGT00645,630,Active
MRC001445,Grocery,Small,LOC0101,2025-08-21,1,1,AGT00631,405,Active
MRC001446,Restaurant,Small,LOC0018,2021-05-12,0,1,AGT00237,1967,Active
MRC001447,Pharmacy,Micro,LOC0016,2022-04-27,1,1,AGT00605,1617,Active
MRC001448,Restaurant,Micro,LOC0008,2024-11-03,1,1,AGT00614,696,Active
MRC001449,Grocery,Micro,LOC0074,2022-07-21,1,1,AGT00003,1532,Active
MRC001450,Transport,Micro,LOC0038,2023-01-25,1,1,AGT00608,1344,Active
MRC001451,Electronics,Small,LOC0092,2025-04-18,1,1,AGT00350,530,Active
MRC001452,Pharmacy,Micro,LOC0092,2020-02-27,0,1,AGT00350,2407,Active
MRC001453,Electronics,Micro,LOC0024,2020-05-08,0,1,AGT00566,2336,Active
MRC001454,Fashion,Small,LOC0084,2021-06-03,0,1,AGT00691,1945,Active
MRC001455,Utility,Micro,LOC0092,2021-02-15,0,1,AGT00042,2053,Active
MRC001456,General Retail,Micro,LOC0119,2022-09-09,1,1,AGT00209,1482,Active
MRC001457,Grocery,Micro,LOC0087,2021-02-25,1,1,AGT00238,2043,Active
MRC001458,General Retail,Micro,LOC0044,2022-10-20,0,1,AGT00101,1441,Active
MRC001459,Transport,Small,LOC0120,2024-12-20,0,1,AGT00220,649,Active
MRC001460,Transport,Small,LOC0034,2024-12-17,1,1,AGT00280,652,Active
MRC001461,Restaurant,Medium,LOC0097,2020-11-08,1,1,AGT00709,2152,Active
MRC001462,Restaurant,Small,LOC0046,2023-04-17,1,1,AGT00766,1262,Active
MRC001463,Grocery,Small,LOC0113,2021-08-07,0,1,AGT00463,1880,Active
MRC001464,General Retail,Medium,LOC0094,2025-02-04,1,1,AGT00088,603,Active
MRC001465,Education,Small,LOC0072,2023-04-14,0,1,AGT00619,1265,Active
MRC001466,Restaurant,Small,LOC0026,2025-06-18,1,0,AGT00697,469,Active
MRC001467,Electronics,Small,LOC0023,2024-08-22,1,1,AGT00559,769,Active
MRC001468,Grocery,Micro,LOC0114,2025-04-23,1,1,AGT00228,525,Active
MRC001469,Grocery,Micro,LOC0097,2024-09-19,0,1,AGT00741,741,Active
MRC001470,Education,Micro,LOC0062,2022-05-02,1,1,AGT00240,1612,Active
MRC001471,Electronics,Small,LOC0106,2025-12-06,1,1,AGT00478,298,Active
MRC001472,Utility,Micro,LOC0094,2024-10-21,1,1,AGT00270,709,Active
MRC001473,Transport,Small,LOC0047,2021-10-30,0,1,AGT00055,1796,Active
MRC001474,Education,Medium,LOC0100,2025-01-25,1,1,AGT00161,613,Active
MRC001475,Utility,Small,LOC0096,2022-08-22,0,1,AGT00731,1500,Active
MRC001476,Grocery,Micro,LOC0058,2020-10-10,1,1,AGT00630,2181,Active
MRC001477,Transport,Small,LOC0003,2021-04-18,1,1,AGT00264,1991,Active
MRC001478,Healthcare,Micro,LOC0089,2025-03-26,1,1,AGT00574,553,Active
MRC001479,Pharmacy,Large,LOC0041,2025-01-29,1,1,AGT00541,609,Active
MRC001480,Grocery,Small,LOC0044,2021-09-28,1,1,AGT00365,1828,Active
MRC001481,Pharmacy,Small,LOC0086,2023-11-21,1,0,AGT00068,1044,Active
MRC001482,Grocery,Small,LOC0098,2023-06-20,1,1,AGT00333,1198,Active
MRC001483,Electronics,Small,LOC0011,2023-02-10,0,1,AGT00105,1328,Active
MRC001484,Grocery,Small,LOC0099,2022-07-01,0,1,AGT00462,1552,Active
MRC001485,Transport,Micro,LOC0036,2023-04-11,1,1,AGT00081,1268,Active
MRC001486,Grocery,Micro,LOC0068,2025-10-27,1,0,AGT00610,338,Active
MRC001487,Grocery,Micro,LOC0105,2025-05-25,0,1,AGT00279,493,Active
MRC001488,Restaurant,Small,LOC0027,2025-12-17,1,1,AGT00368,287,Active
MRC001489,Grocery,Medium,LOC0027,2024-05-18,0,1,AGT00727,865,Active
MRC001490,General Retail,Small,LOC0117,2021-01-27,1,1,AGT00773,2072,Active
MRC001491,Restaurant,Small,LOC0045,2020-02-24,1,0,AGT00530,2410,Active
MRC001492,Pharmacy,Medium,LOC0114,2023-02-13,1,1,AGT00702,1325,Active
MRC001493,Grocery,Micro,LOC0043,2025-10-19,1,1,AGT00664,346,Active
MRC001494,Restaurant,Micro,LOC0075,2025-07-15,1,1,AGT00591,442,Active
MRC001495,Education,Medium,LOC0062,2021-02-01,1,1,AGT00240,2067,Active
MRC001496,Utility,Medium,LOC0119,2023-11-28,1,1,AGT00550,1037,Active
MRC001497,Restaurant,Small,LOC0067,2020-09-08,1,1,AGT00760,2213,Active
MRC001498,Education,Micro,LOC0061,2022-12-07,0,0,AGT00771,1393,Active
MRC001499,Fashion,Large,LOC0056,2020-09-13,1,1,AGT00448,2208,Active
MRC001500,General Retail,Small,LOC0046,2025-02-24,0,1,AGT00743,583,Active
MRC001501,Education,Small,LOC0053,2020-10-29,1,1,AGT00739,2162,Active
MRC001502,Pharmacy,Micro,LOC0056,2022-09-11,1,1,AGT00583,1480,Active
MRC001503,Transport,Small,LOC0092,2023-05-07,0,1,AGT00455,1242,Active
MRC001504,General Retail,Medium,LOC0006,2022-10-19,1,1,AGT00696,1442,Active
MRC001505,Fashion,Medium,LOC0061,2024-01-03,1,1,AGT00428,1001,Active
MRC001506,General Retail,Small,LOC0066,2022-05-10,1,1,AGT00293,1604,Active
MRC001507,General Retail,Small,LOC0091,2021-05-10,0,1,AGT00522,1969,Active
MRC001508,Grocery,Small,LOC0080,2021-02-11,1,1,AGT00224,2057,Active
MRC001509,Utility,Small,LOC0052,2020-02-10,1,0,AGT00740,2424,Active
MRC001510,Education,Small,LOC0014,2023-06-30,1,1,AGT00389,1188,Active
MRC001511,Electronics,Micro,LOC0045,2021-05-13,1,1,AGT00761,1966,Active
MRC001512,Electronics,Micro,LOC0031,2020-08-24,1,1,AGT00520,2228,Active
MRC001513,General Retail,Small,LOC0025,2025-11-09,1,1,AGT00648,325,Active
MRC001514,Education,Micro,LOC0087,2023-02-14,1,1,AGT00772,1324,Active
MRC001515,Electronics,Micro,LOC0058,2021-10-08,1,1,AGT00630,1818,Active
MRC001516,Grocery,Medium,LOC0096,2023-03-25,1,1,AGT00154,1285,Active
MRC001517,Fashion,Small,LOC0017,2025-05-13,1,1,AGT00654,505,Active
MRC001518,General Retail,Micro,LOC0119,2022-01-15,1,1,AGT00553,1719,Active
MRC001519,Healthcare,Micro,LOC0057,2023-07-14,0,1,AGT00569,1174,Active
MRC001520,Grocery,Small,LOC0031,2022-04-08,0,1,AGT00116,1636,Active
MRC001521,General Retail,Small,LOC0044,2025-12-15,1,1,AGT00365,289,Active
MRC001522,General Retail,Small,LOC0101,2025-11-23,1,1,AGT00631,311,Active
MRC001523,Electronics,Small,LOC0086,2022-05-10,1,1,AGT00469,1604,Active
MRC001524,Grocery,Micro,LOC0021,2020-02-01,1,1,AGT00502,2433,Active
MRC001525,Education,Small,LOC0119,2022-02-19,1,1,AGT00136,1684,Active
MRC001526,Grocery,Micro,LOC0016,2020-04-28,1,1,AGT00724,2346,Active
MRC001527,Restaurant,Small,LOC0034,2020-11-22,1,1,AGT00285,2138,Active
MRC001528,Education,Micro,LOC0088,2024-04-12,1,0,AGT00053,901,Active
MRC001529,General Retail,Micro,LOC0064,2025-05-08,1,1,AGT00132,510,Active
MRC001530,Restaurant,Micro,LOC0054,2022-08-15,1,0,AGT00695,1507,Active
MRC001531,General Retail,Medium,LOC0112,2022-04-02,0,1,AGT00744,1642,Active
MRC001532,General Retail,Micro,LOC0096,2021-05-09,1,1,AGT00179,1970,Active
MRC001533,Grocery,Micro,LOC0116,2022-11-05,1,1,AGT00317,1425,Active
MRC001534,Pharmacy,Micro,LOC0034,2020-06-15,0,1,AGT00173,2298,Active
MRC001535,Transport,Small,LOC0103,2020-11-29,0,1,AGT00551,2131,Active
MRC001536,Healthcare,Small,LOC0026,2022-06-16,1,1,AGT00636,1567,Active
MRC001537,Restaurant,Medium,LOC0097,2022-08-31,1,1,AGT00709,1491,Active
MRC001538,Transport,Small,LOC0066,2025-11-06,1,1,AGT00311,328,Active
MRC001539,Education,Small,LOC0072,2021-04-16,0,1,AGT00619,1993,Active
MRC001540,Healthcare,Small,LOC0014,2021-11-21,1,1,AGT00389,1774,Active
MRC001541,Healthcare,Micro,LOC0106,2020-08-07,1,1,AGT00175,2245,Active
MRC001542,Grocery,Medium,LOC0034,2025-05-28,1,1,AGT00219,490,Active
MRC001543,Grocery,Medium,LOC0072,2025-02-01,1,1,AGT00788,606,Active
MRC001544,Grocery,Micro,LOC0020,2021-12-12,1,1,AGT00024,1753,Active
MRC001545,General Retail,Small,LOC0112,2023-01-13,1,1,AGT00667,1356,Active
MRC001546,General Retail,Micro,LOC0039,2022-06-13,1,1,AGT00700,1570,Active
MRC001547,Utility,Small,LOC0092,2023-05-13,1,1,AGT00350,1236,Active
MRC001548,Grocery,Small,LOC0092,2022-02-17,0,1,AGT00042,1686,Active
MRC001549,Education,Medium,LOC0067,2022-01-09,0,1,AGT00578,1725,Active
MRC001550,Grocery,Micro,LOC0015,2024-10-30,1,0,AGT00050,700,Active
MRC001551,Restaurant,Small,LOC0034,2021-05-31,0,1,AGT00219,1948,Active
MRC001552,Pharmacy,Small,LOC0074,2023-01-04,1,1,AGT00003,1365,Active
MRC001553,General Retail,Micro,LOC0065,2022-07-09,0,1,AGT00096,1544,Active
MRC001554,Grocery,Small,LOC0071,2022-04-07,1,1,AGT00239,1637,Active
MRC001555,Transport,Small,LOC0030,2021-07-05,1,1,AGT00080,1913,Active
MRC001556,General Retail,Small,LOC0065,2024-03-01,1,1,AGT00525,943,Active
MRC001557,Transport,Large,LOC0011,2025-12-03,1,1,AGT00491,301,Active
MRC001558,Grocery,Micro,LOC0059,2024-11-16,1,0,AGT00330,683,Active
MRC001559,General Retail,Micro,LOC0011,2020-03-08,1,1,AGT00207,2397,Active
MRC001560,Transport,Micro,LOC0080,2024-08-18,1,1,AGT00224,773,Active
MRC001561,Fashion,Micro,LOC0069,2024-06-21,1,1,AGT00373,831,Active
MRC001562,Transport,Small,LOC0103,2020-10-30,0,1,AGT00551,2161,Active
MRC001563,General Retail,Medium,LOC0056,2024-07-20,0,1,AGT00251,802,Active
MRC001564,Fashion,Small,LOC0020,2023-03-08,1,1,AGT00543,1302,Active
MRC001565,Electronics,Small,LOC0029,2023-09-30,1,0,AGT00383,1096,Active
MRC001566,Fashion,Micro,LOC0098,2022-01-03,1,1,AGT00333,1731,Active
MRC001567,Grocery,Micro,LOC0115,2022-05-28,0,1,AGT00296,1586,Active
MRC001568,Utility,Medium,LOC0008,2022-11-18,1,0,AGT00063,1412,Active
MRC001569,Grocery,Small,LOC0082,2022-12-18,1,1,AGT00459,1382,Active
MRC001570,Restaurant,Micro,LOC0058,2020-12-21,1,0,AGT00413,2109,Active
MRC001571,Restaurant,Medium,LOC0031,2022-06-26,1,1,AGT00520,1557,Active
MRC001572,Pharmacy,Small,LOC0062,2022-12-02,1,0,AGT00240,1398,Active
MRC001573,Restaurant,Micro,LOC0113,2020-08-27,1,1,AGT00343,2225,Active
MRC001574,Education,Small,LOC0024,2025-05-28,1,1,AGT00268,490,Active
MRC001575,Restaurant,Small,LOC0101,2020-12-22,1,1,AGT00135,2108,Active
MRC001576,Grocery,Micro,LOC0011,2024-10-11,1,1,AGT00540,719,Active
MRC001577,General Retail,Medium,LOC0087,2023-12-24,1,1,AGT00772,1011,Active
MRC001578,General Retail,Small,LOC0009,2025-11-19,1,1,AGT00765,315,Active
MRC001579,Fashion,Small,LOC0008,2022-07-18,1,1,AGT00547,1535,Active
MRC001580,Restaurant,Medium,LOC0005,2020-12-27,1,1,AGT00083,2103,Active
MRC001581,Grocery,Small,LOC0097,2023-09-05,1,1,AGT00741,1121,Active
MRC001582,Grocery,Small,LOC0069,2021-12-29,1,1,AGT00373,1736,Active
MRC001583,Restaurant,Micro,LOC0083,2023-08-12,1,1,AGT00430,1145,Active
MRC001584,General Retail,Micro,LOC0019,2021-06-03,0,1,AGT00144,1945,Active
MRC001585,Healthcare,Small,LOC0111,2019-12-27,1,1,AGT00188,2469,Active
MRC001586,Restaurant,Micro,LOC0098,2021-09-07,1,1,AGT00333,1849,Active
MRC001587,General Retail,Small,LOC0059,2023-12-05,1,1,AGT00472,1030,Active
MRC001588,Fashion,Micro,LOC0108,2021-01-11,1,1,AGT00645,2088,Active
MRC001589,Pharmacy,Micro,LOC0018,2025-09-26,1,1,AGT00137,369,Active
MRC001590,Fashion,Small,LOC0036,2020-01-22,1,1,AGT00429,2443,Active
MRC001591,Pharmacy,Micro,LOC0006,2020-12-09,1,1,AGT00696,2121,Active
MRC001592,General Retail,Small,LOC0020,2022-01-20,1,1,AGT00024,1714,Active
MRC001593,Restaurant,Small,LOC0101,2022-04-01,1,1,AGT00382,1643,Active
MRC001594,Transport,Micro,LOC0050,2024-06-14,1,1,AGT00531,838,Active
MRC001595,Restaurant,Micro,LOC0078,2023-05-20,1,1,AGT00189,1229,Active
MRC001596,General Retail,Small,LOC0106,2025-05-10,1,1,AGT00478,508,Active
MRC001597,Transport,Micro,LOC0092,2023-12-08,1,1,AGT00348,1027,Active
MRC001598,Fashion,Small,LOC0048,2022-06-08,1,1,AGT00516,1575,Active
MRC001599,Grocery,Small,LOC0042,2023-10-18,1,1,AGT00659,1078,Active
MRC001600,General Retail,Small,LOC0014,2021-05-08,1,0,AGT00041,1971,Active
MRC001601,Electronics,Small,LOC0100,2020-11-09,0,1,AGT00097,2151,Active
MRC001602,Pharmacy,Medium,LOC0119,2022-08-08,1,1,AGT00136,1514,Active
MRC001603,General Retail,Micro,LOC0061,2023-12-04,0,1,AGT00428,1031,Active
MRC001604,Grocery,Medium,LOC0060,2024-02-23,1,1,AGT00185,950,Active
MRC001605,Restaurant,Medium,LOC0102,2022-09-10,1,1,AGT00795,1481,Active
MRC001606,Electronics,Small,LOC0042,2021-08-28,1,1,AGT00659,1859,Active
MRC001607,Restaurant,Micro,LOC0049,2025-03-16,1,1,AGT00234,563,Active
MRC001608,Fashion,Micro,LOC0108,2023-04-14,1,1,AGT00474,1265,Active
MRC001609,Pharmacy,Medium,LOC0046,2023-04-30,1,1,AGT00119,1249,Active
MRC001610,Grocery,Micro,LOC0112,2024-03-31,1,1,AGT00402,913,Active
MRC001611,Grocery,Medium,LOC0020,2024-07-16,0,1,AGT00024,806,Active
MRC001612,Grocery,Small,LOC0060,2020-12-06,1,1,AGT00712,2124,Active
MRC001613,General Retail,Small,LOC0059,2023-05-18,1,1,AGT00472,1231,Active
MRC001614,Education,Small,LOC0037,2022-07-07,1,1,AGT00301,1546,Active
MRC001615,Fashion,Micro,LOC0116,2025-09-25,1,1,AGT00317,370,Active
MRC001616,Restaurant,Small,LOC0058,2024-04-07,1,1,AGT00106,906,Active
MRC001617,Transport,Medium,LOC0106,2024-08-16,1,1,AGT00401,775,Active
MRC001618,Grocery,Micro,LOC0027,2023-12-30,1,1,AGT00473,1005,Active
MRC001619,Pharmacy,Medium,LOC0042,2020-12-05,1,1,AGT00764,2125,Active
MRC001620,Transport,Large,LOC0058,2022-07-17,1,0,AGT00106,1536,Active
MRC001621,Fashion,Micro,LOC0068,2020-07-25,1,1,AGT00149,2258,Active
MRC001622,Utility,Small,LOC0028,2023-06-07,1,1,AGT00349,1211,Active
MRC001623,General Retail,Micro,LOC0038,2021-05-10,1,1,AGT00341,1969,Active
MRC001624,General Retail,Small,LOC0075,2025-01-01,1,1,AGT00059,637,Active
MRC001625,Grocery,Large,LOC0034,2021-01-31,1,1,AGT00173,2068,Active
MRC001626,Grocery,Medium,LOC0092,2022-04-24,1,1,AGT00455,1620,Active
MRC001627,Grocery,Medium,LOC0058,2025-09-24,1,1,AGT00352,371,Active
MRC001628,Utility,Micro,LOC0117,2021-11-03,0,1,AGT00785,1792,Active
MRC001629,General Retail,Small,LOC0029,2023-02-04,1,1,AGT00356,1334,Active
MRC001630,General Retail,Micro,LOC0102,2025-12-17,1,1,AGT00795,287,Active
MRC001631,Restaurant,Medium,LOC0059,2020-11-23,0,1,AGT00330,2137,Active
MRC001632,General Retail,Micro,LOC0011,2022-10-01,0,0,AGT00491,1460,Active
MRC001633,Electronics,Micro,LOC0085,2022-05-02,1,1,AGT00329,1612,Active
MRC001634,General Retail,Micro,LOC0026,2022-07-05,1,1,AGT00618,1548,Active
MRC001635,Electronics,Micro,LOC0017,2025-06-03,1,1,AGT00069,484,Active
MRC001636,Grocery,Micro,LOC0064,2023-12-23,1,0,AGT00132,1012,Active
MRC001637,Grocery,Micro,LOC0095,2021-10-06,1,1,AGT00458,1820,Active
MRC001638,General Retail,Medium,LOC0031,2023-12-08,1,1,AGT00026,1027,Active
MRC001639,Fashion,Small,LOC0075,2020-08-24,1,1,AGT00682,2228,Active
MRC001640,Restaurant,Micro,LOC0002,2024-01-23,1,1,AGT00617,981,Active
MRC001641,Restaurant,Small,LOC0023,2023-03-19,1,1,AGT00245,1291,Active
MRC001642,Restaurant,Small,LOC0091,2023-04-19,1,1,AGT00536,1260,Active
MRC001643,General Retail,Small,LOC0002,2025-11-06,1,1,AGT00617,328,Active
MRC001644,Grocery,Micro,LOC0043,2021-02-07,1,1,AGT00456,2061,Active
MRC001645,Grocery,Small,LOC0061,2025-02-24,1,1,AGT00771,583,Active
MRC001646,Utility,Small,LOC0008,2023-02-27,0,0,AGT00063,1311,Active
MRC001647,Electronics,Micro,LOC0118,2020-07-13,1,1,AGT00562,2270,Active
MRC001648,Grocery,Small,LOC0062,2020-01-07,1,1,AGT00240,2458,Active
MRC001649,Grocery,Small,LOC0041,2024-08-01,0,1,AGT00334,790,Active
MRC001650,Pharmacy,Small,LOC0118,2023-09-18,1,1,AGT00004,1108,Active
MRC001651,Pharmacy,Micro,LOC0068,2022-07-30,1,1,AGT00600,1523,Active
MRC001652,Grocery,Small,LOC0082,2021-10-12,1,1,AGT00147,1814,Active
MRC001653,Pharmacy,Small,LOC0011,2024-06-19,1,0,AGT00105,833,Active
MRC001654,Healthcare,Micro,LOC0020,2022-09-05,0,1,AGT00082,1486,Active
MRC001655,General Retail,Micro,LOC0006,2020-12-21,1,1,AGT00545,2109,Active
MRC001656,General Retail,Micro,LOC0062,2021-05-27,0,0,AGT00487,1952,Active
MRC001657,Restaurant,Micro,LOC0101,2021-01-16,1,1,AGT00625,2083,Active
MRC001658,Restaurant,Micro,LOC0109,2020-08-24,1,1,AGT00242,2228,Active
MRC001659,General Retail,Micro,LOC0069,2020-10-22,1,1,AGT00477,2169,Active
MRC001660,Utility,Small,LOC0007,2022-11-25,1,1,AGT00679,1405,Active
MRC001661,Electronics,Small,LOC0076,2020-02-19,1,1,AGT00332,2415,Active
MRC001662,Pharmacy,Small,LOC0077,2023-01-02,1,0,AGT00611,1367,Active
MRC001663,Restaurant,Small,LOC0072,2021-09-19,1,1,AGT00619,1837,Active
MRC001664,Electronics,Small,LOC0087,2020-04-28,1,1,AGT00305,2346,Active
MRC001665,Electronics,Medium,LOC0067,2025-09-14,1,1,AGT00760,381,Active
MRC001666,Grocery,Small,LOC0085,2020-05-17,1,1,AGT00315,2327,Active
MRC001667,General Retail,Small,LOC0059,2021-01-17,1,1,AGT00092,2082,Active
MRC001668,Education,Micro,LOC0019,2019-12-31,1,0,AGT00396,2465,Active
MRC001669,Education,Small,LOC0010,2021-05-04,1,1,AGT00025,1975,Active
MRC001670,Pharmacy,Small,LOC0109,2025-01-10,1,1,AGT00242,628,Active
MRC001671,Utility,Small,LOC0053,2024-02-27,1,1,AGT00166,946,Active
MRC001672,Healthcare,Small,LOC0039,2025-12-10,1,1,AGT00446,294,Active
MRC001673,Grocery,Medium,LOC0036,2022-04-29,1,1,AGT00447,1615,Active
MRC001674,Education,Medium,LOC0007,2023-05-07,1,1,AGT00157,1242,Active
MRC001675,Transport,Small,LOC0114,2023-02-14,1,1,AGT00571,1324,Active
MRC001676,General Retail,Large,LOC0010,2021-07-29,1,1,AGT00025,1889,Active
MRC001677,Pharmacy,Medium,LOC0027,2021-01-20,1,1,AGT00013,2079,Active
MRC001678,General Retail,Micro,LOC0055,2025-07-11,0,1,AGT00565,446,Active
MRC001679,Fashion,Small,LOC0043,2020-06-23,0,0,AGT00664,2290,Active
MRC001680,Grocery,Micro,LOC0005,2023-09-23,0,1,AGT00083,1103,Active
MRC001681,Grocery,Micro,LOC0040,2021-06-18,1,1,AGT00325,1930,Active
MRC001682,Grocery,Micro,LOC0094,2022-06-26,1,1,AGT00623,1557,Active
MRC001683,Pharmacy,Small,LOC0031,2023-04-23,0,1,AGT00026,1256,Active
MRC001684,Fashion,Micro,LOC0104,2024-09-09,1,1,AGT00372,751,Active
MRC001685,Healthcare,Micro,LOC0044,2024-10-29,1,1,AGT00660,701,Active
MRC001686,Grocery,Micro,LOC0002,2021-08-03,1,1,AGT00617,1884,Active
MRC001687,General Retail,Small,LOC0014,2024-01-15,1,0,AGT00388,989,Active
MRC001688,Grocery,Medium,LOC0098,2024-08-03,1,1,AGT00335,788,Active
MRC001689,Education,Large,LOC0049,2025-12-05,1,1,AGT00314,299,Active
MRC001690,General Retail,Small,LOC0118,2020-12-07,1,1,AGT00004,2123,Active
MRC001691,General Retail,Micro,LOC0095,2023-08-06,1,1,AGT00458,1151,Active
MRC001692,Transport,Medium,LOC0004,2023-11-18,1,1,AGT00733,1047,Active
MRC001693,Healthcare,Micro,LOC0038,2023-09-27,1,1,AGT00608,1099,Active
MRC001694,Grocery,Large,LOC0087,2022-05-19,1,1,AGT00077,1595,Active
MRC001695,Grocery,Small,LOC0008,2023-01-30,1,1,AGT00634,1339,Active
MRC001696,Fashion,Small,LOC0120,2022-09-16,1,1,AGT00172,1475,Active
MRC001697,Grocery,Micro,LOC0020,2024-04-19,1,1,AGT00115,894,Active
MRC001698,Restaurant,Micro,LOC0096,2024-03-10,0,1,AGT00179,934,Active
MRC001699,Pharmacy,Small,LOC0101,2020-10-19,0,1,AGT00382,2172,Active
MRC001700,General Retail,Small,LOC0061,2023-05-03,1,0,AGT00425,1246,Active
MRC001701,General Retail,Medium,LOC0097,2020-02-22,0,1,AGT00745,2412,Active
MRC001702,Utility,Small,LOC0107,2020-11-25,1,1,AGT00414,2135,Active
MRC001703,Healthcare,Small,LOC0089,2021-09-14,1,1,AGT00140,1842,Active
MRC001704,Grocery,Micro,LOC0085,2022-09-06,1,1,AGT00294,1485,Active
MRC001705,Grocery,Small,LOC0047,2020-12-14,1,0,AGT00748,2116,Active
MRC001706,Transport,Micro,LOC0036,2025-08-18,1,1,AGT00036,408,Active
MRC001707,Transport,Small,LOC0105,2022-12-23,1,1,AGT00117,1377,Active
MRC001708,Restaurant,Small,LOC0027,2021-09-12,1,1,AGT00727,1844,Active
MRC001709,Fashion,Medium,LOC0050,2025-04-25,0,0,AGT00647,523,Active
MRC001710,Fashion,Small,LOC0062,2024-11-14,1,1,AGT00240,685,Active
MRC001711,Pharmacy,Micro,LOC0047,2025-07-28,1,1,AGT00602,429,Active
MRC001712,Restaurant,Medium,LOC0045,2023-01-20,1,1,AGT00141,1349,Active
MRC001713,Restaurant,Small,LOC0072,2022-09-21,0,1,AGT00198,1470,Active
MRC001714,Education,Small,LOC0040,2023-02-28,1,1,AGT00243,1310,Active
MRC001715,General Retail,Small,LOC0119,2025-08-19,0,1,AGT00002,407,Active
MRC001716,Electronics,Medium,LOC0022,2023-01-20,1,1,AGT00652,1349,Active
MRC001717,Healthcare,Micro,LOC0047,2020-08-25,0,1,AGT00390,2227,Active
MRC001718,Utility,Small,LOC0102,2025-10-11,1,1,AGT00037,354,Active
MRC001719,Grocery,Small,LOC0058,2021-04-27,0,1,AGT00413,1982,Active
MRC001720,Transport,Micro,LOC0085,2024-05-01,1,1,AGT00294,882,Active
MRC001721,Fashion,Medium,LOC0078,2025-07-07,1,1,AGT00622,450,Active
MRC001722,Education,Micro,LOC0040,2025-08-29,1,0,AGT00711,397,Active
MRC001723,Grocery,Micro,LOC0090,2025-11-20,1,0,AGT00218,314,Active
MRC001724,General Retail,Micro,LOC0029,2023-06-25,1,1,AGT00356,1193,Active
MRC001725,General Retail,Medium,LOC0090,2022-12-25,0,1,AGT00073,1375,Active
MRC001726,Grocery,Small,LOC0016,2022-03-31,1,1,AGT00605,1644,Active
MRC001727,Pharmacy,Micro,LOC0084,2025-06-23,1,0,AGT00385,464,Active
MRC001728,Grocery,Micro,LOC0014,2022-01-18,0,0,AGT00389,1716,Active
MRC001729,Utility,Micro,LOC0105,2021-07-15,0,1,AGT00072,1903,Active
MRC001730,Education,Micro,LOC0076,2025-07-29,1,1,AGT00533,428,Active
MRC001731,Grocery,Small,LOC0005,2021-12-03,0,1,AGT00377,1762,Active
MRC001732,Utility,Micro,LOC0014,2025-04-02,1,0,AGT00041,546,Active
MRC001733,Restaurant,Micro,LOC0023,2023-05-03,1,1,AGT00065,1246,Active
MRC001734,Fashion,Micro,LOC0116,2022-01-02,0,0,AGT00687,1732,Active
MRC001735,Restaurant,Small,LOC0071,2020-10-01,1,1,AGT00007,2190,Active
MRC001736,Electronics,Small,LOC0034,2022-10-14,1,1,AGT00174,1447,Active
MRC001737,Fashion,Small,LOC0034,2023-05-11,1,0,AGT00091,1238,Active
MRC001738,Pharmacy,Small,LOC0004,2020-12-22,1,1,AGT00043,2108,Active
MRC001739,Fashion,Large,LOC0025,2024-09-01,1,0,AGT00648,759,Active
MRC001740,General Retail,Small,LOC0103,2024-09-25,1,1,AGT00551,735,Active
MRC001741,Electronics,Medium,LOC0072,2023-03-04,1,1,AGT00198,1306,Active
MRC001742,General Retail,Small,LOC0045,2025-03-30,1,1,AGT00038,549,Active
MRC001743,Electronics,Micro,LOC0003,2025-10-30,1,0,AGT00264,335,Active
MRC001744,Utility,Medium,LOC0042,2023-10-18,1,0,AGT00248,1078,Active
MRC001745,Restaurant,Small,LOC0046,2025-01-18,1,1,AGT00766,620,Active
MRC001746,Utility,Small,LOC0015,2022-02-25,1,1,AGT00443,1678,Active
MRC001747,Pharmacy,Micro,LOC0073,2022-09-06,0,1,AGT00357,1485,Active
MRC001748,Grocery,Small,LOC0080,2023-01-21,1,1,AGT00133,1348,Active
MRC001749,Grocery,Medium,LOC0120,2022-12-29,1,1,AGT00172,1371,Active
MRC001750,Grocery,Micro,LOC0044,2025-05-16,1,1,AGT00227,502,Active
MRC001751,General Retail,Micro,LOC0034,2023-07-22,1,1,AGT00173,1166,Active
MRC001752,General Retail,Micro,LOC0099,2025-07-15,0,1,AGT00500,442,Active
MRC001753,Utility,Small,LOC0043,2023-11-03,1,1,AGT00759,1062,Active
MRC001754,Grocery,Medium,LOC0076,2021-11-28,1,1,AGT00332,1767,Active
MRC001755,General Retail,Small,LOC0089,2020-01-23,1,1,AGT00140,2442,Active
MRC001756,Healthcare,Medium,LOC0106,2024-03-09,1,1,AGT00401,935,Active
MRC001757,Restaurant,Small,LOC0039,2024-05-19,1,1,AGT00124,864,Active
MRC001758,Electronics,Small,LOC0075,2021-12-16,1,1,AGT00591,1749,Active
MRC001759,Transport,Micro,LOC0016,2020-06-21,1,1,AGT00100,2292,Active
MRC001760,Grocery,Micro,LOC0094,2024-03-13,1,1,AGT00270,931,Active
MRC001761,Electronics,Small,LOC0006,2020-12-12,1,1,AGT00696,2118,Active
MRC001762,Healthcare,Micro,LOC0084,2024-01-30,0,0,AGT00385,974,Active
MRC001763,Grocery,Micro,LOC0026,2022-02-20,0,1,AGT00644,1683,Active
MRC001764,Fashion,Medium,LOC0056,2024-09-15,1,1,AGT00251,745,Active
MRC001765,Electronics,Small,LOC0010,2024-05-24,1,1,AGT00653,859,Active
MRC001766,Healthcare,Micro,LOC0083,2020-01-29,1,1,AGT00430,2436,Active
MRC001767,General Retail,Small,LOC0058,2023-08-20,1,1,AGT00106,1137,Active
MRC001768,General Retail,Small,LOC0080,2025-11-12,1,1,AGT00133,322,Active
MRC001769,Education,Medium,LOC0042,2021-05-05,1,1,AGT00248,1974,Active
MRC001770,Education,Small,LOC0001,2025-03-14,1,1,AGT00433,565,Active
MRC001771,Education,Micro,LOC0070,2025-04-20,1,1,AGT00297,528,Active
MRC001772,Electronics,Micro,LOC0084,2020-12-16,1,1,AGT00355,2114,Active
MRC001773,Grocery,Micro,LOC0080,2023-11-17,1,1,AGT00224,1048,Active
MRC001774,Transport,Small,LOC0032,2025-02-19,1,1,AGT00595,588,Active
MRC001775,Healthcare,Small,LOC0086,2020-02-15,1,1,AGT00469,2419,Active
MRC001776,Electronics,Small,LOC0066,2024-04-13,1,0,AGT00022,900,Active
MRC001777,General Retail,Small,LOC0026,2022-03-06,1,1,AGT00162,1669,Active
MRC001778,Transport,Micro,LOC0014,2024-05-22,1,1,AGT00041,861,Active
MRC001779,Restaurant,Micro,LOC0040,2022-06-27,1,1,AGT00243,1556,Active
MRC001780,Grocery,Micro,LOC0003,2021-10-17,1,1,AGT00312,1809,Active
MRC001781,Grocery,Small,LOC0086,2021-06-06,0,1,AGT00068,1942,Active
MRC001782,Restaurant,Small,LOC0002,2023-07-03,1,1,AGT00617,1185,Active
MRC001783,Fashion,Medium,LOC0006,2022-04-12,1,0,AGT00545,1632,Active
MRC001784,Grocery,Micro,LOC0019,2020-12-07,0,1,AGT00396,2123,Active
MRC001785,Grocery,Small,LOC0040,2020-12-07,1,1,AGT00521,2123,Active
MRC001786,Pharmacy,Micro,LOC0003,2021-06-28,1,1,AGT00435,1920,Active
MRC001787,Utility,Small,LOC0076,2023-07-28,1,1,AGT00405,1160,Active
MRC001788,Utility,Micro,LOC0016,2022-10-14,1,1,AGT00724,1447,Active
MRC001789,Restaurant,Small,LOC0097,2020-03-04,0,0,AGT00745,2401,Active
MRC001790,Grocery,Micro,LOC0068,2024-06-21,0,1,AGT00778,831,Active
MRC001791,Grocery,Micro,LOC0011,2021-10-26,1,1,AGT00207,1800,Active
MRC001792,Grocery,Small,LOC0049,2021-03-22,1,0,AGT00021,2018,Active
MRC001793,Restaurant,Micro,LOC0017,2023-02-01,1,1,AGT00010,1337,Active
MRC001794,Grocery,Small,LOC0118,2020-10-12,0,0,AGT00710,2179,Active
MRC001795,Restaurant,Micro,LOC0072,2023-05-27,1,1,AGT00788,1222,Active
MRC001796,General Retail,Medium,LOC0098,2020-12-16,1,1,AGT00333,2114,Active
MRC001797,Electronics,Micro,LOC0045,2022-02-09,1,1,AGT00581,1694,Active
MRC001798,General Retail,Small,LOC0018,2025-08-27,1,1,AGT00237,399,Active
MRC001799,Grocery,Medium,LOC0029,2021-01-13,1,1,AGT00356,2086,Active
MRC001800,Pharmacy,Small,LOC0051,2021-10-14,1,0,AGT00594,1812,Active
MRC001801,General Retail,Micro,LOC0093,2024-08-19,1,1,AGT00044,772,Active
MRC001802,Restaurant,Small,LOC0052,2021-10-01,1,1,AGT00015,1825,Active
MRC001803,Transport,Micro,LOC0112,2022-11-26,1,1,AGT00667,1404,Active
MRC001804,General Retail,Small,LOC0044,2020-04-27,1,1,AGT00099,2347,Active
MRC001805,Electronics,Small,LOC0028,2024-02-21,1,0,AGT00349,952,Active
MRC001806,Restaurant,Small,LOC0060,2024-05-21,1,1,AGT00714,862,Active
MRC001807,Electronics,Medium,LOC0014,2025-08-12,1,1,AGT00389,414,Active
MRC001808,Grocery,Micro,LOC0081,2021-04-04,0,1,AGT00258,2005,Active
MRC001809,Grocery,Micro,LOC0013,2020-01-26,1,1,AGT00054,2439,Active
MRC001810,Grocery,Small,LOC0077,2021-11-03,1,1,AGT00611,1792,Active
MRC001811,General Retail,Small,LOC0046,2023-10-03,1,0,AGT00766,1093,Active
MRC001812,Transport,Micro,LOC0043,2020-09-14,1,1,AGT00759,2207,Active
MRC001813,Restaurant,Small,LOC0074,2024-06-12,1,1,AGT00298,840,Active
MRC001814,Pharmacy,Small,LOC0085,2021-10-25,1,1,AGT00315,1801,Active
MRC001815,Transport,Medium,LOC0112,2022-05-23,0,1,AGT00746,1591,Active
MRC001816,General Retail,Small,LOC0035,2020-11-11,1,1,AGT00757,2149,Active
MRC001817,Restaurant,Micro,LOC0098,2020-02-24,1,1,AGT00017,2410,Active
MRC001818,Restaurant,Micro,LOC0101,2023-10-24,1,1,AGT00631,1072,Active
MRC001819,General Retail,Small,LOC0120,2025-05-23,1,1,AGT00434,495,Active
MRC001820,General Retail,Micro,LOC0116,2025-01-07,1,1,AGT00113,631,Active
MRC001821,General Retail,Micro,LOC0095,2021-07-16,1,1,AGT00458,1902,Active
MRC001822,Restaurant,Micro,LOC0036,2023-10-16,1,1,AGT00036,1080,Active
MRC001823,Grocery,Small,LOC0084,2025-02-15,1,1,AGT00249,592,Active
MRC001824,Fashion,Medium,LOC0095,2021-02-01,0,1,AGT00410,2067,Active
MRC001825,Restaurant,Micro,LOC0035,2022-01-30,1,1,AGT00393,1704,Active
MRC001826,General Retail,Micro,LOC0098,2025-03-05,0,1,AGT00333,574,Active
MRC001827,Grocery,Small,LOC0085,2021-09-11,1,1,AGT00294,1845,Active
MRC001828,Transport,Micro,LOC0059,2022-02-23,1,0,AGT00472,1680,Active
MRC001829,General Retail,Large,LOC0104,2020-01-27,1,1,AGT00506,2438,Active
MRC001830,General Retail,Small,LOC0011,2020-01-21,1,1,AGT00105,2444,Active
MRC001831,Transport,Small,LOC0083,2020-02-16,1,1,AGT00441,2418,Active
MRC001832,General Retail,Medium,LOC0095,2020-08-10,1,1,AGT00183,2242,Active
MRC001833,Grocery,Small,LOC0005,2021-03-20,0,1,AGT00377,2020,Active
MRC001834,Restaurant,Micro,LOC0049,2021-12-12,1,1,AGT00234,1753,Active
MRC001835,Grocery,Small,LOC0063,2022-09-14,1,1,AGT00606,1477,Active
MRC001836,General Retail,Small,LOC0025,2021-03-22,1,1,AGT00114,2018,Active
MRC001837,General Retail,Small,LOC0106,2020-03-08,1,1,AGT00175,2397,Active
MRC001838,Grocery,Large,LOC0076,2025-04-07,1,1,AGT00184,541,Active
MRC001839,Grocery,Micro,LOC0034,2025-02-22,0,1,AGT00285,585,Active
MRC001840,Restaurant,Small,LOC0053,2022-12-24,1,1,AGT00492,1376,Active
MRC001841,Pharmacy,Micro,LOC0014,2024-03-16,0,1,AGT00418,928,Active
MRC001842,General Retail,Micro,LOC0011,2022-10-12,1,1,AGT00540,1449,Active
MRC001843,Grocery,Small,LOC0090,2024-02-06,1,1,AGT00019,967,Active
MRC001844,Utility,Small,LOC0119,2021-04-12,1,0,AGT00209,1997,Active
MRC001845,Electronics,Small,LOC0034,2020-08-03,0,1,AGT00285,2249,Active
MRC001846,Restaurant,Micro,LOC0030,2024-04-09,1,1,AGT00080,904,Active
MRC001847,Grocery,Micro,LOC0083,2021-05-05,1,1,AGT00310,1974,Active
MRC001848,General Retail,Small,LOC0062,2025-04-29,1,1,AGT00487,519,Active
MRC001849,Education,Small,LOC0017,2021-03-13,1,1,AGT00010,2027,Active
MRC001850,Fashion,Small,LOC0081,2021-10-14,1,1,AGT00737,1812,Active
MRC001851,Restaurant,Small,LOC0026,2021-09-17,0,1,AGT00697,1839,Active
MRC001852,General Retail,Medium,LOC0014,2023-01-06,1,1,AGT00418,1363,Active
MRC001853,General Retail,Small,LOC0056,2025-04-28,0,1,AGT00128,520,Active
MRC001854,Utility,Micro,LOC0089,2020-12-03,1,1,AGT00574,2127,Active
MRC001855,Education,Small,LOC0063,2025-04-22,1,1,AGT00023,526,Active
MRC001856,General Retail,Small,LOC0078,2023-01-30,0,1,AGT00622,1339,Active
MRC001857,Restaurant,Medium,LOC0029,2024-12-02,0,1,AGT00356,667,Active
MRC001858,Transport,Small,LOC0060,2020-11-24,1,1,AGT00712,2136,Active
MRC001859,Restaurant,Small,LOC0086,2022-07-12,1,1,AGT00582,1541,Active
MRC001860,Education,Small,LOC0064,2022-12-04,1,1,AGT00132,1396,Active
MRC001861,General Retail,Small,LOC0029,2024-01-24,1,1,AGT00356,980,Active
MRC001862,General Retail,Medium,LOC0115,2021-04-12,1,1,AGT00006,1997,Active
MRC001863,Electronics,Medium,LOC0009,2024-09-15,1,1,AGT00127,745,Active
MRC001864,Education,Micro,LOC0110,2021-08-26,1,1,AGT00287,1861,Active
MRC001865,General Retail,Micro,LOC0087,2020-03-01,1,1,AGT00193,2404,Active
MRC001866,General Retail,Small,LOC0014,2024-05-15,1,0,AGT00389,868,Active
MRC001867,Utility,Small,LOC0031,2021-11-10,0,1,AGT00300,1785,Active
MRC001868,Grocery,Medium,LOC0045,2024-02-10,1,1,AGT00530,963,Active
MRC001869,Restaurant,Micro,LOC0115,2020-05-26,1,0,AGT00108,2318,Active
MRC001870,General Retail,Medium,LOC0063,2020-08-01,1,0,AGT00033,2251,Active
MRC001871,Utility,Small,LOC0031,2024-02-01,1,1,AGT00782,972,Active
MRC001872,Healthcare,Micro,LOC0111,2024-07-31,0,1,AGT00798,791,Active
MRC001873,Transport,Micro,LOC0015,2025-06-20,1,0,AGT00538,467,Active
MRC001874,Restaurant,Small,LOC0098,2021-10-15,1,1,AGT00333,1811,Active
MRC001875,Restaurant,Micro,LOC0100,2020-06-17,1,1,AGT00629,2296,Active
MRC001876,Utility,Small,LOC0047,2025-02-03,1,0,AGT00579,604,Active
MRC001877,Restaurant,Small,LOC0006,2021-01-29,1,1,AGT00586,2070,Active
MRC001878,Transport,Small,LOC0107,2021-06-11,1,0,AGT00626,1937,Active
MRC001879,Healthcare,Micro,LOC0117,2023-02-20,0,0,AGT00716,1318,Active
MRC001880,General Retail,Large,LOC0046,2024-08-17,1,1,AGT00743,774,Active
MRC001881,Restaurant,Small,LOC0023,2022-01-21,1,1,AGT00065,1713,Active
MRC001882,Healthcare,Small,LOC0033,2022-05-29,0,1,AGT00475,1585,Active
MRC001883,Grocery,Small,LOC0017,2021-02-08,0,1,AGT00384,2060,Active
MRC001884,Grocery,Small,LOC0074,2022-08-03,0,1,AGT00318,1519,Active
MRC001885,Restaurant,Medium,LOC0063,2025-09-02,1,1,AGT00090,393,Active
MRC001886,Grocery,Small,LOC0043,2024-09-29,0,1,AGT00664,731,Active
MRC001887,General Retail,Small,LOC0079,2023-09-08,1,1,AGT00554,1118,Active
MRC001888,General Retail,Micro,LOC0075,2023-01-09,1,1,AGT00682,1360,Active
MRC001889,Grocery,Micro,LOC0002,2023-11-14,1,1,AGT00617,1051,Active
MRC001890,General Retail,Small,LOC0050,2020-09-13,0,1,AGT00009,2208,Active
MRC001891,Electronics,Micro,LOC0104,2024-04-12,1,1,AGT00656,901,Active
MRC001892,Transport,Small,LOC0096,2021-11-22,1,1,AGT00431,1773,Active
MRC001893,General Retail,Medium,LOC0103,2023-10-20,1,1,AGT00324,1076,Active
MRC001894,Education,Small,LOC0115,2020-01-10,1,1,AGT00108,2455,Active
MRC001895,Grocery,Micro,LOC0008,2020-06-25,1,1,AGT00547,2288,Active
MRC001896,Grocery,Small,LOC0033,2021-04-08,1,1,AGT00507,2001,Active
MRC001897,Fashion,Micro,LOC0056,2021-05-21,1,1,AGT00448,1958,Active
MRC001898,General Retail,Small,LOC0062,2022-02-11,1,0,AGT00487,1692,Active
MRC001899,Education,Small,LOC0095,2022-06-13,1,1,AGT00410,1570,Active
MRC001900,Restaurant,Small,LOC0087,2022-08-05,1,1,AGT00193,1517,Active
MRC001901,Grocery,Small,LOC0085,2025-10-20,1,1,AGT00294,345,Active
MRC001902,General Retail,Small,LOC0020,2020-05-09,1,1,AGT00028,2335,Active
MRC001903,Restaurant,Micro,LOC0082,2020-02-03,1,1,AGT00459,2431,Active
MRC001904,Transport,Micro,LOC0096,2022-10-23,1,1,AGT00160,1438,Active
MRC001905,Transport,Small,LOC0091,2020-10-02,1,1,AGT00169,2189,Active
MRC001906,Pharmacy,Medium,LOC0070,2023-07-22,1,1,AGT00421,1166,Active
MRC001907,Grocery,Micro,LOC0011,2025-04-16,1,1,AGT00207,532,Active
MRC001908,Restaurant,Micro,LOC0018,2020-12-20,1,1,AGT00476,2110,Active
MRC001909,Restaurant,Micro,LOC0090,2022-11-30,1,1,AGT00019,1400,Active
MRC001910,Transport,Small,LOC0105,2020-05-03,0,1,AGT00564,2341,Active
MRC001911,Utility,Micro,LOC0100,2024-09-08,1,1,AGT00784,752,Active
MRC001912,Pharmacy,Small,LOC0052,2023-02-05,1,1,AGT00740,1333,Active
MRC001913,Electronics,Micro,LOC0071,2021-12-20,1,1,AGT00032,1745,Active
MRC001914,Grocery,Small,LOC0022,2025-02-21,1,1,AGT00555,586,Active
MRC001915,Pharmacy,Micro,LOC0072,2020-01-01,1,1,AGT00198,2464,Active
MRC001916,Utility,Small,LOC0024,2022-04-28,1,1,AGT00685,1616,Active
MRC001917,Utility,Micro,LOC0096,2024-12-07,0,1,AGT00721,662,Active
MRC001918,Utility,Small,LOC0095,2021-07-13,1,1,AGT00183,1905,Active
MRC001919,Grocery,Medium,LOC0007,2020-09-15,1,1,AGT00452,2206,Active
MRC001920,Electronics,Micro,LOC0113,2023-09-23,1,1,AGT00632,1103,Active
MRC001921,Fashion,Medium,LOC0096,2022-04-25,1,1,AGT00160,1619,Active
MRC001922,General Retail,Micro,LOC0046,2021-06-27,1,1,AGT00743,1921,Active
MRC001923,Transport,Small,LOC0055,2025-02-03,1,1,AGT00221,604,Active
MRC001924,General Retail,Small,LOC0010,2022-10-14,1,1,AGT00025,1447,Active
MRC001925,Grocery,Micro,LOC0113,2022-08-14,0,1,AGT00407,1508,Active
MRC001926,Fashion,Small,LOC0013,2024-02-28,1,1,AGT00797,945,Active
MRC001927,Utility,Micro,LOC0111,2024-03-03,1,1,AGT00557,941,Active
MRC001928,Restaurant,Small,LOC0079,2022-03-13,1,1,AGT00498,1662,Active
MRC001929,Transport,Small,LOC0111,2021-06-19,1,1,AGT00340,1929,Active
MRC001930,Electronics,Medium,LOC0045,2023-08-21,1,1,AGT00038,1136,Active
MRC001931,General Retail,Micro,LOC0108,2025-01-31,1,1,AGT00216,607,Active
MRC001932,Grocery,Medium,LOC0052,2021-04-03,1,1,AGT00740,2006,Active
MRC001933,General Retail,Micro,LOC0043,2024-12-03,0,1,AGT00664,666,Active
MRC001934,Restaurant,Small,LOC0041,2025-12-11,1,1,AGT00148,293,Active
MRC001935,Fashion,Micro,LOC0115,2024-01-13,1,1,AGT00006,991,Active
MRC001936,Electronics,Micro,LOC0056,2021-01-25,1,1,AGT00194,2074,Active
MRC001937,Pharmacy,Micro,LOC0058,2021-06-08,1,1,AGT00413,1940,Active
MRC001938,General Retail,Small,LOC0078,2024-02-17,1,1,AGT00246,956,Active
MRC001939,General Retail,Micro,LOC0067,2022-11-09,1,1,AGT00509,1421,Active
MRC001940,General Retail,Small,LOC0065,2020-03-22,1,1,AGT00484,2383,Active
MRC001941,General Retail,Large,LOC0046,2021-08-30,1,0,AGT00119,1857,Active
MRC001942,Transport,Micro,LOC0020,2021-06-03,1,0,AGT00082,1945,Active
MRC001943,Fashion,Micro,LOC0120,2025-06-09,1,1,AGT00172,478,Active
MRC001944,General Retail,Micro,LOC0059,2024-07-09,0,1,AGT00092,813,Active
MRC001945,Grocery,Micro,LOC0117,2025-05-04,1,1,AGT00773,514,Active
MRC001946,General Retail,Small,LOC0056,2020-02-09,1,1,AGT00363,2425,Active
MRC001947,Fashion,Small,LOC0072,2023-12-01,1,1,AGT00788,1034,Active
MRC001948,Transport,Micro,LOC0066,2022-12-22,1,1,AGT00292,1378,Active
MRC001949,Restaurant,Micro,LOC0116,2022-08-30,0,1,AGT00291,1492,Active
MRC001950,Restaurant,Small,LOC0014,2022-11-01,1,1,AGT00389,1429,Active
MRC001951,Grocery,Micro,LOC0063,2025-08-26,1,1,AGT00033,400,Active
MRC001952,Fashion,Small,LOC0019,2020-07-09,1,1,AGT00187,2274,Active
MRC001953,Restaurant,Medium,LOC0105,2023-09-08,1,1,AGT00072,1118,Active
MRC001954,Pharmacy,Micro,LOC0064,2020-06-20,0,1,AGT00094,2293,Active
MRC001955,Pharmacy,Small,LOC0111,2021-05-21,1,1,AGT00798,1958,Active
MRC001956,Education,Medium,LOC0034,2021-10-17,1,1,AGT00173,1809,Active
MRC001957,Restaurant,Small,LOC0020,2021-10-04,1,1,AGT00024,1822,Active
MRC001958,General Retail,Small,LOC0076,2020-02-10,0,1,AGT00302,2424,Active
MRC001959,Grocery,Small,LOC0018,2024-02-24,0,1,AGT00237,949,Active
MRC001960,Education,Small,LOC0045,2023-12-30,1,1,AGT00453,1005,Active
MRC001961,Grocery,Small,LOC0038,2021-12-13,1,1,AGT00608,1752,Active
MRC001962,Electronics,Small,LOC0027,2024-07-28,1,1,AGT00568,794,Active
MRC001963,Electronics,Small,LOC0016,2021-02-25,0,1,AGT00180,2043,Active
MRC001964,Transport,Small,LOC0079,2025-10-15,1,1,AGT00197,350,Active
MRC001965,Fashion,Small,LOC0091,2020-08-05,1,1,AGT00169,2247,Active
MRC001966,Electronics,Medium,LOC0048,2023-11-22,1,1,AGT00177,1043,Active
MRC001967,Grocery,Micro,LOC0034,2025-12-08,1,1,AGT00091,296,Active
MRC001968,Fashion,Micro,LOC0019,2022-05-11,1,1,AGT00121,1603,Active
MRC001969,Restaurant,Micro,LOC0082,2024-04-25,0,1,AGT00459,888,Active
MRC001970,Transport,Micro,LOC0098,2024-02-19,1,1,AGT00335,954,Active
MRC001971,Fashion,Small,LOC0066,2023-01-31,1,1,AGT00328,1338,Active
MRC001972,Utility,Micro,LOC0052,2022-06-30,1,1,AGT00015,1553,Active
MRC001973,Fashion,Small,LOC0078,2025-02-23,0,1,AGT00246,584,Active
MRC001974,Pharmacy,Small,LOC0110,2025-09-03,1,1,AGT00338,392,Active
MRC001975,Pharmacy,Micro,LOC0119,2023-03-15,1,1,AGT00213,1295,Active
MRC001976,Grocery,Micro,LOC0024,2023-11-05,1,1,AGT00685,1060,Active
MRC001977,Electronics,Small,LOC0058,2022-06-25,1,1,AGT00106,1558,Active
MRC001978,General Retail,Small,LOC0106,2021-06-27,1,1,AGT00067,1921,Active
MRC001979,Utility,Small,LOC0076,2022-04-15,1,0,AGT00353,1629,Active
MRC001980,Fashion,Micro,LOC0098,2025-05-04,1,1,AGT00333,514,Active
MRC001981,Grocery,Micro,LOC0120,2020-01-02,1,1,AGT00347,2463,Active
MRC001982,General Retail,Micro,LOC0013,2021-09-08,1,1,AGT00797,1848,Active
MRC001983,Grocery,Micro,LOC0074,2025-09-01,0,0,AGT00003,394,Active
MRC001984,Restaurant,Large,LOC0064,2021-05-25,1,0,AGT00132,1954,Active
MRC001985,General Retail,Micro,LOC0035,2020-09-10,1,1,AGT00572,2211,Active
MRC001986,Restaurant,Micro,LOC0079,2022-07-24,1,1,AGT00498,1529,Active
MRC001987,Grocery,Medium,LOC0013,2020-12-25,1,1,AGT00054,2105,Active
MRC001988,Pharmacy,Small,LOC0060,2020-08-29,1,1,AGT00712,2223,Active
MRC001989,Education,Small,LOC0050,2020-03-12,1,1,AGT00191,2393,Active
MRC001990,Grocery,Small,LOC0047,2020-04-02,1,0,AGT00390,2372,Active
MRC001991,Transport,Medium,LOC0074,2024-10-20,0,1,AGT00318,710,Active
MRC001992,Fashion,Micro,LOC0114,2025-10-03,1,1,AGT00702,362,Active
MRC001993,Restaurant,Micro,LOC0114,2022-01-23,0,1,AGT00228,1711,Active
MRC001994,Pharmacy,Medium,LOC0085,2021-11-25,1,1,AGT00294,1770,Active
MRC001995,General Retail,Small,LOC0040,2022-07-23,1,1,AGT00750,1530,Active
MRC001996,Restaurant,Large,LOC0116,2024-07-17,1,1,AGT00291,805,Active
MRC001997,Healthcare,Micro,LOC0120,2020-04-14,1,1,AGT00172,2360,Active
MRC001998,Fashion,Medium,LOC0102,2023-07-10,0,1,AGT00323,1178,Active
MRC001999,Grocery,Micro,LOC0105,2021-07-11,0,1,AGT00117,1907,Active
MRC002000,Fashion,Small,LOC0099,2022-03-27,1,1,AGT00690,1648,Active
MRC002001,Electronics,Medium,LOC0092,2020-08-09,1,1,AGT00539,2243,Active
MRC002002,Fashion,Micro,LOC0088,2021-09-13,1,1,AGT00053,1843,Active
MRC002003,Utility,Micro,LOC0077,2022-03-02,1,0,AGT00159,1673,Active
MRC002004,General Retail,Small,LOC0078,2020-12-08,1,1,AGT00535,2122,Active
MRC002005,Utility,Medium,LOC0047,2025-08-21,1,1,AGT00579,405,Active
MRC002006,Education,Micro,LOC0107,2021-09-28,1,1,AGT00086,1828,Active
MRC002007,Electronics,Medium,LOC0077,2022-06-16,1,1,AGT00168,1567,Active
MRC002008,Transport,Micro,LOC0074,2021-04-24,1,1,AGT00318,1985,Active
MRC002009,Pharmacy,Small,LOC0090,2024-08-15,1,1,AGT00577,776,Active
MRC002010,Utility,Micro,LOC0010,2022-05-19,0,1,AGT00025,1595,Active
MRC002011,General Retail,Medium,LOC0111,2024-04-06,1,1,AGT00798,907,Active
MRC002012,Pharmacy,Micro,LOC0070,2025-04-06,1,1,AGT00704,542,Active
MRC002013,General Retail,Small,LOC0114,2022-07-09,1,0,AGT00702,1544,Active
MRC002014,General Retail,Micro,LOC0013,2025-11-01,1,0,AGT00797,333,Active
MRC002015,Fashion,Medium,LOC0029,2025-05-28,1,1,AGT00467,490,Active
MRC002016,General Retail,Small,LOC0114,2022-10-17,1,1,AGT00702,1444,Active
MRC002017,Grocery,Micro,LOC0084,2020-08-02,1,1,AGT00675,2250,Active
MRC002018,Grocery,Micro,LOC0078,2021-09-06,1,1,AGT00189,1850,Active
MRC002019,Restaurant,Small,LOC0049,2025-11-14,1,1,AGT00399,320,Active
MRC002020,Education,Small,LOC0067,2025-04-24,1,1,AGT00760,524,Active
MRC002021,Restaurant,Medium,LOC0066,2023-05-21,1,0,AGT00517,1228,Active
MRC002022,General Retail,Small,LOC0024,2023-05-24,1,1,AGT00394,1225,Active
MRC002023,Pharmacy,Small,LOC0068,2025-09-21,1,1,AGT00576,374,Active
MRC002024,Pharmacy,Small,LOC0062,2024-06-06,1,1,AGT00487,846,Active
MRC002025,Transport,Small,LOC0038,2025-03-15,1,1,AGT00341,564,Active
MRC002026,Grocery,Micro,LOC0042,2022-07-27,1,1,AGT00659,1526,Active
MRC002027,Healthcare,Micro,LOC0093,2022-01-09,1,1,AGT00295,1725,Active
MRC002028,Restaurant,Micro,LOC0082,2023-08-17,1,1,AGT00642,1140,Active
MRC002029,General Retail,Small,LOC0057,2022-07-18,1,0,AGT00633,1535,Active
MRC002030,Transport,Micro,LOC0073,2024-10-03,1,1,AGT00126,727,Active
MRC002031,Grocery,Small,LOC0029,2020-11-13,1,1,AGT00356,2147,Active
MRC002032,Grocery,Micro,LOC0060,2025-12-08,0,0,AGT00714,296,Active
MRC002033,Grocery,Small,LOC0068,2022-12-11,1,1,AGT00600,1389,Active
MRC002034,General Retail,Micro,LOC0031,2024-01-15,0,1,AGT00520,989,Active
MRC002035,Transport,Small,LOC0021,2023-04-07,1,1,AGT00225,1272,Active
MRC002036,Fashion,Micro,LOC0064,2022-11-16,1,1,AGT00222,1414,Active
MRC002037,Pharmacy,Micro,LOC0113,2022-02-05,1,1,AGT00407,1698,Active
MRC002038,General Retail,Micro,LOC0056,2020-05-27,1,1,AGT00756,2317,Active
MRC002039,Pharmacy,Small,LOC0109,2022-08-09,0,1,AGT00242,1513,Active
MRC002040,Transport,Small,LOC0103,2024-08-07,1,1,AGT00070,784,Active
MRC002041,Utility,Micro,LOC0090,2022-10-29,0,1,AGT00468,1432,Active
MRC002042,Restaurant,Small,LOC0108,2022-11-24,0,1,AGT00216,1406,Active
MRC002043,Electronics,Small,LOC0050,2020-10-15,1,0,AGT00647,2176,Active
MRC002044,Pharmacy,Small,LOC0092,2022-07-29,0,1,AGT00350,1524,Active
MRC002045,Restaurant,Small,LOC0018,2020-10-08,1,1,AGT00693,2183,Active
MRC002046,General Retail,Micro,LOC0039,2022-01-29,1,1,AGT00257,1705,Active
MRC002047,Transport,Small,LOC0068,2022-07-17,1,1,AGT00149,1536,Active
MRC002048,General Retail,Small,LOC0005,2023-12-31,1,1,AGT00496,1004,Active
MRC002049,Electronics,Small,LOC0092,2024-06-06,1,1,AGT00281,846,Active
MRC002050,Pharmacy,Micro,LOC0112,2025-05-14,1,1,AGT00587,504,Active
MRC002051,Healthcare,Small,LOC0013,2022-09-07,1,1,AGT00351,1484,Active
MRC002052,Electronics,Micro,LOC0120,2020-06-13,1,1,AGT00392,2300,Active
MRC002053,Grocery,Small,LOC0011,2025-11-20,0,1,AGT00703,314,Active
MRC002054,Restaurant,Micro,LOC0016,2020-04-06,1,1,AGT00278,2368,Active
MRC002055,Transport,Micro,LOC0092,2020-10-27,1,1,AGT00042,2164,Active
MRC002056,Healthcare,Small,LOC0083,2023-05-05,0,1,AGT00441,1244,Active
MRC002057,Pharmacy,Medium,LOC0113,2024-02-01,1,1,AGT00271,972,Active
MRC002058,General Retail,Micro,LOC0052,2022-06-28,1,0,AGT00740,1555,Active
MRC002059,Restaurant,Small,LOC0069,2020-11-04,0,1,AGT00373,2156,Active
MRC002060,Pharmacy,Small,LOC0018,2025-10-15,1,1,AGT00109,350,Active
MRC002061,Grocery,Medium,LOC0084,2023-04-11,1,1,AGT00385,1268,Active
MRC002062,Utility,Small,LOC0120,2025-09-05,1,1,AGT00347,390,Active
MRC002063,Restaurant,Micro,LOC0072,2022-02-09,1,1,AGT00198,1694,Active
MRC002064,Fashion,Micro,LOC0112,2025-07-03,1,1,AGT00746,454,Active
MRC002065,Pharmacy,Small,LOC0048,2024-01-26,0,1,AGT00720,978,Active
MRC002066,Transport,Micro,LOC0118,2021-07-17,1,1,AGT00729,1901,Active
MRC002067,Utility,Medium,LOC0065,2021-06-18,1,1,AGT00096,1930,Active
MRC002068,Restaurant,Medium,LOC0018,2024-08-08,1,1,AGT00476,783,Active
MRC002069,General Retail,Medium,LOC0044,2022-11-23,1,1,AGT00365,1407,Active
MRC002070,Grocery,Micro,LOC0060,2024-11-09,1,1,AGT00712,690,Active
MRC002071,Grocery,Small,LOC0009,2022-06-04,1,1,AGT00486,1579,Active
MRC002072,Education,Small,LOC0108,2025-11-29,1,1,AGT00235,305,Active
MRC002073,Transport,Micro,LOC0029,2021-02-03,1,1,AGT00356,2065,Active
MRC002074,Pharmacy,Micro,LOC0082,2025-10-28,1,1,AGT00459,337,Active
MRC002075,Electronics,Micro,LOC0111,2022-04-28,1,1,AGT00557,1616,Active
MRC002076,Restaurant,Micro,LOC0053,2023-07-16,1,0,AGT00252,1172,Active
MRC002077,Electronics,Medium,LOC0074,2024-08-16,0,1,AGT00201,775,Active
MRC002078,Transport,Medium,LOC0063,2022-09-21,1,0,AGT00023,1470,Active
MRC002079,General Retail,Micro,LOC0092,2025-02-11,1,1,AGT00350,596,Active
MRC002080,Fashion,Small,LOC0005,2022-07-01,1,1,AGT00083,1552,Active
MRC002081,Transport,Micro,LOC0044,2022-02-08,1,1,AGT00319,1695,Active
MRC002082,Education,Micro,LOC0074,2023-03-23,1,1,AGT00318,1287,Active
MRC002083,Restaurant,Micro,LOC0011,2023-10-19,1,1,AGT00491,1077,Active
MRC002084,Pharmacy,Small,LOC0104,2023-03-19,1,1,AGT00656,1291,Active
MRC002085,General Retail,Small,LOC0076,2020-03-28,1,1,AGT00302,2377,Active
MRC002086,Pharmacy,Medium,LOC0001,2021-06-16,1,0,AGT00123,1932,Active
MRC002087,Utility,Medium,LOC0002,2025-12-05,1,1,AGT00617,299,Active
MRC002088,Grocery,Micro,LOC0020,2024-03-25,0,1,AGT00607,919,Active
MRC002089,Utility,Small,LOC0080,2025-10-24,1,0,AGT00758,341,Active
MRC002090,Grocery,Micro,LOC0063,2024-07-16,0,1,AGT00023,806,Active
MRC002091,General Retail,Micro,LOC0058,2021-04-22,1,1,AGT00106,1987,Active
MRC002092,Transport,Small,LOC0068,2020-11-07,1,1,AGT00576,2153,Active
MRC002093,Grocery,Micro,LOC0060,2023-03-25,0,1,AGT00714,1285,Active
MRC002094,Transport,Micro,LOC0042,2021-11-02,1,1,AGT00152,1793,Active
MRC002095,Education,Micro,LOC0001,2023-09-30,1,1,AGT00575,1096,Active
MRC002096,Restaurant,Micro,LOC0004,2023-02-10,1,0,AGT00043,1328,Active
MRC002097,Pharmacy,Medium,LOC0083,2021-01-01,1,1,AGT00441,2098,Active
MRC002098,Healthcare,Micro,LOC0090,2024-04-25,0,1,AGT00019,888,Active
MRC002099,Healthcare,Small,LOC0029,2024-01-22,0,1,AGT00467,982,Active
MRC002100,Restaurant,Large,LOC0030,2025-02-22,1,0,AGT00661,585,Active
MRC002101,General Retail,Small,LOC0049,2024-08-27,1,1,AGT00399,764,Active
MRC002102,Pharmacy,Small,LOC0078,2025-09-27,1,1,AGT00622,368,Active
MRC002103,Grocery,Medium,LOC0072,2021-01-30,1,1,AGT00619,2069,Active
MRC002104,Education,Micro,LOC0068,2020-11-11,1,1,AGT00600,2149,Active
MRC002105,Grocery,Micro,LOC0005,2023-06-11,1,1,AGT00377,1207,Active
MRC002106,Pharmacy,Small,LOC0052,2022-05-31,1,1,AGT00015,1583,Active
MRC002107,Electronics,Small,LOC0091,2024-06-22,1,1,AGT00779,830,Active
MRC002108,Pharmacy,Small,LOC0071,2025-09-08,1,1,AGT00638,387,Active
MRC002109,Pharmacy,Micro,LOC0097,2022-11-17,1,1,AGT00706,1413,Active
MRC002110,Transport,Small,LOC0084,2025-01-05,1,1,AGT00355,633,Active
MRC002111,Electronics,Small,LOC0108,2020-11-20,1,1,AGT00620,2140,Active
MRC002112,General Retail,Large,LOC0069,2024-04-16,1,1,AGT00754,897,Active
MRC002113,Education,Micro,LOC0069,2021-07-20,1,1,AGT00071,1898,Active
MRC002114,Fashion,Micro,LOC0067,2024-05-22,1,0,AGT00760,861,Active
MRC002115,Pharmacy,Medium,LOC0032,2025-03-16,1,1,AGT00592,563,Active
MRC002116,Utility,Small,LOC0053,2022-09-06,1,1,AGT00492,1485,Active
MRC002117,Grocery,Micro,LOC0021,2024-11-12,0,1,AGT00225,687,Active
MRC002118,Pharmacy,Micro,LOC0052,2023-07-29,1,1,AGT00015,1159,Active
MRC002119,General Retail,Small,LOC0018,2024-03-17,1,0,AGT00476,927,Active
MRC002120,Healthcare,Small,LOC0059,2020-09-07,1,1,AGT00330,2214,Active
MRC002121,Education,Small,LOC0115,2022-12-14,1,1,AGT00202,1386,Active
MRC002122,Grocery,Medium,LOC0055,2021-08-29,1,1,AGT00417,1858,Active
MRC002123,Grocery,Micro,LOC0089,2022-06-10,1,1,AGT00035,1573,Active
MRC002124,Fashion,Micro,LOC0053,2020-07-07,0,1,AGT00181,2276,Active
MRC002125,Healthcare,Small,LOC0109,2023-05-02,1,1,AGT00242,1247,Active
MRC002126,Fashion,Medium,LOC0026,2020-10-19,1,1,AGT00534,2172,Active
MRC002127,Grocery,Micro,LOC0101,2020-08-03,1,1,AGT00382,2249,Active
MRC002128,Grocery,Small,LOC0087,2020-06-13,1,1,AGT00077,2300,Active
MRC002129,Education,Micro,LOC0107,2021-10-19,1,1,AGT00672,1807,Active
MRC002130,Transport,Micro,LOC0016,2020-02-06,1,1,AGT00278,2428,Active
MRC002131,Grocery,Medium,LOC0108,2021-07-03,1,0,AGT00052,1915,Active
MRC002132,Grocery,Micro,LOC0110,2024-02-05,1,1,AGT00288,968,Active
MRC002133,Pharmacy,Micro,LOC0036,2025-01-08,1,1,AGT00036,630,Active
MRC002134,Grocery,Small,LOC0075,2024-09-15,1,1,AGT00059,745,Active
MRC002135,Electronics,Micro,LOC0071,2022-07-13,1,1,AGT00638,1540,Active
MRC002136,Grocery,Small,LOC0006,2024-12-22,1,1,AGT00513,647,Active
MRC002137,Transport,Small,LOC0064,2024-07-16,0,1,AGT00585,806,Active
MRC002138,Utility,Micro,LOC0080,2022-03-16,0,1,AGT00196,1659,Active
MRC002139,General Retail,Small,LOC0025,2023-12-21,1,1,AGT00114,1014,Active
MRC002140,General Retail,Micro,LOC0044,2021-11-21,1,1,AGT00375,1774,Active
MRC002141,Pharmacy,Micro,LOC0071,2019-12-30,1,1,AGT00519,2466,Active
MRC002142,Grocery,Small,LOC0112,2025-06-09,1,1,AGT00151,478,Active
MRC002143,Restaurant,Micro,LOC0008,2022-02-16,1,0,AGT00634,1687,Active
MRC002144,Transport,Medium,LOC0113,2021-01-18,1,1,AGT00343,2081,Active
MRC002145,Grocery,Medium,LOC0098,2025-02-14,0,1,AGT00333,593,Active
MRC002146,Restaurant,Medium,LOC0102,2021-04-11,1,1,AGT00018,1998,Active
MRC002147,Restaurant,Micro,LOC0006,2022-12-05,0,1,AGT00545,1395,Active
MRC002148,Pharmacy,Micro,LOC0069,2022-03-15,0,0,AGT00477,1660,Active
MRC002149,Transport,Medium,LOC0045,2025-08-27,1,1,AGT00031,399,Active
MRC002150,Transport,Small,LOC0111,2023-05-11,1,1,AGT00164,1238,Active
MRC002151,Electronics,Small,LOC0089,2023-10-08,1,1,AGT00574,1088,Active
MRC002152,General Retail,Medium,LOC0078,2025-01-16,0,1,AGT00189,622,Active
MRC002153,Grocery,Micro,LOC0004,2021-05-26,1,1,AGT00673,1953,Active
MRC002154,Grocery,Micro,LOC0106,2022-12-09,1,1,AGT00175,1391,Active
MRC002155,Restaurant,Small,LOC0059,2020-09-16,1,1,AGT00472,2205,Active
MRC002156,Transport,Small,LOC0020,2025-01-04,1,1,AGT00543,634,Active
MRC002157,Education,Micro,LOC0105,2021-08-04,1,1,AGT00564,1883,Active
MRC002158,Grocery,Small,LOC0109,2022-05-06,0,1,AGT00461,1608,Active
MRC002159,General Retail,Small,LOC0060,2022-01-25,0,1,AGT00185,1709,Active
MRC002160,Restaurant,Micro,LOC0080,2024-02-09,1,1,AGT00133,964,Active
MRC002161,Restaurant,Micro,LOC0074,2021-10-30,0,1,AGT00318,1796,Active
MRC002162,Education,Small,LOC0037,2024-06-25,1,1,AGT00361,827,Active
MRC002163,General Retail,Small,LOC0090,2021-05-27,0,1,AGT00468,1952,Active
MRC002164,Transport,Medium,LOC0120,2023-04-29,1,1,AGT00791,1250,Active
MRC002165,General Retail,Micro,LOC0113,2023-02-04,1,1,AGT00463,1334,Active
MRC002166,Grocery,Medium,LOC0083,2022-06-28,1,0,AGT00430,1555,Active
MRC002167,Education,Small,LOC0044,2025-06-16,1,1,AGT00375,471,Active
MRC002168,General Retail,Small,LOC0110,2023-10-07,1,1,AGT00338,1089,Active
MRC002169,Electronics,Micro,LOC0112,2024-09-29,1,1,AGT00402,731,Active
MRC002170,Restaurant,Micro,LOC0001,2020-03-13,1,1,AGT00170,2392,Active
MRC002171,General Retail,Small,LOC0041,2023-06-10,1,1,AGT00074,1208,Active
MRC002172,Grocery,Micro,LOC0067,2025-12-05,1,1,AGT00171,299,Active
MRC002173,Restaurant,Micro,LOC0070,2025-10-22,0,1,AGT00297,343,Active
MRC002174,General Retail,Medium,LOC0086,2020-07-02,1,1,AGT00582,2281,Active
MRC002175,General Retail,Micro,LOC0062,2025-01-09,1,1,AGT00487,629,Active
MRC002176,General Retail,Medium,LOC0002,2025-12-16,0,1,AGT00617,288,Active
MRC002177,General Retail,Small,LOC0020,2024-09-10,1,1,AGT00543,750,Active
MRC002178,Grocery,Medium,LOC0092,2024-08-31,0,0,AGT00348,760,Active
MRC002179,General Retail,Micro,LOC0084,2025-06-26,0,1,AGT00249,461,Active
MRC002180,Fashion,Small,LOC0079,2020-01-01,0,0,AGT00498,2464,Active
MRC002181,Transport,Small,LOC0053,2025-08-10,1,1,AGT00098,416,Active
MRC002182,Restaurant,Medium,LOC0033,2021-08-10,1,1,AGT00412,1877,Active
MRC002183,Utility,Micro,LOC0037,2020-12-15,1,1,AGT00195,2115,Active
MRC002184,Education,Micro,LOC0083,2022-02-08,1,1,AGT00430,1695,Active
MRC002185,General Retail,Medium,LOC0061,2025-03-03,1,1,AGT00524,576,Active
MRC002186,Grocery,Micro,LOC0016,2021-08-14,1,0,AGT00254,1873,Active
MRC002187,Grocery,Small,LOC0048,2023-12-28,0,0,AGT00558,1007,Active
MRC002188,Fashion,Micro,LOC0099,2023-07-09,1,1,AGT00508,1179,Active
MRC002189,Grocery,Micro,LOC0072,2024-06-16,1,1,AGT00788,836,Active
MRC002190,Transport,Small,LOC0104,2021-04-09,1,1,AGT00506,2000,Active
MRC002191,Restaurant,Small,LOC0062,2022-06-30,0,1,AGT00240,1553,Active
MRC002192,Electronics,Small,LOC0059,2025-01-13,1,1,AGT00092,625,Active
MRC002193,Grocery,Small,LOC0114,2023-07-11,1,1,AGT00395,1177,Active
MRC002194,Grocery,Small,LOC0061,2021-03-19,1,1,AGT00425,2021,Active
MRC002195,Education,Large,LOC0017,2020-05-09,1,1,AGT00069,2335,Active
MRC002196,Restaurant,Micro,LOC0049,2020-05-05,1,1,AGT00698,2339,Active
MRC002197,Pharmacy,Micro,LOC0078,2025-02-26,1,1,AGT00358,581,Active
MRC002198,Pharmacy,Micro,LOC0042,2020-10-30,0,1,AGT00599,2161,Active
MRC002199,Pharmacy,Small,LOC0050,2022-07-29,1,1,AGT00191,1524,Active
MRC002200,Education,Micro,LOC0105,2021-07-15,0,1,AGT00279,1903,Active
MRC002201,Grocery,Small,LOC0053,2023-08-28,0,1,AGT00252,1129,Active
MRC002202,Restaurant,Small,LOC0037,2022-01-24,0,1,AGT00769,1710,Active
MRC002203,Transport,Small,LOC0013,2024-06-01,0,1,AGT00730,851,Active
MRC002204,Electronics,Medium,LOC0049,2022-11-05,1,1,AGT00314,1425,Active
MRC002205,Education,Small,LOC0092,2024-08-11,1,0,AGT00455,780,Active
MRC002206,Pharmacy,Small,LOC0036,2023-08-07,1,1,AGT00429,1150,Active
MRC002207,General Retail,Micro,LOC0057,2023-07-10,1,1,AGT00723,1178,Active
MRC002208,Restaurant,Small,LOC0079,2020-10-13,1,1,AGT00498,2178,Active
MRC002209,Pharmacy,Micro,LOC0112,2022-03-16,1,1,AGT00746,1659,Active
MRC002210,General Retail,Medium,LOC0098,2022-02-02,1,1,AGT00017,1701,Active
MRC002211,Transport,Small,LOC0035,2024-04-06,1,1,AGT00284,907,Active
MRC002212,Education,Micro,LOC0020,2023-05-12,1,1,AGT00082,1237,Active
MRC002213,General Retail,Micro,LOC0081,2023-02-18,1,1,AGT00737,1320,Active
MRC002214,Grocery,Small,LOC0031,2021-04-08,1,1,AGT00782,2001,Active
MRC002215,General Retail,Medium,LOC0048,2024-11-07,1,1,AGT00308,692,Active
MRC002216,Transport,Micro,LOC0013,2025-08-21,1,1,AGT00597,405,Active
MRC002217,Restaurant,Micro,LOC0093,2022-12-10,1,0,AGT00386,1390,Active
MRC002218,Pharmacy,Small,LOC0020,2021-02-05,0,1,AGT00028,2063,Active
MRC002219,Grocery,Large,LOC0046,2021-07-29,1,0,AGT00743,1889,Active
MRC002220,General Retail,Medium,LOC0049,2021-02-10,1,1,AGT00683,2058,Active
MRC002221,Grocery,Micro,LOC0006,2023-08-11,1,1,AGT00586,1146,Active
MRC002222,Pharmacy,Small,LOC0094,2024-08-05,0,1,AGT00088,786,Active
MRC002223,Transport,Small,LOC0075,2022-01-06,1,1,AGT00156,1728,Active
MRC002224,Healthcare,Small,LOC0065,2025-09-26,0,1,AGT00484,369,Active
MRC002225,Grocery,Small,LOC0022,2020-08-09,1,0,AGT00542,2243,Active
MRC002226,Utility,Small,LOC0007,2021-09-10,1,0,AGT00662,1846,Active
MRC002227,Electronics,Small,LOC0007,2022-12-12,1,1,AGT00662,1388,Active
MRC002228,General Retail,Micro,LOC0076,2024-10-07,1,0,AGT00332,723,Active
MRC002229,Grocery,Micro,LOC0090,2024-06-19,0,1,AGT00299,833,Active
MRC002230,Grocery,Micro,LOC0096,2020-01-02,1,1,AGT00160,2463,Active
MRC002231,Transport,Micro,LOC0097,2025-11-16,0,1,AGT00719,318,Active
MRC002232,Grocery,Small,LOC0048,2025-11-27,1,1,AGT00308,307,Active
MRC002233,Electronics,Medium,LOC0001,2023-11-19,1,1,AGT00170,1046,Active
MRC002234,Grocery,Medium,LOC0030,2024-08-02,0,0,AGT00427,789,Active
MRC002235,Utility,Micro,LOC0095,2021-11-30,1,1,AGT00458,1765,Active
MRC002236,General Retail,Micro,LOC0092,2025-09-17,1,1,AGT00539,378,Active
MRC002237,General Retail,Small,LOC0061,2021-04-06,0,1,AGT00425,2003,Active
MRC002238,General Retail,Small,LOC0003,2021-04-12,1,1,AGT00435,1997,Active
MRC002239,General Retail,Micro,LOC0094,2024-08-03,0,1,AGT00623,788,Active
MRC002240,Fashion,Medium,LOC0098,2022-07-02,0,1,AGT00017,1551,Active
MRC002241,Restaurant,Micro,LOC0028,2021-12-11,1,1,AGT00349,1754,Active
MRC002242,General Retail,Micro,LOC0097,2020-11-20,1,1,AGT00470,2140,Active
MRC002243,General Retail,Small,LOC0077,2021-07-31,1,1,AGT00168,1887,Active
MRC002244,General Retail,Small,LOC0107,2020-03-15,1,1,AGT00626,2390,Active
MRC002245,Utility,Small,LOC0076,2025-04-08,1,1,AGT00332,540,Active
MRC002246,Pharmacy,Small,LOC0011,2022-04-24,1,1,AGT00540,1620,Active
MRC002247,General Retail,Medium,LOC0078,2021-05-04,0,1,AGT00622,1975,Active
MRC002248,General Retail,Micro,LOC0013,2024-07-29,0,1,AGT00001,793,Active
MRC002249,Transport,Small,LOC0032,2024-08-27,1,1,AGT00666,764,Active
MRC002250,General Retail,Micro,LOC0105,2025-05-29,1,1,AGT00072,489,Active
MRC002251,Education,Small,LOC0117,2020-01-25,1,1,AGT00129,2440,Active
MRC002252,General Retail,Small,LOC0058,2020-10-12,1,1,AGT00106,2179,Active
MRC002253,Grocery,Small,LOC0035,2025-03-28,1,0,AGT00167,551,Active
MRC002254,General Retail,Micro,LOC0048,2024-06-30,0,1,AGT00233,822,Active
MRC002255,Grocery,Medium,LOC0030,2023-03-22,1,1,AGT00427,1288,Active
MRC002256,Restaurant,Micro,LOC0069,2020-08-13,1,1,AGT00477,2239,Active
MRC002257,Grocery,Medium,LOC0051,2021-01-08,0,0,AGT00450,2091,Active
MRC002258,Fashion,Micro,LOC0008,2020-09-15,1,1,AGT00699,2206,Active
MRC002259,Pharmacy,Medium,LOC0074,2021-01-03,1,1,AGT00298,2096,Active
MRC002260,General Retail,Small,LOC0078,2022-03-17,1,1,AGT00189,1658,Active
MRC002261,Electronics,Small,LOC0081,2024-03-22,1,1,AGT00258,922,Active
MRC002262,General Retail,Small,LOC0114,2022-05-08,0,1,AGT00571,1606,Active
MRC002263,Pharmacy,Small,LOC0085,2023-01-03,1,1,AGT00294,1366,Active
MRC002264,Grocery,Small,LOC0082,2020-04-10,0,1,AGT00208,2364,Active
MRC002265,Utility,Small,LOC0026,2023-04-13,0,1,AGT00451,1266,Active
MRC002266,Transport,Small,LOC0056,2021-06-10,1,1,AGT00363,1938,Active
MRC002267,Electronics,Small,LOC0053,2024-12-03,1,1,AGT00739,666,Active
MRC002268,Utility,Small,LOC0116,2021-11-16,1,1,AGT00113,1779,Active
MRC002269,General Retail,Small,LOC0057,2023-04-01,1,1,AGT00142,1278,Active
MRC002270,Education,Small,LOC0083,2023-05-10,1,1,AGT00310,1239,Active
MRC002271,General Retail,Small,LOC0065,2021-06-12,1,1,AGT00510,1936,Active
MRC002272,Healthcare,Small,LOC0007,2023-01-25,0,1,AGT00157,1344,Active
MRC002273,Transport,Large,LOC0113,2025-08-11,1,1,AGT00084,415,Active
MRC002274,Restaurant,Micro,LOC0081,2023-08-21,1,1,AGT00737,1136,Active
MRC002275,Grocery,Micro,LOC0028,2020-03-14,0,1,AGT00349,2391,Active
MRC002276,Pharmacy,Micro,LOC0008,2020-04-20,1,1,AGT00614,2354,Active
MRC002277,Utility,Small,LOC0113,2022-04-15,0,1,AGT00343,1629,Active
MRC002278,Transport,Small,LOC0037,2022-02-22,1,0,AGT00361,1681,Active
MRC002279,Restaurant,Small,LOC0003,2024-05-22,1,0,AGT00345,861,Active
MRC002280,Education,Micro,LOC0074,2021-04-17,1,1,AGT00298,1992,Active
MRC002281,Grocery,Medium,LOC0002,2022-05-18,1,1,AGT00617,1596,Active
MRC002282,Pharmacy,Small,LOC0026,2025-09-27,1,1,AGT00644,368,Active
MRC002283,General Retail,Small,LOC0108,2020-04-13,1,0,AGT00235,2361,Active
MRC002284,Restaurant,Micro,LOC0005,2020-11-11,1,0,AGT00212,2149,Active
MRC002285,Pharmacy,Micro,LOC0091,2025-06-22,1,1,AGT00273,465,Active
MRC002286,Fashion,Micro,LOC0075,2023-06-19,1,1,AGT00591,1199,Active
MRC002287,Restaurant,Micro,LOC0037,2021-07-09,0,1,AGT00012,1909,Active
MRC002288,Healthcare,Small,LOC0035,2021-07-21,1,0,AGT00284,1897,Active
MRC002289,General Retail,Micro,LOC0057,2024-12-17,1,1,AGT00200,652,Active
MRC002290,Education,Micro,LOC0064,2025-09-21,1,1,AGT00203,374,Active
MRC002291,Education,Micro,LOC0107,2020-01-27,1,1,AGT00265,2438,Active
MRC002292,Restaurant,Micro,LOC0032,2020-08-12,1,0,AGT00592,2240,Active
MRC002293,Education,Micro,LOC0071,2021-07-18,0,1,AGT00734,1900,Active
MRC002294,Restaurant,Micro,LOC0083,2022-01-06,0,1,AGT00430,1728,Active
MRC002295,Grocery,Micro,LOC0002,2021-11-09,1,0,AGT00617,1786,Active
MRC002296,General Retail,Small,LOC0108,2023-03-24,0,1,AGT00645,1286,Active
MRC002297,Fashion,Medium,LOC0120,2021-11-13,1,1,AGT00347,1782,Active
MRC002298,Fashion,Small,LOC0011,2024-02-23,1,1,AGT00540,950,Active
MRC002299,Grocery,Micro,LOC0032,2025-06-18,0,1,AGT00056,469,Active
MRC002300,General Retail,Large,LOC0095,2024-02-07,1,1,AGT00410,966,Active
MRC002301,Grocery,Large,LOC0098,2024-03-15,1,0,AGT00370,929,Active
MRC002302,Restaurant,Small,LOC0019,2024-02-24,1,1,AGT00423,949,Active
MRC002303,General Retail,Micro,LOC0111,2023-02-22,1,1,AGT00799,1316,Active
MRC002304,Fashion,Small,LOC0040,2025-03-06,1,1,AGT00481,573,Active
MRC002305,General Retail,Large,LOC0036,2023-07-11,1,1,AGT00429,1177,Active
MRC002306,Pharmacy,Small,LOC0043,2023-03-10,1,1,AGT00664,1300,Active
MRC002307,Healthcare,Small,LOC0081,2024-11-02,0,1,AGT00286,697,Active
MRC002308,General Retail,Small,LOC0025,2023-04-02,1,0,AGT00114,1277,Active
MRC002309,Electronics,Large,LOC0066,2021-12-05,1,1,AGT00517,1760,Active
MRC002310,Transport,Micro,LOC0010,2023-07-01,1,1,AGT00653,1187,Active
MRC002311,Restaurant,Micro,LOC0018,2025-12-12,1,1,AGT00693,292,Active
MRC002312,Healthcare,Medium,LOC0093,2021-10-03,1,0,AGT00621,1823,Active
MRC002313,General Retail,Micro,LOC0047,2022-07-02,1,0,AGT00390,1551,Active
MRC002314,Transport,Small,LOC0096,2023-06-14,1,1,AGT00160,1204,Active
MRC002315,General Retail,Micro,LOC0089,2025-10-29,1,1,AGT00140,336,Active
MRC002316,Education,Micro,LOC0120,2025-06-06,1,0,AGT00434,481,Active
MRC002317,Education,Micro,LOC0017,2025-06-27,1,1,AGT00069,460,Active
MRC002318,Restaurant,Small,LOC0113,2020-11-12,1,1,AGT00463,2148,Active
MRC002319,Transport,Small,LOC0108,2024-02-12,0,1,AGT00052,961,Active
MRC002320,General Retail,Small,LOC0053,2023-06-03,1,1,AGT00739,1215,Active
MRC002321,Transport,Micro,LOC0017,2021-10-19,1,1,AGT00381,1807,Active
MRC002322,Pharmacy,Medium,LOC0017,2022-01-16,1,1,AGT00381,1718,Active
MRC002323,Electronics,Small,LOC0062,2025-07-30,1,0,AGT00438,427,Active
MRC002324,Healthcare,Large,LOC0002,2020-05-26,1,1,AGT00617,2318,Active
MRC002325,General Retail,Micro,LOC0012,2024-05-17,0,1,AGT00495,866,Active
MRC002326,Grocery,Micro,LOC0064,2021-05-16,1,1,AGT00585,1963,Active
MRC002327,Grocery,Small,LOC0068,2020-12-25,1,1,AGT00236,2105,Active
MRC002328,Restaurant,Medium,LOC0104,2022-09-27,1,1,AGT00372,1464,Active
MRC002329,Grocery,Micro,LOC0117,2024-12-28,0,1,AGT00753,641,Active
MRC002330,General Retail,Small,LOC0033,2022-09-14,1,1,AGT00412,1477,Active
MRC002331,Fashion,Small,LOC0040,2024-07-01,1,1,AGT00243,821,Active
MRC002332,Electronics,Micro,LOC0024,2020-11-17,1,1,AGT00566,2143,Active
MRC002333,Pharmacy,Small,LOC0027,2021-06-13,1,1,AGT00013,1935,Active
MRC002334,Fashion,Micro,LOC0053,2021-01-13,1,0,AGT00181,2086,Active
MRC002335,General Retail,Micro,LOC0120,2021-01-03,0,1,AGT00392,2096,Active
MRC002336,Fashion,Medium,LOC0108,2024-11-22,1,1,AGT00052,677,Active
MRC002337,Grocery,Small,LOC0110,2025-10-12,1,1,AGT00288,353,Active
MRC002338,Pharmacy,Small,LOC0055,2022-03-20,1,0,AGT00417,1655,Active
MRC002339,General Retail,Small,LOC0079,2022-04-16,1,1,AGT00655,1628,Active
MRC002340,General Retail,Large,LOC0087,2020-10-13,0,1,AGT00193,2178,Active
MRC002341,Pharmacy,Small,LOC0030,2022-02-23,1,1,AGT00336,1680,Active
MRC002342,Education,Small,LOC0056,2021-02-26,1,1,AGT00128,2042,Active
MRC002343,Grocery,Micro,LOC0067,2023-11-17,1,1,AGT00171,1048,Active
MRC002344,Education,Small,LOC0045,2025-03-20,0,1,AGT00530,559,Active
MRC002345,Grocery,Small,LOC0057,2025-09-26,0,1,AGT00628,369,Active
MRC002346,Utility,Small,LOC0053,2023-05-11,1,1,AGT00739,1238,Active
MRC002347,General Retail,Micro,LOC0008,2025-12-13,1,1,AGT00634,291,Active
MRC002348,Grocery,Micro,LOC0093,2022-11-11,1,1,AGT00749,1419,Active
MRC002349,Fashion,Medium,LOC0109,2023-07-26,1,1,AGT00242,1162,Active
MRC002350,Grocery,Medium,LOC0091,2024-06-02,1,1,AGT00158,850,Active
MRC002351,Restaurant,Micro,LOC0113,2022-06-05,1,1,AGT00322,1578,Active
MRC002352,Grocery,Small,LOC0052,2021-11-24,1,1,AGT00740,1771,Active
MRC002353,Pharmacy,Small,LOC0007,2025-09-22,0,1,AGT00153,373,Active
MRC002354,General Retail,Small,LOC0033,2023-02-11,1,1,AGT00751,1327,Active
MRC002355,Grocery,Small,LOC0103,2020-05-04,0,1,AGT00030,2340,Active
MRC002356,General Retail,Small,LOC0017,2024-03-07,1,1,AGT00384,937,Active
MRC002357,Grocery,Micro,LOC0066,2021-04-16,1,1,AGT00517,1993,Active
MRC002358,Electronics,Micro,LOC0001,2023-12-12,1,1,AGT00123,1023,Active
MRC002359,Fashion,Small,LOC0039,2024-05-03,1,1,AGT00304,880,Active
MRC002360,General Retail,Small,LOC0014,2020-11-02,1,1,AGT00680,2158,Active
MRC002361,Grocery,Micro,LOC0014,2023-10-31,0,1,AGT00388,1065,Active
MRC002362,Grocery,Micro,LOC0020,2020-10-12,1,1,AGT00269,2179,Active
MRC002363,Healthcare,Small,LOC0065,2022-01-17,1,1,AGT00075,1717,Active
MRC002364,Healthcare,Small,LOC0083,2021-02-06,1,1,AGT00441,2062,Active
MRC002365,Transport,Micro,LOC0035,2021-02-01,0,1,AGT00393,2067,Active
MRC002366,Grocery,Small,LOC0099,2020-06-30,1,0,AGT00508,2283,Active
MRC002367,Pharmacy,Medium,LOC0048,2022-08-23,0,1,AGT00558,1499,Active
MRC002368,General Retail,Micro,LOC0089,2020-04-07,0,1,AGT00231,2367,Active
MRC002369,Education,Medium,LOC0064,2025-08-09,0,1,AGT00692,417,Active
MRC002370,Education,Micro,LOC0087,2023-01-08,0,1,AGT00238,1361,Active
MRC002371,Restaurant,Small,LOC0118,2023-08-04,1,1,AGT00710,1153,Active
MRC002372,Pharmacy,Micro,LOC0120,2025-05-20,1,1,AGT00434,498,Active
MRC002373,General Retail,Micro,LOC0071,2020-09-26,1,0,AGT00211,2195,Active
MRC002374,Healthcare,Micro,LOC0116,2021-03-05,1,1,AGT00687,2035,Active
MRC002375,Grocery,Micro,LOC0085,2021-06-26,0,1,AGT00294,1922,Active
MRC002376,General Retail,Medium,LOC0033,2022-03-04,1,0,AGT00751,1671,Active
MRC002377,Education,Small,LOC0113,2022-05-12,1,0,AGT00632,1602,Active
MRC002378,Restaurant,Medium,LOC0018,2023-09-08,0,1,AGT00476,1118,Active
MRC002379,Restaurant,Small,LOC0057,2021-11-15,1,1,AGT00628,1780,Active
MRC002380,Healthcare,Small,LOC0019,2020-02-16,0,1,AGT00182,2418,Active
MRC002381,Restaurant,Micro,LOC0095,2024-06-17,1,1,AGT00458,835,Active
MRC002382,Education,Small,LOC0108,2023-12-08,1,1,AGT00216,1027,Active
MRC002383,Healthcare,Small,LOC0099,2025-04-23,0,0,AGT00508,525,Active
MRC002384,Grocery,Medium,LOC0013,2020-07-13,1,1,AGT00730,2270,Active
MRC002385,General Retail,Medium,LOC0033,2022-10-16,1,0,AGT00412,1445,Active
MRC002386,Restaurant,Micro,LOC0041,2022-06-02,1,1,AGT00148,1581,Active
MRC002387,Restaurant,Small,LOC0014,2024-05-14,1,1,AGT00680,869,Active
MRC002388,Transport,Small,LOC0064,2025-09-28,1,1,AGT00783,367,Active
MRC002389,Education,Small,LOC0005,2021-02-23,1,1,AGT00212,2045,Active
MRC002390,Fashion,Micro,LOC0074,2020-10-25,1,1,AGT00201,2166,Active
MRC002391,Transport,Small,LOC0069,2023-12-03,1,1,AGT00477,1032,Active
MRC002392,General Retail,Small,LOC0072,2021-05-27,1,0,AGT00619,1952,Active
MRC002393,Utility,Micro,LOC0110,2022-07-17,1,1,AGT00275,1536,Active
MRC002394,General Retail,Small,LOC0095,2022-02-13,1,1,AGT00183,1690,Active
MRC002395,Pharmacy,Micro,LOC0032,2024-12-05,1,1,AGT00592,664,Active
MRC002396,Restaurant,Medium,LOC0069,2022-04-15,1,1,AGT00373,1629,Active
MRC002397,Electronics,Micro,LOC0097,2024-12-30,1,1,AGT00709,639,Active
MRC002398,Grocery,Micro,LOC0103,2024-08-26,0,1,AGT00493,765,Active
MRC002399,Utility,Micro,LOC0078,2023-10-30,0,1,AGT00246,1066,Active
MRC002400,Restaurant,Medium,LOC0011,2024-09-05,0,1,AGT00491,755,Active
MRC002401,Pharmacy,Small,LOC0053,2020-07-10,1,0,AGT00739,2273,Active
MRC002402,Pharmacy,Micro,LOC0104,2025-10-15,1,1,AGT00656,350,Active
MRC002403,Pharmacy,Micro,LOC0009,2020-07-21,1,1,AGT00008,2262,Active
MRC002404,Restaurant,Small,LOC0071,2025-01-15,1,0,AGT00638,623,Active
MRC002405,Education,Small,LOC0065,2020-10-03,1,0,AGT00313,2188,Active
MRC002406,Education,Micro,LOC0027,2023-12-13,0,1,AGT00568,1022,Active
MRC002407,Pharmacy,Large,LOC0042,2020-06-14,1,1,AGT00152,2299,Active
MRC002408,Pharmacy,Micro,LOC0118,2022-09-23,1,1,AGT00562,1468,Active
MRC002409,General Retail,Small,LOC0072,2023-01-13,1,1,AGT00788,1356,Active
MRC002410,Grocery,Micro,LOC0113,2025-03-07,1,1,AGT00011,572,Active
MRC002411,Electronics,Small,LOC0057,2023-05-15,1,1,AGT00628,1234,Active
MRC002412,Electronics,Small,LOC0102,2022-08-17,1,1,AGT00210,1505,Active
MRC002413,Education,Small,LOC0075,2020-01-30,1,1,AGT00400,2435,Active
MRC002414,General Retail,Small,LOC0110,2024-05-21,1,0,AGT00338,862,Active
MRC002415,Education,Medium,LOC0040,2025-06-20,1,1,AGT00521,467,Active
MRC002416,General Retail,Medium,LOC0046,2024-06-11,1,1,AGT00766,841,Active
MRC002417,General Retail,Small,LOC0005,2024-07-04,0,1,AGT00496,818,Active
MRC002418,Pharmacy,Small,LOC0028,2020-04-16,1,1,AGT00051,2358,Active
MRC002419,Pharmacy,Medium,LOC0017,2025-01-23,1,1,AGT00654,615,Active
MRC002420,Restaurant,Micro,LOC0022,2020-01-10,1,1,AGT00449,2455,Active
MRC002421,Restaurant,Micro,LOC0038,2025-04-14,1,0,AGT00608,534,Active
MRC002422,Electronics,Micro,LOC0105,2021-02-09,1,1,AGT00117,2059,Active
MRC002423,Pharmacy,Medium,LOC0046,2023-06-26,1,1,AGT00718,1192,Active
MRC002424,Pharmacy,Micro,LOC0100,2025-08-21,1,1,AGT00598,405,Active
MRC002425,Restaurant,Micro,LOC0098,2022-04-16,1,1,AGT00335,1628,Active
MRC002426,Transport,Small,LOC0118,2021-08-08,1,0,AGT00004,1879,Active
MRC002427,Transport,Micro,LOC0062,2020-12-11,1,1,AGT00240,2119,Active
MRC002428,General Retail,Micro,LOC0102,2024-11-23,1,1,AGT00613,676,Active
MRC002429,Pharmacy,Small,LOC0051,2022-04-09,0,1,AGT00398,1635,Active
MRC002430,Restaurant,Micro,LOC0076,2022-07-23,1,0,AGT00353,1530,Active
MRC002431,General Retail,Large,LOC0098,2023-04-26,1,1,AGT00333,1253,Active
MRC002432,Transport,Micro,LOC0018,2020-08-13,1,1,AGT00237,2239,Active
MRC002433,Education,Medium,LOC0007,2023-06-07,1,1,AGT00452,1211,Active
MRC002434,Electronics,Small,LOC0020,2023-09-09,1,1,AGT00770,1117,Active
MRC002435,Grocery,Micro,LOC0087,2022-10-27,1,0,AGT00238,1434,Active
MRC002436,General Retail,Micro,LOC0057,2020-05-28,1,0,AGT00701,2316,Active
MRC002437,Education,Small,LOC0034,2020-10-09,0,1,AGT00219,2182,Active
MRC002438,Education,Micro,LOC0093,2021-09-22,1,1,AGT00386,1834,Active
MRC002439,Electronics,Micro,LOC0002,2025-06-24,1,1,AGT00617,463,Active
MRC002440,Restaurant,Medium,LOC0021,2024-02-29,1,1,AGT00502,944,Active
MRC002441,Pharmacy,Small,LOC0057,2025-11-14,1,1,AGT00200,320,Active
MRC002442,Healthcare,Medium,LOC0110,2025-05-24,1,1,AGT00705,494,Active
MRC002443,Electronics,Micro,LOC0090,2020-12-26,1,1,AGT00577,2104,Active
MRC002444,Grocery,Micro,LOC0083,2021-01-31,1,1,AGT00310,2068,Active
MRC002445,Restaurant,Small,LOC0086,2025-05-07,1,1,AGT00068,511,Active
MRC002446,General Retail,Micro,LOC0038,2023-03-23,1,1,AGT00529,1287,Active
MRC002447,Restaurant,Micro,LOC0054,2024-04-16,0,1,AGT00214,897,Active
MRC002448,Restaurant,Micro,LOC0107,2025-07-12,1,1,AGT00086,445,Active
MRC002449,Education,Micro,LOC0088,2023-09-06,1,1,AGT00442,1120,Active
MRC002450,Utility,Small,LOC0072,2025-05-06,1,1,AGT00198,512,Active
MRC002451,Transport,Micro,LOC0010,2021-07-23,1,1,AGT00025,1895,Active
MRC002452,General Retail,Large,LOC0088,2020-03-06,1,1,AGT00747,2399,Active
MRC002453,Grocery,Micro,LOC0044,2023-06-08,1,1,AGT00230,1210,Active
MRC002454,General Retail,Micro,LOC0047,2024-07-05,1,1,AGT00055,817,Active
MRC002455,General Retail,Micro,LOC0081,2022-12-22,1,1,AGT00276,1378,Active
MRC002456,Electronics,Small,LOC0048,2020-03-06,0,0,AGT00186,2399,Active
MRC002457,Education,Medium,LOC0069,2025-01-03,1,1,AGT00477,635,Active
MRC002458,Pharmacy,Medium,LOC0002,2021-11-20,0,1,AGT00617,1775,Active
MRC002459,Fashion,Micro,LOC0023,2025-05-28,1,1,AGT00134,490,Active
MRC002460,Pharmacy,Small,LOC0065,2024-03-01,1,1,AGT00075,943,Active
MRC002461,Grocery,Medium,LOC0115,2023-05-03,1,1,AGT00108,1246,Active
MRC002462,General Retail,Micro,LOC0092,2023-09-01,1,0,AGT00348,1125,Active
MRC002463,Pharmacy,Small,LOC0051,2024-11-22,0,1,AGT00515,677,Active
MRC002464,Education,Micro,LOC0117,2021-04-25,1,0,AGT00753,1984,Active
MRC002465,Restaurant,Small,LOC0034,2021-12-08,1,1,AGT00485,1757,Active
MRC002466,Restaurant,Small,LOC0108,2023-05-11,1,1,AGT00235,1238,Active
MRC002467,Restaurant,Small,LOC0049,2023-06-17,1,1,AGT00337,1201,Active
MRC002468,Restaurant,Medium,LOC0011,2025-07-07,1,1,AGT00491,450,Active
MRC002469,Transport,Small,LOC0001,2022-01-04,1,1,AGT00376,1730,Active
MRC002470,General Retail,Medium,LOC0118,2024-08-02,1,1,AGT00004,789,Active
MRC002471,Fashion,Small,LOC0078,2024-02-29,1,1,AGT00535,944,Active
MRC002472,General Retail,Micro,LOC0018,2020-10-25,1,0,AGT00693,2166,Active
MRC002473,Transport,Small,LOC0120,2022-02-13,1,1,AGT00694,1690,Active
MRC002474,Education,Small,LOC0005,2021-10-18,1,1,AGT00496,1808,Active
MRC002475,Pharmacy,Medium,LOC0041,2024-05-18,1,1,AGT00148,865,Active
MRC002476,Grocery,Micro,LOC0090,2022-12-19,1,1,AGT00299,1381,Active
MRC002477,General Retail,Medium,LOC0007,2025-11-18,1,1,AGT00662,316,Active
MRC002478,Education,Small,LOC0109,2024-06-29,1,1,AGT00461,823,Active
MRC002479,Restaurant,Small,LOC0082,2021-03-05,1,1,AGT00612,2035,Active
MRC002480,Utility,Small,LOC0114,2023-02-15,1,1,AGT00228,1323,Active
MRC002481,Restaurant,Small,LOC0101,2022-03-01,0,1,AGT00625,1674,Active
MRC002482,Utility,Small,LOC0099,2021-03-30,1,1,AGT00508,2010,Active
MRC002483,Restaurant,Small,LOC0028,2020-05-10,0,1,AGT00051,2334,Active
MRC002484,General Retail,Micro,LOC0025,2025-06-22,1,1,AGT00523,465,Active
MRC002485,Pharmacy,Small,LOC0030,2022-06-27,0,0,AGT00411,1556,Active
MRC002486,Grocery,Micro,LOC0019,2020-01-05,1,1,AGT00601,2460,Active
MRC002487,Transport,Small,LOC0080,2024-10-07,1,1,AGT00416,723,Active
MRC002488,Grocery,Small,LOC0008,2020-10-26,1,1,AGT00303,2165,Active
MRC002489,General Retail,Micro,LOC0052,2022-06-29,1,1,AGT00740,1554,Active
MRC002490,Transport,Small,LOC0070,2024-01-23,0,1,AGT00735,981,Active
MRC002491,Pharmacy,Small,LOC0065,2021-04-11,0,1,AGT00096,1998,Active
MRC002492,Pharmacy,Small,LOC0059,2020-10-02,1,1,AGT00590,2189,Active
MRC002493,General Retail,Small,LOC0027,2025-02-09,1,1,AGT00368,598,Active
MRC002494,Education,Small,LOC0014,2021-11-19,1,1,AGT00418,1776,Active
MRC002495,General Retail,Small,LOC0119,2020-05-11,1,1,AGT00550,2333,Active
MRC002496,Grocery,Micro,LOC0056,2021-12-23,0,1,AGT00756,1742,Active
MRC002497,General Retail,Micro,LOC0072,2022-09-09,1,1,AGT00619,1482,Active
MRC002498,Electronics,Small,LOC0069,2025-02-15,1,1,AGT00071,592,Active
MRC002499,Transport,Micro,LOC0045,2023-04-09,1,1,AGT00761,1270,Active
MRC002500,Restaurant,Micro,LOC0087,2020-07-17,1,1,AGT00193,2266,Active
MRC002501,Grocery,Micro,LOC0046,2021-03-07,1,1,AGT00718,2033,Active
MRC002502,General Retail,Micro,LOC0050,2023-04-09,1,0,AGT00647,1270,Active
MRC002503,General Retail,Large,LOC0097,2024-02-12,1,1,AGT00470,961,Active
MRC002504,Restaurant,Micro,LOC0039,2021-02-26,1,1,AGT00466,2042,Active
MRC002505,General Retail,Micro,LOC0084,2020-03-04,1,1,AGT00675,2401,Active
MRC002506,Grocery,Medium,LOC0080,2024-03-03,1,1,AGT00262,941,Active
MRC002507,Grocery,Large,LOC0004,2021-02-10,1,1,AGT00643,2058,Active
MRC002508,Grocery,Micro,LOC0083,2024-02-14,1,1,AGT00441,959,Active
MRC002509,Restaurant,Medium,LOC0097,2021-01-05,1,1,AGT00709,2094,Active
MRC002510,Grocery,Micro,LOC0033,2020-03-11,1,0,AGT00412,2394,Active
MRC002511,Restaurant,Small,LOC0110,2021-12-29,1,1,AGT00479,1736,Active
MRC002512,Grocery,Micro,LOC0003,2022-12-28,1,1,AGT00435,1372,Active
MRC002513,Healthcare,Small,LOC0022,2024-01-31,0,1,AGT00321,973,Active
MRC002514,General Retail,Micro,LOC0114,2025-08-09,1,1,AGT00794,417,Active
MRC002515,Transport,Small,LOC0103,2025-08-25,0,1,AGT00070,401,Active
MRC002516,Pharmacy,Micro,LOC0091,2020-12-17,1,1,AGT00223,2113,Active
MRC002517,Utility,Small,LOC0073,2022-01-02,1,1,AGT00047,1732,Active
MRC002518,Pharmacy,Small,LOC0025,2024-08-08,1,1,AGT00523,783,Active
MRC002519,Healthcare,Micro,LOC0059,2022-08-29,1,1,AGT00330,1493,Active
MRC002520,Education,Medium,LOC0068,2020-09-14,1,1,AGT00610,2207,Active
MRC002521,Restaurant,Micro,LOC0011,2022-02-01,1,1,AGT00540,1702,Active
MRC002522,Grocery,Micro,LOC0072,2020-06-24,1,1,AGT00619,2289,Active
MRC002523,General Retail,Micro,LOC0011,2025-04-05,1,1,AGT00207,543,Active
MRC002524,General Retail,Micro,LOC0016,2025-07-12,1,1,AGT00724,445,Active
MRC002525,Transport,Micro,LOC0021,2021-12-22,0,0,AGT00708,1743,Active
MRC002526,General Retail,Small,LOC0023,2022-06-24,0,1,AGT00134,1559,Active
MRC002527,General Retail,Small,LOC0010,2021-11-05,1,0,AGT00025,1790,Active
MRC002528,Grocery,Small,LOC0115,2020-02-03,1,0,AGT00563,2431,Active
MRC002529,Healthcare,Small,LOC0097,2025-04-24,1,1,AGT00719,524,Active
MRC002530,Restaurant,Small,LOC0061,2020-05-23,1,1,AGT00428,2321,Active
MRC002531,Fashion,Micro,LOC0045,2025-08-07,0,1,AGT00453,419,Active
MRC002532,Grocery,Small,LOC0023,2022-10-27,1,1,AGT00245,1434,Active
MRC002533,General Retail,Medium,LOC0114,2020-12-26,1,1,AGT00395,2104,Active
MRC002534,Healthcare,Micro,LOC0096,2021-11-22,1,1,AGT00731,1773,Active
MRC002535,Pharmacy,Small,LOC0091,2024-08-18,1,1,AGT00596,773,Active
MRC002536,Restaurant,Medium,LOC0057,2022-05-07,0,1,AGT00200,1607,Active
MRC002537,Fashion,Small,LOC0004,2020-07-25,1,1,AGT00733,2258,Active
MRC002538,Healthcare,Large,LOC0077,2024-09-29,1,1,AGT00611,731,Active
MRC002539,General Retail,Micro,LOC0059,2020-05-09,1,1,AGT00590,2335,Active
MRC002540,Restaurant,Small,LOC0036,2022-01-21,1,1,AGT00429,1713,Active
MRC002541,Fashion,Micro,LOC0038,2025-06-11,1,1,AGT00341,476,Active
MRC002542,Education,Micro,LOC0007,2023-12-21,1,0,AGT00488,1014,Active
MRC002543,Restaurant,Large,LOC0105,2020-10-21,1,1,AGT00279,2170,Active
MRC002544,Electronics,Micro,LOC0020,2023-12-10,1,1,AGT00115,1025,Active
MRC002545,Grocery,Large,LOC0098,2020-04-19,0,1,AGT00017,2355,Active
MRC002546,Grocery,Small,LOC0117,2023-06-14,0,1,AGT00716,1204,Active
MRC002547,Restaurant,Medium,LOC0006,2023-11-30,0,1,AGT00545,1035,Active
MRC002548,General Retail,Large,LOC0075,2020-11-11,0,1,AGT00400,2149,Active
MRC002549,Restaurant,Small,LOC0009,2021-04-06,1,1,AGT00127,2003,Active
MRC002550,Pharmacy,Large,LOC0100,2024-07-15,0,1,AGT00598,807,Active
MRC002551,Healthcare,Small,LOC0061,2021-04-16,1,0,AGT00771,1993,Active
MRC002552,General Retail,Small,LOC0003,2024-06-18,1,0,AGT00312,834,Active
MRC002553,Fashion,Small,LOC0093,2020-08-09,1,1,AGT00494,2243,Active
MRC002554,Grocery,Micro,LOC0092,2025-12-01,1,1,AGT00281,303,Active
MRC002555,Transport,Micro,LOC0111,2022-01-01,0,1,AGT00146,1733,Active
MRC002556,Restaurant,Micro,LOC0059,2025-01-13,1,1,AGT00092,625,Active
MRC002557,Transport,Small,LOC0112,2021-11-30,1,1,AGT00786,1765,Active
MRC002558,Pharmacy,Micro,LOC0080,2020-02-09,1,1,AGT00196,2425,Active
MRC002559,Grocery,Small,LOC0064,2021-12-20,1,1,AGT00692,1745,Active
MRC002560,Restaurant,Small,LOC0043,2023-05-14,1,1,AGT00664,1235,Active
MRC002561,Transport,Small,LOC0036,2021-01-14,1,1,AGT00036,2085,Active
MRC002562,Restaurant,Medium,LOC0075,2024-10-17,1,0,AGT00059,713,Active
MRC002563,Pharmacy,Large,LOC0089,2022-09-18,1,1,AGT00518,1473,Active
MRC002564,Fashion,Medium,LOC0005,2020-03-08,0,0,AGT00496,2397,Active
MRC002565,Healthcare,Small,LOC0050,2023-11-01,0,1,AGT00464,1064,Active
MRC002566,Grocery,Micro,LOC0006,2025-10-19,1,1,AGT00513,346,Active
MRC002567,Transport,Medium,LOC0048,2023-04-28,1,1,AGT00308,1251,Active
MRC002568,Transport,Micro,LOC0096,2023-01-25,1,1,AGT00721,1344,Active
MRC002569,Restaurant,Micro,LOC0083,2021-02-07,1,0,AGT00310,2061,Active
MRC002570,General Retail,Micro,LOC0015,2021-02-23,1,1,AGT00050,2045,Active
MRC002571,General Retail,Small,LOC0087,2023-12-05,0,1,AGT00193,1030,Active
MRC002572,Restaurant,Small,LOC0002,2021-05-04,1,1,AGT00617,1975,Active
MRC002573,Grocery,Micro,LOC0002,2025-02-08,0,1,AGT00617,599,Active
MRC002574,Restaurant,Small,LOC0110,2024-10-30,1,1,AGT00275,700,Active
MRC002575,Pharmacy,Micro,LOC0004,2022-05-08,1,1,AGT00118,1606,Active
MRC002576,Electronics,Micro,LOC0032,2021-09-23,1,0,AGT00592,1833,Active
MRC002577,General Retail,Micro,LOC0016,2021-02-18,1,1,AGT00605,2050,Active
MRC002578,General Retail,Micro,LOC0070,2022-03-29,1,1,AGT00735,1646,Active
MRC002579,Restaurant,Small,LOC0063,2025-03-13,0,1,AGT00033,566,Active
MRC002580,Fashion,Micro,LOC0101,2021-12-03,1,1,AGT00135,1762,Active
MRC002581,Grocery,Micro,LOC0119,2023-05-25,1,1,AGT00209,1224,Active
MRC002582,Electronics,Micro,LOC0090,2024-05-15,1,1,AGT00218,868,Active
MRC002583,Grocery,Small,LOC0057,2023-12-08,0,0,AGT00723,1027,Active
MRC002584,General Retail,Large,LOC0006,2021-02-10,1,1,AGT00696,2058,Active
MRC002585,General Retail,Small,LOC0111,2024-11-25,1,1,AGT00799,674,Active
MRC002586,Pharmacy,Small,LOC0068,2022-08-14,1,1,AGT00576,1508,Active
MRC002587,Transport,Medium,LOC0027,2025-06-19,1,1,AGT00568,468,Active
MRC002588,Education,Micro,LOC0066,2021-08-16,0,1,AGT00328,1871,Active
MRC002589,Utility,Micro,LOC0048,2025-01-24,0,1,AGT00558,614,Active
MRC002590,Fashion,Small,LOC0043,2020-05-05,1,1,AGT00005,2339,Active
MRC002591,Grocery,Micro,LOC0055,2020-09-07,0,1,AGT00752,2214,Active
MRC002592,Transport,Small,LOC0091,2020-11-04,1,1,AGT00780,2156,Active
MRC002593,Grocery,Small,LOC0020,2023-11-17,1,1,AGT00607,1048,Active
MRC002594,Education,Micro,LOC0116,2021-04-13,1,1,AGT00317,1996,Active
MRC002595,Pharmacy,Small,LOC0008,2025-02-26,1,1,AGT00505,581,Active
MRC002596,Transport,Small,LOC0018,2024-03-25,1,1,AGT00137,919,Active
MRC002597,General Retail,Micro,LOC0082,2025-03-03,1,1,AGT00147,576,Active
MRC002598,Grocery,Medium,LOC0018,2025-08-21,0,1,AGT00693,405,Active
MRC002599,Restaurant,Small,LOC0094,2023-10-08,1,0,AGT00088,1088,Active
MRC002600,Healthcare,Micro,LOC0089,2022-07-11,1,1,AGT00140,1542,Active
MRC002601,Grocery,Micro,LOC0052,2020-10-20,1,1,AGT00015,2171,Active
MRC002602,Education,Micro,LOC0055,2025-10-03,0,1,AGT00511,362,Active
MRC002603,Transport,Micro,LOC0120,2023-07-12,1,1,AGT00347,1176,Active
MRC002604,Restaurant,Micro,LOC0096,2021-09-09,1,1,AGT00160,1847,Active
MRC002605,General Retail,Micro,LOC0076,2024-10-03,0,0,AGT00332,727,Active
MRC002606,Electronics,Medium,LOC0017,2021-07-22,1,1,AGT00282,1896,Active
MRC002607,Education,Medium,LOC0071,2022-07-21,0,0,AGT00007,1532,Active
MRC002608,Grocery,Small,LOC0005,2022-08-06,1,1,AGT00212,1516,Active
MRC002609,Grocery,Small,LOC0031,2025-03-20,0,1,AGT00362,559,Active
MRC002610,Grocery,Small,LOC0084,2024-12-15,1,1,AGT00385,654,Active
MRC002611,General Retail,Small,LOC0049,2020-09-17,1,1,AGT00234,2204,Active
MRC002612,General Retail,Medium,LOC0120,2020-09-21,0,1,AGT00791,2200,Active
MRC002613,Utility,Small,LOC0113,2023-04-04,0,1,AGT00084,1275,Active
MRC002614,Grocery,Small,LOC0012,2022-05-25,0,1,AGT00676,1589,Active
MRC002615,Electronics,Medium,LOC0107,2022-09-20,1,0,AGT00626,1471,Active
MRC002616,Utility,Small,LOC0104,2022-11-18,0,1,AGT00656,1412,Active
MRC002617,Transport,Micro,LOC0013,2021-09-13,1,0,AGT00351,1843,Active
MRC002618,Grocery,Micro,LOC0047,2022-07-26,1,0,AGT00774,1527,Active
MRC002619,General Retail,Small,LOC0114,2025-03-19,1,1,AGT00571,560,Active
MRC002620,Grocery,Micro,LOC0003,2025-06-19,1,1,AGT00345,468,Active
MRC002621,Grocery,Micro,LOC0008,2020-11-16,1,1,AGT00176,2144,Active
MRC002622,General Retail,Micro,LOC0062,2021-07-14,1,1,AGT00438,1904,Active
MRC002623,Fashion,Micro,LOC0115,2024-10-09,1,1,AGT00561,721,Active
MRC002624,Restaurant,Large,LOC0034,2025-08-07,1,0,AGT00485,419,Active
MRC002625,Electronics,Micro,LOC0093,2024-08-25,1,1,AGT00749,766,Active
MRC002626,General Retail,Micro,LOC0084,2022-07-03,1,1,AGT00249,1550,Active
MRC002627,Grocery,Small,LOC0018,2022-06-21,1,1,AGT00109,1562,Active
MRC002628,Healthcare,Micro,LOC0035,2024-12-13,1,1,AGT00757,656,Active
MRC002629,Restaurant,Small,LOC0075,2024-11-28,1,1,AGT00591,671,Active
MRC002630,Grocery,Small,LOC0058,2024-09-20,0,1,AGT00106,740,Active
MRC002631,Fashion,Micro,LOC0029,2023-04-24,0,1,AGT00467,1255,Active
MRC002632,Electronics,Small,LOC0025,2024-07-26,1,1,AGT00648,796,Active
MRC002633,Pharmacy,Micro,LOC0067,2023-03-26,1,1,AGT00760,1284,Active
MRC002634,Restaurant,Small,LOC0100,2025-11-16,1,1,AGT00145,318,Active
MRC002635,Transport,Medium,LOC0050,2020-05-12,1,1,AGT00647,2332,Active
MRC002636,Education,Medium,LOC0112,2020-08-17,1,1,AGT00587,2235,Active
MRC002637,Healthcare,Micro,LOC0081,2023-12-09,1,1,AGT00454,1026,Active
MRC002638,General Retail,Small,LOC0049,2021-02-24,1,1,AGT00130,2044,Active
MRC002639,Restaurant,Small,LOC0085,2022-10-05,1,1,AGT00294,1456,Active
MRC002640,Fashion,Medium,LOC0054,2025-10-10,1,1,AGT00556,355,Active
MRC002641,Fashion,Micro,LOC0091,2024-04-04,1,1,AGT00158,909,Active
MRC002642,Education,Small,LOC0118,2025-08-15,1,1,AGT00404,411,Active
MRC002643,Grocery,Micro,LOC0095,2021-09-23,1,1,AGT00183,1833,Active
MRC002644,Restaurant,Micro,LOC0018,2021-04-12,0,1,AGT00693,1997,Active
MRC002645,Grocery,Small,LOC0009,2022-04-09,1,1,AGT00199,1635,Active
MRC002646,Restaurant,Small,LOC0098,2025-12-03,0,1,AGT00017,301,Active
MRC002647,General Retail,Micro,LOC0102,2024-07-20,1,0,AGT00795,802,Active
MRC002648,Education,Medium,LOC0069,2023-02-27,1,1,AGT00477,1311,Active
MRC002649,Fashion,Small,LOC0030,2025-02-04,1,1,AGT00078,603,Active
MRC002650,Education,Large,LOC0106,2025-04-27,1,1,AGT00316,521,Active
MRC002651,Transport,Small,LOC0054,2024-02-21,1,1,AGT00331,952,Active
MRC002652,Fashion,Medium,LOC0036,2022-06-04,0,1,AGT00447,1579,Active
MRC002653,Fashion,Small,LOC0044,2025-06-07,1,1,AGT00736,480,Active
MRC002654,Transport,Micro,LOC0036,2019-12-28,0,1,AGT00447,2468,Active
MRC002655,Grocery,Micro,LOC0034,2023-03-21,1,1,AGT00091,1289,Active
MRC002656,Electronics,Medium,LOC0040,2024-12-07,1,1,AGT00325,662,Active
MRC002657,Electronics,Micro,LOC0081,2025-11-04,1,0,AGT00258,330,Active
MRC002658,Healthcare,Small,LOC0002,2020-03-28,1,1,AGT00617,2377,Active
MRC002659,General Retail,Small,LOC0044,2022-05-28,1,1,AGT00230,1586,Active
MRC002660,Utility,Micro,LOC0021,2020-10-13,1,1,AGT00277,2178,Active
MRC002661,Electronics,Micro,LOC0078,2021-04-25,1,1,AGT00246,1984,Active
MRC002662,Grocery,Small,LOC0120,2020-01-24,1,1,AGT00220,2441,Active
MRC002663,Education,Micro,LOC0095,2020-08-21,0,1,AGT00410,2231,Active
MRC002664,General Retail,Small,LOC0030,2021-05-18,1,1,AGT00274,1961,Active
MRC002665,General Retail,Micro,LOC0062,2020-11-14,1,1,AGT00487,2146,Active
MRC002666,General Retail,Small,LOC0003,2020-11-01,1,1,AGT00312,2159,Active
MRC002667,Grocery,Micro,LOC0050,2024-06-09,1,1,AGT00009,843,Active
MRC002668,Healthcare,Small,LOC0034,2022-05-28,1,1,AGT00280,1586,Active
MRC002669,General Retail,Micro,LOC0061,2020-01-24,1,1,AGT00428,2441,Active
MRC002670,Transport,Micro,LOC0050,2020-10-09,1,1,AGT00049,2182,Active
MRC002671,Transport,Medium,LOC0082,2025-05-02,1,1,AGT00612,516,Active
MRC002672,Electronics,Micro,LOC0066,2025-04-18,1,1,AGT00328,530,Active
MRC002673,Transport,Small,LOC0113,2024-10-06,1,0,AGT00271,724,Active
MRC002674,Restaurant,Micro,LOC0009,2021-07-11,1,1,AGT00085,1907,Active
MRC002675,Grocery,Micro,LOC0114,2023-08-10,1,1,AGT00571,1147,Active
MRC002676,General Retail,Micro,LOC0095,2022-03-15,0,0,AGT00410,1660,Active
MRC002677,General Retail,Medium,LOC0086,2025-02-15,0,1,AGT00582,592,Active
MRC002678,General Retail,Small,LOC0100,2025-08-09,1,0,AGT00097,417,Active
MRC002679,Restaurant,Micro,LOC0007,2021-05-08,0,1,AGT00153,1971,Active
MRC002680,Grocery,Small,LOC0026,2024-03-20,1,1,AGT00697,924,Active
MRC002681,Pharmacy,Small,LOC0001,2025-09-14,0,1,AGT00616,381,Active
MRC002682,General Retail,Small,LOC0096,2024-09-01,0,1,AGT00431,759,Active
MRC002683,Transport,Large,LOC0043,2024-01-11,1,1,AGT00456,993,Active
MRC002684,General Retail,Small,LOC0044,2023-07-16,1,1,AGT00227,1172,Active
MRC002685,Restaurant,Small,LOC0074,2020-08-06,1,1,AGT00668,2246,Active
MRC002686,Electronics,Micro,LOC0051,2024-10-10,1,1,AGT00515,720,Active
MRC002687,Utility,Large,LOC0077,2022-05-08,0,1,AGT00168,1606,Active
MRC002688,Pharmacy,Small,LOC0113,2024-04-26,0,1,AGT00271,887,Active
MRC002689,General Retail,Micro,LOC0040,2022-12-24,1,1,AGT00089,1376,Active
MRC002690,Education,Large,LOC0108,2024-03-11,0,1,AGT00620,933,Active
MRC002691,Grocery,Large,LOC0064,2023-11-26,1,1,AGT00076,1039,Active
MRC002692,Grocery,Small,LOC0046,2022-05-17,0,1,AGT00766,1597,Active
MRC002693,General Retail,Micro,LOC0111,2022-06-08,1,1,AGT00146,1575,Active
MRC002694,Transport,Small,LOC0059,2025-02-26,1,1,AGT00092,581,Active
MRC002695,Utility,Medium,LOC0016,2025-01-09,1,0,AGT00100,629,Active
MRC002696,Utility,Small,LOC0035,2024-07-09,0,1,AGT00371,813,Active
MRC002697,Fashion,Micro,LOC0102,2020-07-31,0,1,AGT00018,2252,Active
MRC002698,Utility,Micro,LOC0062,2024-01-25,1,0,AGT00240,979,Active
MRC002699,General Retail,Micro,LOC0068,2022-07-04,1,1,AGT00610,1549,Active
MRC002700,Grocery,Micro,LOC0082,2023-04-11,1,1,AGT00612,1268,Active
MRC002701,Utility,Small,LOC0024,2023-11-05,1,1,AGT00566,1060,Active
MRC002702,Restaurant,Micro,LOC0012,2025-09-25,1,1,AGT00016,370,Active
MRC002703,Restaurant,Small,LOC0053,2023-04-29,1,1,AGT00166,1250,Active
MRC002704,Restaurant,Medium,LOC0111,2019-12-26,1,1,AGT00340,2470,Active
MRC002705,General Retail,Small,LOC0016,2020-05-02,0,1,AGT00254,2342,Active
MRC002706,Grocery,Micro,LOC0087,2024-03-01,1,1,AGT00772,943,Active
MRC002707,Fashion,Medium,LOC0118,2022-10-10,1,0,AGT00404,1451,Active
MRC002708,Transport,Micro,LOC0012,2024-03-30,1,1,AGT00480,914,Active
MRC002709,Grocery,Medium,LOC0016,2020-06-13,1,1,AGT00278,2300,Active
MRC002710,Utility,Micro,LOC0105,2022-08-23,1,1,AGT00564,1499,Active
MRC002711,General Retail,Small,LOC0014,2020-06-16,1,1,AGT00680,2297,Active
MRC002712,Grocery,Small,LOC0090,2020-11-07,0,1,AGT00073,2153,Active
MRC002713,Grocery,Micro,LOC0096,2024-01-02,0,1,AGT00179,1002,Active
MRC002714,General Retail,Small,LOC0038,2023-03-25,1,1,AGT00608,1285,Active
MRC002715,Grocery,Micro,LOC0035,2022-07-22,0,0,AGT00593,1531,Active
MRC002716,Grocery,Small,LOC0063,2024-06-22,1,1,AGT00606,830,Active
MRC002717,General Retail,Micro,LOC0061,2020-12-26,1,1,AGT00425,2104,Active
MRC002718,General Retail,Small,LOC0104,2022-07-30,1,1,AGT00506,1523,Active
MRC002719,Transport,Small,LOC0072,2024-09-20,0,1,AGT00788,740,Active
MRC002720,Electronics,Small,LOC0117,2023-01-27,1,1,AGT00129,1342,Active
MRC002721,General Retail,Micro,LOC0029,2021-01-17,1,1,AGT00467,2082,Active
MRC002722,Transport,Small,LOC0034,2023-06-07,1,1,AGT00280,1211,Active
MRC002723,Transport,Small,LOC0029,2021-09-18,1,0,AGT00467,1838,Active
MRC002724,General Retail,Micro,LOC0079,2020-01-29,1,1,AGT00570,2436,Active
MRC002725,Transport,Small,LOC0005,2023-12-16,1,1,AGT00083,1019,Active
MRC002726,Electronics,Micro,LOC0104,2020-01-02,1,1,AGT00272,2463,Active
MRC002727,Restaurant,Micro,LOC0093,2023-06-26,1,1,AGT00386,1192,Active
MRC002728,Electronics,Small,LOC0119,2022-08-08,1,1,AGT00553,1514,Active
MRC002729,Electronics,Micro,LOC0116,2021-05-04,1,1,AGT00687,1975,Active
MRC002730,Restaurant,Micro,LOC0009,2025-07-22,1,0,AGT00486,435,Active
MRC002731,Fashion,Small,LOC0090,2021-10-07,1,1,AGT00217,1819,Active
MRC002732,Utility,Small,LOC0061,2022-07-28,1,1,AGT00771,1525,Active
MRC002733,Restaurant,Micro,LOC0089,2022-01-16,1,1,AGT00289,1718,Active
MRC002734,Grocery,Micro,LOC0105,2020-04-06,1,0,AGT00117,2368,Active
MRC002735,Pharmacy,Small,LOC0070,2023-01-22,0,1,AGT00735,1347,Active
MRC002736,Pharmacy,Small,LOC0001,2020-06-04,0,1,AGT00376,2309,Active
MRC002737,Utility,Small,LOC0104,2022-07-26,0,1,AGT00506,1527,Active
MRC002738,Fashion,Small,LOC0053,2024-09-03,0,0,AGT00166,757,Active
MRC002739,Pharmacy,Small,LOC0056,2022-01-22,1,1,AGT00583,1712,Active
MRC002740,Utility,Medium,LOC0071,2024-10-28,1,1,AGT00211,702,Active
MRC002741,Grocery,Micro,LOC0110,2020-08-01,0,1,AGT00705,2251,Active
MRC002742,Grocery,Micro,LOC0064,2025-01-19,1,1,AGT00131,619,Active
MRC002743,General Retail,Micro,LOC0025,2022-12-24,1,1,AGT00114,1376,Active
MRC002744,Electronics,Micro,LOC0088,2021-01-21,1,1,AGT00053,2078,Active
MRC002745,Utility,Small,LOC0076,2025-11-27,1,1,AGT00302,307,Active
MRC002746,General Retail,Medium,LOC0008,2023-01-12,1,1,AGT00614,1357,Active
MRC002747,General Retail,Micro,LOC0064,2022-12-07,0,1,AGT00783,1393,Active
MRC002748,Grocery,Micro,LOC0095,2023-12-10,1,1,AGT00183,1025,Active
MRC002749,Utility,Small,LOC0107,2021-12-08,1,1,AGT00265,1757,Active
MRC002750,Transport,Large,LOC0034,2024-01-08,0,1,AGT00173,996,Active
MRC002751,Pharmacy,Micro,LOC0063,2023-09-21,1,1,AGT00606,1105,Active
MRC002752,General Retail,Small,LOC0099,2024-04-25,1,1,AGT00508,888,Active
MRC002753,Restaurant,Medium,LOC0071,2022-03-24,0,0,AGT00239,1651,Active
MRC002754,General Retail,Small,LOC0051,2020-09-06,1,1,AGT00594,2215,Active
MRC002755,Education,Small,LOC0023,2024-11-24,0,0,AGT00065,675,Active
MRC002756,Electronics,Small,LOC0006,2023-07-06,0,1,AGT00586,1182,Active
MRC002757,Grocery,Micro,LOC0083,2024-08-11,1,1,AGT00310,780,Active
MRC002758,General Retail,Small,LOC0116,2024-07-02,1,1,AGT00317,820,Active
MRC002759,Electronics,Micro,LOC0073,2020-02-25,1,0,AGT00047,2409,Active
MRC002760,Grocery,Small,LOC0094,2021-09-17,1,1,AGT00088,1839,Active
MRC002761,Grocery,Medium,LOC0082,2020-04-24,1,0,AGT00612,2350,Active
MRC002762,Utility,Micro,LOC0042,2022-02-28,1,1,AGT00599,1675,Active
MRC002763,Grocery,Small,LOC0063,2021-12-22,0,1,AGT00090,1743,Active
MRC002764,Education,Micro,LOC0033,2021-09-06,1,1,AGT00604,1850,Active
MRC002765,Transport,Micro,LOC0027,2022-01-21,1,0,AGT00568,1713,Active
MRC002766,Pharmacy,Small,LOC0071,2021-01-17,1,1,AGT00211,2082,Active
MRC002767,Education,Micro,LOC0078,2024-01-05,1,1,AGT00622,999,Active
MRC002768,Pharmacy,Small,LOC0119,2025-05-10,1,1,AGT00002,508,Active
MRC002769,General Retail,Micro,LOC0029,2023-01-15,1,1,AGT00467,1354,Active
MRC002770,General Retail,Medium,LOC0035,2025-12-13,1,0,AGT00757,291,Active
MRC002771,Pharmacy,Micro,LOC0020,2025-09-05,1,1,AGT00110,390,Active
MRC002772,Electronics,Micro,LOC0114,2025-08-29,1,1,AGT00228,397,Active
MRC002773,Electronics,Small,LOC0094,2025-07-01,1,1,AGT00270,456,Active
MRC002774,General Retail,Small,LOC0040,2021-09-25,0,1,AGT00243,1831,Active
MRC002775,Restaurant,Micro,LOC0117,2022-05-22,0,1,AGT00763,1592,Active
MRC002776,Education,Medium,LOC0085,2020-05-16,0,1,AGT00294,2328,Active
MRC002777,General Retail,Micro,LOC0058,2024-03-24,1,1,AGT00106,920,Active
MRC002778,Grocery,Micro,LOC0046,2023-12-25,0,1,AGT00766,1010,Active
MRC002779,Electronics,Small,LOC0069,2023-01-12,1,1,AGT00754,1357,Active
MRC002780,Grocery,Small,LOC0011,2021-04-16,1,1,AGT00491,1993,Active
MRC002781,Education,Small,LOC0021,2020-05-24,1,1,AGT00624,2320,Active
MRC002782,Restaurant,Medium,LOC0113,2021-08-07,1,1,AGT00632,1880,Active
MRC002783,General Retail,Small,LOC0025,2022-12-05,1,0,AGT00670,1395,Active
MRC002784,Restaurant,Micro,LOC0020,2020-02-10,1,1,AGT00607,2424,Active
MRC002785,Grocery,Micro,LOC0104,2024-11-16,1,1,AGT00272,683,Active
MRC002786,General Retail,Micro,LOC0114,2023-02-23,1,1,AGT00702,1315,Active
MRC002787,General Retail,Small,LOC0099,2024-06-26,1,0,AGT00690,826,Active
MRC002788,Transport,Micro,LOC0013,2024-12-20,1,1,AGT00054,649,Active
MRC002789,Healthcare,Small,LOC0101,2023-08-04,1,1,AGT00039,1153,Active
MRC002790,Pharmacy,Small,LOC0033,2021-05-20,1,1,AGT00475,1959,Active
MRC002791,Transport,Small,LOC0002,2024-01-18,1,1,AGT00617,986,Active
MRC002792,Grocery,Micro,LOC0111,2021-01-23,1,1,AGT00798,2076,Active
MRC002793,Grocery,Micro,LOC0033,2022-04-23,1,1,AGT00751,1621,Active
MRC002794,General Retail,Medium,LOC0080,2021-09-24,1,1,AGT00262,1832,Active
MRC002795,Healthcare,Small,LOC0009,2024-07-04,1,1,AGT00765,818,Active
MRC002796,Pharmacy,Small,LOC0023,2020-10-18,1,1,AGT00065,2173,Active
MRC002797,Grocery,Small,LOC0106,2024-09-28,0,1,AGT00560,732,Active
MRC002798,General Retail,Medium,LOC0072,2023-09-28,0,1,AGT00788,1098,Active
MRC002799,Grocery,Micro,LOC0120,2021-04-11,1,1,AGT00791,1998,Active
MRC002800,Pharmacy,Medium,LOC0022,2021-10-31,1,1,AGT00206,1795,Active
MRC002801,Grocery,Micro,LOC0107,2024-03-03,1,0,AGT00626,941,Active
MRC002802,Grocery,Large,LOC0105,2024-05-20,1,0,AGT00117,863,Active
MRC002803,Restaurant,Micro,LOC0111,2023-05-16,1,1,AGT00340,1233,Active
MRC002804,General Retail,Micro,LOC0006,2023-04-17,1,1,AGT00696,1262,Active
MRC002805,Restaurant,Micro,LOC0013,2025-08-10,1,1,AGT00649,416,Active
MRC002806,Electronics,Medium,LOC0064,2024-07-06,1,1,AGT00713,816,Active
MRC002807,Healthcare,Large,LOC0014,2025-01-14,0,1,AGT00389,624,Active
MRC002808,Electronics,Micro,LOC0008,2025-01-14,1,1,AGT00063,624,Active
MRC002809,Healthcare,Micro,LOC0098,2023-11-06,1,1,AGT00017,1059,Active
MRC002810,Transport,Micro,LOC0084,2025-09-30,1,1,AGT00675,365,Active
MRC002811,Education,Micro,LOC0102,2021-11-29,0,1,AGT00058,1766,Active
MRC002812,Transport,Small,LOC0113,2021-12-11,1,0,AGT00084,1754,Active
MRC002813,Utility,Micro,LOC0018,2024-08-23,0,1,AGT00109,768,Active
MRC002814,Healthcare,Large,LOC0100,2020-09-22,1,1,AGT00629,2199,Active
MRC002815,Utility,Medium,LOC0006,2022-05-30,1,1,AGT00045,1584,Active
MRC002816,Grocery,Micro,LOC0045,2024-01-30,1,1,AGT00453,974,Active
MRC002817,Transport,Small,LOC0036,2024-10-20,1,1,AGT00081,710,Active
MRC002818,Healthcare,Large,LOC0029,2023-05-25,1,1,AGT00467,1224,Active
MRC002819,Restaurant,Medium,LOC0087,2020-03-21,0,1,AGT00305,2384,Active
MRC002820,General Retail,Small,LOC0015,2025-12-10,1,1,AGT00050,294,Active
MRC002821,Restaurant,Micro,LOC0098,2025-11-04,1,1,AGT00335,330,Active
MRC002822,Pharmacy,Micro,LOC0105,2023-06-29,1,1,AGT00072,1189,Active
MRC002823,General Retail,Small,LOC0080,2020-06-18,1,1,AGT00262,2295,Active
MRC002824,Pharmacy,Micro,LOC0010,2024-04-12,0,0,AGT00025,901,Active
MRC002825,Restaurant,Small,LOC0072,2021-06-28,1,1,AGT00788,1920,Active
MRC002826,Restaurant,Small,LOC0076,2022-07-12,0,1,AGT00353,1541,Active
MRC002827,General Retail,Small,LOC0045,2024-10-08,0,1,AGT00141,722,Active
MRC002828,Fashion,Micro,LOC0045,2020-07-11,1,1,AGT00589,2272,Active
MRC002829,Transport,Small,LOC0057,2024-12-26,0,0,AGT00628,643,Active
MRC002830,Utility,Medium,LOC0120,2022-12-08,0,1,AGT00220,1392,Active
MRC002831,Education,Micro,LOC0001,2021-12-31,1,1,AGT00433,1734,Active
MRC002832,General Retail,Micro,LOC0062,2021-12-02,1,0,AGT00487,1763,Active
MRC002833,Utility,Medium,LOC0039,2020-11-07,1,1,AGT00124,2153,Active
MRC002834,Restaurant,Small,LOC0066,2021-09-28,1,1,AGT00292,1828,Active
MRC002835,General Retail,Small,LOC0001,2022-01-11,0,1,AGT00433,1723,Active
MRC002836,Electronics,Medium,LOC0111,2025-01-18,1,1,AGT00164,620,Active
MRC002837,Grocery,Small,LOC0055,2024-02-17,1,1,AGT00565,956,Active
MRC002838,Pharmacy,Large,LOC0117,2023-11-21,0,1,AGT00129,1044,Active
MRC002839,Education,Medium,LOC0019,2023-09-29,1,1,AGT00182,1097,Active
MRC002840,Grocery,Micro,LOC0071,2025-04-14,1,1,AGT00409,534,Active
MRC002841,Education,Micro,LOC0082,2025-05-24,0,1,AGT00642,494,Active
MRC002842,Restaurant,Micro,LOC0096,2023-04-29,1,1,AGT00179,1250,Active
MRC002843,Electronics,Small,LOC0002,2021-08-21,1,1,AGT00617,1866,Active
MRC002844,Grocery,Small,LOC0077,2020-08-27,1,1,AGT00168,2225,Active
MRC002845,General Retail,Small,LOC0018,2020-05-03,0,1,AGT00693,2341,Active
MRC002846,Restaurant,Large,LOC0052,2023-02-01,1,1,AGT00740,1337,Active
MRC002847,Grocery,Small,LOC0007,2020-08-03,0,1,AGT00153,2249,Active
MRC002848,Fashion,Small,LOC0007,2023-03-27,1,1,AGT00679,1283,Active
MRC002849,Fashion,Small,LOC0092,2023-02-17,1,1,AGT00042,1321,Active
MRC002850,Transport,Small,LOC0087,2024-09-16,1,1,AGT00305,744,Active
MRC002851,Electronics,Micro,LOC0108,2022-03-16,1,1,AGT00645,1659,Active
MRC002852,Grocery,Small,LOC0085,2024-02-09,1,1,AGT00315,964,Active
MRC002853,General Retail,Small,LOC0072,2023-01-23,0,1,AGT00788,1346,Active
MRC002854,Fashion,Micro,LOC0015,2020-05-11,1,1,AGT00538,2333,Active
MRC002855,Grocery,Small,LOC0092,2022-09-11,1,1,AGT00350,1480,Active
MRC002856,Utility,Small,LOC0028,2024-02-24,0,1,AGT00051,949,Active
MRC002857,Transport,Micro,LOC0013,2021-12-14,1,1,AGT00054,1751,Active
MRC002858,Transport,Medium,LOC0088,2021-08-02,1,1,AGT00442,1885,Active
MRC002859,Fashion,Micro,LOC0071,2022-05-02,1,1,AGT00519,1612,Active
MRC002860,Restaurant,Small,LOC0018,2025-09-16,1,1,AGT00476,379,Active
MRC002861,Electronics,Small,LOC0066,2024-08-10,1,0,AGT00292,781,Active
MRC002862,Grocery,Micro,LOC0083,2025-03-12,1,1,AGT00310,567,Active
MRC002863,Restaurant,Small,LOC0060,2020-03-30,1,1,AGT00185,2375,Active
MRC002864,General Retail,Micro,LOC0087,2024-02-06,1,0,AGT00077,967,Active
MRC002865,Transport,Micro,LOC0061,2023-02-15,1,1,AGT00425,1323,Active
MRC002866,Restaurant,Small,LOC0043,2020-07-27,0,1,AGT00759,2256,Active
MRC002867,Pharmacy,Micro,LOC0027,2020-01-13,1,1,AGT00568,2452,Active
MRC002868,Healthcare,Large,LOC0031,2024-08-25,1,1,AGT00116,766,Active
MRC002869,Pharmacy,Small,LOC0098,2020-10-27,1,1,AGT00333,2164,Active
MRC002870,Grocery,Micro,LOC0045,2021-08-13,1,1,AGT00761,1874,Active
MRC002871,Grocery,Medium,LOC0086,2022-04-16,1,0,AGT00419,1628,Active
MRC002872,Healthcare,Small,LOC0044,2024-12-16,1,1,AGT00227,653,Active
MRC002873,Transport,Small,LOC0064,2021-10-29,1,1,AGT00165,1797,Active
MRC002874,Grocery,Small,LOC0073,2022-04-18,1,1,AGT00126,1626,Active
MRC002875,Grocery,Medium,LOC0058,2023-04-17,1,1,AGT00413,1262,Active
MRC002876,Transport,Micro,LOC0090,2022-06-14,1,1,AGT00299,1569,Active
MRC002877,Education,Micro,LOC0111,2024-09-13,1,1,AGT00340,747,Active
MRC002878,Transport,Large,LOC0104,2022-03-30,1,0,AGT00656,1645,Active
MRC002879,Grocery,Micro,LOC0111,2025-01-17,1,1,AGT00164,621,Active
MRC002880,Healthcare,Small,LOC0004,2024-04-01,1,1,AGT00503,912,Active
MRC002881,General Retail,Small,LOC0092,2023-01-01,0,1,AGT00455,1368,Active
MRC002882,Education,Small,LOC0088,2024-12-28,0,1,AGT00241,641,Active
MRC002883,Grocery,Small,LOC0050,2020-06-30,1,1,AGT00738,2283,Active
MRC002884,Transport,Large,LOC0038,2020-08-29,1,0,AGT00529,2223,Active
MRC002885,Restaurant,Micro,LOC0007,2023-02-15,1,1,AGT00452,1323,Active
MRC002886,Grocery,Small,LOC0101,2022-07-22,1,1,AGT00382,1531,Active
MRC002887,Restaurant,Small,LOC0101,2024-03-20,0,1,AGT00135,924,Active
MRC002888,General Retail,Micro,LOC0010,2024-09-10,0,1,AGT00025,750,Active
MRC002889,Restaurant,Medium,LOC0070,2020-03-19,1,1,AGT00421,2386,Active
MRC002890,General Retail,Small,LOC0067,2023-06-28,0,1,AGT00426,1190,Active
MRC002891,Electronics,Micro,LOC0021,2020-04-04,1,1,AGT00225,2370,Active
MRC002892,Electronics,Medium,LOC0066,2025-07-24,1,1,AGT00293,433,Active
MRC002893,Grocery,Medium,LOC0098,2025-04-28,1,1,AGT00370,520,Active
MRC002894,Transport,Micro,LOC0040,2023-02-13,0,1,AGT00243,1325,Active
MRC002895,Grocery,Small,LOC0088,2021-04-14,1,1,AGT00261,1995,Active
MRC002896,Fashion,Micro,LOC0117,2023-06-05,1,1,AGT00716,1213,Active
MRC002897,Pharmacy,Micro,LOC0055,2020-12-08,1,1,AGT00752,2122,Active
MRC002898,Restaurant,Micro,LOC0013,2025-03-02,1,1,AGT00054,577,Active
MRC002899,Electronics,Medium,LOC0036,2020-11-03,1,0,AGT00447,2157,Active
MRC002900,Grocery,Micro,LOC0017,2023-04-22,1,0,AGT00552,1257,Active
MRC002901,Pharmacy,Micro,LOC0043,2024-04-04,0,1,AGT00456,909,Active
MRC002902,General Retail,Small,LOC0078,2022-02-19,1,1,AGT00622,1684,Active
MRC002903,Grocery,Small,LOC0025,2021-04-21,1,1,AGT00670,1988,Active
MRC002904,Restaurant,Micro,LOC0062,2020-05-29,0,1,AGT00240,2315,Active
MRC002905,Restaurant,Micro,LOC0120,2025-06-09,1,0,AGT00434,478,Active
MRC002906,Restaurant,Small,LOC0032,2021-10-03,1,1,AGT00056,1823,Active
MRC002907,Transport,Small,LOC0106,2024-01-30,1,1,AGT00560,974,Active
MRC002908,Pharmacy,Small,LOC0037,2022-12-16,1,1,AGT00769,1384,Active
MRC002909,Fashion,Micro,LOC0074,2023-03-14,0,1,AGT00298,1296,Active
MRC002910,Transport,Small,LOC0019,2021-05-10,1,1,AGT00182,1969,Active
MRC002911,Restaurant,Small,LOC0033,2023-07-31,0,1,AGT00751,1157,Active
MRC002912,General Retail,Micro,LOC0105,2024-04-15,1,1,AGT00117,898,Active
MRC002913,General Retail,Micro,LOC0071,2023-01-18,1,1,AGT00638,1351,Active
MRC002914,Grocery,Small,LOC0069,2021-12-17,1,0,AGT00477,1748,Active
MRC002915,Restaurant,Micro,LOC0062,2020-11-24,1,1,AGT00240,2136,Active
MRC002916,Pharmacy,Micro,LOC0030,2025-12-06,0,0,AGT00080,298,Active
MRC002917,Grocery,Medium,LOC0112,2022-07-24,1,1,AGT00786,1529,Active
MRC002918,Fashion,Small,LOC0048,2025-07-12,1,1,AGT00465,445,Active
MRC002919,Education,Small,LOC0002,2022-04-03,1,1,AGT00617,1641,Active
MRC002920,Fashion,Micro,LOC0109,2022-03-24,1,1,AGT00242,1651,Active
MRC002921,Pharmacy,Small,LOC0006,2020-11-05,1,1,AGT00696,2155,Active
MRC002922,Pharmacy,Small,LOC0107,2024-10-23,1,1,AGT00414,707,Active
MRC002923,General Retail,Medium,LOC0032,2021-03-17,1,1,AGT00592,2023,Active
MRC002924,General Retail,Small,LOC0009,2021-11-04,1,1,AGT00127,1791,Active
MRC002925,Grocery,Small,LOC0027,2021-12-25,0,1,AGT00532,1740,Active
MRC002926,Transport,Micro,LOC0079,2022-02-25,1,1,AGT00061,1678,Active
MRC002927,Fashion,Small,LOC0066,2022-09-03,1,1,AGT00292,1488,Active
MRC002928,Transport,Medium,LOC0019,2025-07-31,1,1,AGT00482,426,Active
MRC002929,Education,Small,LOC0037,2021-02-05,1,1,AGT00226,2063,Active
MRC002930,General Retail,Small,LOC0026,2023-08-13,1,1,AGT00776,1144,Active
MRC002931,Grocery,Medium,LOC0079,2025-05-03,1,0,AGT00725,515,Active
MRC002932,Restaurant,Medium,LOC0104,2022-04-18,0,1,AGT00506,1626,Active
MRC002933,General Retail,Micro,LOC0031,2020-04-18,1,1,AGT00782,2356,Active
MRC002934,Grocery,Micro,LOC0108,2021-09-11,1,1,AGT00620,1845,Active
MRC002935,Grocery,Small,LOC0049,2024-06-28,1,1,AGT00399,824,Active
MRC002936,Healthcare,Large,LOC0010,2021-01-29,1,1,AGT00025,2070,Active
MRC002937,Utility,Small,LOC0039,2020-11-24,1,1,AGT00190,2136,Active
MRC002938,Transport,Micro,LOC0105,2023-12-26,0,0,AGT00279,1009,Active
MRC002939,Utility,Small,LOC0098,2022-11-01,0,1,AGT00370,1429,Active
MRC002940,Transport,Micro,LOC0088,2020-12-15,0,1,AGT00053,2115,Active
MRC002941,Grocery,Micro,LOC0048,2025-01-07,1,1,AGT00095,631,Active
MRC002942,Education,Micro,LOC0094,2023-11-04,0,1,AGT00777,1061,Active
MRC002943,Utility,Micro,LOC0086,2023-03-26,1,0,AGT00469,1284,Active
MRC002944,General Retail,Small,LOC0096,2025-12-02,1,1,AGT00380,302,Active
MRC002945,Pharmacy,Micro,LOC0067,2024-12-18,1,1,AGT00509,651,Active
MRC002946,Grocery,Micro,LOC0061,2022-04-25,1,0,AGT00524,1619,Active
MRC002947,Utility,Small,LOC0117,2024-05-21,1,1,AGT00753,862,Active
MRC002948,Pharmacy,Micro,LOC0114,2024-07-07,1,1,AGT00702,815,Active
MRC002949,Grocery,Small,LOC0065,2024-03-11,1,0,AGT00313,933,Active
MRC002950,General Retail,Micro,LOC0025,2025-03-21,1,1,AGT00114,558,Active
MRC002951,Electronics,Micro,LOC0050,2022-02-25,1,1,AGT00531,1678,Active
MRC002952,Restaurant,Small,LOC0061,2024-06-01,1,1,AGT00428,851,Active
MRC002953,Grocery,Micro,LOC0082,2022-01-24,1,0,AGT00642,1710,Active
MRC002954,Grocery,Micro,LOC0039,2021-01-04,0,0,AGT00445,2095,Active
MRC002955,Utility,Micro,LOC0006,2023-02-06,1,1,AGT00045,1332,Active
MRC002956,Fashion,Micro,LOC0099,2020-06-29,1,1,AGT00546,2284,Active
MRC002957,Grocery,Micro,LOC0114,2024-10-15,1,1,AGT00228,715,Active
MRC002958,Restaurant,Micro,LOC0010,2020-03-17,1,1,AGT00653,2388,Active
MRC002959,Grocery,Micro,LOC0039,2024-01-14,1,0,AGT00466,990,Active
MRC002960,Grocery,Micro,LOC0053,2024-02-25,1,0,AGT00252,948,Active
MRC002961,Pharmacy,Medium,LOC0092,2020-02-07,1,1,AGT00281,2427,Active
MRC002962,Electronics,Micro,LOC0093,2023-03-27,1,1,AGT00295,1283,Active
MRC002963,Pharmacy,Micro,LOC0042,2021-06-28,1,1,AGT00204,1920,Active
MRC002964,Restaurant,Small,LOC0038,2021-02-28,1,1,AGT00608,2040,Active
MRC002965,Fashion,Micro,LOC0049,2023-04-13,0,1,AGT00130,1266,Active
MRC002966,Fashion,Small,LOC0029,2024-01-23,1,1,AGT00356,981,Active
MRC002967,Grocery,Micro,LOC0053,2023-01-09,0,1,AGT00166,1360,Active
MRC002968,Grocery,Small,LOC0032,2023-08-29,0,1,AGT00595,1128,Active
MRC002969,Grocery,Medium,LOC0008,2023-06-22,1,1,AGT00505,1196,Active
MRC002970,Restaurant,Micro,LOC0086,2024-07-17,1,1,AGT00419,805,Active
MRC002971,Healthcare,Micro,LOC0095,2020-06-28,1,1,AGT00458,2285,Active
MRC002972,Grocery,Small,LOC0035,2022-07-16,1,0,AGT00367,1537,Active
MRC002973,Utility,Large,LOC0049,2021-03-13,1,1,AGT00683,2027,Active
MRC002974,Healthcare,Small,LOC0049,2022-01-07,1,1,AGT00040,1727,Active
MRC002975,Grocery,Small,LOC0003,2023-11-07,1,1,AGT00345,1058,Active
MRC002976,Grocery,Micro,LOC0066,2024-01-22,0,1,AGT00022,982,Active
MRC002977,Grocery,Small,LOC0056,2020-02-01,0,1,AGT00128,2433,Active
MRC002978,Grocery,Micro,LOC0113,2025-10-26,1,1,AGT00407,339,Active
MRC002979,Electronics,Small,LOC0045,2024-03-13,1,1,AGT00581,931,Active
MRC002980,Grocery,Micro,LOC0096,2021-07-24,1,1,AGT00431,1894,Active
MRC002981,Utility,Small,LOC0047,2022-09-12,1,1,AGT00602,1479,Active
MRC002982,Fashion,Micro,LOC0023,2022-04-10,1,0,AGT00134,1634,Active
MRC002983,Healthcare,Small,LOC0042,2025-10-31,1,1,AGT00665,334,Active
MRC002984,Healthcare,Small,LOC0106,2024-08-26,1,1,AGT00175,765,Active
MRC002985,Electronics,Medium,LOC0031,2022-05-18,1,0,AGT00362,1596,Active
MRC002986,General Retail,Large,LOC0102,2024-01-30,0,1,AGT00795,974,Active
MRC002987,General Retail,Small,LOC0080,2023-02-24,1,0,AGT00416,1314,Active
MRC002988,Restaurant,Small,LOC0090,2020-03-27,0,1,AGT00499,2378,Active
MRC002989,Grocery,Micro,LOC0091,2022-02-22,1,1,AGT00223,1681,Active
MRC002990,Restaurant,Medium,LOC0063,2022-03-12,0,1,AGT00023,1663,Active
MRC002991,Pharmacy,Small,LOC0073,2024-10-14,1,0,AGT00588,716,Active
MRC002992,Electronics,Small,LOC0009,2022-05-26,0,1,AGT00199,1588,Active
MRC002993,Restaurant,Small,LOC0084,2020-03-21,1,0,AGT00675,2384,Active
MRC002994,Fashion,Small,LOC0086,2022-02-19,1,1,AGT00582,1684,Active
MRC002995,Utility,Medium,LOC0013,2021-04-07,1,1,AGT00439,2002,Active
MRC002996,Pharmacy,Medium,LOC0063,2020-04-02,1,1,AGT00023,2372,Active
MRC002997,Electronics,Small,LOC0062,2020-07-27,1,1,AGT00487,2256,Active
MRC002998,Restaurant,Micro,LOC0038,2023-12-06,1,1,AGT00341,1029,Active
MRC002999,Utility,Medium,LOC0008,2024-03-12,0,1,AGT00176,932,Active
MRC003000,Transport,Small,LOC0002,2024-04-13,0,0,AGT00617,900,Active
MRC003001,Grocery,Small,LOC0026,2021-05-10,1,1,AGT00636,1969,Active
MRC003002,Transport,Small,LOC0028,2023-09-16,1,0,AGT00051,1110,Active
MRC003003,Grocery,Small,LOC0026,2021-01-15,1,0,AGT00162,2084,Active
MRC003004,Healthcare,Small,LOC0073,2021-03-03,0,1,AGT00387,2037,Active
MRC003005,Education,Small,LOC0051,2021-12-23,1,1,AGT00244,1742,Active
MRC003006,Restaurant,Medium,LOC0014,2025-03-28,1,0,AGT00418,551,Active
MRC003007,Transport,Medium,LOC0011,2021-09-14,1,1,AGT00491,1842,Active
MRC003008,General Retail,Small,LOC0079,2024-09-22,0,1,AGT00155,738,Active
MRC003009,Utility,Micro,LOC0113,2022-08-28,1,1,AGT00632,1494,Active
MRC003010,Electronics,Small,LOC0099,2024-08-06,1,1,AGT00139,785,Active
MRC003011,Healthcare,Small,LOC0091,2025-08-04,1,1,AGT00603,422,Active
MRC003012,Restaurant,Small,LOC0039,2022-02-26,0,1,AGT00190,1677,Active
MRC003013,Utility,Medium,LOC0085,2023-04-06,1,1,AGT00315,1273,Active
MRC003014,General Retail,Micro,LOC0010,2022-02-15,1,1,AGT00025,1688,Active
MRC003015,Grocery,Micro,LOC0021,2023-01-11,1,1,AGT00708,1358,Active
MRC003016,Pharmacy,Medium,LOC0017,2023-09-27,1,1,AGT00381,1099,Active
MRC003017,Pharmacy,Medium,LOC0023,2025-11-13,1,1,AGT00065,321,Active
MRC003018,Grocery,Small,LOC0043,2024-04-23,0,0,AGT00005,890,Active
MRC003019,Restaurant,Micro,LOC0006,2020-09-10,1,1,AGT00545,2211,Active
MRC003020,Grocery,Small,LOC0098,2021-06-13,1,1,AGT00335,1935,Active
MRC003021,Education,Small,LOC0086,2023-03-10,1,1,AGT00229,1300,Active
MRC003022,Grocery,Small,LOC0077,2025-10-09,1,1,AGT00359,356,Active
MRC003023,Pharmacy,Micro,LOC0022,2020-01-26,1,1,AGT00652,2439,Active
MRC003024,Transport,Micro,LOC0105,2021-07-17,1,1,AGT00279,1901,Active
MRC003025,Restaurant,Small,LOC0001,2025-10-30,1,1,AGT00490,335,Active
MRC003026,Fashion,Small,LOC0120,2024-09-14,1,0,AGT00791,746,Active
MRC003027,Utility,Small,LOC0088,2024-12-11,1,0,AGT00192,658,Active
MRC003028,General Retail,Micro,LOC0025,2020-07-24,1,1,AGT00046,2259,Active
MRC003029,Education,Micro,LOC0024,2020-04-02,1,1,AGT00268,2372,Active
MRC003030,Grocery,Micro,LOC0084,2023-06-28,1,1,AGT00249,1190,Active
MRC003031,Grocery,Medium,LOC0097,2024-11-24,0,1,AGT00671,675,Active
MRC003032,General Retail,Small,LOC0056,2022-02-13,0,1,AGT00194,1690,Active
MRC003033,Transport,Small,LOC0008,2024-05-01,1,1,AGT00699,882,Active
MRC003034,Healthcare,Small,LOC0060,2025-03-28,0,1,AGT00712,551,Active
MRC003035,Transport,Medium,LOC0058,2024-05-31,0,1,AGT00106,852,Active
MRC003036,Grocery,Micro,LOC0040,2024-06-11,0,1,AGT00325,841,Active
MRC003037,Fashion,Small,LOC0109,2025-08-22,0,1,AGT00242,404,Active
MRC003038,Utility,Medium,LOC0042,2021-10-09,1,1,AGT00152,1817,Active
MRC003039,General Retail,Micro,LOC0030,2023-11-09,0,0,AGT00661,1056,Active
MRC003040,Pharmacy,Small,LOC0082,2022-09-02,1,1,AGT00612,1489,Active
MRC003041,Education,Small,LOC0075,2022-09-02,1,1,AGT00591,1489,Active
MRC003042,Grocery,Large,LOC0075,2021-05-09,0,1,AGT00682,1970,Active
MRC003043,General Retail,Small,LOC0061,2021-05-27,0,1,AGT00771,1952,Active
MRC003044,Pharmacy,Micro,LOC0039,2022-08-04,1,1,AGT00304,1518,Active
MRC003045,Healthcare,Medium,LOC0031,2020-12-12,1,1,AGT00573,2118,Active
MRC003046,Pharmacy,Small,LOC0015,2022-07-23,1,1,AGT00050,1530,Active
MRC003047,Education,Small,LOC0023,2025-10-21,1,0,AGT00134,344,Active
MRC003048,Transport,Micro,LOC0070,2020-10-29,1,1,AGT00735,2162,Active
MRC003049,Restaurant,Micro,LOC0049,2021-05-11,0,1,AGT00337,1968,Active
MRC003050,Utility,Small,LOC0089,2023-06-04,0,0,AGT00518,1214,Active
MRC003051,General Retail,Small,LOC0097,2023-08-26,1,1,AGT00741,1131,Active
MRC003052,General Retail,Medium,LOC0068,2020-08-10,0,1,AGT00149,2242,Active
MRC003053,Restaurant,Micro,LOC0013,2023-06-01,1,1,AGT00649,1217,Active
MRC003054,Healthcare,Small,LOC0001,2023-09-26,0,1,AGT00433,1100,Active
MRC003055,Electronics,Micro,LOC0028,2021-07-31,1,1,AGT00051,1887,Active
MRC003056,Education,Small,LOC0034,2023-12-31,1,1,AGT00173,1004,Active
MRC003057,Fashion,Micro,LOC0009,2023-07-19,1,1,AGT00199,1169,Active
MRC003058,Education,Small,LOC0094,2021-04-19,1,1,AGT00623,1990,Active
MRC003059,Grocery,Micro,LOC0045,2024-08-17,0,1,AGT00589,774,Active
MRC003060,Restaurant,Small,LOC0090,2025-11-22,1,1,AGT00468,312,Active
MRC003061,Grocery,Micro,LOC0026,2023-12-13,1,1,AGT00776,1022,Active
MRC003062,Pharmacy,Small,LOC0002,2024-12-06,0,1,AGT00617,663,Active
MRC003063,Grocery,Micro,LOC0017,2023-10-19,1,0,AGT00069,1077,Active
MRC003064,Pharmacy,Small,LOC0057,2025-07-14,1,1,AGT00628,443,Active
MRC003065,Utility,Small,LOC0058,2022-06-09,1,0,AGT00352,1574,Active
MRC003066,Electronics,Micro,LOC0053,2022-11-25,1,1,AGT00739,1405,Active
MRC003067,Grocery,Micro,LOC0116,2024-05-02,1,0,AGT00537,881,Active
MRC003068,Utility,Micro,LOC0079,2022-03-16,1,1,AGT00498,1659,Active
MRC003069,General Retail,Small,LOC0088,2025-02-05,0,1,AGT00261,602,Active
MRC003070,General Retail,Large,LOC0015,2025-11-25,1,1,AGT00120,309,Active
MRC003071,General Retail,Micro,LOC0056,2023-02-10,0,1,AGT00681,1328,Active
MRC003072,General Retail,Small,LOC0075,2024-12-30,1,0,AGT00567,639,Active
MRC003073,Education,Small,LOC0071,2020-11-03,0,0,AGT00409,2157,Active
MRC003074,General Retail,Small,LOC0114,2024-02-25,1,1,AGT00702,948,Active
MRC003075,General Retail,Small,LOC0058,2023-05-26,1,1,AGT00630,1223,Active
MRC003076,Restaurant,Large,LOC0045,2024-03-15,0,1,AGT00141,929,Active
MRC003077,General Retail,Small,LOC0114,2023-05-15,1,1,AGT00702,1234,Active
MRC003078,Utility,Medium,LOC0041,2025-05-19,1,1,AGT00541,499,Active
MRC003079,Utility,Micro,LOC0069,2020-05-17,1,1,AGT00477,2327,Active
MRC003080,General Retail,Medium,LOC0004,2024-12-05,1,1,AGT00118,664,Active
MRC003081,Restaurant,Large,LOC0020,2023-08-06,1,1,AGT00028,1151,Active
MRC003082,Restaurant,Medium,LOC0007,2020-11-23,1,1,AGT00150,2137,Active
MRC003083,Transport,Micro,LOC0051,2023-05-31,1,1,AGT00424,1218,Active
MRC003084,Healthcare,Medium,LOC0112,2021-10-09,0,1,AGT00402,1817,Active
MRC003085,General Retail,Micro,LOC0009,2025-07-21,1,1,AGT00199,436,Active
MRC003086,General Retail,Small,LOC0118,2024-03-11,1,1,AGT00729,933,Active
MRC003087,Healthcare,Micro,LOC0105,2021-06-01,1,1,AGT00072,1947,Active
MRC003088,General Retail,Small,LOC0001,2024-05-21,1,1,AGT00170,862,Active
MRC003089,Grocery,Small,LOC0002,2023-06-27,1,1,AGT00617,1191,Active
MRC003090,General Retail,Micro,LOC0109,2025-06-25,0,1,AGT00242,462,Active
MRC003091,Grocery,Micro,LOC0071,2022-12-11,0,1,AGT00007,1389,Active
MRC003092,Electronics,Micro,LOC0021,2023-11-16,1,1,AGT00225,1049,Active
MRC003093,Grocery,Small,LOC0115,2020-10-25,1,0,AGT00339,2166,Active
MRC003094,Education,Medium,LOC0068,2023-08-01,0,0,AGT00778,1156,Active
MRC003095,Restaurant,Small,LOC0077,2021-01-05,1,1,AGT00359,2094,Active
MRC003096,Grocery,Small,LOC0082,2020-07-21,1,1,AGT00612,2262,Active
MRC003097,Transport,Medium,LOC0025,2020-12-10,1,1,AGT00046,2120,Active
MRC003098,Healthcare,Micro,LOC0044,2021-07-08,1,0,AGT00660,1910,Active
MRC003099,Grocery,Small,LOC0016,2022-06-21,1,1,AGT00259,1562,Active
MRC003100,Transport,Small,LOC0064,2023-02-05,0,1,AGT00783,1333,Active
MRC003101,Grocery,Micro,LOC0119,2025-06-23,1,1,AGT00209,464,Active
MRC003102,Grocery,Small,LOC0076,2025-02-26,1,1,AGT00405,581,Active
MRC003103,Grocery,Small,LOC0084,2023-09-09,1,0,AGT00385,1117,Active
MRC003104,Education,Small,LOC0024,2022-01-14,1,1,AGT00640,1720,Active
MRC003105,Utility,Small,LOC0066,2025-12-07,0,1,AGT00022,297,Active
MRC003106,Education,Micro,LOC0120,2020-05-12,1,1,AGT00392,2332,Active
MRC003107,Utility,Small,LOC0011,2020-01-09,1,1,AGT00105,2456,Active
MRC003108,Education,Micro,LOC0025,2025-06-30,0,1,AGT00648,457,Active
MRC003109,Utility,Medium,LOC0087,2025-05-21,1,1,AGT00305,497,Active
MRC003110,General Retail,Micro,LOC0002,2020-11-19,1,1,AGT00617,2141,Active
MRC003111,Restaurant,Small,LOC0025,2024-10-07,0,0,AGT00670,723,Active
MRC003112,Grocery,Small,LOC0114,2024-11-19,1,1,AGT00571,680,Active
MRC003113,Grocery,Micro,LOC0003,2024-11-03,1,0,AGT00435,696,Active
MRC003114,Education,Micro,LOC0052,2021-10-07,1,1,AGT00740,1819,Active
MRC003115,Electronics,Micro,LOC0040,2025-03-03,0,1,AGT00325,576,Active
MRC003116,Grocery,Small,LOC0048,2024-11-11,1,1,AGT00796,688,Active
MRC003117,General Retail,Medium,LOC0031,2023-08-02,1,1,AGT00573,1155,Active
MRC003118,General Retail,Micro,LOC0034,2022-05-16,1,1,AGT00174,1598,Active
MRC003119,Pharmacy,Small,LOC0092,2020-01-15,1,1,AGT00348,2450,Active
MRC003120,Pharmacy,Medium,LOC0004,2024-07-16,1,1,AGT00043,806,Active
MRC003121,Pharmacy,Small,LOC0016,2024-06-09,0,1,AGT00254,843,Active
MRC003122,Restaurant,Medium,LOC0032,2022-09-21,1,1,AGT00253,1470,Active
MRC003123,General Retail,Small,LOC0100,2023-06-19,1,1,AGT00161,1199,Active
MRC003124,Education,Small,LOC0048,2022-05-16,1,1,AGT00233,1598,Active
MRC003125,Grocery,Micro,LOC0005,2024-06-27,1,1,AGT00083,825,Active
MRC003126,Fashion,Micro,LOC0063,2022-04-06,1,1,AGT00090,1638,Active
MRC003127,Grocery,Small,LOC0076,2020-06-04,1,1,AGT00302,2309,Active
MRC003128,Restaurant,Medium,LOC0055,2021-11-17,0,1,AGT00178,1778,Active
MRC003129,Restaurant,Micro,LOC0011,2021-07-25,1,0,AGT00540,1893,Active
MRC003130,Transport,Medium,LOC0106,2025-07-20,1,0,AGT00560,437,Active
MRC003131,Electronics,Micro,LOC0103,2020-07-25,1,1,AGT00070,2258,Active
MRC003132,General Retail,Small,LOC0110,2021-10-03,1,1,AGT00288,1823,Active
MRC003133,Grocery,Medium,LOC0116,2022-03-18,1,1,AGT00687,1657,Active
MRC003134,Utility,Medium,LOC0039,2025-01-14,0,1,AGT00457,624,Active
MRC003135,Grocery,Small,LOC0051,2022-08-26,1,0,AGT00244,1496,Active
MRC003136,Restaurant,Micro,LOC0116,2021-11-29,1,1,AGT00537,1766,Active
MRC003137,General Retail,Micro,LOC0054,2022-03-26,1,1,AGT00064,1649,Active
MRC003138,Transport,Micro,LOC0104,2025-03-21,1,1,AGT00656,558,Active
MRC003139,Grocery,Small,LOC0078,2025-09-19,1,1,AGT00358,376,Active
MRC003140,Fashion,Micro,LOC0112,2023-02-04,1,1,AGT00674,1334,Active
MRC003141,Healthcare,Small,LOC0002,2021-09-02,1,1,AGT00617,1854,Active
MRC003142,General Retail,Micro,LOC0085,2023-08-25,0,1,AGT00294,1132,Active
MRC003143,Transport,Small,LOC0097,2021-11-06,0,1,AGT00745,1789,Active
MRC003144,Grocery,Micro,LOC0024,2020-03-05,1,1,AGT00268,2400,Active
MRC003145,Fashion,Small,LOC0089,2020-08-22,1,1,AGT00574,2230,Active
MRC003146,Grocery,Small,LOC0024,2022-03-10,1,1,AGT00268,1665,Active
MRC003147,Grocery,Large,LOC0109,2021-08-09,1,1,AGT00242,1878,Active
MRC003148,Education,Medium,LOC0110,2025-06-08,1,0,AGT00288,479,Active
MRC003149,Utility,Small,LOC0001,2025-06-14,1,1,AGT00433,473,Active
MRC003150,Grocery,Micro,LOC0061,2021-10-08,0,1,AGT00428,1818,Active
MRC003151,Utility,Medium,LOC0046,2021-03-03,1,1,AGT00718,2037,Active
MRC003152,Transport,Medium,LOC0107,2024-10-19,0,1,AGT00414,711,Active
MRC003153,Healthcare,Medium,LOC0039,2022-06-02,1,0,AGT00124,1581,Active
MRC003154,Pharmacy,Small,LOC0087,2024-04-01,1,1,AGT00077,912,Active
MRC003155,Restaurant,Micro,LOC0015,2025-04-24,1,1,AGT00120,524,Active
MRC003156,Grocery,Small,LOC0026,2023-09-13,1,1,AGT00162,1113,Active
MRC003157,Pharmacy,Small,LOC0119,2023-04-14,1,1,AGT00002,1265,Active
MRC003158,Restaurant,Micro,LOC0047,2021-04-26,1,0,AGT00055,1983,Active
MRC003159,Restaurant,Small,LOC0092,2020-10-16,1,1,AGT00455,2175,Active
MRC003160,Grocery,Small,LOC0117,2020-04-25,0,1,AGT00129,2349,Active
MRC003161,Grocery,Micro,LOC0116,2025-05-03,0,1,AGT00113,515,Active
MRC003162,General Retail,Small,LOC0003,2020-06-07,0,1,AGT00435,2306,Active
MRC003163,Utility,Small,LOC0028,2022-11-12,1,1,AGT00349,1418,Active
MRC003164,Restaurant,Small,LOC0086,2024-12-10,1,1,AGT00419,659,Active
MRC003165,General Retail,Micro,LOC0112,2022-02-02,1,1,AGT00744,1701,Active
MRC003166,Pharmacy,Medium,LOC0118,2025-08-07,1,1,AGT00444,419,Active
MRC003167,Restaurant,Small,LOC0087,2023-03-15,1,1,AGT00238,1295,Active
MRC003168,Utility,Small,LOC0013,2021-01-02,1,1,AGT00789,2097,Active
MRC003169,Fashion,Small,LOC0090,2020-02-25,1,1,AGT00217,2409,Active
MRC003170,Pharmacy,Micro,LOC0033,2024-03-28,1,0,AGT00475,916,Active
MRC003171,Restaurant,Small,LOC0098,2024-12-01,1,0,AGT00335,668,Active
MRC003172,Electronics,Micro,LOC0066,2022-06-23,1,0,AGT00517,1560,Active
MRC003173,Education,Medium,LOC0023,2025-01-08,1,1,AGT00559,630,Active
MRC003174,Restaurant,Micro,LOC0102,2020-02-09,1,0,AGT00342,2425,Active
MRC003175,Fashion,Large,LOC0119,2024-01-01,1,0,AGT00002,1003,Active
MRC003176,Pharmacy,Small,LOC0061,2024-11-05,1,0,AGT00524,694,Active
MRC003177,Electronics,Micro,LOC0098,2024-07-15,1,0,AGT00017,807,Active
MRC003178,Pharmacy,Small,LOC0008,2023-09-20,1,1,AGT00634,1106,Active
MRC003179,General Retail,Micro,LOC0033,2021-07-11,1,1,AGT00412,1907,Active
MRC003180,Healthcare,Medium,LOC0016,2020-10-09,1,1,AGT00102,2182,Active
MRC003181,Restaurant,Small,LOC0035,2021-07-23,0,0,AGT00393,1895,Active
MRC003182,Healthcare,Small,LOC0046,2022-01-27,1,1,AGT00743,1707,Active
MRC003183,Grocery,Small,LOC0052,2024-05-06,1,1,AGT00015,877,Active
MRC003184,Restaurant,Large,LOC0039,2020-05-09,1,1,AGT00446,2335,Active
MRC003185,Fashion,Small,LOC0066,2019-12-25,1,1,AGT00328,2471,Active
MRC003186,Fashion,Small,LOC0027,2022-03-08,1,1,AGT00532,1667,Active
MRC003187,Healthcare,Small,LOC0042,2021-04-11,1,1,AGT00659,1998,Active
MRC003188,General Retail,Micro,LOC0101,2024-02-23,1,1,AGT00107,950,Active
MRC003189,Restaurant,Small,LOC0068,2023-04-15,1,1,AGT00600,1264,Active
MRC003190,Restaurant,Small,LOC0004,2021-02-22,1,0,AGT00118,2046,Active
MRC003191,Education,Medium,LOC0040,2023-06-05,1,0,AGT00243,1213,Active
MRC003192,Pharmacy,Small,LOC0100,2021-06-03,1,1,AGT00784,1945,Active
MRC003193,Grocery,Small,LOC0022,2020-10-26,1,1,AGT00057,2165,Active
MRC003194,General Retail,Small,LOC0111,2020-05-18,1,1,AGT00340,2326,Active
MRC003195,Utility,Small,LOC0036,2024-03-20,1,1,AGT00081,924,Active
MRC003196,General Retail,Small,LOC0076,2023-02-11,1,1,AGT00302,1327,Active
MRC003197,Pharmacy,Medium,LOC0058,2023-08-27,1,0,AGT00106,1130,Active
MRC003198,Grocery,Micro,LOC0076,2022-12-15,1,1,AGT00184,1385,Active
MRC003199,Fashion,Small,LOC0096,2021-07-09,1,1,AGT00721,1909,Active
MRC003200,General Retail,Medium,LOC0018,2024-01-10,1,1,AGT00476,994,Active
MRC003201,Grocery,Small,LOC0043,2024-07-26,1,1,AGT00664,796,Active
MRC003202,Grocery,Micro,LOC0069,2024-05-09,1,0,AGT00071,874,Active
MRC003203,Grocery,Small,LOC0032,2021-05-19,0,0,AGT00592,1960,Active
MRC003204,Utility,Micro,LOC0046,2020-01-01,1,1,AGT00119,2464,Active
MRC003205,Utility,Micro,LOC0107,2025-05-06,1,1,AGT00265,512,Active
MRC003206,Transport,Small,LOC0028,2020-02-12,0,1,AGT00489,2422,Active
MRC003207,Grocery,Medium,LOC0023,2025-10-08,0,0,AGT00134,357,Active
MRC003208,Healthcare,Micro,LOC0070,2022-10-17,1,1,AGT00297,1444,Active
MRC003209,Fashion,Medium,LOC0012,2025-02-28,0,1,AGT00514,579,Active
MRC003210,Grocery,Small,LOC0001,2020-04-01,1,1,AGT00123,2373,Active
MRC003211,Restaurant,Medium,LOC0105,2021-05-28,0,1,AGT00072,1951,Active
MRC003212,Electronics,Small,LOC0034,2023-10-31,0,1,AGT00283,1065,Active
MRC003213,Restaurant,Medium,LOC0015,2021-11-09,1,1,AGT00538,1786,Active
MRC003214,General Retail,Medium,LOC0079,2020-11-16,1,1,AGT00197,2144,Active
MRC003215,Fashion,Large,LOC0058,2024-08-29,1,0,AGT00413,762,Active
MRC003216,Restaurant,Small,LOC0055,2022-03-01,1,0,AGT00178,1674,Active
MRC003217,Transport,Micro,LOC0053,2024-03-03,1,1,AGT00252,941,Active
MRC003218,Transport,Small,LOC0018,2021-09-03,1,1,AGT00476,1853,Active
MRC003219,Grocery,Small,LOC0104,2022-07-26,1,0,AGT00272,1527,Active
MRC003220,Education,Micro,LOC0001,2021-08-31,1,1,AGT00490,1856,Active
MRC003221,Pharmacy,Medium,LOC0058,2022-02-25,0,1,AGT00413,1678,Active
MRC003222,Restaurant,Micro,LOC0033,2022-02-27,1,1,AGT00507,1676,Active
MRC003223,Transport,Medium,LOC0078,2025-06-16,1,1,AGT00535,471,Active
MRC003224,Electronics,Small,LOC0066,2020-11-11,1,1,AGT00328,2149,Active
MRC003225,Restaurant,Medium,LOC0047,2024-12-08,1,1,AGT00602,661,Active
MRC003226,Grocery,Medium,LOC0065,2023-08-14,1,1,AGT00510,1143,Active
MRC003227,Electronics,Small,LOC0028,2022-11-27,1,1,AGT00051,1403,Active
MRC003228,Restaurant,Small,LOC0016,2020-11-18,1,1,AGT00259,2142,Active
MRC003229,General Retail,Micro,LOC0109,2022-03-14,1,1,AGT00242,1661,Active
MRC003230,Electronics,Medium,LOC0074,2024-11-12,1,1,AGT00298,687,Active
MRC003231,General Retail,Medium,LOC0079,2024-04-01,1,1,AGT00554,912,Active
MRC003232,Restaurant,Micro,LOC0120,2024-10-07,1,1,AGT00694,723,Active
MRC003233,General Retail,Micro,LOC0109,2022-06-05,1,1,AGT00461,1578,Active
MRC003234,Grocery,Small,LOC0071,2021-09-02,1,1,AGT00007,1854,Active
MRC003235,Restaurant,Micro,LOC0096,2021-09-20,1,1,AGT00731,1836,Active
MRC003236,Grocery,Medium,LOC0064,2021-06-22,0,1,AGT00585,1926,Active
MRC003237,Grocery,Micro,LOC0029,2021-10-06,1,1,AGT00356,1820,Active
MRC003238,General Retail,Medium,LOC0075,2020-07-25,0,0,AGT00020,2258,Active
MRC003239,Healthcare,Large,LOC0110,2020-07-16,0,1,AGT00125,2267,Active
MRC003240,Education,Medium,LOC0106,2024-04-26,1,1,AGT00175,887,Active
MRC003241,Electronics,Small,LOC0061,2024-02-21,1,1,AGT00428,952,Active
MRC003242,Education,Micro,LOC0114,2025-08-17,1,1,AGT00794,409,Active
MRC003243,Transport,Medium,LOC0024,2024-05-12,1,1,AGT00685,871,Active
MRC003244,General Retail,Small,LOC0005,2022-12-05,1,1,AGT00083,1395,Active
MRC003245,Education,Large,LOC0049,2022-01-08,1,1,AGT00234,1726,Active
MRC003246,Healthcare,Micro,LOC0025,2020-09-22,1,1,AGT00114,2199,Active
MRC003247,Pharmacy,Micro,LOC0115,2022-05-30,1,1,AGT00296,1584,Active
MRC003248,General Retail,Large,LOC0014,2020-02-25,1,0,AGT00041,2409,Active
MRC003249,Grocery,Medium,LOC0065,2022-08-27,1,0,AGT00096,1495,Active
MRC003250,Restaurant,Micro,LOC0093,2020-10-30,1,1,AGT00494,2161,Active
MRC003251,General Retail,Small,LOC0014,2021-02-16,1,1,AGT00389,2052,Active
MRC003252,Grocery,Micro,LOC0006,2023-01-12,1,1,AGT00696,1357,Active
MRC003253,Grocery,Small,LOC0067,2020-09-28,1,1,AGT00760,2193,Active
MRC003254,Restaurant,Micro,LOC0109,2020-10-18,1,1,AGT00242,2173,Active
MRC003255,Fashion,Small,LOC0002,2024-02-04,1,0,AGT00617,969,Active
MRC003256,General Retail,Micro,LOC0003,2024-09-06,0,1,AGT00435,754,Active
MRC003257,General Retail,Micro,LOC0112,2025-03-27,1,0,AGT00746,552,Active
MRC003258,Fashion,Small,LOC0073,2020-06-14,1,1,AGT00126,2299,Active
MRC003259,General Retail,Micro,LOC0085,2023-04-26,1,1,AGT00315,1253,Active
MRC003260,Transport,Small,LOC0034,2022-07-28,1,1,AGT00283,1525,Active
MRC003261,General Retail,Small,LOC0038,2024-04-29,1,1,AGT00608,884,Active
MRC003262,Pharmacy,Small,LOC0057,2023-08-20,1,1,AGT00701,1137,Active
MRC003263,Fashion,Small,LOC0026,2023-07-22,0,1,AGT00697,1166,Active
MRC003264,Grocery,Micro,LOC0054,2022-06-26,0,0,AGT00556,1557,Active
MRC003265,Grocery,Micro,LOC0115,2024-11-30,1,1,AGT00104,669,Active
MRC003266,Transport,Medium,LOC0090,2021-04-09,1,1,AGT00073,2000,Active
MRC003267,Grocery,Medium,LOC0105,2023-08-17,0,1,AGT00564,1140,Active
MRC003268,Electronics,Large,LOC0060,2024-07-11,1,1,AGT00712,811,Active
MRC003269,Transport,Medium,LOC0095,2025-11-15,1,1,AGT00183,319,Active
MRC003270,Grocery,Small,LOC0051,2025-05-09,1,1,AGT00424,509,Active
MRC003271,Fashion,Medium,LOC0075,2024-05-08,1,1,AGT00400,875,Active
MRC003272,Transport,Small,LOC0088,2021-07-30,1,0,AGT00261,1888,Active
MRC003273,General Retail,Small,LOC0099,2020-11-06,1,1,AGT00139,2154,Active
MRC003274,Restaurant,Medium,LOC0112,2020-04-06,0,1,AGT00587,2368,Active
MRC003275,General Retail,Small,LOC0013,2024-03-07,1,1,AGT00439,937,Active
MRC003276,General Retail,Small,LOC0096,2022-02-25,1,1,AGT00160,1678,Active
MRC003277,Transport,Micro,LOC0086,2024-05-10,1,1,AGT00582,873,Active
MRC003278,Restaurant,Micro,LOC0089,2025-02-09,1,1,AGT00034,598,Active
MRC003279,Healthcare,Micro,LOC0002,2022-09-18,1,1,AGT00617,1473,Active
MRC003280,Utility,Medium,LOC0059,2022-02-11,1,1,AGT00590,1692,Active
MRC003281,Restaurant,Small,LOC0116,2021-05-30,1,1,AGT00291,1949,Active
MRC003282,General Retail,Micro,LOC0109,2025-04-07,1,1,AGT00461,541,Active
MRC003283,General Retail,Small,LOC0028,2021-06-29,1,1,AGT00051,1919,Active
MRC003284,Fashion,Micro,LOC0059,2024-02-23,1,1,AGT00590,950,Active
MRC003285,Healthcare,Small,LOC0104,2024-04-18,1,0,AGT00775,895,Active
MRC003286,Electronics,Micro,LOC0112,2025-10-09,1,1,AGT00587,356,Active
MRC003287,Utility,Small,LOC0040,2024-09-27,1,1,AGT00079,733,Active
MRC003288,General Retail,Small,LOC0097,2023-01-17,1,1,AGT00470,1352,Active
MRC003289,Grocery,Small,LOC0101,2024-10-30,1,1,AGT00625,700,Active
MRC003290,Grocery,Small,LOC0019,2024-01-15,1,1,AGT00482,989,Active
MRC003291,Restaurant,Small,LOC0004,2022-10-16,1,1,AGT00043,1445,Active
MRC003292,General Retail,Small,LOC0006,2025-05-18,1,1,AGT00045,500,Active
MRC003293,Restaurant,Micro,LOC0018,2020-09-22,1,1,AGT00237,2199,Active
MRC003294,General Retail,Small,LOC0089,2024-02-11,1,1,AGT00518,962,Active
MRC003295,Fashion,Small,LOC0047,2021-06-03,1,1,AGT00755,1945,Active
MRC003296,Pharmacy,Small,LOC0083,2022-02-02,0,1,AGT00310,1701,Active
MRC003297,General Retail,Medium,LOC0011,2021-06-20,0,1,AGT00703,1928,Active
MRC003298,Education,Micro,LOC0073,2024-03-26,1,1,AGT00126,918,Active
MRC003299,Restaurant,Medium,LOC0090,2024-12-06,1,0,AGT00217,663,Active
MRC003300,Grocery,Micro,LOC0118,2025-02-08,1,1,AGT00344,599,Active
MRC003301,Grocery,Small,LOC0039,2024-08-03,1,1,AGT00658,788,Active
MRC003302,Grocery,Medium,LOC0066,2022-09-14,1,1,AGT00292,1477,Active
MRC003303,Restaurant,Small,LOC0058,2022-03-24,1,1,AGT00413,1651,Active
MRC003304,Education,Medium,LOC0042,2021-06-16,0,1,AGT00204,1932,Active
MRC003305,Restaurant,Medium,LOC0077,2020-03-13,1,1,AGT00159,2392,Active
MRC003306,Grocery,Micro,LOC0068,2020-12-30,0,1,AGT00149,2100,Active
MRC003307,Pharmacy,Large,LOC0100,2023-10-30,1,1,AGT00420,1066,Active
MRC003308,Restaurant,Medium,LOC0004,2023-02-20,0,1,AGT00043,1318,Active
MRC003309,General Retail,Small,LOC0027,2020-04-01,1,1,AGT00473,2373,Active
MRC003310,Restaurant,Micro,LOC0070,2021-09-16,1,1,AGT00735,1840,Active
MRC003311,Grocery,Micro,LOC0069,2023-06-21,1,1,AGT00477,1197,Active
MRC003312,Education,Medium,LOC0109,2020-12-23,1,1,AGT00242,2107,Active
MRC003313,General Retail,Medium,LOC0081,2025-02-23,1,0,AGT00276,584,Active
MRC003314,Utility,Medium,LOC0001,2021-12-08,0,1,AGT00123,1757,Active
MRC003315,General Retail,Small,LOC0059,2020-04-14,1,1,AGT00092,2360,Active
MRC003316,General Retail,Micro,LOC0102,2022-10-22,1,1,AGT00018,1439,Active
MRC003317,Transport,Small,LOC0105,2022-04-18,0,1,AGT00279,1626,Active
MRC003318,General Retail,Micro,LOC0097,2025-08-09,0,1,AGT00671,417,Active
MRC003319,Grocery,Micro,LOC0058,2022-05-06,1,0,AGT00413,1608,Active
MRC003320,General Retail,Micro,LOC0013,2024-03-24,1,0,AGT00439,920,Active
MRC003321,General Retail,Micro,LOC0026,2020-01-06,0,1,AGT00451,2459,Active
MRC003322,General Retail,Micro,LOC0102,2024-01-19,1,1,AGT00210,985,Active
MRC003323,Fashion,Small,LOC0041,2024-02-01,1,0,AGT00334,972,Active
MRC003324,Utility,Small,LOC0092,2023-08-07,0,1,AGT00042,1150,Active
MRC003325,Grocery,Small,LOC0005,2021-10-16,1,1,AGT00083,1810,Active
MRC003326,Education,Small,LOC0059,2020-04-10,1,1,AGT00590,2364,Active
MRC003327,Restaurant,Large,LOC0115,2023-11-22,1,1,AGT00006,1043,Active
MRC003328,Education,Small,LOC0030,2024-09-17,0,1,AGT00080,743,Active
MRC003329,Transport,Small,LOC0004,2021-05-22,0,1,AGT00437,1957,Active
MRC003330,Restaurant,Small,LOC0035,2022-09-21,1,1,AGT00371,1470,Active
MRC003331,Pharmacy,Small,LOC0008,2023-03-30,1,1,AGT00614,1280,Active
MRC003332,Restaurant,Small,LOC0074,2020-01-13,1,1,AGT00318,2452,Active
MRC003333,Transport,Small,LOC0024,2022-12-31,0,1,AGT00640,1369,Active
MRC003334,Transport,Small,LOC0030,2022-04-05,1,0,AGT00080,1639,Active
MRC003335,Healthcare,Small,LOC0071,2020-02-03,0,1,AGT00734,2431,Active
MRC003336,Grocery,Small,LOC0040,2024-09-17,1,1,AGT00079,743,Active
MRC003337,Utility,Micro,LOC0079,2020-07-24,1,0,AGT00260,2259,Active
MRC003338,Transport,Micro,LOC0112,2020-03-20,1,1,AGT00667,2385,Active
MRC003339,Grocery,Small,LOC0112,2023-02-23,1,1,AGT00587,1315,Active
MRC003340,Restaurant,Small,LOC0088,2023-12-14,1,1,AGT00261,1021,Active
MRC003341,Fashion,Small,LOC0117,2024-12-28,1,1,AGT00129,641,Active
MRC003342,Restaurant,Micro,LOC0089,2025-09-04,1,1,AGT00518,391,Active
MRC003343,Grocery,Micro,LOC0009,2020-01-28,1,0,AGT00085,2437,Active
MRC003344,Pharmacy,Micro,LOC0115,2023-05-20,0,1,AGT00202,1229,Active
MRC003345,Grocery,Small,LOC0069,2021-12-19,1,0,AGT00477,1746,Active
MRC003346,Grocery,Micro,LOC0001,2024-07-10,1,1,AGT00616,812,Active
MRC003347,Pharmacy,Micro,LOC0075,2024-01-10,1,1,AGT00400,994,Active
MRC003348,Utility,Micro,LOC0030,2021-01-23,1,0,AGT00336,2076,Active
MRC003349,Electronics,Small,LOC0065,2022-01-13,0,1,AGT00096,1721,Active
MRC003350,Fashion,Micro,LOC0079,2024-08-24,0,1,AGT00570,767,Active
MRC003351,Transport,Small,LOC0004,2025-12-06,1,1,AGT00584,298,Active
MRC003352,Electronics,Small,LOC0053,2021-01-21,1,0,AGT00098,2078,Active
MRC003353,Grocery,Medium,LOC0007,2025-06-26,1,1,AGT00452,461,Active
MRC003354,Pharmacy,Small,LOC0014,2025-09-29,1,1,AGT00680,366,Active
MRC003355,Pharmacy,Micro,LOC0026,2024-03-01,1,1,AGT00697,943,Active
MRC003356,Education,Small,LOC0094,2020-05-27,1,1,AGT00088,2317,Active
MRC003357,Fashion,Small,LOC0050,2022-02-08,1,0,AGT00531,1695,Active
MRC003358,Restaurant,Micro,LOC0006,2025-09-16,1,1,AGT00513,379,Active
MRC003359,Electronics,Medium,LOC0090,2020-06-23,1,1,AGT00468,2290,Active
MRC003360,General Retail,Small,LOC0066,2020-05-07,1,1,AGT00311,2337,Active
MRC003361,Restaurant,Micro,LOC0017,2021-10-17,1,1,AGT00282,1809,Active
MRC003362,Electronics,Micro,LOC0068,2025-07-09,1,0,AGT00778,448,Active
MRC003363,Fashion,Medium,LOC0030,2025-11-16,1,1,AGT00078,318,Active
MRC003364,Healthcare,Large,LOC0077,2020-09-28,1,1,AGT00168,2193,Active
MRC003365,Healthcare,Medium,LOC0114,2021-01-15,1,1,AGT00794,2084,Active
MRC003366,Healthcare,Micro,LOC0038,2020-12-27,1,1,AGT00341,2103,Active
MRC003367,Pharmacy,Small,LOC0090,2023-01-19,0,0,AGT00073,1350,Active
MRC003368,Fashion,Micro,LOC0003,2022-05-29,1,1,AGT00435,1585,Active
MRC003369,Utility,Small,LOC0049,2024-12-04,1,0,AGT00250,665,Active
MRC003370,Restaurant,Small,LOC0107,2025-09-30,0,1,AGT00672,365,Active
MRC003371,General Retail,Large,LOC0009,2024-08-21,1,1,AGT00008,770,Active
MRC003372,Restaurant,Small,LOC0112,2022-03-31,0,1,AGT00744,1644,Active
MRC003373,Fashion,Small,LOC0012,2023-07-23,1,1,AGT00256,1165,Active
MRC003374,Fashion,Micro,LOC0058,2022-04-08,0,0,AGT00352,1636,Active
MRC003375,Fashion,Small,LOC0022,2023-04-30,0,1,AGT00103,1249,Active
MRC003376,General Retail,Micro,LOC0003,2022-08-18,1,1,AGT00312,1504,Active
MRC003377,Grocery,Medium,LOC0042,2020-04-09,0,1,AGT00501,2365,Active
MRC003378,Education,Micro,LOC0070,2022-03-09,1,0,AGT00800,1666,Active
MRC003379,Education,Small,LOC0087,2020-04-03,1,1,AGT00305,2371,Active
MRC003380,General Retail,Micro,LOC0038,2020-03-03,1,1,AGT00341,2402,Active
MRC003381,Education,Small,LOC0060,2022-04-08,0,1,AGT00712,1636,Active
MRC003382,General Retail,Micro,LOC0022,2020-01-03,0,1,AGT00555,2462,Active
MRC003383,General Retail,Small,LOC0088,2024-06-21,1,1,AGT00241,831,Active
MRC003384,Restaurant,Small,LOC0021,2022-11-06,1,1,AGT00502,1424,Active
MRC003385,General Retail,Small,LOC0104,2025-07-07,1,1,AGT00656,450,Active
MRC003386,General Retail,Medium,LOC0022,2025-05-31,1,1,AGT00787,487,Active
MRC003387,Pharmacy,Micro,LOC0080,2025-03-03,0,1,AGT00262,576,Active
MRC003388,Education,Small,LOC0040,2025-02-28,0,1,AGT00481,579,Active
MRC003389,Pharmacy,Medium,LOC0120,2023-07-05,1,1,AGT00791,1183,Active
MRC003390,Transport,Micro,LOC0034,2021-08-27,0,1,AGT00174,1860,Active
MRC003391,Grocery,Medium,LOC0114,2020-01-24,1,1,AGT00702,2441,Active
MRC003392,Healthcare,Medium,LOC0101,2020-02-02,0,1,AGT00625,2432,Active
MRC003393,Restaurant,Medium,LOC0057,2024-11-22,1,1,AGT00569,677,Active
MRC003394,Education,Small,LOC0060,2023-05-10,0,1,AGT00714,1239,Active
MRC003395,Grocery,Small,LOC0043,2023-05-20,1,1,AGT00456,1229,Active
MRC003396,Transport,Small,LOC0052,2025-05-17,1,1,AGT00740,501,Active
MRC003397,Fashion,Small,LOC0056,2025-09-22,0,1,AGT00128,373,Active
MRC003398,Education,Large,LOC0018,2023-11-07,1,1,AGT00137,1058,Active
MRC003399,Restaurant,Micro,LOC0039,2020-11-02,1,1,AGT00304,2158,Active
MRC003400,Grocery,Small,LOC0106,2023-08-29,1,1,AGT00316,1128,Active
MRC003401,Fashion,Small,LOC0118,2023-09-02,1,1,AGT00404,1124,Active
MRC003402,General Retail,Micro,LOC0007,2020-01-01,1,1,AGT00679,2464,Active
MRC003403,Pharmacy,Small,LOC0088,2023-09-15,1,1,AGT00241,1111,Active
MRC003404,Transport,Small,LOC0029,2021-11-08,1,1,AGT00383,1787,Active
MRC003405,Grocery,Small,LOC0079,2020-02-03,1,1,AGT00155,2431,Active
MRC003406,Healthcare,Medium,LOC0075,2025-04-04,1,1,AGT00020,544,Active
MRC003407,Pharmacy,Micro,LOC0106,2022-11-28,1,1,AGT00316,1402,Active
MRC003408,Fashion,Medium,LOC0085,2023-12-12,1,0,AGT00294,1023,Active
MRC003409,Restaurant,Small,LOC0099,2025-04-02,1,1,AGT00138,546,Active
MRC003410,Grocery,Medium,LOC0097,2025-09-02,1,1,AGT00267,393,Active
MRC003411,Restaurant,Micro,LOC0078,2022-02-01,1,1,AGT00246,1702,Active
MRC003412,Restaurant,Small,LOC0050,2022-01-21,0,1,AGT00049,1713,Active
MRC003413,Electronics,Medium,LOC0041,2022-08-08,1,0,AGT00148,1514,Active
MRC003414,General Retail,Micro,LOC0042,2021-12-09,1,1,AGT00248,1756,Active
MRC003415,Fashion,Small,LOC0044,2021-08-30,1,1,AGT00227,1857,Active
MRC003416,General Retail,Small,LOC0035,2025-08-14,0,1,AGT00757,412,Active
MRC003417,Fashion,Small,LOC0038,2025-10-04,1,0,AGT00529,361,Active
MRC003418,Grocery,Medium,LOC0069,2023-12-15,1,1,AGT00477,1020,Active
MRC003419,Pharmacy,Small,LOC0033,2022-07-24,1,1,AGT00604,1529,Active
MRC003420,Restaurant,Medium,LOC0042,2020-07-24,1,1,AGT00152,2259,Active
MRC003421,Restaurant,Small,LOC0086,2020-02-07,1,1,AGT00419,2427,Active
MRC003422,General Retail,Small,LOC0040,2021-01-06,1,1,AGT00481,2093,Active
MRC003423,Transport,Medium,LOC0013,2024-03-21,0,1,AGT00797,923,Active
MRC003424,Education,Small,LOC0003,2022-07-12,1,1,AGT00312,1541,Active
MRC003425,Fashion,Micro,LOC0092,2025-04-08,1,0,AGT00281,540,Active
MRC003426,Restaurant,Micro,LOC0114,2023-01-24,0,1,AGT00702,1345,Active
MRC003427,Education,Small,LOC0082,2025-05-16,1,1,AGT00147,502,Active
MRC003428,Grocery,Small,LOC0008,2020-01-09,1,1,AGT00699,2456,Active
MRC003429,Grocery,Small,LOC0068,2023-04-07,0,1,AGT00576,1272,Active
MRC003430,Restaurant,Small,LOC0033,2021-08-23,1,1,AGT00412,1864,Active
MRC003431,Grocery,Medium,LOC0039,2025-05-04,1,1,AGT00326,514,Active
MRC003432,Transport,Micro,LOC0111,2020-04-06,1,0,AGT00799,2368,Active
MRC003433,Grocery,Small,LOC0099,2022-10-29,1,1,AGT00500,1432,Active
MRC003434,Grocery,Small,LOC0089,2025-07-14,0,0,AGT00034,443,Active
MRC003435,General Retail,Micro,LOC0061,2023-10-04,0,1,AGT00428,1092,Active
MRC003436,General Retail,Small,LOC0070,2024-09-10,0,1,AGT00735,750,Active
MRC003437,Fashion,Small,LOC0110,2025-07-20,0,1,AGT00125,437,Active
MRC003438,Fashion,Medium,LOC0080,2025-10-11,1,1,AGT00758,354,Active
MRC003439,Utility,Small,LOC0070,2021-09-13,1,1,AGT00735,1843,Active
MRC003440,Grocery,Micro,LOC0012,2020-10-08,1,1,AGT00646,2183,Active
MRC003441,Fashion,Small,LOC0120,2022-01-05,1,0,AGT00694,1729,Active
MRC003442,Grocery,Medium,LOC0098,2021-10-23,1,1,AGT00017,1803,Active
MRC003443,Restaurant,Small,LOC0044,2025-09-27,1,0,AGT00660,368,Active
MRC003444,General Retail,Micro,LOC0031,2024-11-24,1,1,AGT00116,675,Active
MRC003445,Healthcare,Medium,LOC0117,2025-10-04,0,1,AGT00129,361,Active
MRC003446,General Retail,Micro,LOC0115,2020-02-19,0,1,AGT00006,2415,Active
MRC003447,Healthcare,Micro,LOC0051,2021-07-19,1,1,AGT00398,1899,Active
MRC003448,Education,Small,LOC0028,2020-03-30,1,0,AGT00051,2375,Active
MRC003449,Healthcare,Small,LOC0096,2020-07-19,1,1,AGT00731,2264,Active
MRC003450,Transport,Medium,LOC0076,2024-08-14,0,1,AGT00184,777,Active
MRC003451,Fashion,Micro,LOC0109,2022-11-26,1,1,AGT00461,1404,Active
MRC003452,Restaurant,Small,LOC0066,2022-02-03,1,0,AGT00022,1700,Active
MRC003453,Electronics,Small,LOC0067,2021-07-11,1,1,AGT00760,1907,Active
MRC003454,Pharmacy,Medium,LOC0018,2021-12-19,1,1,AGT00476,1746,Active
MRC003455,Fashion,Medium,LOC0073,2023-04-02,1,1,AGT00357,1277,Active
MRC003456,Grocery,Small,LOC0044,2025-12-09,1,1,AGT00099,295,Active
MRC003457,Education,Micro,LOC0025,2020-05-06,1,1,AGT00670,2338,Active
MRC003458,Pharmacy,Micro,LOC0094,2021-11-04,1,1,AGT00270,1791,Active
MRC003459,Restaurant,Medium,LOC0042,2020-12-16,0,1,AGT00204,2114,Active
MRC003460,Fashion,Small,LOC0026,2024-08-21,0,1,AGT00644,770,Active
MRC003461,Grocery,Small,LOC0116,2025-04-29,1,1,AGT00687,519,Active
MRC003462,General Retail,Medium,LOC0116,2020-07-27,1,1,AGT00113,2256,Active
MRC003463,Fashion,Medium,LOC0060,2021-02-21,1,1,AGT00185,2047,Active
MRC003464,Restaurant,Small,LOC0036,2020-12-11,0,1,AGT00429,2119,Active
MRC003465,Grocery,Medium,LOC0020,2023-04-30,0,1,AGT00024,1249,Active
MRC003466,General Retail,Micro,LOC0076,2020-07-18,1,1,AGT00533,2265,Active
MRC003467,Education,Small,LOC0074,2024-08-15,1,1,AGT00318,776,Active
MRC003468,Restaurant,Large,LOC0075,2021-06-06,1,1,AGT00400,1942,Active
MRC003469,Pharmacy,Micro,LOC0093,2023-01-02,1,1,AGT00295,1367,Active
MRC003470,Healthcare,Micro,LOC0057,2024-12-22,1,1,AGT00628,647,Active
MRC003471,General Retail,Small,LOC0082,2021-09-02,1,0,AGT00147,1854,Active
MRC003472,Restaurant,Small,LOC0079,2023-10-22,1,1,AGT00570,1074,Active
MRC003473,Grocery,Micro,LOC0096,2025-01-05,1,1,AGT00431,633,Active
MRC003474,Grocery,Micro,LOC0090,2021-09-20,1,1,AGT00299,1836,Active
MRC003475,Grocery,Micro,LOC0005,2021-05-06,1,0,AGT00496,1973,Active
MRC003476,Healthcare,Micro,LOC0075,2024-01-11,0,1,AGT00400,993,Active
MRC003477,General Retail,Medium,LOC0118,2020-03-06,1,1,AGT00404,2399,Active
MRC003478,General Retail,Small,LOC0068,2021-09-18,1,0,AGT00610,1838,Active
MRC003479,Utility,Small,LOC0064,2025-10-30,0,1,AGT00783,335,Active
MRC003480,Grocery,Micro,LOC0073,2023-12-14,1,1,AGT00588,1021,Active
MRC003481,General Retail,Small,LOC0068,2020-02-19,0,0,AGT00600,2415,Active
MRC003482,Restaurant,Micro,LOC0049,2024-11-24,1,1,AGT00247,675,Active
MRC003483,Restaurant,Medium,LOC0120,2020-04-04,1,0,AGT00220,2370,Active
MRC003484,Transport,Medium,LOC0009,2022-11-11,1,1,AGT00127,1419,Active
MRC003485,Grocery,Small,LOC0098,2021-12-03,1,1,AGT00370,1762,Active
MRC003486,General Retail,Large,LOC0020,2021-11-09,1,1,AGT00607,1786,Active
MRC003487,General Retail,Micro,LOC0025,2022-11-25,1,1,AGT00046,1405,Active
MRC003488,Utility,Micro,LOC0073,2022-11-13,1,1,AGT00357,1417,Active
MRC003489,Utility,Small,LOC0077,2022-07-27,0,1,AGT00359,1526,Active
MRC003490,Restaurant,Micro,LOC0112,2022-02-14,1,1,AGT00744,1689,Active
MRC003491,Grocery,Medium,LOC0036,2021-07-20,0,1,AGT00447,1898,Active
MRC003492,Utility,Micro,LOC0004,2023-05-05,1,1,AGT00043,1244,Active
MRC003493,Education,Small,LOC0031,2023-05-11,1,1,AGT00362,1238,Active
MRC003494,General Retail,Micro,LOC0066,2021-04-22,1,0,AGT00022,1987,Active
MRC003495,Grocery,Micro,LOC0043,2021-06-07,1,0,AGT00664,1941,Active
MRC003496,Restaurant,Small,LOC0031,2022-01-27,1,1,AGT00362,1707,Active
MRC003497,Restaurant,Medium,LOC0110,2023-03-16,1,1,AGT00288,1294,Active
MRC003498,Transport,Small,LOC0068,2022-07-11,1,1,AGT00610,1542,Active
MRC003499,Utility,Small,LOC0081,2022-07-19,1,1,AGT00790,1534,Active
MRC003500,General Retail,Micro,LOC0090,2023-05-11,1,1,AGT00217,1238,Active
MRC003501,Restaurant,Micro,LOC0050,2024-11-22,1,0,AGT00647,677,Active
MRC003502,Fashion,Micro,LOC0089,2022-10-04,0,1,AGT00574,1457,Active
MRC003503,Grocery,Medium,LOC0116,2023-04-25,1,0,AGT00113,1254,Active
MRC003504,Pharmacy,Micro,LOC0087,2025-08-28,0,0,AGT00305,398,Active
MRC003505,Restaurant,Micro,LOC0036,2020-03-31,1,1,AGT00036,2374,Active
MRC003506,Education,Small,LOC0094,2021-12-22,1,0,AGT00777,1743,Active
MRC003507,Fashion,Small,LOC0029,2025-04-13,1,1,AGT00467,535,Active
MRC003508,Restaurant,Small,LOC0009,2024-09-27,1,1,AGT00486,733,Active
MRC003509,Education,Micro,LOC0054,2022-07-18,1,1,AGT00331,1535,Active
MRC003510,General Retail,Small,LOC0062,2020-10-25,1,0,AGT00240,2166,Active
MRC003511,Pharmacy,Small,LOC0057,2023-01-22,1,1,AGT00637,1347,Active
MRC003512,Restaurant,Micro,LOC0032,2021-02-07,1,1,AGT00253,2061,Active
MRC003513,Transport,Small,LOC0033,2025-03-12,1,1,AGT00412,567,Active
MRC003514,Utility,Micro,LOC0111,2022-10-21,1,1,AGT00146,1440,Active
MRC003515,General Retail,Medium,LOC0035,2021-01-05,1,1,AGT00715,2094,Active
MRC003516,Pharmacy,Medium,LOC0094,2020-11-23,1,1,AGT00270,2137,Active
MRC003517,Electronics,Micro,LOC0031,2024-07-11,1,1,AGT00116,811,Active
MRC003518,General Retail,Small,LOC0013,2021-12-13,1,1,AGT00001,1752,Active
MRC003519,Restaurant,Small,LOC0008,2025-09-22,0,1,AGT00063,373,Active
MRC003520,Fashion,Medium,LOC0030,2025-02-12,0,0,AGT00427,595,Active
MRC003521,General Retail,Small,LOC0101,2020-07-30,1,0,AGT00039,2253,Active
MRC003522,Grocery,Small,LOC0055,2021-07-13,1,1,AGT00565,1905,Active
MRC003523,Transport,Micro,LOC0084,2024-09-21,1,1,AGT00549,739,Active
MRC003524,General Retail,Micro,LOC0116,2020-01-03,1,1,AGT00291,2462,Active
MRC003525,Grocery,Small,LOC0006,2020-01-10,1,1,AGT00696,2455,Active
MRC003526,Healthcare,Small,LOC0014,2025-09-19,1,1,AGT00389,376,Active
MRC003527,Fashion,Medium,LOC0111,2025-10-22,1,1,AGT00188,343,Active
MRC003528,General Retail,Medium,LOC0069,2024-06-30,1,1,AGT00477,822,Active
MRC003529,General Retail,Small,LOC0075,2021-03-19,1,1,AGT00567,2021,Active
MRC003530,General Retail,Small,LOC0041,2022-05-21,1,1,AGT00541,1593,Active
MRC003531,Grocery,Medium,LOC0100,2022-11-23,1,1,AGT00580,1407,Active
MRC003532,Healthcare,Medium,LOC0078,2023-06-24,1,1,AGT00622,1194,Active
MRC003533,General Retail,Medium,LOC0031,2023-02-03,0,0,AGT00300,1335,Active
MRC003534,Education,Large,LOC0078,2022-02-23,1,1,AGT00246,1680,Active
MRC003535,Education,Small,LOC0001,2025-07-31,1,1,AGT00123,426,Active
MRC003536,Grocery,Small,LOC0029,2022-06-15,1,1,AGT00356,1568,Active
MRC003537,General Retail,Small,LOC0025,2024-08-22,1,1,AGT00648,769,Active
MRC003538,Grocery,Micro,LOC0095,2021-04-01,1,1,AGT00458,2008,Active
MRC003539,Restaurant,Small,LOC0089,2024-10-17,1,1,AGT00140,713,Active
MRC003540,General Retail,Small,LOC0011,2025-07-16,1,1,AGT00105,441,Active
MRC003541,General Retail,Small,LOC0109,2023-05-13,0,0,AGT00461,1236,Active
MRC003542,General Retail,Micro,LOC0099,2023-04-30,1,1,AGT00546,1249,Active
MRC003543,Fashion,Small,LOC0053,2022-11-10,1,1,AGT00098,1420,Active
MRC003544,Grocery,Small,LOC0026,2020-10-25,0,1,AGT00163,2166,Active
MRC003545,Fashion,Small,LOC0051,2021-10-10,0,1,AGT00424,1816,Active
MRC003546,Grocery,Micro,LOC0071,2023-10-17,1,1,AGT00364,1079,Active
MRC003547,General Retail,Small,LOC0076,2021-08-13,1,1,AGT00184,1874,Active
MRC003548,Education,Micro,LOC0042,2022-12-13,1,1,AGT00599,1387,Active
MRC003549,Restaurant,Micro,LOC0013,2024-08-16,1,1,AGT00597,775,Active
MRC003550,Grocery,Micro,LOC0074,2025-10-31,0,1,AGT00318,334,Active
MRC003551,Restaurant,Medium,LOC0085,2025-12-09,1,1,AGT00329,295,Active
MRC003552,General Retail,Small,LOC0033,2024-08-15,0,0,AGT00412,776,Active
MRC003553,Transport,Small,LOC0077,2021-01-23,1,1,AGT00168,2076,Active
MRC003554,Grocery,Medium,LOC0069,2023-03-10,1,0,AGT00754,1300,Active
MRC003555,Grocery,Small,LOC0061,2023-04-05,1,1,AGT00425,1274,Active
MRC003556,Restaurant,Medium,LOC0001,2023-07-30,1,0,AGT00575,1158,Active
MRC003557,Grocery,Micro,LOC0037,2024-06-06,1,1,AGT00263,846,Active
MRC003558,General Retail,Micro,LOC0045,2021-09-08,1,1,AGT00589,1848,Active
MRC003559,Transport,Micro,LOC0101,2025-11-20,0,1,AGT00382,314,Active
MRC003560,Grocery,Small,LOC0100,2022-04-21,1,1,AGT00784,1623,Active
MRC003561,Utility,Medium,LOC0105,2020-05-10,1,0,AGT00072,2334,Active
MRC003562,Restaurant,Small,LOC0056,2020-09-11,0,0,AGT00681,2210,Active
MRC003563,Pharmacy,Small,LOC0040,2023-10-03,1,1,AGT00481,1093,Active
MRC003564,Education,Micro,LOC0060,2020-11-06,0,0,AGT00714,2154,Active
MRC003565,Grocery,Medium,LOC0096,2024-07-16,0,0,AGT00721,806,Active
MRC003566,Fashion,Small,LOC0075,2024-07-08,1,1,AGT00567,814,Active
MRC003567,General Retail,Micro,LOC0073,2023-11-28,1,1,AGT00357,1037,Active
MRC003568,General Retail,Large,LOC0053,2025-11-09,1,0,AGT00492,325,Active
MRC003569,Restaurant,Small,LOC0084,2024-05-16,1,1,AGT00549,867,Active
MRC003570,Transport,Micro,LOC0105,2020-11-06,1,1,AGT00564,2154,Active
MRC003571,Pharmacy,Micro,LOC0081,2021-05-27,1,1,AGT00737,1952,Active
MRC003572,Education,Micro,LOC0049,2023-12-29,1,0,AGT00337,1006,Active
MRC003573,Pharmacy,Medium,LOC0101,2024-02-04,1,1,AGT00382,969,Active
MRC003574,Education,Small,LOC0114,2023-11-20,1,1,AGT00395,1045,Active
MRC003575,Grocery,Medium,LOC0096,2025-04-02,1,1,AGT00721,546,Active
MRC003576,General Retail,Micro,LOC0106,2025-01-05,1,0,AGT00175,633,Active
MRC003577,General Retail,Small,LOC0032,2020-01-09,1,1,AGT00595,2456,Active
MRC003578,Restaurant,Small,LOC0051,2021-10-25,0,1,AGT00650,1801,Active
MRC003579,Utility,Small,LOC0030,2021-11-28,1,1,AGT00274,1767,Active
MRC003580,Grocery,Small,LOC0044,2024-04-14,1,1,AGT00736,899,Active
MRC003581,Healthcare,Small,LOC0089,2020-11-03,1,1,AGT00035,2157,Active
MRC003582,Pharmacy,Small,LOC0082,2024-11-26,1,1,AGT00208,673,Active
MRC003583,Grocery,Medium,LOC0001,2020-03-02,1,1,AGT00170,2403,Active
MRC003584,Transport,Micro,LOC0091,2022-12-14,0,1,AGT00780,1386,Active
MRC003585,Fashion,Small,LOC0024,2023-12-26,1,1,AGT00640,1009,Active
MRC003586,Electronics,Small,LOC0023,2021-06-22,1,1,AGT00134,1926,Active
MRC003587,Electronics,Micro,LOC0066,2023-06-20,0,1,AGT00517,1198,Active
MRC003588,Grocery,Micro,LOC0029,2024-05-07,1,1,AGT00383,876,Active
MRC003589,Grocery,Large,LOC0116,2021-11-15,1,1,AGT00291,1780,Active
MRC003590,Education,Micro,LOC0018,2021-08-23,1,1,AGT00693,1864,Active
MRC003591,Education,Micro,LOC0019,2022-05-09,0,1,AGT00144,1605,Active
MRC003592,Grocery,Small,LOC0092,2023-03-14,1,1,AGT00539,1296,Active
MRC003593,Restaurant,Micro,LOC0035,2023-12-30,1,1,AGT00167,1005,Active
MRC003594,Education,Micro,LOC0086,2023-07-19,0,1,AGT00469,1169,Active
MRC003595,Transport,Micro,LOC0082,2020-09-24,1,1,AGT00459,2197,Active
MRC003596,General Retail,Micro,LOC0023,2023-10-24,1,1,AGT00559,1072,Active
MRC003597,Fashion,Small,LOC0070,2020-03-05,0,0,AGT00800,2400,Active
MRC003598,Electronics,Medium,LOC0065,2025-02-02,1,1,AGT00525,605,Active
MRC003599,Education,Micro,LOC0012,2024-12-27,1,0,AGT00768,642,Active
MRC003600,Restaurant,Small,LOC0092,2023-12-22,1,0,AGT00539,1013,Active
MRC003601,Grocery,Small,LOC0103,2025-12-11,1,1,AGT00327,293,Active
MRC003602,Grocery,Micro,LOC0114,2020-09-13,0,1,AGT00794,2208,Active
MRC003603,General Retail,Small,LOC0011,2023-12-05,1,1,AGT00540,1030,Active
MRC003604,Pharmacy,Small,LOC0022,2025-05-08,1,1,AGT00422,510,Active
MRC003605,Transport,Micro,LOC0100,2022-04-06,0,1,AGT00629,1638,Active
MRC003606,Education,Small,LOC0037,2020-03-25,1,1,AGT00012,2380,Active
MRC003607,Restaurant,Micro,LOC0076,2020-01-07,1,1,AGT00184,2458,Active
MRC003608,General Retail,Medium,LOC0042,2025-04-27,1,1,AGT00204,521,Active
MRC003609,Transport,Large,LOC0027,2021-03-21,0,1,AGT00473,2019,Active
MRC003610,Grocery,Medium,LOC0075,2023-10-18,1,1,AGT00020,1078,Active
MRC003611,Utility,Micro,LOC0025,2020-12-16,1,1,AGT00114,2114,Active
MRC003612,Electronics,Small,LOC0017,2022-05-03,1,1,AGT00069,1611,Active
MRC003613,Restaurant,Small,LOC0064,2021-08-02,1,1,AGT00132,1885,Active
MRC003614,Healthcare,Micro,LOC0024,2020-12-13,1,1,AGT00268,2117,Active
MRC003615,Transport,Medium,LOC0024,2020-08-09,1,1,AGT00394,2243,Active
MRC003616,Restaurant,Small,LOC0094,2025-02-07,0,1,AGT00270,600,Active
MRC003617,General Retail,Micro,LOC0064,2021-08-19,1,1,AGT00713,1868,Active
MRC003618,Transport,Large,LOC0066,2025-02-12,1,1,AGT00311,595,Active
MRC003619,Education,Micro,LOC0018,2020-04-25,1,1,AGT00137,2349,Active
MRC003620,Grocery,Small,LOC0020,2022-03-15,0,1,AGT00028,1660,Active
MRC003621,Pharmacy,Micro,LOC0047,2024-10-23,1,1,AGT00602,707,Active
MRC003622,Fashion,Micro,LOC0047,2024-03-18,1,1,AGT00579,926,Active
MRC003623,Transport,Large,LOC0055,2020-08-08,1,1,AGT00511,2244,Active
MRC003624,Electronics,Small,LOC0017,2022-02-08,0,1,AGT00069,1695,Active
MRC003625,Utility,Micro,LOC0108,2024-08-04,1,1,AGT00645,787,Active
MRC003626,Pharmacy,Small,LOC0044,2021-01-20,0,0,AGT00099,2079,Active
MRC003627,Transport,Medium,LOC0098,2021-08-31,0,1,AGT00370,1856,Active
MRC003628,Utility,Medium,LOC0049,2025-07-03,1,0,AGT00337,454,Active
MRC003629,Utility,Medium,LOC0057,2024-04-08,1,1,AGT00637,905,Active
MRC003630,Utility,Medium,LOC0014,2020-11-28,1,0,AGT00680,2132,Active
MRC003631,General Retail,Small,LOC0082,2023-11-12,0,1,AGT00459,1053,Active
MRC003632,Grocery,Micro,LOC0008,2025-09-26,1,1,AGT00614,369,Active
MRC003633,Transport,Medium,LOC0090,2022-05-08,1,1,AGT00299,1606,Active
MRC003634,General Retail,Micro,LOC0106,2020-08-02,0,1,AGT00478,2250,Active
MRC003635,Education,Micro,LOC0044,2022-08-20,1,1,AGT00365,1502,Active
MRC003636,Pharmacy,Small,LOC0107,2020-02-16,0,1,AGT00672,2418,Active
MRC003637,General Retail,Micro,LOC0084,2025-04-12,0,1,AGT00355,536,Active
MRC003638,Grocery,Small,LOC0001,2021-12-20,1,1,AGT00490,1745,Active
MRC003639,Restaurant,Medium,LOC0025,2022-01-28,0,1,AGT00046,1706,Active
MRC003640,Grocery,Small,LOC0077,2020-01-28,1,1,AGT00159,2437,Active
MRC003641,Fashion,Small,LOC0085,2022-11-05,1,1,AGT00329,1425,Active
MRC003642,Restaurant,Small,LOC0012,2021-01-16,0,1,AGT00440,2083,Active
MRC003643,Fashion,Small,LOC0083,2025-02-03,1,1,AGT00310,604,Active
MRC003644,General Retail,Micro,LOC0098,2025-09-12,1,1,AGT00335,383,Active
MRC003645,Fashion,Micro,LOC0012,2021-09-04,1,1,AGT00627,1852,Active
MRC003646,Electronics,Small,LOC0106,2025-12-09,0,1,AGT00401,295,Active
MRC003647,General Retail,Small,LOC0064,2020-09-23,1,1,AGT00222,2198,Active
MRC003648,Utility,Small,LOC0074,2025-11-02,1,1,AGT00668,332,Active
MRC003649,Pharmacy,Micro,LOC0007,2021-11-04,0,1,AGT00150,1791,Active
MRC003650,Grocery,Micro,LOC0074,2023-04-05,0,1,AGT00003,1274,Active
MRC003651,Education,Small,LOC0055,2022-02-06,1,1,AGT00354,1697,Active
MRC003652,General Retail,Small,LOC0045,2022-03-26,0,1,AGT00761,1649,Active
MRC003653,Electronics,Small,LOC0094,2023-04-22,0,1,AGT00623,1257,Active
MRC003654,Pharmacy,Medium,LOC0030,2023-01-30,1,1,AGT00336,1339,Active
MRC003655,Healthcare,Small,LOC0008,2022-12-14,1,1,AGT00699,1386,Active
MRC003656,Transport,Micro,LOC0060,2021-11-29,1,1,AGT00714,1766,Active
MRC003657,Education,Small,LOC0090,2021-09-18,1,1,AGT00019,1838,Active
MRC003658,General Retail,Micro,LOC0017,2023-04-10,0,1,AGT00384,1269,Active
MRC003659,Utility,Micro,LOC0119,2023-11-08,1,1,AGT00553,1057,Active
MRC003660,Transport,Small,LOC0081,2025-09-15,1,1,AGT00276,380,Active
MRC003661,Transport,Micro,LOC0113,2021-04-20,1,1,AGT00048,1989,Active
MRC003662,Transport,Micro,LOC0057,2024-08-10,0,0,AGT00569,781,Active
MRC003663,Electronics,Medium,LOC0015,2023-05-14,0,1,AGT00684,1235,Active
MRC003664,Fashion,Small,LOC0022,2020-01-10,1,1,AGT00103,2455,Active
MRC003665,Transport,Medium,LOC0061,2021-04-08,1,1,AGT00524,2001,Active
MRC003666,Education,Medium,LOC0071,2023-11-23,0,1,AGT00211,1042,Active
MRC003667,Fashion,Micro,LOC0089,2023-02-14,1,1,AGT00289,1324,Active
MRC003668,Grocery,Small,LOC0096,2024-01-08,0,1,AGT00731,996,Active
MRC003669,Transport,Micro,LOC0092,2022-03-20,1,1,AGT00042,1655,Active
MRC003670,Transport,Small,LOC0071,2025-01-18,1,1,AGT00239,620,Active
MRC003671,Restaurant,Micro,LOC0003,2020-04-06,1,0,AGT00345,2368,Active
MRC003672,Restaurant,Micro,LOC0064,2020-01-22,1,1,AGT00131,2443,Active
MRC003673,Pharmacy,Micro,LOC0099,2024-03-05,1,1,AGT00512,939,Active
MRC003674,General Retail,Small,LOC0102,2024-08-01,1,1,AGT00058,790,Active
MRC003675,General Retail,Micro,LOC0101,2022-09-26,1,1,AGT00039,1465,Active
MRC003676,Education,Small,LOC0002,2022-02-03,1,1,AGT00617,1700,Active
MRC003677,Restaurant,Medium,LOC0053,2022-02-10,1,1,AGT00309,1693,Active
MRC003678,Healthcare,Small,LOC0075,2025-09-17,1,1,AGT00020,378,Active
MRC003679,Electronics,Small,LOC0030,2021-09-16,1,1,AGT00078,1840,Active
MRC003680,General Retail,Micro,LOC0050,2025-07-25,1,1,AGT00049,432,Active
MRC003681,Grocery,Medium,LOC0012,2023-12-01,1,1,AGT00016,1034,Active
MRC003682,Grocery,Small,LOC0024,2021-09-03,1,1,AGT00566,1853,Active
MRC003683,Education,Small,LOC0001,2020-08-27,1,1,AGT00575,2225,Active
MRC003684,Pharmacy,Medium,LOC0118,2022-03-01,1,1,AGT00344,1674,Active
MRC003685,Education,Micro,LOC0104,2025-01-02,1,1,AGT00372,636,Active
MRC003686,Utility,Small,LOC0049,2021-11-22,1,0,AGT00399,1773,Active
MRC003687,Grocery,Micro,LOC0001,2025-09-28,0,1,AGT00616,367,Active
MRC003688,Fashion,Micro,LOC0041,2024-07-31,1,1,AGT00334,791,Active
MRC003689,Transport,Small,LOC0053,2025-03-22,1,1,AGT00098,557,Active
MRC003690,General Retail,Small,LOC0021,2020-01-27,1,1,AGT00624,2438,Active
MRC003691,Fashion,Micro,LOC0080,2023-10-05,1,1,AGT00262,1091,Active
MRC003692,Pharmacy,Small,LOC0120,2022-08-15,0,1,AGT00791,1507,Active
MRC003693,Education,Medium,LOC0102,2021-03-26,1,1,AGT00342,2014,Active
MRC003694,Fashion,Medium,LOC0103,2020-02-29,0,1,AGT00686,2405,Active
MRC003695,Utility,Micro,LOC0100,2020-01-03,0,1,AGT00145,2462,Active
MRC003696,Electronics,Small,LOC0009,2024-12-24,1,1,AGT00085,645,Active
MRC003697,Pharmacy,Micro,LOC0067,2023-08-10,1,1,AGT00509,1147,Active
MRC003698,Healthcare,Small,LOC0068,2023-07-16,0,1,AGT00610,1172,Active
MRC003699,Electronics,Micro,LOC0013,2021-03-14,1,1,AGT00439,2026,Active
MRC003700,Grocery,Small,LOC0018,2023-12-15,0,1,AGT00237,1020,Active
MRC003701,Education,Micro,LOC0068,2024-07-30,1,1,AGT00576,792,Active
MRC003702,General Retail,Small,LOC0086,2021-06-12,1,1,AGT00068,1936,Active
MRC003703,Transport,Micro,LOC0026,2023-01-01,0,1,AGT00697,1368,Active
MRC003704,Restaurant,Micro,LOC0059,2021-06-28,1,1,AGT00590,1920,Active
MRC003705,Healthcare,Small,LOC0010,2023-09-09,1,1,AGT00653,1117,Active
MRC003706,Pharmacy,Micro,LOC0014,2023-01-19,1,1,AGT00389,1350,Active
MRC003707,Electronics,Small,LOC0070,2025-11-28,1,1,AGT00297,306,Active
MRC003708,Electronics,Small,LOC0067,2025-11-12,1,1,AGT00205,322,Active
MRC003709,Pharmacy,Small,LOC0091,2025-12-17,1,1,AGT00603,287,Active
MRC003710,Restaurant,Small,LOC0110,2024-11-30,1,1,AGT00275,669,Active
MRC003711,General Retail,Small,LOC0023,2023-11-19,1,1,AGT00065,1046,Active
MRC003712,Pharmacy,Medium,LOC0041,2025-08-30,1,1,AGT00635,396,Active
MRC003713,Utility,Micro,LOC0103,2024-12-31,1,1,AGT00030,638,Active
MRC003714,Transport,Small,LOC0007,2020-11-23,0,0,AGT00488,2137,Active
MRC003715,Electronics,Small,LOC0100,2020-11-06,1,1,AGT00145,2154,Active
MRC003716,Grocery,Micro,LOC0114,2024-03-24,1,1,AGT00228,920,Active
MRC003717,Pharmacy,Micro,LOC0012,2020-04-19,1,1,AGT00627,2355,Active
MRC003718,Grocery,Micro,LOC0018,2025-04-04,1,1,AGT00137,544,Active
MRC003719,Education,Small,LOC0083,2025-10-10,1,1,AGT00441,355,Active
MRC003720,General Retail,Micro,LOC0058,2023-11-05,1,1,AGT00630,1060,Active
MRC003721,General Retail,Small,LOC0119,2024-05-18,1,1,AGT00213,865,Active
MRC003722,Grocery,Small,LOC0066,2025-07-02,0,1,AGT00292,455,Active
MRC003723,Pharmacy,Small,LOC0079,2020-11-22,1,1,AGT00793,2138,Active
MRC003724,Grocery,Micro,LOC0029,2020-02-09,0,0,AGT00383,2425,Active
MRC003725,General Retail,Small,LOC0039,2024-05-06,0,1,AGT00658,877,Active
MRC003726,Pharmacy,Small,LOC0022,2024-01-29,1,1,AGT00103,975,Active
MRC003727,Pharmacy,Micro,LOC0018,2021-08-31,0,1,AGT00109,1856,Active
MRC003728,Education,Micro,LOC0014,2020-05-19,1,1,AGT00418,2325,Active
MRC003729,Electronics,Micro,LOC0108,2024-03-31,1,1,AGT00216,913,Active
MRC003730,Pharmacy,Medium,LOC0009,2021-11-17,1,1,AGT00199,1778,Active
MRC003731,Transport,Micro,LOC0062,2025-10-28,0,1,AGT00438,337,Active
MRC003732,Grocery,Micro,LOC0061,2022-07-30,1,1,AGT00425,1523,Active
MRC003733,Grocery,Micro,LOC0007,2020-01-22,1,0,AGT00157,2443,Active
MRC003734,Grocery,Micro,LOC0102,2023-02-13,1,1,AGT00037,1325,Active
MRC003735,Restaurant,Small,LOC0061,2022-02-15,1,1,AGT00425,1688,Active
MRC003736,General Retail,Small,LOC0016,2021-11-07,1,1,AGT00724,1788,Active
MRC003737,Electronics,Small,LOC0016,2022-03-07,1,1,AGT00100,1668,Active
MRC003738,Healthcare,Medium,LOC0085,2021-11-09,1,0,AGT00329,1786,Active
MRC003739,Restaurant,Micro,LOC0075,2020-08-28,1,1,AGT00156,2224,Active
MRC003740,Healthcare,Small,LOC0050,2025-11-25,1,1,AGT00062,309,Active
MRC003741,General Retail,Small,LOC0049,2020-09-02,1,1,AGT00250,2219,Active
MRC003742,Restaurant,Small,LOC0005,2020-07-13,1,1,AGT00496,2270,Active
MRC003743,General Retail,Medium,LOC0004,2020-07-21,1,1,AGT00584,2262,Active
MRC003744,Transport,Micro,LOC0065,2023-10-05,1,1,AGT00075,1091,Active
MRC003745,Healthcare,Small,LOC0044,2022-06-23,1,1,AGT00615,1560,Active
MRC003746,Pharmacy,Small,LOC0031,2023-11-07,1,1,AGT00573,1058,Active
MRC003747,Transport,Micro,LOC0046,2020-12-07,1,1,AGT00766,2123,Active
MRC003748,Electronics,Medium,LOC0073,2023-07-13,1,1,AGT00126,1175,Active
MRC003749,General Retail,Micro,LOC0036,2024-02-03,1,1,AGT00447,970,Active
MRC003750,General Retail,Micro,LOC0042,2021-11-11,0,0,AGT00248,1784,Active
MRC003751,Restaurant,Small,LOC0034,2025-09-01,1,1,AGT00174,394,Active
MRC003752,General Retail,Small,LOC0080,2023-09-18,0,0,AGT00262,1108,Active
MRC003753,General Retail,Medium,LOC0007,2024-09-23,1,1,AGT00488,737,Active
MRC003754,Education,Medium,LOC0111,2023-09-23,1,1,AGT00164,1103,Active
MRC003755,Grocery,Micro,LOC0067,2023-04-12,1,1,AGT00112,1267,Active
MRC003756,Grocery,Small,LOC0030,2025-08-01,1,1,AGT00411,425,Active
MRC003757,Grocery,Large,LOC0092,2020-10-15,1,0,AGT00539,2176,Active
MRC003758,Grocery,Micro,LOC0113,2023-06-21,0,1,AGT00084,1197,Active
MRC003759,General Retail,Small,LOC0007,2023-10-26,1,0,AGT00488,1070,Active
MRC003760,Pharmacy,Medium,LOC0025,2025-01-25,1,1,AGT00114,613,Active
MRC003761,Transport,Micro,LOC0018,2020-01-03,1,1,AGT00137,2462,Active
MRC003762,Transport,Medium,LOC0009,2020-11-04,1,1,AGT00486,2156,Active
MRC003763,Transport,Small,LOC0089,2023-01-30,1,1,AGT00289,1339,Active
MRC003764,Pharmacy,Medium,LOC0024,2023-12-18,1,1,AGT00566,1017,Active
MRC003765,Education,Small,LOC0047,2023-03-02,1,1,AGT00602,1308,Active
MRC003766,Education,Small,LOC0098,2020-03-19,1,1,AGT00333,2386,Active
MRC003767,Education,Small,LOC0074,2024-08-21,1,1,AGT00668,770,Active
MRC003768,Grocery,Micro,LOC0082,2021-11-13,0,1,AGT00642,1782,Active
MRC003769,Healthcare,Small,LOC0012,2020-07-22,1,1,AGT00016,2261,Active
MRC003770,Grocery,Medium,LOC0117,2021-06-09,1,1,AGT00773,1939,Active
MRC003771,Education,Medium,LOC0010,2020-10-03,1,1,AGT00025,2188,Active
MRC003772,Fashion,Large,LOC0086,2020-04-17,1,1,AGT00469,2357,Active
MRC003773,Pharmacy,Small,LOC0077,2025-08-08,1,1,AGT00611,418,Active
MRC003774,Utility,Small,LOC0050,2024-07-13,1,1,AGT00191,809,Active
MRC003775,Grocery,Small,LOC0101,2025-02-05,1,0,AGT00143,602,Active
MRC003776,General Retail,Small,LOC0108,2022-07-27,1,1,AGT00474,1526,Active
MRC003777,General Retail,Small,LOC0009,2023-07-11,1,1,AGT00127,1177,Active
MRC003778,Restaurant,Micro,LOC0115,2025-09-20,1,0,AGT00108,375,Active
MRC003779,Restaurant,Micro,LOC0029,2022-08-17,1,0,AGT00383,1505,Active
MRC003780,Grocery,Small,LOC0095,2025-05-11,1,1,AGT00183,507,Active
MRC003781,General Retail,Micro,LOC0099,2023-07-12,0,1,AGT00512,1176,Active
MRC003782,Education,Micro,LOC0067,2023-10-09,1,1,AGT00112,1087,Active
MRC003783,Grocery,Micro,LOC0104,2020-08-13,1,1,AGT00272,2239,Active
MRC003784,Electronics,Medium,LOC0100,2021-11-17,1,1,AGT00145,1778,Active
MRC003785,Grocery,Large,LOC0063,2022-03-25,1,1,AGT00033,1650,Active
MRC003786,Education,Small,LOC0022,2020-12-26,1,1,AGT00060,2104,Active
MRC003787,Electronics,Medium,LOC0053,2024-11-18,1,1,AGT00181,681,Active
MRC003788,Grocery,Medium,LOC0109,2024-06-05,1,1,AGT00242,847,Active
MRC003789,Utility,Micro,LOC0025,2021-06-18,1,1,AGT00114,1930,Active
MRC003790,Pharmacy,Micro,LOC0120,2021-06-25,1,1,AGT00434,1923,Active
MRC003791,Electronics,Micro,LOC0022,2025-11-01,1,1,AGT00321,333,Active
MRC003792,Transport,Micro,LOC0080,2024-08-14,1,0,AGT00133,777,Active
MRC003793,General Retail,Small,LOC0077,2024-08-08,1,1,AGT00168,783,Active
MRC003794,Fashion,Micro,LOC0024,2025-12-04,1,1,AGT00268,300,Active
MRC003795,General Retail,Medium,LOC0057,2022-01-03,1,1,AGT00637,1731,Active
MRC003796,Restaurant,Small,LOC0018,2025-08-21,1,1,AGT00237,405,Active
MRC003797,General Retail,Micro,LOC0044,2020-12-05,1,1,AGT00365,2125,Active
MRC003798,Pharmacy,Large,LOC0116,2022-06-17,1,0,AGT00113,1566,Active
MRC003799,Transport,Medium,LOC0007,2021-05-28,1,1,AGT00452,1951,Active
MRC003800,Grocery,Small,LOC0105,2022-12-27,1,1,AGT00564,1373,Active
MRC003801,General Retail,Small,LOC0082,2020-02-27,1,1,AGT00208,2407,Active
MRC003802,General Retail,Large,LOC0090,2024-05-06,1,1,AGT00577,877,Active
MRC003803,Fashion,Small,LOC0034,2022-08-16,1,1,AGT00219,1506,Active
MRC003804,Electronics,Medium,LOC0114,2025-12-03,1,1,AGT00228,301,Active
MRC003805,Education,Micro,LOC0031,2020-12-24,1,1,AGT00116,2106,Active
MRC003806,Pharmacy,Small,LOC0061,2022-07-25,1,1,AGT00428,1528,Active
MRC003807,Transport,Small,LOC0005,2024-11-28,0,1,AGT00496,671,Active
MRC003808,Transport,Micro,LOC0107,2021-01-26,1,1,AGT00414,2073,Active
MRC003809,Electronics,Micro,LOC0085,2020-01-17,1,0,AGT00294,2448,Active
MRC003810,Grocery,Micro,LOC0020,2025-07-21,1,1,AGT00110,436,Active
MRC003811,General Retail,Micro,LOC0080,2020-11-26,0,1,AGT00758,2134,Active
MRC003812,Grocery,Micro,LOC0022,2021-07-22,0,0,AGT00787,1896,Active
MRC003813,Education,Small,LOC0054,2023-11-04,1,0,AGT00331,1061,Active
MRC003814,Grocery,Medium,LOC0062,2022-03-02,0,1,AGT00487,1673,Active
MRC003815,Grocery,Small,LOC0112,2021-04-06,1,1,AGT00746,2003,Active
MRC003816,Grocery,Small,LOC0040,2023-02-04,1,1,AGT00266,1334,Active
MRC003817,Restaurant,Micro,LOC0002,2021-12-22,0,1,AGT00617,1743,Active
MRC003818,Transport,Medium,LOC0052,2025-09-03,0,1,AGT00740,392,Active
MRC003819,Electronics,Micro,LOC0112,2020-06-05,1,1,AGT00151,2308,Active
MRC003820,Transport,Micro,LOC0096,2020-06-08,1,1,AGT00721,2305,Active
MRC003821,Transport,Small,LOC0008,2024-09-14,1,1,AGT00547,746,Active
MRC003822,Grocery,Medium,LOC0007,2023-02-08,1,1,AGT00488,1330,Active
MRC003823,Grocery,Large,LOC0091,2024-07-14,1,1,AGT00780,808,Active
MRC003824,Education,Small,LOC0087,2023-07-28,1,1,AGT00193,1160,Active
MRC003825,Transport,Small,LOC0067,2024-04-25,1,0,AGT00112,888,Active
MRC003826,Electronics,Small,LOC0011,2020-10-22,0,1,AGT00540,2169,Active
MRC003827,Pharmacy,Small,LOC0034,2021-10-21,1,1,AGT00283,1805,Active
MRC003828,Utility,Micro,LOC0102,2020-11-26,1,1,AGT00018,2134,Active
MRC003829,Grocery,Micro,LOC0017,2021-03-21,0,1,AGT00381,2019,Active
MRC003830,Transport,Large,LOC0025,2021-08-11,1,1,AGT00290,1876,Active
MRC003831,Grocery,Large,LOC0055,2024-12-18,1,1,AGT00565,651,Active
MRC003832,Transport,Micro,LOC0089,2020-12-31,0,1,AGT00518,2099,Active
MRC003833,Restaurant,Micro,LOC0100,2021-04-11,1,1,AGT00145,1998,Active
MRC003834,Healthcare,Micro,LOC0072,2025-03-21,1,1,AGT00619,558,Active
MRC003835,Grocery,Small,LOC0060,2025-06-09,1,1,AGT00714,478,Active
MRC003836,Electronics,Micro,LOC0047,2021-05-30,0,1,AGT00390,1949,Active
MRC003837,Grocery,Small,LOC0006,2023-08-18,1,1,AGT00696,1139,Active
MRC003838,Transport,Micro,LOC0033,2024-01-01,1,1,AGT00751,1003,Active
MRC003839,Grocery,Micro,LOC0026,2023-08-04,1,0,AGT00163,1153,Active
MRC003840,Grocery,Micro,LOC0007,2020-10-09,1,1,AGT00150,2182,Active
MRC003841,Healthcare,Small,LOC0090,2023-10-15,1,1,AGT00346,1081,Active
MRC003842,Grocery,Micro,LOC0043,2023-10-01,0,1,AGT00759,1095,Active
MRC003843,Pharmacy,Small,LOC0062,2023-07-29,1,1,AGT00487,1159,Active
MRC003844,General Retail,Small,LOC0025,2025-08-21,1,1,AGT00648,405,Active
MRC003845,Utility,Small,LOC0071,2025-09-27,1,1,AGT00638,368,Active
MRC003846,General Retail,Micro,LOC0017,2023-06-26,1,1,AGT00069,1192,Active
MRC003847,Restaurant,Small,LOC0082,2025-11-11,1,1,AGT00147,323,Active
MRC003848,Electronics,Micro,LOC0089,2021-06-08,0,1,AGT00034,1940,Active
MRC003849,Utility,Small,LOC0038,2023-06-04,0,1,AGT00608,1214,Active
MRC003850,Grocery,Small,LOC0026,2022-12-19,1,1,AGT00776,1381,Active
MRC003851,Healthcare,Medium,LOC0094,2023-12-14,1,1,AGT00777,1021,Active
MRC003852,Grocery,Large,LOC0027,2021-05-24,0,1,AGT00013,1955,Active
MRC003853,General Retail,Small,LOC0022,2023-05-28,1,1,AGT00657,1221,Active
MRC003854,Transport,Medium,LOC0041,2025-10-01,1,1,AGT00635,364,Active
MRC003855,Fashion,Micro,LOC0116,2023-01-16,1,1,AGT00537,1353,Active
MRC003856,Fashion,Small,LOC0056,2024-11-25,1,1,AGT00448,674,Active
MRC003857,Grocery,Micro,LOC0032,2022-05-27,1,1,AGT00056,1587,Active
MRC003858,Restaurant,Micro,LOC0062,2022-08-04,1,1,AGT00438,1518,Active
MRC003859,Healthcare,Small,LOC0042,2023-02-15,1,1,AGT00204,1323,Active
MRC003860,Electronics,Small,LOC0080,2023-08-29,1,1,AGT00262,1128,Active
MRC003861,Electronics,Small,LOC0053,2022-05-25,1,1,AGT00739,1589,Active
MRC003862,Grocery,Medium,LOC0071,2021-11-22,0,1,AGT00364,1773,Active
MRC003863,Transport,Small,LOC0053,2020-09-15,1,1,AGT00098,2206,Active
MRC003864,Restaurant,Medium,LOC0058,2020-03-15,1,1,AGT00352,2390,Active
MRC003865,Grocery,Medium,LOC0054,2025-06-19,0,1,AGT00556,468,Active
MRC003866,General Retail,Medium,LOC0048,2022-01-06,1,1,AGT00548,1728,Active
MRC003867,Electronics,Micro,LOC0116,2025-06-16,1,1,AGT00113,471,Active
MRC003868,Electronics,Small,LOC0032,2023-06-20,1,0,AGT00253,1198,Active
MRC003869,General Retail,Small,LOC0097,2021-07-12,1,1,AGT00671,1906,Active
MRC003870,Restaurant,Large,LOC0086,2022-09-19,0,1,AGT00068,1472,Active
MRC003871,General Retail,Micro,LOC0064,2021-02-16,0,1,AGT00165,2052,Active
MRC003872,Transport,Micro,LOC0039,2020-07-02,1,1,AGT00700,2281,Active
MRC003873,Transport,Micro,LOC0059,2020-02-20,0,1,AGT00092,2414,Active
MRC003874,Pharmacy,Micro,LOC0102,2021-12-08,1,1,AGT00323,1757,Active
MRC003875,Grocery,Medium,LOC0022,2021-12-07,1,1,AGT00544,1758,Active
MRC003876,Fashion,Micro,LOC0071,2021-02-27,1,1,AGT00519,2041,Active
MRC003877,Grocery,Micro,LOC0092,2024-07-26,1,0,AGT00281,796,Active
MRC003878,Grocery,Small,LOC0077,2024-02-28,1,1,AGT00359,945,Active
MRC003879,Education,Small,LOC0018,2023-12-03,0,1,AGT00504,1032,Active
MRC003880,Healthcare,Micro,LOC0062,2021-07-05,1,1,AGT00438,1913,Active
MRC003881,Grocery,Small,LOC0022,2023-11-11,1,1,AGT00652,1054,Active
MRC003882,Healthcare,Small,LOC0112,2025-02-16,1,0,AGT00402,591,Active
MRC003883,General Retail,Large,LOC0043,2021-03-08,1,1,AGT00005,2032,Active
MRC003884,Healthcare,Small,LOC0051,2021-06-23,1,1,AGT00669,1925,Active
MRC003885,Utility,Large,LOC0103,2022-05-29,0,1,AGT00551,1585,Active
MRC003886,Transport,Micro,LOC0052,2020-09-08,0,0,AGT00015,2213,Active
MRC003887,Pharmacy,Small,LOC0024,2021-03-23,1,1,AGT00640,2017,Active
MRC003888,Restaurant,Small,LOC0108,2020-07-29,1,0,AGT00645,2254,Active
MRC003889,General Retail,Small,LOC0078,2024-05-29,1,1,AGT00622,854,Active
MRC003890,Transport,Small,LOC0073,2025-04-07,0,1,AGT00588,541,Active
MRC003891,Utility,Micro,LOC0010,2023-12-02,1,1,AGT00653,1033,Active
MRC003892,General Retail,Micro,LOC0054,2020-12-30,1,1,AGT00556,2100,Active
MRC003893,Pharmacy,Medium,LOC0056,2020-06-06,1,1,AGT00528,2307,Active
MRC003894,Restaurant,Medium,LOC0032,2025-04-21,1,1,AGT00592,527,Active
MRC003895,Transport,Micro,LOC0068,2020-11-04,1,1,AGT00610,2156,Active
MRC003896,Grocery,Small,LOC0030,2023-02-06,0,1,AGT00066,1332,Active
MRC003897,Education,Small,LOC0057,2021-01-25,1,1,AGT00701,2074,Active
MRC003898,Utility,Small,LOC0097,2021-11-17,1,1,AGT00671,1778,Active
MRC003899,Education,Micro,LOC0089,2025-08-08,1,1,AGT00232,418,Active
MRC003900,Restaurant,Medium,LOC0034,2023-01-24,1,1,AGT00283,1345,Active
MRC003901,Healthcare,Small,LOC0025,2025-06-06,1,1,AGT00114,481,Active
MRC003902,Grocery,Small,LOC0001,2023-12-06,1,1,AGT00170,1029,Active
MRC003903,General Retail,Small,LOC0042,2021-06-06,1,1,AGT00204,1942,Active
MRC003904,Grocery,Small,LOC0003,2021-11-14,1,1,AGT00264,1781,Active
MRC003905,General Retail,Micro,LOC0016,2021-09-30,1,1,AGT00724,1826,Active
MRC003906,Fashion,Medium,LOC0118,2022-01-03,1,1,AGT00444,1731,Active
MRC003907,Fashion,Micro,LOC0103,2025-11-15,0,1,AGT00493,319,Active
MRC003908,Electronics,Medium,LOC0068,2022-06-23,1,1,AGT00149,1560,Active
MRC003909,Pharmacy,Medium,LOC0093,2023-01-23,1,0,AGT00749,1346,Active
MRC003910,Fashion,Small,LOC0059,2022-10-20,1,1,AGT00330,1441,Active
MRC003911,General Retail,Small,LOC0073,2024-09-09,1,1,AGT00357,751,Active
MRC003912,Utility,Micro,LOC0111,2021-09-27,1,1,AGT00340,1829,Active
MRC003913,Grocery,Small,LOC0010,2022-04-30,0,1,AGT00653,1614,Active
MRC003914,Transport,Small,LOC0043,2023-07-21,1,1,AGT00005,1167,Active
MRC003915,General Retail,Micro,LOC0015,2025-08-16,1,1,AGT00684,410,Active
MRC003916,Utility,Micro,LOC0096,2025-07-20,1,1,AGT00154,437,Active
MRC003917,Fashion,Large,LOC0099,2023-10-25,1,1,AGT00512,1071,Active
MRC003918,Grocery,Micro,LOC0087,2022-09-30,1,1,AGT00193,1461,Active
MRC003919,General Retail,Micro,LOC0074,2019-12-31,1,1,AGT00668,2465,Active
MRC003920,Restaurant,Micro,LOC0058,2021-08-20,0,1,AGT00413,1867,Active
MRC003921,Restaurant,Small,LOC0003,2023-01-22,1,0,AGT00435,1347,Active
MRC003922,Healthcare,Small,LOC0093,2024-03-04,1,1,AGT00749,940,Active
MRC003923,Pharmacy,Small,LOC0108,2024-12-14,1,0,AGT00216,655,Active
MRC003924,General Retail,Small,LOC0116,2025-02-13,0,1,AGT00291,594,Active
MRC003925,Grocery,Micro,LOC0042,2025-07-13,1,1,AGT00152,444,Active
MRC003926,Healthcare,Small,LOC0025,2020-07-04,0,1,AGT00648,2279,Active
MRC003927,General Retail,Micro,LOC0079,2025-11-13,1,1,AGT00061,321,Active
MRC003928,General Retail,Medium,LOC0003,2020-10-17,1,1,AGT00264,2174,Active
MRC003929,General Retail,Micro,LOC0008,2022-06-22,1,1,AGT00699,1561,Active
MRC003930,General Retail,Micro,LOC0099,2022-04-06,0,1,AGT00512,1638,Active
MRC003931,Pharmacy,Small,LOC0115,2020-03-24,1,1,AGT00296,2381,Active
MRC003932,General Retail,Micro,LOC0049,2021-04-04,1,1,AGT00040,2005,Active
MRC003933,General Retail,Small,LOC0061,2025-01-30,1,1,AGT00771,608,Active
MRC003934,Electronics,Small,LOC0066,2020-03-02,1,1,AGT00517,2403,Active
MRC003935,Restaurant,Medium,LOC0017,2024-11-28,1,1,AGT00010,671,Active
MRC003936,Grocery,Micro,LOC0027,2022-07-23,0,1,AGT00568,1530,Active
MRC003937,Education,Small,LOC0036,2022-02-17,0,1,AGT00081,1686,Active
MRC003938,Transport,Small,LOC0102,2024-07-02,1,1,AGT00342,820,Active
MRC003939,Restaurant,Micro,LOC0053,2022-03-11,0,1,AGT00181,1664,Active
MRC003940,Restaurant,Small,LOC0087,2022-02-21,1,1,AGT00077,1682,Active
MRC003941,Education,Medium,LOC0024,2020-02-06,1,1,AGT00685,2428,Active
MRC003942,Grocery,Small,LOC0115,2020-06-28,1,1,AGT00563,2285,Active
MRC003943,General Retail,Medium,LOC0107,2023-07-28,1,1,AGT00626,1160,Active
MRC003944,Pharmacy,Small,LOC0058,2021-11-01,1,1,AGT00106,1794,Active
MRC003945,Grocery,Small,LOC0028,2021-01-19,1,1,AGT00349,2080,Active
MRC003946,Grocery,Medium,LOC0118,2025-10-21,1,0,AGT00444,344,Active
MRC003947,General Retail,Micro,LOC0097,2021-11-12,1,0,AGT00741,1783,Active
MRC003948,General Retail,Small,LOC0062,2020-06-23,1,1,AGT00487,2290,Active
MRC003949,Grocery,Small,LOC0033,2025-03-30,1,1,AGT00751,549,Active
MRC003950,Grocery,Medium,LOC0075,2021-06-15,1,1,AGT00567,1933,Active
MRC003951,Fashion,Medium,LOC0045,2025-08-08,1,0,AGT00761,418,Active
MRC003952,Grocery,Micro,LOC0081,2023-07-23,1,1,AGT00737,1165,Active
MRC003953,Healthcare,Small,LOC0100,2021-01-22,0,0,AGT00161,2077,Active
MRC003954,Grocery,Micro,LOC0059,2020-01-21,0,0,AGT00472,2444,Active
MRC003955,Electronics,Small,LOC0006,2021-08-10,1,0,AGT00045,1877,Active
MRC003956,Restaurant,Small,LOC0068,2021-08-24,0,1,AGT00610,1863,Active
MRC003957,Fashion,Micro,LOC0104,2024-05-30,1,0,AGT00372,853,Active
MRC003958,Fashion,Medium,LOC0027,2021-01-09,1,1,AGT00415,2090,Active
MRC003959,Grocery,Small,LOC0116,2022-01-08,0,1,AGT00317,1726,Active
MRC003960,Pharmacy,Small,LOC0044,2020-04-27,1,1,AGT00230,2347,Active
MRC003961,Grocery,Large,LOC0083,2022-05-10,1,1,AGT00430,1604,Active
MRC003962,Grocery,Small,LOC0085,2025-09-22,1,1,AGT00315,373,Active
MRC003963,General Retail,Small,LOC0022,2022-11-27,1,1,AGT00544,1403,Active
MRC003964,Pharmacy,Micro,LOC0005,2021-04-30,1,1,AGT00377,1979,Active
MRC003965,Restaurant,Micro,LOC0114,2021-04-01,1,1,AGT00395,2008,Active
MRC003966,Grocery,Micro,LOC0085,2023-08-26,0,1,AGT00329,1131,Active
MRC003967,Healthcare,Micro,LOC0076,2024-12-09,1,1,AGT00742,660,Active
MRC003968,General Retail,Micro,LOC0037,2020-10-06,1,1,AGT00361,2185,Active
MRC003969,Utility,Small,LOC0013,2021-01-14,1,1,AGT00678,2085,Active
MRC003970,Education,Small,LOC0033,2020-09-14,0,1,AGT00604,2207,Active
MRC003971,Utility,Micro,LOC0066,2021-12-13,1,1,AGT00022,1752,Active
MRC003972,Restaurant,Small,LOC0084,2021-01-02,1,1,AGT00249,2097,Active
MRC003973,General Retail,Medium,LOC0039,2023-07-21,1,1,AGT00457,1167,Active
MRC003974,Utility,Micro,LOC0026,2021-04-20,1,1,AGT00534,1989,Active
MRC003975,Grocery,Small,LOC0030,2023-01-16,1,1,AGT00411,1353,Active
MRC003976,Fashion,Micro,LOC0116,2021-03-18,1,1,AGT00687,2022,Active
MRC003977,Pharmacy,Small,LOC0076,2025-02-01,1,0,AGT00533,606,Active
MRC003978,Grocery,Small,LOC0119,2024-03-10,1,1,AGT00136,934,Active
MRC003979,General Retail,Micro,LOC0001,2024-09-05,1,1,AGT00170,755,Active
MRC003980,Grocery,Micro,LOC0055,2023-07-13,1,1,AGT00093,1175,Active
MRC003981,Healthcare,Medium,LOC0055,2021-02-02,1,1,AGT00093,2066,Active
MRC003982,General Retail,Micro,LOC0049,2025-04-10,0,1,AGT00399,538,Active
MRC003983,Fashion,Small,LOC0047,2021-08-04,1,0,AGT00748,1883,Active
MRC003984,Restaurant,Small,LOC0010,2020-12-29,1,1,AGT00025,2101,Active
MRC003985,Education,Micro,LOC0004,2021-12-12,1,1,AGT00643,1753,Active
MRC003986,Utility,Small,LOC0094,2022-02-05,1,1,AGT00270,1698,Active
MRC003987,Pharmacy,Small,LOC0053,2025-02-18,0,0,AGT00739,589,Active
MRC003988,Pharmacy,Micro,LOC0020,2022-04-19,1,1,AGT00543,1625,Active
MRC003989,Education,Medium,LOC0042,2024-08-10,1,1,AGT00248,781,Active
MRC003990,General Retail,Small,LOC0112,2024-06-28,1,1,AGT00667,824,Active
MRC003991,Restaurant,Small,LOC0057,2020-10-22,1,1,AGT00200,2169,Active
MRC003992,Restaurant,Micro,LOC0119,2022-04-14,1,1,AGT00553,1630,Active
MRC003993,General Retail,Micro,LOC0020,2020-01-08,0,1,AGT00115,2457,Active
MRC003994,Grocery,Small,LOC0015,2023-03-30,1,1,AGT00684,1280,Active
MRC003995,Grocery,Small,LOC0068,2023-10-28,1,0,AGT00600,1068,Active
MRC003996,Education,Micro,LOC0082,2020-01-04,1,1,AGT00459,2461,Active
MRC003997,Grocery,Small,LOC0118,2022-03-28,1,1,AGT00306,1647,Active
MRC003998,Grocery,Small,LOC0056,2020-10-19,0,0,AGT00756,2172,Active
MRC003999,Education,Micro,LOC0025,2025-09-11,1,1,AGT00648,384,Active
MRC004000,Transport,Small,LOC0065,2022-10-25,1,1,AGT00096,1436,Active
MRC004001,Electronics,Small,LOC0037,2021-01-27,1,1,AGT00641,2072,Active
MRC004002,Restaurant,Small,LOC0022,2021-02-15,0,1,AGT00206,2053,Active
MRC004003,Education,Small,LOC0011,2021-09-07,1,1,AGT00105,1849,Active
MRC004004,Transport,Small,LOC0087,2024-12-23,1,1,AGT00305,646,Active
MRC004005,Utility,Medium,LOC0078,2022-09-10,0,1,AGT00535,1481,Active
MRC004006,Utility,Medium,LOC0020,2025-05-10,1,1,AGT00269,508,Active
MRC004007,Transport,Micro,LOC0068,2021-03-01,0,1,AGT00610,2039,Active
MRC004008,General Retail,Small,LOC0107,2022-03-11,1,0,AGT00265,1664,Active
MRC004009,General Retail,Medium,LOC0099,2024-10-20,1,1,AGT00462,710,Active
MRC004010,Grocery,Medium,LOC0055,2021-08-12,0,1,AGT00354,1875,Active
MRC004011,General Retail,Micro,LOC0007,2021-08-29,1,1,AGT00153,1858,Active
MRC004012,General Retail,Micro,LOC0077,2025-08-24,0,0,AGT00159,402,Active
MRC004013,Restaurant,Micro,LOC0062,2025-06-06,1,1,AGT00240,481,Active
MRC004014,Grocery,Medium,LOC0111,2024-10-04,1,1,AGT00164,726,Active
MRC004015,Education,Medium,LOC0067,2025-07-17,0,1,AGT00426,440,Active
MRC004016,Fashion,Medium,LOC0089,2022-10-01,0,1,AGT00140,1460,Active
MRC004017,Healthcare,Micro,LOC0064,2020-09-12,1,1,AGT00222,2209,Active
MRC004018,Electronics,Medium,LOC0065,2025-08-02,0,0,AGT00525,424,Active
MRC004019,Grocery,Micro,LOC0039,2022-04-15,1,1,AGT00124,1629,Active
MRC004020,Pharmacy,Small,LOC0049,2023-06-05,1,1,AGT00683,1213,Active
MRC004021,General Retail,Micro,LOC0036,2020-12-16,0,0,AGT00036,2114,Active
MRC004022,Grocery,Small,LOC0056,2023-01-29,1,0,AGT00528,1340,Active
MRC004023,Healthcare,Small,LOC0115,2021-12-17,0,1,AGT00104,1748,Active
MRC004024,Restaurant,Micro,LOC0042,2020-06-12,1,0,AGT00501,2301,Active
MRC004025,Fashion,Micro,LOC0056,2025-02-23,1,1,AGT00681,584,Active
MRC004026,Electronics,Medium,LOC0114,2024-01-28,0,1,AGT00228,976,Active
MRC004027,Pharmacy,Micro,LOC0019,2024-05-07,1,1,AGT00396,876,Active
MRC004028,Transport,Small,LOC0031,2024-12-14,1,1,AGT00362,655,Active
MRC004029,Transport,Micro,LOC0060,2022-02-01,1,0,AGT00712,1702,Active
MRC004030,Grocery,Micro,LOC0050,2025-12-01,0,1,AGT00464,303,Active
MRC004031,Restaurant,Micro,LOC0041,2023-08-27,1,1,AGT00334,1130,Active
MRC004032,Healthcare,Small,LOC0094,2025-03-27,0,0,AGT00777,552,Active
MRC004033,Healthcare,Small,LOC0060,2022-04-13,0,1,AGT00185,1631,Active
MRC004034,Electronics,Micro,LOC0044,2021-06-21,0,1,AGT00230,1927,Active
MRC004035,Utility,Medium,LOC0058,2023-03-03,1,1,AGT00352,1307,Active
MRC004036,Grocery,Micro,LOC0107,2023-04-20,0,1,AGT00672,1259,Active
MRC004037,Grocery,Small,LOC0119,2023-04-10,0,1,AGT00213,1269,Active
MRC004038,Transport,Micro,LOC0030,2024-10-09,1,1,AGT00427,721,Active
MRC004039,Transport,Medium,LOC0005,2023-09-19,1,1,AGT00083,1107,Active
MRC004040,Utility,Micro,LOC0004,2020-05-19,1,0,AGT00043,2325,Active
MRC004041,Grocery,Small,LOC0054,2025-09-19,1,1,AGT00331,376,Active
MRC004042,Electronics,Small,LOC0076,2021-04-02,1,1,AGT00742,2007,Active
MRC004043,Transport,Small,LOC0007,2024-12-23,1,1,AGT00153,646,Active
MRC004044,Pharmacy,Medium,LOC0061,2025-04-12,1,0,AGT00425,536,Active
MRC004045,Electronics,Micro,LOC0048,2024-04-02,1,1,AGT00177,911,Active
MRC004046,Transport,Small,LOC0112,2024-05-09,1,1,AGT00786,874,Active
MRC004047,Pharmacy,Medium,LOC0073,2024-01-27,1,1,AGT00047,977,Active
MRC004048,Restaurant,Medium,LOC0051,2020-11-17,0,1,AGT00594,2143,Active
MRC004049,Pharmacy,Small,LOC0071,2020-07-20,1,1,AGT00239,2263,Active
MRC004050,General Retail,Small,LOC0017,2021-10-27,1,1,AGT00381,1799,Active
MRC004051,Pharmacy,Small,LOC0058,2025-02-01,1,1,AGT00413,606,Active
MRC004052,Grocery,Small,LOC0040,2020-04-21,1,1,AGT00266,2353,Active
MRC004053,Grocery,Medium,LOC0022,2020-11-22,1,1,AGT00057,2138,Active
MRC004054,Grocery,Medium,LOC0048,2025-07-04,1,1,AGT00516,453,Active
MRC004055,Grocery,Small,LOC0077,2023-08-24,1,1,AGT00159,1133,Active
MRC004056,Education,Small,LOC0070,2021-04-28,1,1,AGT00800,1981,Active
MRC004057,Grocery,Small,LOC0116,2025-06-06,1,1,AGT00687,481,Active
MRC004058,Pharmacy,Micro,LOC0033,2025-07-04,1,1,AGT00751,453,Active
MRC004059,Grocery,Medium,LOC0084,2022-05-03,0,1,AGT00385,1611,Active
MRC004060,Restaurant,Small,LOC0067,2023-12-13,0,1,AGT00205,1022,Active
MRC004061,Grocery,Micro,LOC0105,2023-04-28,1,1,AGT00279,1251,Active
MRC004062,Education,Small,LOC0109,2021-06-21,1,1,AGT00461,1927,Active
MRC004063,Transport,Micro,LOC0085,2022-09-14,1,1,AGT00329,1477,Active
MRC004064,Healthcare,Micro,LOC0051,2021-09-16,1,1,AGT00450,1840,Active
MRC004065,Pharmacy,Small,LOC0065,2025-03-17,0,1,AGT00510,562,Active
MRC004066,General Retail,Small,LOC0079,2025-12-13,1,1,AGT00432,291,Active
MRC004067,Transport,Small,LOC0097,2024-06-16,1,1,AGT00741,836,Active
MRC004068,Grocery,Micro,LOC0028,2024-10-02,0,1,AGT00051,728,Active
MRC004069,Fashion,Small,LOC0105,2024-01-09,1,1,AGT00117,995,Active
MRC004070,Utility,Micro,LOC0097,2021-04-21,0,1,AGT00741,1988,Active
MRC004071,Restaurant,Medium,LOC0011,2025-01-19,1,1,AGT00207,619,Active
MRC004072,Restaurant,Micro,LOC0033,2025-03-17,1,1,AGT00604,562,Active
MRC004073,Education,Medium,LOC0029,2024-10-05,1,1,AGT00356,725,Active
MRC004074,Grocery,Micro,LOC0070,2024-01-04,1,1,AGT00704,1000,Active
MRC004075,General Retail,Micro,LOC0026,2024-10-12,1,0,AGT00451,718,Active
MRC004076,Grocery,Small,LOC0037,2024-11-11,0,1,AGT00361,688,Active
MRC004077,Grocery,Small,LOC0023,2022-06-30,1,1,AGT00559,1553,Active
MRC004078,Grocery,Medium,LOC0009,2025-04-18,1,1,AGT00765,530,Active
MRC004079,Restaurant,Small,LOC0056,2025-01-15,1,1,AGT00363,623,Active
MRC004080,General Retail,Micro,LOC0039,2020-12-15,1,1,AGT00257,2115,Active
MRC004081,Utility,Micro,LOC0061,2025-11-08,1,0,AGT00771,326,Active
MRC004082,General Retail,Small,LOC0026,2025-08-05,1,1,AGT00534,421,Active
MRC004083,Electronics,Small,LOC0035,2025-07-19,1,1,AGT00403,438,Active
MRC004084,Fashion,Medium,LOC0108,2022-10-03,0,1,AGT00235,1458,Active
MRC004085,Restaurant,Small,LOC0097,2021-10-21,1,1,AGT00741,1805,Active
MRC004086,Grocery,Small,LOC0032,2021-10-26,1,0,AGT00056,1800,Active
MRC004087,General Retail,Medium,LOC0020,2021-11-01,0,1,AGT00024,1794,Active
MRC004088,Fashion,Micro,LOC0117,2025-08-14,1,1,AGT00753,412,Active
MRC004089,Fashion,Small,LOC0082,2023-11-26,0,1,AGT00459,1039,Active
MRC004090,Electronics,Medium,LOC0060,2022-03-04,1,1,AGT00714,1671,Active
MRC004091,Utility,Small,LOC0084,2021-11-18,1,0,AGT00385,1777,Active
MRC004092,Pharmacy,Small,LOC0027,2023-12-19,0,1,AGT00368,1016,Active
MRC004093,Transport,Medium,LOC0052,2020-11-23,1,1,AGT00015,2137,Active
MRC004094,Healthcare,Micro,LOC0047,2020-12-22,0,1,AGT00755,2108,Active
MRC004095,General Retail,Medium,LOC0087,2021-05-20,0,1,AGT00238,1959,Active
MRC004096,Grocery,Small,LOC0023,2021-03-11,1,1,AGT00559,2029,Active
MRC004097,Grocery,Small,LOC0059,2020-02-17,0,1,AGT00330,2417,Active
MRC004098,Fashion,Micro,LOC0101,2021-03-19,1,1,AGT00107,2021,Active
MRC004099,General Retail,Small,LOC0024,2022-06-17,1,1,AGT00394,1566,Active
MRC004100,General Retail,Micro,LOC0015,2023-07-30,1,1,AGT00443,1158,Active
MRC004101,Education,Micro,LOC0099,2023-10-18,1,0,AGT00139,1078,Active
MRC004102,Pharmacy,Small,LOC0105,2021-01-15,1,1,AGT00072,2084,Active
MRC004103,Grocery,Micro,LOC0052,2024-03-11,1,1,AGT00740,933,Active
MRC004104,Transport,Small,LOC0006,2022-03-12,1,1,AGT00586,1663,Active
MRC004105,Pharmacy,Micro,LOC0065,2022-12-15,1,1,AGT00484,1385,Active
MRC004106,Electronics,Micro,LOC0036,2023-09-12,1,1,AGT00081,1114,Active
MRC004107,General Retail,Micro,LOC0071,2023-04-08,1,1,AGT00364,1271,Active
MRC004108,Restaurant,Small,LOC0017,2025-06-24,0,1,AGT00384,463,Active
MRC004109,Restaurant,Micro,LOC0097,2021-09-19,1,0,AGT00671,1837,Active
MRC004110,Grocery,Micro,LOC0083,2025-07-25,0,1,AGT00441,432,Active
MRC004111,Pharmacy,Small,LOC0078,2025-07-09,1,1,AGT00189,448,Active
MRC004112,Transport,Small,LOC0062,2024-06-16,1,1,AGT00487,836,Active
MRC004113,Restaurant,Small,LOC0027,2022-10-14,0,1,AGT00568,1447,Active
MRC004114,Grocery,Micro,LOC0113,2024-03-03,1,1,AGT00322,941,Active
MRC004115,Grocery,Medium,LOC0032,2020-09-11,1,1,AGT00253,2210,Active
MRC004116,Grocery,Small,LOC0044,2020-05-31,1,1,AGT00660,2313,Active
MRC004117,Transport,Small,LOC0112,2023-08-11,1,1,AGT00746,1146,Active
MRC004118,Education,Micro,LOC0005,2019-12-25,1,1,AGT00496,2471,Active
MRC004119,Electronics,Micro,LOC0016,2025-06-06,1,1,AGT00100,481,Active
MRC004120,Electronics,Small,LOC0092,2025-02-07,1,1,AGT00350,600,Active
MRC004121,Grocery,Micro,LOC0045,2023-11-20,1,0,AGT00031,1045,Active
MRC004122,Electronics,Small,LOC0070,2020-04-28,1,1,AGT00297,2346,Active
MRC004123,Grocery,Micro,LOC0070,2022-12-13,1,1,AGT00297,1387,Active
MRC004124,General Retail,Micro,LOC0100,2021-09-26,1,1,AGT00598,1830,Active
MRC004125,Grocery,Micro,LOC0075,2022-01-21,1,1,AGT00591,1713,Active
MRC004126,Fashion,Micro,LOC0052,2022-12-24,1,1,AGT00740,1376,Active
MRC004127,Grocery,Small,LOC0066,2020-05-22,1,1,AGT00311,2322,Active
MRC004128,Utility,Micro,LOC0089,2020-04-02,0,0,AGT00232,2372,Active
MRC004129,Grocery,Small,LOC0046,2023-04-13,1,1,AGT00119,1266,Active
MRC004130,General Retail,Micro,LOC0021,2021-09-10,1,1,AGT00502,1846,Active
MRC004131,Grocery,Small,LOC0059,2022-03-25,1,1,AGT00590,1650,Active
MRC004132,General Retail,Medium,LOC0120,2022-05-30,1,1,AGT00347,1584,Active
MRC004133,Transport,Medium,LOC0014,2025-05-10,1,1,AGT00418,508,Active
MRC004134,Pharmacy,Small,LOC0021,2024-09-16,1,1,AGT00471,744,Active
MRC004135,Pharmacy,Small,LOC0120,2020-01-15,1,1,AGT00434,2450,Active
MRC004136,Restaurant,Small,LOC0100,2024-07-01,1,1,AGT00598,821,Active
MRC004137,General Retail,Medium,LOC0015,2022-01-23,0,1,AGT00120,1711,Active
MRC004138,General Retail,Small,LOC0026,2020-07-05,1,1,AGT00697,2278,Active
MRC004139,Grocery,Micro,LOC0083,2022-05-11,1,1,AGT00441,1603,Active
MRC004140,Restaurant,Small,LOC0094,2024-09-04,1,0,AGT00088,756,Active
MRC004141,Pharmacy,Micro,LOC0089,2020-10-26,1,1,AGT00232,2165,Active
MRC004142,Grocery,Small,LOC0104,2025-10-08,1,0,AGT00272,357,Active
MRC004143,Transport,Micro,LOC0061,2021-08-20,1,1,AGT00428,1867,Active
MRC004144,Restaurant,Micro,LOC0106,2024-05-15,1,1,AGT00316,868,Active
MRC004145,Pharmacy,Small,LOC0072,2022-02-17,1,1,AGT00619,1686,Active
MRC004146,General Retail,Small,LOC0058,2023-02-01,0,1,AGT00352,1337,Active
MRC004147,Healthcare,Small,LOC0077,2022-07-23,1,0,AGT00168,1530,Active
MRC004148,Utility,Medium,LOC0052,2023-09-05,1,1,AGT00740,1121,Active
MRC004149,Grocery,Medium,LOC0073,2022-10-19,1,1,AGT00387,1442,Active
MRC004150,General Retail,Small,LOC0101,2020-05-13,0,1,AGT00039,2331,Active
MRC004151,Education,Large,LOC0115,2021-01-07,0,1,AGT00202,2092,Active
MRC004152,Electronics,Micro,LOC0070,2023-06-17,1,1,AGT00735,1201,Active
MRC004153,Grocery,Micro,LOC0001,2020-05-01,1,1,AGT00087,2343,Active
MRC004154,General Retail,Medium,LOC0075,2020-08-23,1,1,AGT00400,2229,Active
MRC004155,Electronics,Small,LOC0031,2022-03-18,1,1,AGT00362,1657,Active
MRC004156,General Retail,Medium,LOC0029,2022-05-28,1,1,AGT00467,1586,Active
MRC004157,Transport,Micro,LOC0106,2025-10-01,0,1,AGT00478,364,Active
MRC004158,Utility,Micro,LOC0054,2022-10-29,1,1,AGT00331,1432,Active
MRC004159,Transport,Micro,LOC0095,2024-09-09,1,1,AGT00410,751,Active
MRC004160,General Retail,Small,LOC0045,2025-01-01,1,1,AGT00589,637,Active
MRC004161,Pharmacy,Medium,LOC0073,2020-10-29,1,1,AGT00126,2162,Active
MRC004162,Pharmacy,Small,LOC0080,2024-05-04,0,1,AGT00224,879,Active
MRC004163,Healthcare,Micro,LOC0108,2022-04-13,0,1,AGT00235,1631,Active
MRC004164,Electronics,Micro,LOC0024,2020-10-10,1,1,AGT00566,2181,Active
MRC004165,Education,Micro,LOC0068,2022-05-21,0,1,AGT00600,1593,Active
MRC004166,Transport,Small,LOC0049,2021-04-18,1,0,AGT00337,1991,Active
MRC004167,Electronics,Small,LOC0056,2021-04-29,1,1,AGT00681,1980,Active
MRC004168,Utility,Micro,LOC0102,2023-04-15,1,1,AGT00210,1264,Active
MRC004169,Restaurant,Small,LOC0017,2020-06-12,1,0,AGT00552,2301,Active
MRC004170,General Retail,Small,LOC0066,2020-07-10,0,1,AGT00292,2273,Active
MRC004171,Grocery,Micro,LOC0047,2023-12-11,1,1,AGT00774,1024,Active
MRC004172,Transport,Small,LOC0108,2021-01-23,1,1,AGT00645,2076,Active
MRC004173,General Retail,Small,LOC0026,2024-11-13,1,1,AGT00636,686,Active
MRC004174,Pharmacy,Small,LOC0028,2025-04-17,1,1,AGT00489,531,Active
MRC004175,Restaurant,Micro,LOC0011,2022-10-16,1,1,AGT00491,1445,Active
MRC004176,Restaurant,Micro,LOC0053,2022-05-04,1,1,AGT00166,1610,Active
MRC004177,Education,Small,LOC0002,2022-06-21,1,1,AGT00617,1562,Active
MRC004178,Restaurant,Micro,LOC0061,2021-03-08,0,1,AGT00771,2032,Active
MRC004179,Grocery,Medium,LOC0027,2023-08-16,1,1,AGT00568,1141,Active
MRC004180,General Retail,Small,LOC0049,2021-02-15,0,1,AGT00247,2053,Active
MRC004181,Pharmacy,Small,LOC0073,2020-07-25,0,0,AGT00126,2258,Active
MRC004182,Electronics,Small,LOC0083,2025-06-01,0,1,AGT00441,486,Active
MRC004183,Education,Small,LOC0008,2023-04-11,1,1,AGT00505,1268,Active
MRC004184,Grocery,Micro,LOC0018,2024-08-14,0,1,AGT00504,777,Active
MRC004185,Grocery,Micro,LOC0039,2022-01-13,1,1,AGT00257,1721,Active
MRC004186,General Retail,Small,LOC0063,2023-06-29,1,1,AGT00307,1189,Active
MRC004187,Transport,Small,LOC0107,2024-04-11,0,0,AGT00086,902,Active
MRC004188,Grocery,Medium,LOC0017,2024-06-16,1,1,AGT00408,836,Active
MRC004189,Utility,Small,LOC0009,2023-11-03,0,1,AGT00127,1062,Active
MRC004190,Electronics,Small,LOC0076,2025-04-23,0,1,AGT00302,525,Active
MRC004191,Grocery,Micro,LOC0118,2025-05-03,1,1,AGT00444,515,Active
MRC004192,Transport,Micro,LOC0100,2022-03-15,1,0,AGT00460,1660,Active
MRC004193,Fashion,Medium,LOC0068,2020-04-28,0,1,AGT00236,2346,Active
MRC004194,Pharmacy,Micro,LOC0003,2022-12-05,1,1,AGT00435,1395,Active
MRC004195,General Retail,Medium,LOC0070,2020-05-31,1,0,AGT00297,2313,Active
MRC004196,Restaurant,Micro,LOC0055,2025-01-13,1,1,AGT00221,625,Active
MRC004197,Pharmacy,Small,LOC0054,2020-02-21,1,1,AGT00214,2413,Active
MRC004198,Pharmacy,Micro,LOC0060,2022-06-15,1,1,AGT00714,1568,Active
MRC004199,Utility,Small,LOC0068,2021-07-06,1,1,AGT00236,1912,Active
MRC004200,Transport,Micro,LOC0087,2025-08-04,1,1,AGT00193,422,Active
MRC004201,General Retail,Small,LOC0024,2022-05-08,1,0,AGT00640,1606,Active
MRC004202,Pharmacy,Medium,LOC0009,2023-09-03,1,1,AGT00085,1123,Active
MRC004203,Utility,Small,LOC0007,2020-08-02,1,1,AGT00157,2250,Active
MRC004204,Education,Micro,LOC0049,2021-03-22,0,1,AGT00130,2018,Active
MRC004205,Restaurant,Small,LOC0061,2020-10-16,1,1,AGT00524,2175,Active
MRC004206,Grocery,Small,LOC0095,2020-08-21,0,1,AGT00458,2231,Active
MRC004207,Utility,Micro,LOC0053,2021-08-26,0,1,AGT00252,1861,Active
MRC004208,Pharmacy,Small,LOC0064,2024-06-30,1,0,AGT00781,822,Active
MRC004209,Transport,Medium,LOC0118,2024-04-08,1,0,AGT00344,905,Active
MRC004210,Electronics,Small,LOC0090,2020-10-26,0,1,AGT00499,2165,Active
MRC004211,Grocery,Small,LOC0083,2022-05-13,1,1,AGT00441,1601,Active
MRC004212,General Retail,Small,LOC0044,2020-08-17,1,0,AGT00099,2235,Active
MRC004213,Utility,Small,LOC0019,2021-03-16,1,0,AGT00423,2024,Active
MRC004214,Fashion,Micro,LOC0111,2022-05-01,1,1,AGT00799,1613,Active
MRC004215,Transport,Small,LOC0067,2025-01-18,1,1,AGT00509,620,Active
MRC004216,Fashion,Micro,LOC0010,2020-02-01,1,1,AGT00025,2433,Active
MRC004217,Healthcare,Micro,LOC0058,2024-07-05,0,1,AGT00352,817,Active
MRC004218,Grocery,Micro,LOC0011,2024-06-28,1,1,AGT00703,824,Active
MRC004219,Fashion,Medium,LOC0118,2025-02-01,1,0,AGT00344,606,Active
MRC004220,Restaurant,Micro,LOC0064,2025-07-20,0,1,AGT00222,437,Active
MRC004221,Fashion,Micro,LOC0095,2023-09-20,0,1,AGT00410,1106,Active
MRC004222,Fashion,Micro,LOC0057,2020-12-01,1,1,AGT00701,2129,Active
MRC004223,Grocery,Micro,LOC0003,2020-10-13,1,1,AGT00435,2178,Active
MRC004224,General Retail,Large,LOC0077,2023-01-10,1,0,AGT00359,1359,Active
MRC004225,Grocery,Small,LOC0079,2024-01-30,1,1,AGT00432,974,Active
MRC004226,Grocery,Small,LOC0028,2023-11-21,1,1,AGT00349,1044,Active
MRC004227,Restaurant,Small,LOC0086,2020-06-19,0,1,AGT00469,2294,Active
MRC004228,Education,Micro,LOC0028,2025-08-19,1,1,AGT00051,407,Active
MRC004229,Grocery,Small,LOC0083,2025-08-14,1,1,AGT00430,412,Active
MRC004230,Electronics,Large,LOC0090,2025-07-29,1,1,AGT00218,428,Active
MRC004231,Healthcare,Small,LOC0017,2020-08-25,1,1,AGT00654,2227,Active
MRC004232,Grocery,Small,LOC0036,2025-06-02,1,1,AGT00447,485,Active
MRC004233,General Retail,Small,LOC0020,2020-04-30,1,1,AGT00082,2344,Active
MRC004234,Restaurant,Medium,LOC0088,2024-11-11,1,1,AGT00261,688,Active
MRC004235,Transport,Micro,LOC0029,2022-09-06,1,0,AGT00383,1485,Active
MRC004236,Grocery,Small,LOC0077,2020-02-27,1,0,AGT00611,2407,Active
MRC004237,Transport,Micro,LOC0051,2025-04-08,1,1,AGT00450,540,Active
MRC004238,General Retail,Small,LOC0010,2024-04-12,0,1,AGT00653,901,Active
MRC004239,Grocery,Medium,LOC0106,2021-08-11,1,0,AGT00478,1876,Active
MRC004240,Grocery,Small,LOC0086,2021-01-27,1,0,AGT00527,2072,Active
MRC004241,Pharmacy,Micro,LOC0032,2020-07-14,1,1,AGT00595,2269,Active
MRC004242,Grocery,Small,LOC0106,2025-11-05,1,1,AGT00175,329,Active
MRC004243,General Retail,Medium,LOC0086,2021-04-25,1,1,AGT00527,1984,Active
MRC004244,Education,Small,LOC0098,2024-01-14,1,1,AGT00333,990,Active
MRC004245,Education,Medium,LOC0022,2022-08-17,1,1,AGT00555,1505,Active
MRC004246,General Retail,Medium,LOC0002,2020-07-16,1,0,AGT00617,2267,Active
MRC004247,General Retail,Medium,LOC0008,2020-07-25,1,1,AGT00699,2258,Active
MRC004248,Utility,Micro,LOC0065,2024-11-08,1,1,AGT00313,691,Active
MRC004249,Restaurant,Small,LOC0095,2023-02-23,0,1,AGT00458,1315,Active
MRC004250,Restaurant,Medium,LOC0110,2024-04-06,0,1,AGT00275,907,Active
MRC004251,Restaurant,Medium,LOC0116,2022-04-14,1,1,AGT00317,1630,Active
MRC004252,Restaurant,Micro,LOC0072,2021-01-07,1,1,AGT00788,2092,Active
MRC004253,Restaurant,Micro,LOC0076,2024-01-23,1,1,AGT00533,981,Active
MRC004254,Grocery,Micro,LOC0035,2025-03-27,0,1,AGT00360,552,Active
MRC004255,Restaurant,Small,LOC0001,2025-07-30,0,1,AGT00433,427,Active
MRC004256,Fashion,Medium,LOC0024,2025-08-23,0,1,AGT00268,403,Active
MRC004257,Restaurant,Small,LOC0007,2023-10-09,1,1,AGT00679,1087,Active
MRC004258,Grocery,Micro,LOC0083,2020-03-08,1,1,AGT00310,2397,Active
MRC004259,Restaurant,Micro,LOC0061,2024-06-15,0,1,AGT00524,837,Active
MRC004260,Fashion,Medium,LOC0093,2023-07-17,1,1,AGT00386,1171,Active
MRC004261,Healthcare,Micro,LOC0018,2021-12-04,1,1,AGT00476,1761,Active
MRC004262,Healthcare,Micro,LOC0110,2022-01-10,1,1,AGT00287,1724,Active
MRC004263,Pharmacy,Micro,LOC0087,2024-05-06,1,1,AGT00077,877,Active
MRC004264,Grocery,Medium,LOC0109,2025-03-15,1,0,AGT00461,564,Active
MRC004265,Restaurant,Small,LOC0078,2025-01-09,1,0,AGT00622,629,Active
MRC004266,Grocery,Micro,LOC0041,2024-08-23,1,1,AGT00497,768,Active
MRC004267,Restaurant,Micro,LOC0076,2025-06-12,0,1,AGT00184,475,Active
MRC004268,General Retail,Medium,LOC0073,2023-03-18,1,1,AGT00047,1292,Active
MRC004269,Grocery,Small,LOC0022,2022-02-05,1,1,AGT00206,1698,Active
MRC004270,Restaurant,Small,LOC0013,2021-12-03,1,1,AGT00351,1762,Active
MRC004271,Healthcare,Micro,LOC0079,2020-07-10,1,1,AGT00155,2273,Active
MRC004272,Electronics,Micro,LOC0012,2024-03-17,0,1,AGT00676,927,Active
MRC004273,Grocery,Medium,LOC0013,2022-01-17,1,1,AGT00689,1717,Active
MRC004274,Grocery,Small,LOC0009,2020-09-02,0,0,AGT00486,2219,Active
MRC004275,General Retail,Small,LOC0075,2025-10-16,0,1,AGT00682,349,Active
MRC004276,Grocery,Medium,LOC0112,2021-04-16,1,1,AGT00746,1993,Active
MRC004277,Transport,Small,LOC0060,2025-06-08,1,1,AGT00185,479,Active
MRC004278,Utility,Medium,LOC0019,2022-08-30,0,0,AGT00121,1492,Active
MRC004279,Pharmacy,Micro,LOC0062,2020-12-28,0,1,AGT00487,2102,Active
MRC004280,Healthcare,Micro,LOC0058,2023-03-20,1,1,AGT00630,1290,Active
MRC004281,Grocery,Medium,LOC0072,2022-08-12,1,1,AGT00788,1510,Active
MRC004282,Pharmacy,Medium,LOC0052,2022-04-04,1,1,AGT00740,1640,Active
MRC004283,Restaurant,Small,LOC0064,2022-07-04,1,1,AGT00663,1549,Active
MRC004284,General Retail,Small,LOC0039,2021-08-02,1,1,AGT00445,1885,Active
MRC004285,Pharmacy,Medium,LOC0109,2020-10-27,1,0,AGT00242,2164,Active
MRC004286,Grocery,Small,LOC0065,2025-02-26,1,1,AGT00510,581,Active
MRC004287,General Retail,Micro,LOC0038,2023-06-23,1,1,AGT00341,1195,Active
MRC004288,Grocery,Small,LOC0001,2020-11-10,1,1,AGT00170,2150,Active
MRC004289,General Retail,Small,LOC0082,2023-09-06,1,1,AGT00642,1120,Active
MRC004290,Transport,Small,LOC0046,2023-01-13,0,1,AGT00743,1356,Active
MRC004291,Education,Medium,LOC0030,2021-07-10,1,1,AGT00274,1908,Active
MRC004292,Healthcare,Small,LOC0058,2020-05-14,0,1,AGT00630,2330,Active
MRC004293,Healthcare,Micro,LOC0059,2024-06-16,1,1,AGT00472,836,Active
MRC004294,Grocery,Micro,LOC0097,2020-03-31,1,1,AGT00706,2374,Active
MRC004295,General Retail,Medium,LOC0066,2021-09-19,0,0,AGT00517,1837,Active
MRC004296,General Retail,Micro,LOC0085,2025-10-11,1,1,AGT00294,354,Active
MRC004297,General Retail,Medium,LOC0078,2020-10-22,1,0,AGT00358,2169,Active
MRC004298,Education,Micro,LOC0102,2023-08-30,1,1,AGT00210,1127,Active
MRC004299,Electronics,Small,LOC0001,2024-04-10,0,1,AGT00087,903,Active
MRC004300,Electronics,Medium,LOC0046,2022-10-25,0,1,AGT00743,1436,Active
MRC004301,Grocery,Small,LOC0086,2022-07-07,0,1,AGT00068,1546,Active
MRC004302,Fashion,Medium,LOC0017,2022-09-25,1,1,AGT00408,1466,Active
MRC004303,Education,Micro,LOC0054,2025-08-19,1,0,AGT00556,407,Active
MRC004304,Transport,Small,LOC0049,2021-01-16,1,1,AGT00250,2083,Active
MRC004305,Restaurant,Small,LOC0097,2023-12-02,0,0,AGT00470,1033,Active
MRC004306,Fashion,Medium,LOC0116,2025-02-12,1,1,AGT00687,595,Active
MRC004307,Transport,Micro,LOC0013,2022-07-30,0,0,AGT00689,1523,Active
MRC004308,Fashion,Micro,LOC0026,2022-03-28,1,1,AGT00163,1647,Active
MRC004309,General Retail,Small,LOC0093,2025-05-05,1,0,AGT00621,513,Active
MRC004310,Transport,Large,LOC0021,2020-04-28,1,1,AGT00277,2346,Active
MRC004311,Grocery,Medium,LOC0060,2022-05-15,1,1,AGT00712,1599,Active
MRC004312,Grocery,Medium,LOC0114,2020-01-01,1,1,AGT00395,2464,Active
MRC004313,Transport,Small,LOC0118,2021-12-14,1,1,AGT00562,1751,Active
MRC004314,Restaurant,Small,LOC0114,2025-11-25,0,1,AGT00794,309,Active
MRC004315,General Retail,Medium,LOC0017,2024-09-18,0,1,AGT00552,742,Active
MRC004316,Grocery,Medium,LOC0018,2020-02-22,1,1,AGT00504,2412,Active
MRC004317,Grocery,Medium,LOC0022,2022-08-13,1,1,AGT00555,1509,Active
MRC004318,Restaurant,Medium,LOC0093,2025-03-25,1,1,AGT00621,554,Active
MRC004319,Healthcare,Medium,LOC0022,2025-07-08,0,1,AGT00657,449,Active
MRC004320,General Retail,Micro,LOC0052,2022-10-01,0,1,AGT00740,1460,Active
MRC004321,General Retail,Micro,LOC0099,2022-05-29,1,1,AGT00546,1585,Active
MRC004322,Fashion,Large,LOC0060,2024-06-27,1,1,AGT00712,825,Active
MRC004323,Utility,Small,LOC0113,2024-10-18,0,1,AGT00084,712,Active
MRC004324,Grocery,Micro,LOC0060,2022-05-03,0,1,AGT00185,1611,Active
MRC004325,Education,Small,LOC0046,2023-05-11,1,1,AGT00743,1238,Active
MRC004326,General Retail,Small,LOC0117,2025-09-28,1,0,AGT00763,367,Active
MRC004327,Restaurant,Medium,LOC0066,2025-08-14,1,1,AGT00293,412,Active
MRC004328,General Retail,Medium,LOC0023,2024-07-15,0,1,AGT00134,807,Active
MRC004329,Pharmacy,Micro,LOC0077,2022-08-03,1,1,AGT00359,1519,Active
MRC004330,Grocery,Small,LOC0093,2024-03-01,0,1,AGT00494,943,Active
MRC004331,Electronics,Micro,LOC0101,2025-11-15,1,0,AGT00039,319,Active
MRC004332,General Retail,Medium,LOC0001,2020-06-26,1,0,AGT00123,2287,Active
MRC004333,Restaurant,Micro,LOC0014,2021-10-24,0,0,AGT00388,1802,Active
MRC004334,Utility,Small,LOC0076,2022-06-21,1,0,AGT00332,1562,Active
MRC004335,Grocery,Small,LOC0090,2024-07-02,1,1,AGT00468,820,Active
MRC004336,Healthcare,Small,LOC0079,2021-09-22,1,1,AGT00432,1834,Active
MRC004337,Electronics,Small,LOC0046,2020-04-20,1,0,AGT00718,2354,Active
MRC004338,Grocery,Small,LOC0091,2021-12-01,0,1,AGT00169,1764,Active
MRC004339,Healthcare,Small,LOC0070,2024-03-11,1,1,AGT00297,933,Active
MRC004340,Healthcare,Micro,LOC0112,2023-08-13,1,1,AGT00786,1144,Active
MRC004341,Electronics,Micro,LOC0045,2020-05-27,1,1,AGT00589,2317,Active
MRC004342,Pharmacy,Small,LOC0091,2025-11-17,0,1,AGT00158,317,Active
MRC004343,Grocery,Micro,LOC0018,2024-08-21,1,1,AGT00237,770,Active
MRC004344,General Retail,Small,LOC0088,2025-04-28,1,1,AGT00747,520,Active
MRC004345,Transport,Micro,LOC0088,2022-02-15,1,1,AGT00442,1688,Active
MRC004346,Utility,Medium,LOC0031,2023-03-21,1,0,AGT00026,1289,Active
MRC004347,Transport,Micro,LOC0008,2025-03-01,0,1,AGT00505,578,Active
MRC004348,General Retail,Small,LOC0120,2020-05-01,1,1,AGT00694,2343,Active
MRC004349,Grocery,Micro,LOC0010,2022-08-30,0,0,AGT00025,1492,Active
MRC004350,Fashion,Small,LOC0057,2024-06-22,1,1,AGT00633,830,Active
MRC004351,Transport,Micro,LOC0001,2020-04-21,1,1,AGT00170,2353,Active
MRC004352,Grocery,Small,LOC0051,2021-10-14,0,1,AGT00398,1812,Active
MRC004353,Grocery,Micro,LOC0099,2025-03-09,1,0,AGT00546,570,Active
MRC004354,Transport,Small,LOC0061,2021-01-06,0,1,AGT00425,2093,Active
MRC004355,General Retail,Small,LOC0029,2025-08-11,1,1,AGT00383,415,Active
MRC004356,Transport,Medium,LOC0048,2020-07-15,1,1,AGT00233,2268,Active
MRC004357,Grocery,Small,LOC0012,2023-08-11,1,1,AGT00627,1146,Active
MRC004358,General Retail,Small,LOC0072,2024-03-16,1,1,AGT00788,928,Active
MRC004359,Grocery,Medium,LOC0001,2025-08-23,1,0,AGT00433,403,Active
MRC004360,Pharmacy,Micro,LOC0042,2020-05-23,1,1,AGT00204,2321,Active
MRC004361,General Retail,Small,LOC0008,2022-08-13,1,1,AGT00303,1509,Active
MRC004362,Utility,Small,LOC0029,2022-04-29,1,1,AGT00356,1615,Active
MRC004363,General Retail,Small,LOC0009,2020-11-15,0,1,AGT00406,2145,Active
MRC004364,Utility,Micro,LOC0112,2022-12-03,0,1,AGT00744,1397,Active
MRC004365,Transport,Small,LOC0093,2024-03-24,1,1,AGT00044,920,Active
MRC004366,Pharmacy,Small,LOC0112,2021-04-22,1,1,AGT00674,1987,Active
MRC004367,Restaurant,Small,LOC0082,2022-10-16,1,1,AGT00459,1445,Active
MRC004368,General Retail,Micro,LOC0060,2024-07-14,1,1,AGT00712,808,Active
MRC004369,General Retail,Small,LOC0021,2020-11-28,1,1,AGT00708,2132,Active
MRC004370,Restaurant,Medium,LOC0116,2021-02-06,1,1,AGT00113,2062,Active
MRC004371,Restaurant,Micro,LOC0111,2024-06-25,1,1,AGT00707,827,Active
MRC004372,Restaurant,Micro,LOC0050,2022-01-27,1,1,AGT00464,1707,Active
MRC004373,Restaurant,Large,LOC0028,2020-06-14,1,0,AGT00051,2299,Active
MRC004374,General Retail,Medium,LOC0047,2021-03-07,1,1,AGT00390,2033,Active
MRC004375,Grocery,Micro,LOC0048,2024-10-09,1,1,AGT00177,721,Active
MRC004376,Fashion,Small,LOC0111,2020-11-04,1,0,AGT00557,2156,Active
MRC004377,General Retail,Micro,LOC0009,2025-08-16,1,1,AGT00406,410,Active
MRC004378,Electronics,Medium,LOC0076,2022-04-09,1,1,AGT00302,1635,Active
MRC004379,Fashion,Small,LOC0093,2022-11-26,1,0,AGT00386,1404,Active
MRC004380,Restaurant,Small,LOC0092,2025-09-28,0,1,AGT00539,367,Active
MRC004381,Grocery,Micro,LOC0024,2021-08-14,0,1,AGT00685,1873,Active
MRC004382,Pharmacy,Small,LOC0050,2024-03-07,1,1,AGT00464,937,Active
MRC004383,Grocery,Micro,LOC0042,2020-11-11,1,1,AGT00152,2149,Active
MRC004384,Grocery,Small,LOC0049,2020-09-16,1,1,AGT00314,2205,Active
MRC004385,Grocery,Small,LOC0011,2022-06-06,1,1,AGT00207,1577,Active
MRC004386,Restaurant,Small,LOC0010,2022-03-19,0,1,AGT00653,1656,Active
MRC004387,Grocery,Medium,LOC0003,2025-08-26,0,1,AGT00264,400,Active
MRC004388,General Retail,Micro,LOC0117,2020-08-21,1,1,AGT00785,2231,Active
MRC004389,Grocery,Micro,LOC0051,2021-11-19,1,1,AGT00669,1776,Active
MRC004390,Restaurant,Small,LOC0028,2023-08-30,1,1,AGT00489,1127,Active
MRC004391,General Retail,Small,LOC0096,2025-06-13,1,1,AGT00380,474,Active
MRC004392,Grocery,Micro,LOC0060,2022-12-11,1,1,AGT00712,1389,Active
MRC004393,Fashion,Small,LOC0044,2020-07-28,1,1,AGT00736,2255,Active
MRC004394,General Retail,Small,LOC0014,2020-10-20,1,1,AGT00680,2171,Active
MRC004395,Electronics,Small,LOC0047,2025-05-16,1,1,AGT00755,502,Active
MRC004396,Pharmacy,Small,LOC0078,2021-05-27,1,1,AGT00189,1952,Active
MRC004397,Healthcare,Micro,LOC0075,2025-06-22,1,1,AGT00156,465,Active
MRC004398,Transport,Micro,LOC0047,2023-09-15,1,1,AGT00755,1111,Active
MRC004399,Restaurant,Small,LOC0074,2023-04-15,1,1,AGT00003,1264,Active
MRC004400,Grocery,Small,LOC0093,2025-10-29,1,1,AGT00621,336,Active
MRC004401,Grocery,Small,LOC0112,2025-02-21,1,1,AGT00587,586,Active
MRC004402,General Retail,Medium,LOC0064,2020-09-11,1,1,AGT00585,2210,Active
MRC004403,Restaurant,Micro,LOC0028,2022-03-13,1,1,AGT00489,1662,Active
MRC004404,Grocery,Small,LOC0016,2021-04-04,1,1,AGT00605,2005,Active
MRC004405,Electronics,Micro,LOC0019,2022-07-18,1,1,AGT00182,1535,Active
MRC004406,General Retail,Micro,LOC0002,2023-04-11,1,1,AGT00617,1268,Active
MRC004407,Grocery,Medium,LOC0067,2025-11-08,0,1,AGT00509,326,Active
MRC004408,Grocery,Large,LOC0026,2022-09-11,1,1,AGT00162,1480,Active
MRC004409,Restaurant,Micro,LOC0028,2021-05-09,1,1,AGT00489,1970,Active
MRC004410,Transport,Medium,LOC0087,2024-09-27,1,1,AGT00077,733,Active
MRC004411,Fashion,Micro,LOC0039,2023-01-10,1,1,AGT00726,1359,Active
MRC004412,General Retail,Large,LOC0100,2023-07-01,0,1,AGT00161,1187,Active
MRC004413,Grocery,Medium,LOC0017,2020-10-01,1,0,AGT00408,2190,Active
MRC004414,Restaurant,Micro,LOC0041,2024-12-26,1,1,AGT00497,643,Active
MRC004415,Restaurant,Small,LOC0007,2025-05-01,1,0,AGT00157,517,Active
MRC004416,Restaurant,Small,LOC0065,2024-09-13,0,1,AGT00525,747,Active
MRC004417,Fashion,Micro,LOC0015,2025-01-10,1,0,AGT00050,628,Active
MRC004418,Utility,Micro,LOC0029,2020-11-24,0,0,AGT00467,2136,Active
MRC004419,Restaurant,Small,LOC0089,2024-05-27,0,1,AGT00232,856,Active
MRC004420,Healthcare,Micro,LOC0106,2023-10-17,1,1,AGT00316,1079,Active
MRC004421,Grocery,Micro,LOC0066,2024-06-04,1,1,AGT00292,848,Active
MRC004422,Education,Micro,LOC0116,2021-02-01,1,1,AGT00113,2067,Active
MRC004423,Restaurant,Small,LOC0091,2021-12-28,1,0,AGT00677,1737,Active
MRC004424,Electronics,Micro,LOC0091,2023-02-16,0,1,AGT00677,1322,Active
MRC004425,Grocery,Small,LOC0119,2021-03-08,1,0,AGT00553,2032,Active
MRC004426,General Retail,Micro,LOC0011,2025-07-16,1,1,AGT00703,441,Active
MRC004427,General Retail,Micro,LOC0028,2021-11-26,1,0,AGT00051,1769,Active
MRC004428,General Retail,Small,LOC0053,2023-10-20,1,0,AGT00252,1076,Active
MRC004429,General Retail,Micro,LOC0075,2023-09-11,1,1,AGT00682,1115,Active
MRC004430,Grocery,Small,LOC0119,2025-01-06,1,1,AGT00213,632,Active
MRC004431,Electronics,Small,LOC0012,2025-05-19,0,1,AGT00646,499,Active
MRC004432,Restaurant,Small,LOC0028,2021-10-24,1,1,AGT00489,1802,Active
MRC004433,General Retail,Small,LOC0036,2020-11-16,1,1,AGT00447,2144,Active
MRC004434,Grocery,Medium,LOC0081,2020-07-05,1,1,AGT00286,2278,Active
MRC004435,Pharmacy,Micro,LOC0115,2024-07-03,0,1,AGT00104,819,Active
MRC004436,Transport,Medium,LOC0113,2021-05-25,1,1,AGT00632,1954,Active
MRC004437,Grocery,Micro,LOC0090,2025-04-18,1,1,AGT00299,530,Active
MRC004438,Healthcare,Micro,LOC0093,2021-04-22,0,1,AGT00295,1987,Active
MRC004439,Pharmacy,Small,LOC0050,2022-07-29,1,0,AGT00464,1524,Active
MRC004440,Transport,Micro,LOC0074,2020-10-21,1,1,AGT00668,2170,Active
MRC004441,General Retail,Small,LOC0021,2025-07-23,1,1,AGT00624,434,Active
MRC004442,Education,Medium,LOC0061,2021-04-25,1,1,AGT00428,1984,Active
MRC004443,Pharmacy,Small,LOC0036,2023-03-03,0,1,AGT00447,1307,Active
MRC004444,Grocery,Small,LOC0112,2022-07-24,1,1,AGT00151,1529,Active
MRC004445,Grocery,Large,LOC0045,2022-09-27,1,1,AGT00761,1464,Active
MRC004446,Grocery,Small,LOC0048,2021-09-09,1,1,AGT00186,1847,Active
MRC004447,Education,Micro,LOC0049,2022-05-19,0,0,AGT00130,1595,Active
MRC004448,Restaurant,Medium,LOC0109,2023-06-23,1,1,AGT00242,1195,Active
MRC004449,Pharmacy,Micro,LOC0112,2023-05-11,1,1,AGT00667,1238,Active
MRC004450,Pharmacy,Micro,LOC0052,2025-07-16,0,1,AGT00015,441,Active
MRC004451,General Retail,Micro,LOC0120,2021-08-18,0,1,AGT00436,1869,Active
MRC004452,Grocery,Micro,LOC0091,2021-09-28,0,0,AGT00169,1828,Active
MRC004453,Restaurant,Micro,LOC0102,2022-07-28,0,1,AGT00037,1525,Active
MRC004454,Fashion,Micro,LOC0110,2021-08-24,1,1,AGT00125,1863,Active
MRC004455,Grocery,Small,LOC0040,2024-05-09,1,1,AGT00750,874,Active
MRC004456,General Retail,Small,LOC0067,2024-08-16,1,1,AGT00014,775,Active
MRC004457,Grocery,Medium,LOC0035,2020-06-06,1,1,AGT00572,2307,Active
MRC004458,Transport,Micro,LOC0038,2020-04-03,1,1,AGT00529,2371,Active
MRC004459,Education,Micro,LOC0056,2020-11-10,0,1,AGT00681,2150,Active
MRC004460,Utility,Small,LOC0007,2025-08-25,0,1,AGT00452,401,Active
MRC004461,Transport,Micro,LOC0026,2022-09-05,0,1,AGT00776,1486,Active
MRC004462,Utility,Micro,LOC0098,2021-07-23,1,1,AGT00333,1895,Active
MRC004463,Fashion,Small,LOC0020,2025-09-27,1,1,AGT00028,368,Active
MRC004464,Fashion,Small,LOC0075,2020-03-02,1,1,AGT00682,2403,Active
MRC004465,Transport,Micro,LOC0092,2021-04-03,1,1,AGT00348,2006,Active
MRC004466,Education,Small,LOC0032,2024-02-11,0,1,AGT00056,962,Active
MRC004467,Electronics,Small,LOC0055,2022-12-07,1,1,AGT00417,1393,Active
MRC004468,Pharmacy,Medium,LOC0106,2020-07-03,1,1,AGT00175,2280,Active
MRC004469,Pharmacy,Micro,LOC0101,2020-11-08,1,1,AGT00625,2152,Active
MRC004470,Restaurant,Small,LOC0111,2021-01-07,1,1,AGT00146,2092,Active
MRC004471,Grocery,Small,LOC0076,2020-01-28,0,1,AGT00533,2437,Active
MRC004472,Restaurant,Micro,LOC0107,2021-07-06,1,1,AGT00672,1912,Active
MRC004473,Grocery,Small,LOC0048,2020-05-14,1,1,AGT00177,2330,Active
MRC004474,Education,Small,LOC0073,2020-04-03,1,1,AGT00357,2371,Active
MRC004475,Transport,Micro,LOC0081,2025-11-05,0,1,AGT00454,329,Active
MRC004476,Education,Small,LOC0118,2022-01-18,0,1,AGT00729,1716,Active
MRC004477,Transport,Small,LOC0045,2023-12-19,1,1,AGT00111,1016,Active
MRC004478,Grocery,Small,LOC0105,2023-01-01,1,0,AGT00117,1368,Active
MRC004479,Grocery,Micro,LOC0062,2024-12-16,1,1,AGT00438,653,Active
MRC004480,Transport,Small,LOC0013,2021-12-02,0,1,AGT00439,1763,Active
MRC004481,Utility,Micro,LOC0079,2020-12-20,1,1,AGT00793,2110,Active
MRC004482,Healthcare,Small,LOC0118,2023-07-02,1,1,AGT00562,1186,Active
MRC004483,Transport,Small,LOC0055,2021-10-14,1,1,AGT00093,1812,Active
MRC004484,Transport,Small,LOC0066,2024-01-08,0,1,AGT00517,996,Active
MRC004485,Healthcare,Small,LOC0112,2021-06-24,1,1,AGT00151,1924,Active
MRC004486,Healthcare,Micro,LOC0111,2025-06-21,1,1,AGT00798,466,Active
MRC004487,Healthcare,Micro,LOC0049,2020-09-11,1,1,AGT00247,2210,Active
MRC004488,Grocery,Small,LOC0092,2023-09-14,1,1,AGT00455,1112,Active
MRC004489,Grocery,Micro,LOC0076,2022-12-10,1,1,AGT00742,1390,Active
MRC004490,Restaurant,Small,LOC0078,2021-02-27,0,1,AGT00622,2041,Active
MRC004491,Electronics,Small,LOC0087,2025-10-13,1,1,AGT00077,352,Active
MRC004492,Utility,Medium,LOC0040,2020-04-22,1,1,AGT00266,2352,Active
MRC004493,Restaurant,Micro,LOC0037,2022-04-15,1,0,AGT00012,1629,Active
MRC004494,Pharmacy,Small,LOC0004,2020-02-17,1,1,AGT00584,2417,Active
MRC004495,Utility,Micro,LOC0103,2022-08-31,1,1,AGT00324,1491,Active
MRC004496,Pharmacy,Medium,LOC0034,2024-09-22,1,0,AGT00485,738,Active
MRC004497,General Retail,Small,LOC0081,2022-06-24,1,1,AGT00454,1559,Active
MRC004498,Grocery,Small,LOC0083,2022-07-18,0,1,AGT00430,1535,Active
MRC004499,Restaurant,Small,LOC0085,2020-06-15,1,1,AGT00294,2298,Active
MRC004500,Restaurant,Micro,LOC0104,2022-07-08,1,1,AGT00372,1545,Active
MRC004501,Restaurant,Small,LOC0105,2023-07-14,1,0,AGT00564,1174,Active
MRC004502,Grocery,Medium,LOC0001,2024-11-28,1,0,AGT00123,671,Active
MRC004503,Pharmacy,Micro,LOC0101,2024-01-05,0,1,AGT00625,999,Active
MRC004504,Restaurant,Medium,LOC0025,2022-06-26,1,1,AGT00523,1557,Active
MRC004505,Restaurant,Medium,LOC0078,2023-10-03,0,1,AGT00358,1093,Active
MRC004506,Utility,Large,LOC0081,2023-10-17,1,1,AGT00286,1079,Active
MRC004507,Grocery,Medium,LOC0007,2025-11-16,1,1,AGT00150,318,Active
MRC004508,Restaurant,Micro,LOC0035,2020-04-28,1,1,AGT00284,2346,Active
MRC004509,Grocery,Small,LOC0110,2020-12-15,0,1,AGT00288,2115,Active
MRC004510,General Retail,Micro,LOC0018,2024-06-08,1,1,AGT00237,844,Active
MRC004511,Utility,Small,LOC0028,2025-02-20,1,1,AGT00051,587,Active
MRC004512,General Retail,Micro,LOC0010,2020-12-19,1,1,AGT00653,2111,Active
MRC004513,General Retail,Medium,LOC0021,2020-12-15,1,0,AGT00471,2115,Active
MRC004514,Restaurant,Micro,LOC0077,2020-08-06,1,1,AGT00168,2246,Active
MRC004515,Transport,Micro,LOC0101,2022-09-08,1,0,AGT00625,1483,Active
MRC004516,Restaurant,Micro,LOC0072,2021-07-24,0,1,AGT00198,1894,Active
MRC004517,General Retail,Small,LOC0035,2021-08-06,0,1,AGT00167,1881,Active
MRC004518,Restaurant,Micro,LOC0104,2024-09-04,0,0,AGT00372,756,Active
MRC004519,Restaurant,Micro,LOC0045,2022-10-30,1,1,AGT00031,1431,Active
MRC004520,General Retail,Micro,LOC0038,2024-05-28,1,1,AGT00529,855,Active
MRC004521,General Retail,Micro,LOC0061,2021-06-14,0,1,AGT00425,1934,Active
MRC004522,General Retail,Medium,LOC0017,2020-02-26,0,1,AGT00408,2408,Active
MRC004523,Grocery,Small,LOC0043,2025-07-03,1,1,AGT00005,454,Active
MRC004524,Pharmacy,Micro,LOC0096,2025-07-05,1,1,AGT00160,452,Active
MRC004525,Restaurant,Micro,LOC0073,2024-05-19,1,1,AGT00126,864,Active
MRC004526,Fashion,Micro,LOC0119,2025-04-06,1,0,AGT00213,542,Active
MRC004527,Fashion,Micro,LOC0094,2025-11-28,1,1,AGT00270,306,Active
MRC004528,Restaurant,Micro,LOC0044,2020-02-09,1,1,AGT00615,2425,Active
MRC004529,Utility,Micro,LOC0093,2022-06-24,1,1,AGT00621,1559,Active
MRC004530,Pharmacy,Micro,LOC0104,2021-04-25,1,1,AGT00506,1984,Active
MRC004531,Transport,Micro,LOC0076,2022-07-29,1,0,AGT00184,1524,Active
MRC004532,General Retail,Small,LOC0092,2021-07-01,1,1,AGT00539,1917,Active
MRC004533,Education,Micro,LOC0061,2021-11-09,1,1,AGT00428,1786,Active
MRC004534,Restaurant,Small,LOC0110,2025-01-01,1,1,AGT00288,637,Active
MRC004535,Grocery,Small,LOC0029,2025-01-23,0,1,AGT00467,615,Active
MRC004536,Grocery,Medium,LOC0051,2023-01-14,1,1,AGT00594,1355,Active
MRC004537,Healthcare,Micro,LOC0031,2023-09-29,1,1,AGT00520,1097,Active
MRC004538,Fashion,Small,LOC0013,2020-12-06,1,1,AGT00439,2124,Active
MRC004539,Grocery,Medium,LOC0074,2024-02-17,1,1,AGT00668,956,Active
MRC004540,General Retail,Large,LOC0015,2023-12-30,1,1,AGT00050,1005,Active
MRC004541,Transport,Medium,LOC0028,2022-10-19,1,1,AGT00349,1442,Active
MRC004542,General Retail,Micro,LOC0092,2024-10-22,1,1,AGT00348,708,Active
MRC004543,Fashion,Medium,LOC0029,2020-10-29,0,1,AGT00356,2162,Active
MRC004544,General Retail,Medium,LOC0104,2025-11-24,0,0,AGT00372,310,Active
MRC004545,Grocery,Micro,LOC0006,2020-11-22,1,0,AGT00045,2138,Active
MRC004546,Grocery,Micro,LOC0055,2022-03-28,1,1,AGT00093,1647,Active
MRC004547,General Retail,Medium,LOC0009,2020-08-25,1,0,AGT00486,2227,Active
MRC004548,General Retail,Micro,LOC0008,2024-03-16,1,1,AGT00614,928,Active
MRC004549,Fashion,Small,LOC0095,2020-07-29,0,1,AGT00458,2254,Active
MRC004550,Grocery,Small,LOC0009,2020-10-17,1,0,AGT00008,2174,Active
MRC004551,Restaurant,Small,LOC0108,2023-03-26,1,1,AGT00235,1284,Active
MRC004552,Healthcare,Micro,LOC0072,2024-04-07,1,1,AGT00619,906,Active
MRC004553,General Retail,Small,LOC0058,2024-10-13,1,1,AGT00352,717,Active
MRC004554,Restaurant,Small,LOC0111,2025-01-20,1,1,AGT00122,618,Active
MRC004555,Grocery,Medium,LOC0047,2022-06-22,1,1,AGT00602,1561,Active
MRC004556,Transport,Micro,LOC0048,2020-03-20,1,1,AGT00177,2385,Active
MRC004557,Healthcare,Micro,LOC0050,2022-07-30,0,1,AGT00009,1523,Active
MRC004558,Fashion,Micro,LOC0079,2020-03-10,0,1,AGT00570,2395,Active
MRC004559,Education,Micro,LOC0102,2021-06-10,0,1,AGT00018,1938,Active
MRC004560,General Retail,Large,LOC0066,2021-11-12,1,1,AGT00292,1783,Active
MRC004561,Pharmacy,Micro,LOC0034,2021-08-16,1,1,AGT00485,1871,Active
MRC004562,Education,Micro,LOC0107,2020-05-29,1,1,AGT00672,2315,Active
MRC004563,Education,Medium,LOC0072,2020-10-30,1,1,AGT00198,2161,Active
MRC004564,Electronics,Micro,LOC0100,2024-12-29,0,1,AGT00420,640,Active
MRC004565,General Retail,Micro,LOC0052,2022-06-18,0,1,AGT00015,1565,Active
MRC004566,Education,Small,LOC0024,2023-03-18,1,0,AGT00640,1292,Active
MRC004567,Electronics,Small,LOC0114,2020-09-13,1,1,AGT00702,2208,Active
MRC004568,Grocery,Medium,LOC0082,2024-09-27,1,1,AGT00147,733,Active
MRC004569,Transport,Small,LOC0037,2021-01-21,1,0,AGT00263,2078,Active
MRC004570,Grocery,Micro,LOC0102,2023-02-05,1,0,AGT00058,1333,Active
MRC004571,Grocery,Small,LOC0002,2020-05-21,1,1,AGT00617,2323,Active
MRC004572,Fashion,Medium,LOC0112,2021-03-25,1,1,AGT00786,2015,Active
MRC004573,Education,Micro,LOC0070,2023-11-25,1,1,AGT00421,1040,Active
MRC004574,General Retail,Small,LOC0071,2020-11-27,0,1,AGT00007,2133,Active
MRC004575,Healthcare,Small,LOC0002,2024-11-03,1,0,AGT00617,696,Active
MRC004576,General Retail,Small,LOC0022,2025-12-08,1,1,AGT00544,296,Active
MRC004577,Restaurant,Small,LOC0087,2022-12-06,0,1,AGT00772,1394,Active
MRC004578,Electronics,Micro,LOC0067,2023-08-19,0,1,AGT00578,1138,Active
MRC004579,General Retail,Small,LOC0016,2025-03-18,1,1,AGT00102,561,Active
MRC004580,Restaurant,Micro,LOC0080,2020-01-06,0,1,AGT00416,2459,Active
MRC004581,Utility,Small,LOC0090,2025-09-23,1,1,AGT00073,372,Active
MRC004582,Electronics,Small,LOC0033,2022-06-09,1,1,AGT00412,1574,Active
MRC004583,Pharmacy,Micro,LOC0083,2024-05-26,1,0,AGT00430,857,Active
MRC004584,Education,Micro,LOC0117,2024-03-10,0,0,AGT00773,934,Active
MRC004585,Pharmacy,Medium,LOC0058,2024-09-12,1,1,AGT00630,748,Active
MRC004586,Grocery,Micro,LOC0028,2023-08-21,1,1,AGT00349,1136,Active
MRC004587,Pharmacy,Micro,LOC0116,2021-12-20,1,1,AGT00317,1745,Active
MRC004588,Grocery,Micro,LOC0110,2024-01-13,1,1,AGT00338,991,Active
MRC004589,Restaurant,Small,LOC0055,2021-08-24,0,1,AGT00221,1863,Active
MRC004590,General Retail,Micro,LOC0052,2023-04-14,1,1,AGT00015,1265,Active
MRC004591,Restaurant,Medium,LOC0101,2021-04-07,1,1,AGT00135,2002,Active
MRC004592,General Retail,Small,LOC0001,2023-04-21,1,0,AGT00123,1258,Active
MRC004593,Electronics,Micro,LOC0038,2023-10-11,1,1,AGT00341,1085,Active
MRC004594,Grocery,Small,LOC0066,2022-12-06,1,1,AGT00328,1394,Active
MRC004595,Grocery,Micro,LOC0079,2021-11-08,1,1,AGT00725,1787,Active
MRC004596,General Retail,Micro,LOC0076,2023-03-09,1,1,AGT00533,1301,Active
MRC004597,Education,Small,LOC0045,2020-07-17,0,1,AGT00761,2266,Active
MRC004598,General Retail,Micro,LOC0105,2022-11-16,1,1,AGT00117,1414,Active
MRC004599,Restaurant,Medium,LOC0078,2024-03-11,1,1,AGT00535,933,Active
MRC004600,Healthcare,Small,LOC0065,2025-10-17,1,1,AGT00096,348,Active
MRC004601,Utility,Micro,LOC0113,2023-08-13,1,1,AGT00322,1144,Active
MRC004602,General Retail,Large,LOC0012,2025-08-21,1,1,AGT00256,405,Active
MRC004603,Grocery,Small,LOC0086,2025-09-30,0,1,AGT00469,365,Active
MRC004604,General Retail,Micro,LOC0112,2023-09-29,0,1,AGT00667,1097,Active
MRC004605,Restaurant,Small,LOC0080,2024-03-23,1,1,AGT00262,921,Active
MRC004606,General Retail,Medium,LOC0068,2020-09-01,0,1,AGT00778,2220,Active
MRC004607,Electronics,Small,LOC0044,2021-08-05,0,1,AGT00099,1882,Active
MRC004608,Education,Small,LOC0033,2021-03-26,1,1,AGT00507,2014,Active
MRC004609,Restaurant,Small,LOC0066,2022-09-13,1,1,AGT00293,1478,Active
MRC004610,General Retail,Micro,LOC0108,2025-04-21,1,1,AGT00620,527,Active
MRC004611,Pharmacy,Micro,LOC0056,2020-11-14,0,1,AGT00583,2146,Active
MRC004612,Fashion,Small,LOC0015,2023-01-01,0,1,AGT00538,1368,Active
MRC004613,Education,Medium,LOC0059,2023-05-25,1,1,AGT00590,1224,Active
MRC004614,Healthcare,Small,LOC0012,2022-05-06,1,1,AGT00440,1608,Active
MRC004615,Fashion,Micro,LOC0113,2024-12-25,1,1,AGT00271,644,Active
MRC004616,Transport,Small,LOC0065,2023-01-31,1,1,AGT00313,1338,Active
MRC004617,Fashion,Micro,LOC0026,2022-05-04,1,1,AGT00697,1610,Active
MRC004618,Transport,Micro,LOC0075,2021-10-15,1,0,AGT00400,1811,Active
MRC004619,Transport,Small,LOC0065,2022-12-21,1,1,AGT00510,1379,Active
MRC004620,Transport,Micro,LOC0062,2019-12-30,0,1,AGT00240,2466,Active
MRC004621,General Retail,Medium,LOC0072,2020-01-15,1,1,AGT00788,2450,Active
MRC004622,Electronics,Small,LOC0112,2025-05-21,1,0,AGT00667,497,Active
MRC004623,Grocery,Small,LOC0103,2025-06-19,0,1,AGT00686,468,Active
MRC004624,Transport,Medium,LOC0032,2022-11-17,1,1,AGT00592,1413,Active
MRC004625,Grocery,Small,LOC0029,2021-01-04,1,1,AGT00356,2095,Active
MRC004626,Pharmacy,Medium,LOC0119,2022-11-24,1,1,AGT00136,1406,Active
MRC004627,Utility,Medium,LOC0078,2024-08-30,1,1,AGT00358,761,Active
MRC004628,Fashion,Small,LOC0003,2022-08-07,1,1,AGT00264,1515,Active
MRC004629,Fashion,Micro,LOC0064,2020-04-27,1,1,AGT00713,2347,Active
MRC004630,General Retail,Micro,LOC0015,2024-12-18,1,1,AGT00120,651,Active
MRC004631,Pharmacy,Medium,LOC0004,2023-04-19,1,1,AGT00673,1260,Active
MRC004632,Grocery,Micro,LOC0023,2022-02-22,0,0,AGT00559,1681,Active
MRC004633,Grocery,Medium,LOC0031,2023-08-11,0,1,AGT00026,1146,Active
MRC004634,Pharmacy,Micro,LOC0010,2025-09-12,0,1,AGT00025,383,Active
MRC004635,Healthcare,Small,LOC0101,2021-12-15,0,1,AGT00382,1750,Active
MRC004636,Utility,Micro,LOC0053,2021-07-12,1,1,AGT00739,1906,Active
MRC004637,Education,Medium,LOC0067,2022-01-16,1,1,AGT00760,1718,Active
MRC004638,Pharmacy,Micro,LOC0104,2021-12-29,1,1,AGT00372,1736,Active
MRC004639,Electronics,Micro,LOC0101,2022-01-13,1,0,AGT00107,1721,Active
MRC004640,Grocery,Medium,LOC0099,2023-12-27,0,1,AGT00139,1008,Active
MRC004641,Transport,Micro,LOC0024,2025-11-11,1,1,AGT00566,323,Active
MRC004642,Education,Micro,LOC0090,2020-01-18,1,1,AGT00346,2447,Active
MRC004643,Grocery,Medium,LOC0120,2024-09-27,0,1,AGT00392,733,Active
MRC004644,Utility,Medium,LOC0001,2021-01-02,0,1,AGT00490,2097,Active
MRC004645,Utility,Micro,LOC0105,2022-09-23,1,1,AGT00117,1468,Active
MRC004646,Restaurant,Small,LOC0104,2022-09-26,1,1,AGT00656,1465,Active
MRC004647,Transport,Micro,LOC0101,2025-11-02,1,1,AGT00143,332,Active
MRC004648,Education,Micro,LOC0048,2020-01-14,1,1,AGT00186,2451,Active
MRC004649,Grocery,Small,LOC0024,2022-10-20,1,1,AGT00268,1441,Active
MRC004650,Grocery,Micro,LOC0088,2020-12-30,1,0,AGT00192,2100,Active
MRC004651,Transport,Small,LOC0075,2021-04-23,1,1,AGT00591,1986,Active
MRC004652,General Retail,Micro,LOC0088,2025-02-19,1,1,AGT00442,588,Active
MRC004653,Education,Medium,LOC0031,2020-04-17,0,0,AGT00026,2357,Active
MRC004654,Education,Small,LOC0022,2022-06-05,1,1,AGT00321,1578,Active
MRC004655,Transport,Micro,LOC0109,2024-11-08,1,1,AGT00461,691,Active
MRC004656,Fashion,Medium,LOC0062,2022-06-27,1,0,AGT00487,1556,Active
MRC004657,Grocery,Medium,LOC0103,2022-04-11,1,1,AGT00030,1633,Active
MRC004658,Restaurant,Micro,LOC0112,2022-01-21,1,0,AGT00746,1713,Active
MRC004659,General Retail,Large,LOC0056,2024-01-15,1,1,AGT00639,989,Active
MRC004660,Utility,Micro,LOC0032,2020-05-02,1,1,AGT00056,2342,Active
MRC004661,General Retail,Micro,LOC0108,2024-07-18,1,1,AGT00235,804,Active
MRC004662,Grocery,Small,LOC0086,2023-01-07,1,1,AGT00068,1362,Active
MRC004663,Electronics,Micro,LOC0080,2020-12-11,1,1,AGT00262,2119,Active
MRC004664,Education,Small,LOC0115,2025-07-01,1,1,AGT00563,456,Active
MRC004665,Pharmacy,Small,LOC0030,2023-07-20,1,1,AGT00078,1168,Active
MRC004666,Pharmacy,Medium,LOC0044,2023-02-04,1,0,AGT00230,1334,Active
MRC004667,Utility,Micro,LOC0005,2021-05-04,1,0,AGT00377,1975,Active
MRC004668,Transport,Micro,LOC0047,2021-04-01,1,1,AGT00055,2008,Active
MRC004669,Transport,Micro,LOC0054,2021-03-12,1,1,AGT00214,2028,Active
MRC004670,Pharmacy,Micro,LOC0055,2023-10-26,1,1,AGT00178,1070,Active
MRC004671,Electronics,Medium,LOC0019,2023-01-08,1,1,AGT00121,1361,Active
MRC004672,Grocery,Small,LOC0098,2025-10-19,1,1,AGT00335,346,Active
MRC004673,Grocery,Small,LOC0059,2021-01-15,1,0,AGT00472,2084,Active
MRC004674,Electronics,Small,LOC0053,2024-02-24,1,1,AGT00098,949,Active
MRC004675,Restaurant,Micro,LOC0104,2023-03-02,1,1,AGT00272,1308,Active
MRC004676,General Retail,Micro,LOC0059,2021-11-18,1,1,AGT00092,1777,Active
MRC004677,Fashion,Small,LOC0108,2021-04-26,1,1,AGT00645,1983,Active
MRC004678,Grocery,Medium,LOC0027,2025-06-13,1,0,AGT00473,474,Active
MRC004679,Grocery,Micro,LOC0103,2021-05-16,1,0,AGT00327,1963,Active
MRC004680,Healthcare,Micro,LOC0119,2023-09-18,1,1,AGT00002,1108,Active
MRC004681,Grocery,Small,LOC0091,2023-06-19,1,1,AGT00158,1199,Active
MRC004682,Grocery,Micro,LOC0108,2025-03-02,1,1,AGT00645,577,Active
MRC004683,Fashion,Small,LOC0089,2021-09-03,1,1,AGT00574,1853,Active
MRC004684,Pharmacy,Micro,LOC0073,2023-02-12,1,1,AGT00357,1326,Active
MRC004685,Education,Small,LOC0092,2025-05-05,0,0,AGT00042,513,Active
MRC004686,Fashion,Small,LOC0116,2025-02-11,1,1,AGT00113,596,Active
MRC004687,Grocery,Medium,LOC0073,2021-08-24,1,1,AGT00588,1863,Active
MRC004688,Utility,Small,LOC0083,2025-04-23,1,1,AGT00430,525,Active
MRC004689,Fashion,Micro,LOC0010,2022-11-05,0,1,AGT00025,1425,Active
MRC004690,Education,Small,LOC0116,2021-10-15,1,1,AGT00113,1811,Active
MRC004691,Grocery,Small,LOC0094,2020-07-04,1,1,AGT00623,2279,Active
MRC004692,Education,Small,LOC0020,2025-01-06,1,1,AGT00607,632,Active
MRC004693,Pharmacy,Medium,LOC0035,2024-03-11,1,1,AGT00715,933,Active
MRC004694,Fashion,Medium,LOC0028,2025-01-13,1,1,AGT00489,625,Active
MRC004695,Restaurant,Micro,LOC0039,2020-09-12,1,1,AGT00124,2209,Active
MRC004696,General Retail,Small,LOC0107,2022-06-02,1,1,AGT00626,1581,Active
MRC004697,Pharmacy,Micro,LOC0056,2020-01-30,0,1,AGT00583,2435,Active
MRC004698,General Retail,Small,LOC0051,2025-09-13,1,1,AGT00650,382,Active
MRC004699,General Retail,Medium,LOC0094,2021-09-27,0,1,AGT00088,1829,Active
MRC004700,Fashion,Small,LOC0045,2025-10-06,1,1,AGT00589,359,Active
MRC004701,Restaurant,Micro,LOC0107,2025-04-23,0,1,AGT00626,525,Active
MRC004702,Restaurant,Medium,LOC0091,2023-05-20,0,1,AGT00677,1229,Active
MRC004703,General Retail,Small,LOC0031,2023-10-08,1,0,AGT00116,1088,Active
MRC004704,Education,Micro,LOC0076,2023-10-12,1,1,AGT00533,1084,Active
MRC004705,Electronics,Medium,LOC0058,2025-07-22,1,1,AGT00106,435,Active
MRC004706,Grocery,Micro,LOC0042,2022-09-15,1,1,AGT00204,1476,Active
MRC004707,General Retail,Small,LOC0109,2023-12-04,1,1,AGT00242,1031,Active
MRC004708,Grocery,Small,LOC0048,2020-01-08,1,1,AGT00186,2457,Active
MRC004709,Grocery,Medium,LOC0015,2021-03-28,1,1,AGT00538,2012,Active
MRC004710,Pharmacy,Micro,LOC0050,2023-05-13,1,1,AGT00738,1236,Active
MRC004711,Fashion,Micro,LOC0063,2021-05-20,0,1,AGT00651,1959,Active
MRC004712,General Retail,Small,LOC0016,2022-07-08,0,1,AGT00100,1545,Active
MRC004713,Utility,Medium,LOC0090,2022-12-31,1,1,AGT00577,1369,Active
MRC004714,Grocery,Micro,LOC0028,2020-06-18,0,1,AGT00051,2295,Active
MRC004715,Restaurant,Micro,LOC0012,2022-06-13,0,1,AGT00646,1570,Active
MRC004716,Utility,Medium,LOC0065,2023-01-27,1,1,AGT00096,1342,Active
MRC004717,Electronics,Small,LOC0020,2022-07-28,1,1,AGT00607,1525,Active
MRC004718,Grocery,Micro,LOC0094,2021-04-16,0,1,AGT00270,1993,Active
MRC004719,Restaurant,Micro,LOC0009,2021-07-11,1,0,AGT00765,1907,Active
MRC004720,Education,Small,LOC0051,2022-09-06,1,1,AGT00515,1485,Active
MRC004721,General Retail,Small,LOC0007,2024-11-26,1,1,AGT00488,673,Active
MRC004722,Transport,Small,LOC0047,2022-02-24,1,1,AGT00602,1679,Active
MRC004723,Grocery,Small,LOC0112,2023-05-22,0,0,AGT00402,1227,Active
MRC004724,Transport,Micro,LOC0079,2020-05-20,1,1,AGT00498,2324,Active
MRC004725,Pharmacy,Medium,LOC0065,2020-07-12,0,1,AGT00484,2271,Active
MRC004726,General Retail,Micro,LOC0019,2025-12-16,1,1,AGT00144,288,Active
MRC004727,Restaurant,Medium,LOC0038,2019-12-26,1,1,AGT00341,2470,Active
MRC004728,Grocery,Micro,LOC0046,2020-07-28,1,1,AGT00718,2255,Active
MRC004729,Fashion,Micro,LOC0070,2020-07-14,0,1,AGT00800,2269,Active
MRC004730,Pharmacy,Micro,LOC0025,2022-12-26,1,0,AGT00290,1374,Active
MRC004731,Pharmacy,Micro,LOC0120,2024-05-05,1,1,AGT00392,878,Active
MRC004732,Education,Small,LOC0079,2022-05-02,1,1,AGT00793,1612,Active
MRC004733,Utility,Small,LOC0038,2020-09-05,0,1,AGT00341,2216,Active
MRC004734,General Retail,Medium,LOC0014,2023-04-09,1,1,AGT00388,1270,Active
MRC004735,Restaurant,Small,LOC0072,2020-01-25,1,1,AGT00788,2440,Active
MRC004736,Grocery,Small,LOC0054,2024-05-26,0,1,AGT00331,857,Active
MRC004737,Fashion,Micro,LOC0081,2020-11-10,1,1,AGT00258,2150,Active
MRC004738,Fashion,Medium,LOC0072,2025-07-26,0,0,AGT00198,431,Active
MRC004739,Grocery,Micro,LOC0077,2020-12-09,0,1,AGT00611,2121,Active
MRC004740,General Retail,Micro,LOC0101,2020-04-22,1,1,AGT00625,2352,Active
MRC004741,General Retail,Micro,LOC0064,2021-10-04,1,1,AGT00783,1822,Active
MRC004742,Grocery,Micro,LOC0087,2022-03-25,0,1,AGT00238,1650,Active
MRC004743,Utility,Small,LOC0044,2023-07-02,0,1,AGT00375,1186,Active
MRC004744,Transport,Micro,LOC0114,2020-09-26,0,1,AGT00228,2195,Active
MRC004745,Pharmacy,Micro,LOC0049,2025-03-16,0,1,AGT00337,563,Active
MRC004746,Transport,Medium,LOC0082,2024-03-22,0,1,AGT00459,922,Active
MRC004747,Grocery,Micro,LOC0120,2025-03-06,1,1,AGT00172,573,Active
MRC004748,Grocery,Small,LOC0042,2024-04-19,0,1,AGT00665,894,Active
MRC004749,General Retail,Micro,LOC0013,2022-10-31,1,1,AGT00597,1430,Active
MRC004750,Transport,Medium,LOC0028,2023-12-15,1,1,AGT00489,1020,Active
MRC004751,Pharmacy,Small,LOC0030,2023-06-13,1,1,AGT00661,1205,Active
MRC004752,Fashion,Micro,LOC0007,2024-07-31,1,1,AGT00452,791,Active
MRC004753,General Retail,Medium,LOC0066,2023-11-08,1,1,AGT00022,1057,Active
MRC004754,Fashion,Small,LOC0034,2022-12-25,1,1,AGT00173,1375,Active
MRC004755,General Retail,Micro,LOC0012,2024-09-06,0,1,AGT00440,754,Active
MRC004756,General Retail,Small,LOC0017,2020-05-12,0,1,AGT00282,2332,Active
MRC004757,Restaurant,Small,LOC0033,2020-08-05,0,1,AGT00475,2247,Active
MRC004758,Transport,Micro,LOC0045,2020-09-20,1,1,AGT00761,2201,Active
MRC004759,Transport,Micro,LOC0117,2025-12-14,1,1,AGT00773,290,Active
MRC004760,Utility,Micro,LOC0085,2023-01-01,1,1,AGT00294,1368,Active
MRC004761,Restaurant,Small,LOC0086,2021-03-16,1,1,AGT00527,2024,Active
MRC004762,Grocery,Medium,LOC0084,2023-11-16,1,1,AGT00249,1049,Active
MRC004763,Grocery,Small,LOC0097,2024-07-29,1,1,AGT00267,793,Active
MRC004764,Education,Large,LOC0039,2022-04-21,1,1,AGT00466,1623,Active
MRC004765,Utility,Micro,LOC0012,2025-12-12,1,1,AGT00440,292,Active
MRC004766,Healthcare,Small,LOC0062,2022-04-20,0,0,AGT00438,1624,Active
MRC004767,Education,Medium,LOC0001,2023-04-06,1,1,AGT00575,1273,Active
MRC004768,Grocery,Small,LOC0027,2021-11-14,1,1,AGT00415,1781,Active
MRC004769,Grocery,Micro,LOC0091,2021-11-16,1,1,AGT00223,1779,Active
MRC004770,Utility,Micro,LOC0061,2022-10-04,1,1,AGT00771,1457,Active
MRC004771,Electronics,Micro,LOC0083,2022-06-21,1,1,AGT00310,1562,Active
MRC004772,Utility,Small,LOC0062,2025-10-20,1,1,AGT00438,345,Active
MRC004773,Grocery,Large,LOC0066,2020-02-03,1,1,AGT00022,2431,Active
MRC004774,Restaurant,Micro,LOC0037,2025-07-04,1,1,AGT00195,453,Active
MRC004775,General Retail,Micro,LOC0027,2020-02-14,0,1,AGT00568,2420,Active
MRC004776,Grocery,Micro,LOC0032,2020-02-20,1,1,AGT00666,2414,Active
MRC004777,Grocery,Small,LOC0096,2021-09-01,1,1,AGT00154,1855,Active
MRC004778,Transport,Small,LOC0118,2021-07-01,1,1,AGT00729,1917,Active
MRC004779,Education,Micro,LOC0010,2025-10-13,1,1,AGT00025,352,Active
MRC004780,General Retail,Small,LOC0065,2020-04-16,0,1,AGT00525,2358,Active
MRC004781,General Retail,Micro,LOC0057,2022-10-20,0,1,AGT00633,1441,Active
MRC004782,Healthcare,Small,LOC0068,2023-12-07,1,1,AGT00610,1028,Active
MRC004783,Grocery,Small,LOC0028,2021-12-15,1,1,AGT00051,1750,Active
MRC004784,Fashion,Micro,LOC0001,2022-10-06,1,1,AGT00123,1455,Active
MRC004785,General Retail,Small,LOC0025,2023-10-19,0,0,AGT00670,1077,Active
MRC004786,Fashion,Small,LOC0022,2024-01-14,0,1,AGT00103,990,Active
MRC004787,General Retail,Small,LOC0007,2025-04-03,1,1,AGT00679,545,Active
MRC004788,Transport,Small,LOC0043,2020-07-10,1,1,AGT00005,2273,Active
MRC004789,Grocery,Small,LOC0083,2021-12-24,0,1,AGT00430,1741,Active
MRC004790,Electronics,Micro,LOC0116,2024-03-29,0,1,AGT00291,915,Active
MRC004791,Transport,Medium,LOC0079,2021-08-20,1,1,AGT00432,1867,Active
MRC004792,Grocery,Medium,LOC0022,2021-10-24,0,1,AGT00555,1802,Active
MRC004793,Restaurant,Micro,LOC0044,2025-02-15,0,1,AGT00101,592,Active
MRC004794,Healthcare,Medium,LOC0037,2024-11-30,1,1,AGT00263,669,Active
MRC004795,Grocery,Small,LOC0026,2024-07-31,1,1,AGT00618,791,Active
MRC004796,Restaurant,Micro,LOC0119,2025-05-02,1,0,AGT00209,516,Active
MRC004797,Transport,Small,LOC0079,2021-01-14,1,1,AGT00197,2085,Active
MRC004798,Utility,Micro,LOC0058,2025-01-11,1,0,AGT00106,627,Active
MRC004799,Electronics,Small,LOC0053,2021-02-09,1,1,AGT00309,2059,Active
MRC004800,General Retail,Medium,LOC0039,2022-10-18,1,1,AGT00124,1443,Active
MRC004801,General Retail,Micro,LOC0051,2025-04-06,1,1,AGT00398,542,Active
MRC004802,Fashion,Small,LOC0077,2020-11-28,1,1,AGT00159,2132,Active
MRC004803,Grocery,Micro,LOC0112,2024-12-03,1,1,AGT00744,666,Active
MRC004804,Utility,Small,LOC0060,2019-12-26,0,1,AGT00185,2470,Active
MRC004805,Pharmacy,Medium,LOC0023,2025-11-17,0,1,AGT00134,317,Active
MRC004806,General Retail,Micro,LOC0115,2022-03-28,1,1,AGT00006,1647,Active
MRC004807,Education,Small,LOC0038,2024-02-01,1,1,AGT00529,972,Active
MRC004808,Restaurant,Micro,LOC0010,2022-10-09,1,1,AGT00025,1452,Active
MRC004809,Electronics,Small,LOC0066,2020-12-09,0,1,AGT00022,2121,Active
MRC004810,Electronics,Small,LOC0095,2021-04-03,1,1,AGT00183,2006,Active
MRC004811,General Retail,Small,LOC0031,2024-04-12,0,1,AGT00116,901,Active
MRC004812,Pharmacy,Micro,LOC0034,2025-07-31,1,1,AGT00091,426,Active
MRC004813,General Retail,Small,LOC0035,2024-04-07,1,1,AGT00371,906,Active
MRC004814,Grocery,Small,LOC0097,2021-02-13,0,1,AGT00709,2055,Active
MRC004815,Utility,Small,LOC0115,2022-11-17,1,1,AGT00296,1413,Active
MRC004816,General Retail,Small,LOC0102,2021-06-04,1,1,AGT00210,1944,Active
MRC004817,Restaurant,Medium,LOC0028,2023-01-02,1,0,AGT00489,1367,Active
MRC004818,Grocery,Micro,LOC0102,2022-10-17,1,1,AGT00058,1444,Active
MRC004819,Utility,Micro,LOC0038,2025-07-29,0,1,AGT00529,428,Active
MRC004820,General Retail,Large,LOC0105,2025-10-28,0,1,AGT00279,337,Active
MRC004821,Restaurant,Micro,LOC0119,2021-10-03,1,1,AGT00002,1823,Active
MRC004822,Electronics,Medium,LOC0087,2024-10-02,1,1,AGT00772,728,Active
MRC004823,Utility,Small,LOC0115,2023-10-21,1,1,AGT00296,1075,Active
MRC004824,Grocery,Medium,LOC0018,2023-10-02,1,1,AGT00504,1094,Active
MRC004825,Education,Small,LOC0079,2022-03-05,1,1,AGT00260,1670,Active
MRC004826,Fashion,Medium,LOC0007,2020-05-01,1,1,AGT00662,2343,Active
MRC004827,Grocery,Small,LOC0079,2021-06-06,0,1,AGT00725,1942,Active
MRC004828,General Retail,Small,LOC0041,2022-02-21,1,1,AGT00497,1682,Active
MRC004829,Restaurant,Micro,LOC0117,2020-12-19,1,1,AGT00716,2111,Active
MRC004830,General Retail,Micro,LOC0060,2022-11-29,1,1,AGT00714,1401,Active
MRC004831,Education,Micro,LOC0092,2025-02-03,1,1,AGT00539,604,Active
MRC004832,Electronics,Medium,LOC0037,2023-01-15,1,1,AGT00483,1354,Active
MRC004833,Fashion,Micro,LOC0009,2020-02-11,0,0,AGT00406,2423,Active
MRC004834,Restaurant,Small,LOC0090,2021-04-18,1,1,AGT00299,1991,Active
MRC004835,Utility,Small,LOC0027,2023-11-14,1,1,AGT00368,1051,Active
MRC004836,Transport,Micro,LOC0087,2024-01-10,0,1,AGT00305,994,Active
MRC004837,Utility,Large,LOC0056,2020-06-21,1,1,AGT00448,2292,Active
MRC004838,Fashion,Micro,LOC0117,2025-05-25,1,1,AGT00716,493,Active
MRC004839,Pharmacy,Small,LOC0043,2020-05-19,1,1,AGT00456,2325,Active
MRC004840,Grocery,Small,LOC0049,2021-11-29,1,1,AGT00021,1766,Active
MRC004841,Utility,Micro,LOC0089,2021-02-17,1,1,AGT00232,2051,Active
MRC004842,Restaurant,Micro,LOC0095,2023-12-30,0,1,AGT00410,1005,Active
MRC004843,Electronics,Small,LOC0016,2022-01-31,1,1,AGT00254,1703,Active
MRC004844,Fashion,Micro,LOC0089,2024-01-06,0,1,AGT00289,998,Active
MRC004845,Fashion,Medium,LOC0059,2025-11-10,1,1,AGT00472,324,Active
MRC004846,Transport,Small,LOC0119,2023-03-30,1,1,AGT00209,1280,Active
MRC004847,Education,Micro,LOC0076,2020-02-06,0,1,AGT00533,2428,Active
MRC004848,General Retail,Micro,LOC0093,2024-07-05,1,1,AGT00044,817,Active
MRC004849,Grocery,Micro,LOC0042,2024-12-28,1,1,AGT00599,641,Active
MRC004850,Education,Small,LOC0035,2020-06-13,0,1,AGT00215,2300,Active
MRC004851,Grocery,Small,LOC0095,2020-07-08,1,1,AGT00410,2275,Active
MRC004852,Utility,Micro,LOC0002,2020-11-23,1,1,AGT00617,2137,Active
MRC004853,Education,Small,LOC0070,2020-02-14,1,1,AGT00297,2420,Active
MRC004854,Fashion,Small,LOC0117,2020-01-13,1,0,AGT00785,2452,Active
MRC004855,Utility,Small,LOC0119,2020-06-20,0,1,AGT00002,2293,Active
MRC004856,Fashion,Micro,LOC0086,2020-03-11,0,0,AGT00419,2394,Active
MRC004857,Pharmacy,Micro,LOC0060,2021-07-05,1,1,AGT00712,1913,Active
MRC004858,Fashion,Micro,LOC0098,2024-01-30,1,1,AGT00333,974,Active
MRC004859,Grocery,Small,LOC0002,2023-03-22,1,1,AGT00617,1288,Active
MRC004860,General Retail,Small,LOC0096,2023-09-08,1,1,AGT00160,1118,Active
MRC004861,Healthcare,Micro,LOC0023,2022-11-30,1,0,AGT00065,1400,Active
MRC004862,Utility,Micro,LOC0089,2021-10-14,0,1,AGT00518,1812,Active
MRC004863,General Retail,Small,LOC0042,2024-07-07,1,1,AGT00204,815,Active
MRC004864,Utility,Micro,LOC0091,2025-11-13,1,1,AGT00677,321,Active
MRC004865,Fashion,Small,LOC0073,2022-05-11,1,1,AGT00126,1603,Active
MRC004866,Grocery,Small,LOC0112,2020-01-07,1,1,AGT00151,2458,Active
MRC004867,Restaurant,Micro,LOC0095,2020-10-21,1,1,AGT00410,2170,Active
MRC004868,General Retail,Small,LOC0110,2025-11-24,1,1,AGT00125,310,Active
MRC004869,General Retail,Micro,LOC0019,2022-05-19,1,1,AGT00482,1595,Active
MRC004870,Utility,Small,LOC0046,2022-10-13,1,0,AGT00766,1448,Active
MRC004871,Pharmacy,Micro,LOC0053,2023-06-03,1,1,AGT00166,1215,Active
MRC004872,Grocery,Small,LOC0004,2021-12-17,1,1,AGT00643,1748,Active
MRC004873,General Retail,Small,LOC0003,2023-05-31,1,1,AGT00345,1218,Active
MRC004874,Grocery,Micro,LOC0005,2020-06-29,1,1,AGT00377,2284,Active
MRC004875,Education,Small,LOC0093,2020-07-13,1,1,AGT00044,2270,Active
MRC004876,Restaurant,Small,LOC0054,2022-02-09,1,0,AGT00064,1694,Active
MRC004877,Restaurant,Medium,LOC0091,2023-03-22,1,1,AGT00223,1288,Active
MRC004878,Transport,Micro,LOC0101,2022-05-23,1,1,AGT00625,1591,Active
MRC004879,General Retail,Micro,LOC0005,2020-07-30,1,1,AGT00212,2253,Active
MRC004880,Utility,Micro,LOC0102,2024-03-01,1,1,AGT00323,943,Active
MRC004881,Fashion,Medium,LOC0028,2020-10-07,0,0,AGT00349,2184,Active
MRC004882,Fashion,Small,LOC0049,2022-06-05,1,1,AGT00698,1578,Active
MRC004883,General Retail,Micro,LOC0116,2025-08-01,1,1,AGT00113,425,Active
MRC004884,Education,Small,LOC0037,2021-06-23,1,1,AGT00641,1925,Active
MRC004885,Fashion,Micro,LOC0113,2024-10-02,1,1,AGT00048,728,Active
MRC004886,Transport,Small,LOC0061,2022-11-17,0,1,AGT00771,1413,Active
MRC004887,Pharmacy,Small,LOC0002,2020-04-11,1,0,AGT00617,2363,Active
MRC004888,Grocery,Small,LOC0100,2021-04-19,1,1,AGT00460,1990,Active
MRC004889,General Retail,Small,LOC0006,2021-10-11,0,1,AGT00513,1815,Active
MRC004890,Education,Micro,LOC0077,2025-07-18,1,1,AGT00168,439,Active
MRC004891,Grocery,Small,LOC0056,2020-10-27,0,1,AGT00639,2164,Active
MRC004892,Restaurant,Small,LOC0017,2023-12-16,1,1,AGT00381,1019,Active
MRC004893,General Retail,Micro,LOC0062,2025-08-30,1,1,AGT00240,396,Active
MRC004894,Transport,Medium,LOC0044,2020-03-21,1,1,AGT00230,2384,Active
MRC004895,Transport,Small,LOC0012,2024-10-27,1,1,AGT00768,703,Active
MRC004896,Grocery,Medium,LOC0067,2024-01-11,1,1,AGT00171,993,Active
MRC004897,General Retail,Small,LOC0006,2025-02-10,1,1,AGT00545,597,Active
MRC004898,General Retail,Micro,LOC0065,2022-03-30,1,0,AGT00096,1645,Active
MRC004899,Electronics,Small,LOC0028,2020-10-08,0,1,AGT00051,2183,Active
MRC004900,Restaurant,Small,LOC0100,2022-11-08,1,1,AGT00161,1422,Active
MRC004901,Transport,Micro,LOC0115,2020-10-05,1,1,AGT00563,2186,Active
MRC004902,General Retail,Small,LOC0112,2020-05-11,1,0,AGT00674,2333,Active
MRC004903,Utility,Micro,LOC0113,2020-09-28,0,1,AGT00271,2193,Active
MRC004904,General Retail,Micro,LOC0013,2024-12-27,1,1,AGT00649,642,Active
MRC004905,Transport,Medium,LOC0062,2024-09-23,1,0,AGT00487,737,Active
MRC004906,Restaurant,Micro,LOC0027,2024-03-03,1,1,AGT00727,941,Active
MRC004907,Fashion,Small,LOC0012,2022-02-22,1,1,AGT00480,1681,Active
MRC004908,Utility,Small,LOC0048,2020-10-20,1,1,AGT00720,2171,Active
MRC004909,Pharmacy,Small,LOC0052,2024-02-03,1,1,AGT00740,970,Active
MRC004910,Pharmacy,Micro,LOC0036,2021-12-23,1,1,AGT00036,1742,Active
MRC004911,Healthcare,Small,LOC0014,2024-11-03,1,1,AGT00680,696,Active
MRC004912,Fashion,Small,LOC0049,2022-09-18,1,1,AGT00130,1473,Active
MRC004913,Utility,Medium,LOC0019,2021-04-19,1,1,AGT00482,1990,Active
MRC004914,Grocery,Micro,LOC0005,2023-08-08,1,1,AGT00496,1149,Active
MRC004915,Restaurant,Micro,LOC0055,2024-12-26,1,1,AGT00391,643,Active
MRC004916,Pharmacy,Small,LOC0008,2023-07-03,1,1,AGT00303,1185,Active
MRC004917,Transport,Micro,LOC0116,2021-05-27,0,1,AGT00687,1952,Active
MRC004918,Healthcare,Small,LOC0101,2020-05-15,1,0,AGT00143,2329,Active
MRC004919,Fashion,Small,LOC0112,2022-04-11,1,1,AGT00746,1633,Active
MRC004920,Fashion,Small,LOC0013,2021-12-12,1,0,AGT00689,1753,Active
MRC004921,Grocery,Large,LOC0056,2023-06-15,0,1,AGT00363,1203,Active
MRC004922,Transport,Small,LOC0099,2020-05-27,1,1,AGT00508,2317,Active
MRC004923,General Retail,Medium,LOC0070,2020-10-04,1,1,AGT00421,2187,Active
MRC004924,Utility,Small,LOC0037,2020-02-23,1,1,AGT00012,2411,Active
MRC004925,Pharmacy,Micro,LOC0100,2020-10-18,1,1,AGT00580,2173,Active
MRC004926,Education,Small,LOC0038,2022-09-09,1,1,AGT00341,1482,Active
MRC004927,Restaurant,Small,LOC0117,2020-03-20,1,1,AGT00763,2385,Active
MRC004928,Grocery,Large,LOC0013,2022-04-25,1,0,AGT00029,1619,Active
MRC004929,Grocery,Micro,LOC0085,2022-05-13,1,0,AGT00315,1601,Active
MRC004930,Grocery,Micro,LOC0002,2022-01-13,1,1,AGT00617,1721,Active
MRC004931,Grocery,Medium,LOC0110,2024-11-06,0,1,AGT00275,693,Active
MRC004932,Utility,Micro,LOC0043,2020-12-10,1,1,AGT00005,2120,Active
MRC004933,Restaurant,Small,LOC0003,2023-10-17,0,1,AGT00264,1079,Active
MRC004934,Healthcare,Small,LOC0101,2022-01-07,1,0,AGT00631,1727,Active
MRC004935,General Retail,Micro,LOC0117,2020-11-29,1,1,AGT00763,2131,Active
MRC004936,Education,Micro,LOC0111,2025-04-11,1,1,AGT00557,537,Active
MRC004937,Fashion,Medium,LOC0059,2024-02-29,1,1,AGT00330,944,Active
MRC004938,Healthcare,Micro,LOC0008,2020-04-28,1,1,AGT00634,2346,Active
MRC004939,Grocery,Small,LOC0028,2023-10-21,1,1,AGT00051,1075,Active
MRC004940,Fashion,Small,LOC0004,2022-01-03,1,1,AGT00437,1731,Active
MRC004941,Fashion,Small,LOC0006,2022-08-08,1,0,AGT00045,1514,Active
MRC004942,General Retail,Small,LOC0020,2020-10-04,0,1,AGT00543,2187,Active
MRC004943,Utility,Micro,LOC0068,2022-11-28,1,1,AGT00778,1402,Active
MRC004944,General Retail,Medium,LOC0092,2023-06-03,1,1,AGT00455,1215,Active
MRC004945,Transport,Micro,LOC0071,2025-11-12,1,1,AGT00032,322,Active
MRC004946,Electronics,Micro,LOC0025,2023-02-14,1,1,AGT00648,1324,Active
MRC004947,General Retail,Medium,LOC0073,2022-06-18,1,0,AGT00126,1565,Active
MRC004948,General Retail,Micro,LOC0028,2021-11-03,1,1,AGT00349,1792,Active
MRC004949,Fashion,Micro,LOC0056,2021-04-18,1,1,AGT00528,1991,Active
MRC004950,General Retail,Large,LOC0107,2021-04-26,1,1,AGT00414,1983,Active
MRC004951,General Retail,Micro,LOC0017,2023-03-20,1,1,AGT00069,1290,Active
MRC004952,Electronics,Micro,LOC0105,2025-06-29,1,1,AGT00279,458,Active
MRC004953,Grocery,Small,LOC0033,2024-06-10,1,0,AGT00412,842,Active
MRC004954,Pharmacy,Small,LOC0081,2023-07-11,1,1,AGT00737,1177,Active
MRC004955,Utility,Medium,LOC0032,2020-02-08,1,1,AGT00056,2426,Active
MRC004956,Grocery,Small,LOC0020,2021-05-10,1,1,AGT00607,1969,Active
MRC004957,Fashion,Large,LOC0055,2020-08-11,1,1,AGT00752,2241,Active
MRC004958,Education,Micro,LOC0046,2020-01-10,1,1,AGT00743,2455,Active
MRC004959,General Retail,Small,LOC0061,2025-03-01,1,1,AGT00524,578,Active
MRC004960,General Retail,Micro,LOC0029,2025-11-22,1,1,AGT00383,312,Active
MRC004961,Utility,Medium,LOC0118,2022-07-12,1,1,AGT00444,1541,Active
MRC004962,Restaurant,Medium,LOC0081,2024-05-18,0,1,AGT00454,865,Active
MRC004963,Grocery,Micro,LOC0101,2020-10-06,1,0,AGT00631,2185,Active
MRC004964,Transport,Medium,LOC0094,2023-03-08,1,1,AGT00088,1302,Active
MRC004965,Grocery,Small,LOC0087,2025-11-27,0,0,AGT00238,307,Active
MRC004966,Education,Micro,LOC0018,2024-08-17,1,1,AGT00476,774,Active
MRC004967,General Retail,Small,LOC0071,2023-12-02,0,1,AGT00211,1033,Active
MRC004968,Electronics,Large,LOC0108,2025-10-20,0,1,AGT00235,345,Active
MRC004969,Transport,Micro,LOC0012,2024-01-24,1,1,AGT00495,980,Active
MRC004970,Transport,Micro,LOC0056,2022-09-26,1,1,AGT00128,1465,Active
MRC004971,General Retail,Large,LOC0023,2020-08-14,1,0,AGT00134,2238,Active
MRC004972,Fashion,Small,LOC0096,2022-01-29,0,1,AGT00160,1705,Active
MRC004973,Fashion,Small,LOC0112,2025-05-28,1,1,AGT00667,490,Active
MRC004974,Grocery,Small,LOC0007,2023-06-22,1,1,AGT00157,1196,Active
MRC004975,Education,Small,LOC0097,2021-05-13,1,0,AGT00741,1966,Active
MRC004976,Restaurant,Micro,LOC0044,2023-10-01,1,0,AGT00736,1095,Active
MRC004977,Electronics,Micro,LOC0116,2022-08-05,1,1,AGT00113,1517,Active
MRC004978,Utility,Medium,LOC0002,2020-01-25,1,1,AGT00617,2440,Active
MRC004979,Grocery,Small,LOC0023,2025-02-19,0,0,AGT00134,588,Active
MRC004980,Education,Small,LOC0087,2023-02-08,1,1,AGT00077,1330,Active
MRC004981,Grocery,Medium,LOC0094,2022-04-25,1,1,AGT00270,1619,Active
MRC004982,Pharmacy,Micro,LOC0010,2021-03-10,1,0,AGT00025,2030,Active
MRC004983,Grocery,Medium,LOC0020,2020-12-15,1,1,AGT00115,2115,Active
MRC004984,Grocery,Small,LOC0041,2024-03-30,1,1,AGT00074,914,Active
MRC004985,General Retail,Medium,LOC0005,2023-03-03,1,1,AGT00496,1307,Active
MRC004986,General Retail,Micro,LOC0094,2020-12-30,0,1,AGT00777,2100,Active
MRC004987,Healthcare,Micro,LOC0081,2020-12-10,1,1,AGT00790,2120,Active
MRC004988,Education,Small,LOC0090,2021-01-13,1,1,AGT00299,2086,Active
MRC004989,Utility,Medium,LOC0057,2021-12-20,1,1,AGT00637,1745,Active
MRC004990,General Retail,Large,LOC0077,2024-05-12,1,1,AGT00159,871,Active
MRC004991,Electronics,Small,LOC0069,2023-10-05,1,1,AGT00477,1091,Active
MRC004992,Grocery,Small,LOC0084,2022-01-14,1,1,AGT00549,1720,Active
MRC004993,Transport,Micro,LOC0055,2024-06-10,1,0,AGT00511,842,Active
MRC004994,General Retail,Small,LOC0079,2021-11-18,0,1,AGT00655,1777,Active
MRC004995,Pharmacy,Medium,LOC0078,2022-11-18,1,0,AGT00189,1412,Active
MRC004996,Fashion,Small,LOC0077,2023-04-25,1,1,AGT00168,1254,Active
MRC004997,Restaurant,Micro,LOC0105,2023-11-02,1,1,AGT00117,1063,Active
MRC004998,Restaurant,Large,LOC0042,2021-05-02,1,1,AGT00501,1977,Active
MRC004999,Healthcare,Micro,LOC0106,2023-03-06,1,0,AGT00401,1304,Active
MRC005000,Restaurant,Small,LOC0004,2024-02-16,0,1,AGT00643,957,Active
