merchant_id,merchant_category,business_size,location_id,assigned_agent_id,merchant_tenure_days,qr_enabled,app_enabled,days_since_last_txn,txn_count_7d,txn_value_7d,unique_customers_7d,active_days_7d,txn_count_30d,txn_value_30d,unique_customers_30d,active_days_30d,txn_count_90d,txn_value_90d,unique_customers_90d,active_days_90d,avg_txn_value_30d,churn_30d,churn_60d,churn_90d
MRC000001,Healthcare,Medium,LOC0077,AGT00159,1349,1,0,999,0.0,0.0,0.0,0.0,0.0,0.0,0.0,0.0,0.0,0.0,0.0,0.0,0.0,1,1,1
MRC000002,Transport,Small,LOC0067,AGT00112,1252,1,0,1,3.0,2941.38,3.0,2.0,14.0,27317.54,14.0,12.0,30.0,50662.93,30.0,27.0,1951.2528571428572,0,0,0
MRC000003,Utility,Micro,LOC0108,AGT00216,2183,0,0,2,2.0,1235.91,2.0,2.0,3.0,1699.7600000000002,3.0,3.0,9.0,14492.57,9.0,8.0,566.5866666666667,0,0,0
MRC000004,General Retail,Medium,LOC0065,AGT00075,386,0,1,4,1.0,1806.51,1.0,1.0,8.0,7908.95,8.0,6.0,21.0,21315.16,21.0,19.0,988.61875,0,0,0
MRC000005,Transport,Small,LOC0080,AGT00224,760,0,1,9,0.0,0.0,0.0,0.0,2.0,2273.68,2.0,2.0,8.0,13562.050000000001,8.0,8.0,1136.84,0,0,0
MRC000006,Grocery,Small,LOC0091,AGT00688,1311,1,1,9,0.0,0.0,0.0,0.0,10.0,11295.75,10.0,7.0,29.0,30337.53,29.0,21.0,1129.575,0,0,0
MRC000007,Grocery,Small,LOC0108,AGT00235,2068,0,1,7,0.0,0.0,0.0,0.0,4.0,4833.53,4.0,3.0,12.0,13345.17,12.0,11.0,1208.3825,0,0,0
MRC000008,General Retail,Medium,LOC0074,AGT00003,1301,0,1,13,0.0,0.0,0.0,0.0,3.0,6864.28,3.0,3.0,13.0,12549.26,13.0,11.0,2288.0933333333332,0,0,0
MRC000009,General Retail,Small,LOC0067,AGT00509,1683,1,1,8,0.0,0.0,0.0,0.0,7.0,4225.07,7.0,5.0,13.0,6115.45,13.0,10.0,603.5814285714285,0,0,0
MRC000010,General Retail,Micro,LOC0010,AGT00025,677,1,1,1,6.0,12202.58,6.0,5.0,27.0,35347.83,27.0,19.0,71.0,112000.03,71.0,46.0,1309.1788888888889,0,0,0
MRC000011,Grocery,Micro,LOC0078,AGT00622,2348,1,0,0,2.0,2393.74,2.0,2.0,4.0,6806.2,4.0,4.0,13.0,20835.06,13.0,12.0,1701.55,0,0,0
MRC000012,Restaurant,Micro,LOC0022,AGT00321,2000,1,1,10,0.0,0.0,0.0,0.0,2.0,6469.19,2.0,2.0,3.0,7813.7,3.0,3.0,3234.595,0,0,0
MRC000013,Healthcare,Small,LOC0045,AGT00031,380,0,1,89,0.0,0.0,0.0,0.0,0.0,0.0,0.0,0.0,1.0,6781.89,1.0,1.0,0.0,1,1,0
MRC000014,Healthcare,Micro,LOC0064,AGT00165,1825,1,1,1,2.0,6335.69,2.0,2.0,8.0,11913.38,8.0,8.0,17.0,29937.0,17.0,16.0,1489.1725,0,0,0
MRC000015,Grocery,Small,LOC0010,AGT00653,569,1,1,2,4.0,23636.820000000003,4.0,3.0,8.0,25179.160000000003,8.0,6.0,33.0,65967.22,33.0,27.0,3147.3950000000004,0,0,0
MRC000016,Education,Small,LOC0084,AGT00691,1509,1,1,31,0.0,0.0,0.0,0.0,0.0,0.0,0.0,0.0,2.0,3017.85,2.0,2.0,0.0,1,0,0
MRC000017,Grocery,Medium,LOC0034,AGT00219,1834,1,0,0,6.0,7004.700000000001,6.0,4.0,35.0,50461.56,35.0,21.0,110.0,138559.91,110.0,65.0,1441.758857142857,0,0,0
MRC000018,Fashion,Small,LOC0062,AGT00487,2310,1,1,25,0.0,0.0,0.0,0.0,3.0,3901.8899999999994,3.0,3.0,7.0,8215.53,7.0,7.0,1300.6299999999999,0,0,0
MRC000019,Pharmacy,Medium,LOC0043,AGT00005,441,1,0,15,0.0,0.0,0.0,0.0,6.0,23226.32,6.0,4.0,16.0,36082.159999999996,16.0,13.0,3871.0533333333333,0,0,0
MRC000020,Grocery,Medium,LOC0043,AGT00456,914,0,1,38,0.0,0.0,0.0,0.0,0.0,0.0,0.0,0.0,3.0,2300.17,3.0,3.0,0.0,1,0,0
MRC000021,Grocery,Micro,LOC0048,AGT00465,1795,0,1,4,1.0,2496.01,1.0,1.0,14.0,22084.329999999998,14.0,13.0,41.0,63436.8,41.0,38.0,1577.4521428571427,0,0,0
MRC000022,General Retail,Small,LOC0007,AGT00153,859,1,0,9,0.0,0.0,0.0,0.0,2.0,2295.99,2.0,2.0,5.0,5270.82,5.0,5.0,1147.995,0,0,0
MRC000023,Healthcare,Micro,LOC0024,AGT00566,1844,1,1,4,1.0,528.0,1.0,1.0,3.0,3874.6899999999996,3.0,3.0,6.0,7421.62,6.0,6.0,1291.5633333333333,0,0,0
MRC000024,General Retail,Medium,LOC0095,AGT00410,687,1,1,18,0.0,0.0,0.0,0.0,3.0,7700.07,3.0,3.0,10.0,16278.86,10.0,10.0,2566.69,0,0,0
MRC000025,Fashion,Small,LOC0015,AGT00538,644,0,1,0,2.0,2992.89,2.0,2.0,11.0,23930.260000000002,11.0,10.0,29.0,49052.06,29.0,26.0,2175.478181818182,0,0,0
MRC000026,Restaurant,Micro,LOC0060,AGT00712,1476,1,1,6,1.0,221.09,1.0,1.0,5.0,3562.67,5.0,4.0,18.0,15532.69,18.0,16.0,712.534,0,0,0
MRC000027,Restaurant,Micro,LOC0017,AGT00010,1792,1,1,31,0.0,0.0,0.0,0.0,0.0,0.0,0.0,0.0,4.0,30035.3,4.0,4.0,0.0,1,0,0
MRC000028,Education,Small,LOC0065,AGT00313,735,0,1,53,0.0,0.0,0.0,0.0,0.0,0.0,0.0,0.0,1.0,4913.91,1.0,1.0,0.0,1,0,0
MRC000029,Restaurant,Medium,LOC0078,AGT00622,2196,0,1,0,4.0,9766.2,4.0,4.0,21.0,35492.06,21.0,16.0,46.0,75947.79,46.0,34.0,1690.098095238095,0,0,0
MRC000030,Healthcare,Small,LOC0057,AGT00142,2185,1,1,11,0.0,0.0,0.0,0.0,1.0,261.79,1.0,1.0,5.0,3335.62,5.0,5.0,261.79,0,0,0
MRC000031,Utility,Micro,LOC0093,AGT00749,464,0,1,10,0.0,0.0,0.0,0.0,2.0,1795.44,2.0,2.0,13.0,13904.21,13.0,12.0,897.72,0,0,0
MRC000032,General Retail,Micro,LOC0032,AGT00056,951,1,1,5,1.0,14667.22,1.0,1.0,6.0,32686.399999999998,6.0,6.0,25.0,52998.399999999994,25.0,23.0,5447.733333333333,0,0,0
MRC000033,Pharmacy,Small,LOC0067,AGT00014,1502,1,1,226,0.0,0.0,0.0,0.0,0.0,0.0,0.0,0.0,0.0,0.0,0.0,0.0,0.0,1,1,1
MRC000034,Electronics,Small,LOC0034,AGT00173,1359,1,0,0,2.0,377.60999999999996,2.0,2.0,14.0,12539.31,14.0,12.0,37.0,46879.520000000004,37.0,31.0,895.665,0,0,0
MRC000035,Pharmacy,Micro,LOC0062,AGT00240,844,1,1,13,0.0,0.0,0.0,0.0,2.0,2037.9899999999998,2.0,2.0,8.0,5683.66,8.0,7.0,1018.9949999999999,0,0,0
MRC000036,Grocery,Micro,LOC0008,AGT00303,1443,1,1,4,1.0,373.4,1.0,1.0,4.0,5055.3,4.0,3.0,7.0,6153.48,7.0,6.0,1263.825,0,0,0
MRC000037,Transport,Medium,LOC0033,AGT00751,2390,1,1,1,3.0,1430.3400000000001,3.0,2.0,16.0,22845.36,16.0,9.0,43.0,61283.82,43.0,31.0,1427.835,0,0,0
MRC000038,Electronics,Small,LOC0085,AGT00315,959,1,1,1,2.0,1421.87,2.0,2.0,12.0,31181.600000000002,12.0,11.0,32.0,63782.51,32.0,29.0,2598.4666666666667,0,0,0
MRC000039,Healthcare,Small,LOC0094,AGT00623,765,1,1,0,2.0,5278.32,2.0,2.0,5.0,9709.970000000001,5.0,5.0,9.0,13300.130000000001,9.0,9.0,1941.9940000000001,0,0,0
MRC000040,Grocery,Small,LOC0033,AGT00751,1900,1,1,5,1.0,526.45,1.0,1.0,1.0,526.45,1.0,1.0,13.0,21710.0,13.0,13.0,526.45,0,0,0
MRC000041,General Retail,Small,LOC0031,AGT00026,1533,1,1,2,1.0,689.61,1.0,1.0,7.0,8569.53,7.0,6.0,21.0,33235.0,21.0,17.0,1224.2185714285715,0,0,0
MRC000042,General Retail,Small,LOC0036,AGT00036,1799,1,0,4,4.0,9023.369999999999,4.0,2.0,15.0,34341.59,15.0,10.0,39.0,70351.04,39.0,27.0,2289.4393333333333,0,0,0
MRC000043,Fashion,Micro,LOC0034,AGT00485,1699,1,0,0,4.0,5325.34,4.0,4.0,14.0,15791.32,14.0,12.0,44.0,58632.19,44.0,36.0,1127.9514285714286,0,0,0
MRC000044,General Retail,Micro,LOC0120,AGT00694,1949,1,1,20,0.0,0.0,0.0,0.0,3.0,4698.25,3.0,2.0,9.0,16017.87,9.0,8.0,1566.0833333333333,0,0,0
MRC000045,Pharmacy,Large,LOC0079,AGT00061,1880,1,1,14,0.0,0.0,0.0,0.0,1.0,368.34,1.0,1.0,6.0,4363.76,6.0,6.0,368.34,0,0,0
MRC000046,Healthcare,Medium,LOC0047,AGT00390,1610,1,1,3,1.0,726.39,1.0,1.0,3.0,6526.33,3.0,3.0,6.0,11232.89,6.0,6.0,2175.443333333333,0,0,0
MRC000047,General Retail,Small,LOC0056,AGT00363,1280,1,1,14,0.0,0.0,0.0,0.0,2.0,1484.63,2.0,2.0,9.0,12788.72,9.0,9.0,742.315,0,0,0
MRC000048,Utility,Micro,LOC0062,AGT00240,1292,1,0,6,1.0,1324.78,1.0,1.0,5.0,11118.130000000001,5.0,4.0,8.0,13761.02,8.0,7.0,2223.626,0,0,0
MRC000049,Utility,Micro,LOC0067,AGT00426,866,1,1,1,2.0,1480.68,2.0,2.0,4.0,1897.29,4.0,4.0,5.0,1988.81,5.0,5.0,474.3225,0,0,0
MRC000050,Fashion,Micro,LOC0047,AGT00748,1267,1,1,0,1.0,2094.15,1.0,1.0,6.0,12219.44,6.0,6.0,14.0,19985.870000000003,14.0,14.0,2036.5733333333335,0,0,0
MRC000051,Utility,Medium,LOC0117,AGT00753,1608,1,1,4,1.0,875.92,1.0,1.0,3.0,2021.96,3.0,3.0,5.0,7244.35,5.0,5.0,673.9866666666667,0,0,0
MRC000052,Transport,Medium,LOC0035,AGT00284,1852,1,1,13,0.0,0.0,0.0,0.0,7.0,10018.42,7.0,6.0,15.0,25452.02,15.0,14.0,1431.202857142857,0,0,0
MRC000053,Grocery,Small,LOC0052,AGT00015,1975,1,1,5,1.0,914.32,1.0,1.0,4.0,3058.38,4.0,3.0,10.0,8430.02,10.0,9.0,764.595,0,0,0
MRC000054,Grocery,Large,LOC0001,AGT00616,1110,1,0,2,1.0,3894.71,1.0,1.0,6.0,6969.5599999999995,6.0,6.0,15.0,19890.88,15.0,14.0,1161.5933333333332,0,0,0
MRC000055,Utility,Micro,LOC0059,AGT00472,1888,0,1,8,0.0,0.0,0.0,0.0,8.0,21507.329999999998,8.0,8.0,22.0,40022.71,22.0,21.0,2688.4162499999998,0,0,0
MRC000056,Education,Small,LOC0103,AGT00686,1242,1,1,3,2.0,6007.43,2.0,2.0,4.0,8141.5,4.0,4.0,15.0,33907.86,15.0,15.0,2035.375,0,0,0
MRC000057,Electronics,Micro,LOC0120,AGT00434,1070,1,1,0,6.0,12373.57,6.0,4.0,24.0,33429.55,24.0,18.0,97.0,196742.63,97.0,60.0,1392.8979166666668,0,0,0
MRC000058,General Retail,Micro,LOC0057,AGT00142,644,0,1,1,2.0,3090.31,2.0,1.0,2.0,3090.31,2.0,1.0,7.0,8145.28,7.0,6.0,1545.155,0,0,0
MRC000059,Transport,Medium,LOC0017,AGT00010,867,1,1,1,3.0,5076.4,3.0,3.0,5.0,9904.58,5.0,5.0,18.0,32287.72,18.0,16.0,1980.916,0,0,0
MRC000060,Restaurant,Medium,LOC0087,AGT00077,1771,1,1,3,1.0,731.92,1.0,1.0,4.0,2861.59,4.0,3.0,12.0,20919.86,12.0,11.0,715.3975,0,0,0
MRC000061,Restaurant,Micro,LOC0077,AGT00359,759,0,1,15,0.0,0.0,0.0,0.0,2.0,10611.07,2.0,2.0,12.0,25361.850000000002,12.0,12.0,5305.535,0,0,0
MRC000062,Education,Micro,LOC0116,AGT00291,455,1,1,39,0.0,0.0,0.0,0.0,0.0,0.0,0.0,0.0,4.0,7455.1,4.0,4.0,0.0,1,0,0
MRC000063,Utility,Small,LOC0061,AGT00428,881,1,1,25,0.0,0.0,0.0,0.0,1.0,353.02,1.0,1.0,1.0,353.02,1.0,1.0,353.02,0,0,0
MRC000064,Education,Micro,LOC0001,AGT00616,2451,1,1,23,0.0,0.0,0.0,0.0,1.0,157.41,1.0,1.0,8.0,8235.38,8.0,7.0,157.41,0,0,0
MRC000065,Electronics,Small,LOC0109,AGT00242,614,0,1,6,1.0,1919.83,1.0,1.0,2.0,2486.65,2.0,2.0,3.0,2584.04,3.0,3.0,1243.325,0,0,0
MRC000066,Healthcare,Small,LOC0082,AGT00147,601,1,1,23,0.0,0.0,0.0,0.0,1.0,2332.6,1.0,1.0,6.0,11122.31,6.0,6.0,2332.6,0,0,0
MRC000067,Transport,Micro,LOC0097,AGT00706,1167,1,1,19,0.0,0.0,0.0,0.0,2.0,4249.81,2.0,2.0,3.0,4904.05,3.0,3.0,2124.905,0,0,0
MRC000068,General Retail,Micro,LOC0015,AGT00538,1123,1,1,27,0.0,0.0,0.0,0.0,1.0,1124.36,1.0,1.0,5.0,10528.050000000001,5.0,5.0,1124.36,0,0,0
MRC000069,Grocery,Micro,LOC0055,AGT00565,2297,0,1,0,3.0,3040.5099999999998,3.0,3.0,9.0,8770.68,9.0,9.0,29.0,41068.33,29.0,28.0,974.52,0,0,0
MRC000070,Healthcare,Medium,LOC0055,AGT00221,806,0,1,14,0.0,0.0,0.0,0.0,1.0,2597.46,1.0,1.0,3.0,5806.139999999999,3.0,3.0,2597.46,0,0,0
MRC000071,Electronics,Small,LOC0033,AGT00475,1198,1,0,15,0.0,0.0,0.0,0.0,11.0,11710.380000000001,11.0,6.0,26.0,37143.29,26.0,19.0,1064.5800000000002,0,0,0
MRC000072,Grocery,Small,LOC0102,AGT00323,922,1,0,24,0.0,0.0,0.0,0.0,1.0,485.96,1.0,1.0,7.0,33676.89,7.0,7.0,485.96,0,0,0
MRC000073,Transport,Micro,LOC0023,AGT00559,833,0,1,16,0.0,0.0,0.0,0.0,1.0,3052.3,1.0,1.0,6.0,18697.29,6.0,6.0,3052.3,0,0,0
MRC000074,Healthcare,Small,LOC0009,AGT00085,991,1,1,4,1.0,230.78,1.0,1.0,5.0,4688.77,5.0,4.0,11.0,12115.84,11.0,10.0,937.7540000000001,0,0,0
MRC000075,Electronics,Micro,LOC0029,AGT00467,848,1,1,1,1.0,94.57,1.0,1.0,4.0,5949.650000000001,4.0,3.0,5.0,6835.820000000001,5.0,4.0,1487.4125000000001,0,0,0
MRC000076,Utility,Micro,LOC0119,AGT00550,1856,1,1,8,0.0,0.0,0.0,0.0,1.0,192.58,1.0,1.0,2.0,1252.8999999999999,2.0,2.0,192.58,0,0,0
MRC000077,Restaurant,Small,LOC0014,AGT00388,2013,1,1,11,0.0,0.0,0.0,0.0,2.0,2106.2200000000003,2.0,2.0,6.0,11444.960000000001,6.0,6.0,1053.1100000000001,0,0,0
MRC000078,Pharmacy,Small,LOC0070,AGT00735,673,1,1,26,0.0,0.0,0.0,0.0,2.0,6272.7,2.0,2.0,3.0,7367.139999999999,3.0,3.0,3136.35,0,0,0
MRC000079,Restaurant,Micro,LOC0022,AGT00544,1370,1,0,0,1.0,2961.64,1.0,1.0,3.0,4329.219999999999,3.0,3.0,18.0,37014.27,18.0,16.0,1443.073333333333,0,0,0
MRC000080,Restaurant,Micro,LOC0048,AGT00095,863,1,1,999,0.0,0.0,0.0,0.0,0.0,0.0,0.0,0.0,0.0,0.0,0.0,0.0,0.0,1,1,1
MRC000081,Transport,Medium,LOC0067,AGT00205,2182,1,1,4,1.0,217.02,1.0,1.0,3.0,5527.26,3.0,3.0,19.0,30660.63,19.0,18.0,1842.42,0,0,0
MRC000082,General Retail,Micro,LOC0003,AGT00264,508,0,1,10,0.0,0.0,0.0,0.0,2.0,2120.4700000000003,2.0,2.0,12.0,15731.79,12.0,12.0,1060.2350000000001,0,0,0
MRC000083,Healthcare,Micro,LOC0029,AGT00356,1181,1,1,1,3.0,6200.08,3.0,2.0,16.0,19209.16,16.0,11.0,50.0,65247.479999999996,50.0,37.0,1200.5725,0,0,0
MRC000084,Grocery,Small,LOC0071,AGT00364,1011,1,1,0,6.0,7966.68,6.0,5.0,26.0,41875.97,26.0,19.0,84.0,104023.1,84.0,56.0,1610.6142307692307,0,0,0
MRC000085,Restaurant,Micro,LOC0002,AGT00617,1081,1,1,3,1.0,64.6,1.0,1.0,5.0,2846.33,5.0,5.0,23.0,35797.299999999996,23.0,20.0,569.266,0,0,0
MRC000086,Grocery,Small,LOC0060,AGT00714,2343,1,0,32,0.0,0.0,0.0,0.0,0.0,0.0,0.0,0.0,5.0,8723.16,5.0,5.0,0.0,1,0,0
MRC000087,Transport,Small,LOC0073,AGT00357,1468,1,0,0,10.0,21850.31,10.0,6.0,26.0,59088.17,26.0,18.0,71.0,152736.06,71.0,48.0,2272.621923076923,0,0,0
MRC000088,Pharmacy,Small,LOC0026,AGT00162,1117,1,1,20,0.0,0.0,0.0,0.0,3.0,3617.97,3.0,3.0,6.0,9288.599999999999,6.0,6.0,1205.99,0,0,0
MRC000089,Electronics,Small,LOC0020,AGT00607,2052,1,1,26,0.0,0.0,0.0,0.0,1.0,286.75,1.0,1.0,2.0,2391.07,2.0,2.0,286.75,0,0,0
MRC000090,Utility,Small,LOC0059,AGT00092,1985,1,1,0,5.0,8856.240000000002,5.0,4.0,21.0,30907.410000000003,21.0,16.0,66.0,84513.02,66.0,50.0,1471.7814285714287,0,0,0
MRC000091,Transport,Small,LOC0087,AGT00193,603,1,1,0,2.0,2219.41,2.0,2.0,3.0,2588.8900000000003,3.0,3.0,13.0,15960.9,13.0,13.0,862.9633333333335,0,0,0
MRC000092,Restaurant,Micro,LOC0002,AGT00617,1295,0,1,269,0.0,0.0,0.0,0.0,0.0,0.0,0.0,0.0,0.0,0.0,0.0,0.0,0.0,1,1,1
MRC000093,Restaurant,Micro,LOC0041,AGT00378,1187,0,1,71,0.0,0.0,0.0,0.0,0.0,0.0,0.0,0.0,1.0,1710.89,1.0,1.0,0.0,1,1,0
MRC000094,Transport,Small,LOC0120,AGT00791,1269,1,1,1,2.0,4806.77,2.0,2.0,4.0,6904.610000000001,4.0,4.0,10.0,12948.460000000001,10.0,10.0,1726.1525000000001,0,0,0
MRC000095,Electronics,Micro,LOC0041,AGT00541,1049,0,1,17,0.0,0.0,0.0,0.0,2.0,898.0899999999999,2.0,1.0,7.0,6901.740000000001,7.0,6.0,449.04499999999996,0,0,0
MRC000096,Grocery,Micro,LOC0040,AGT00089,2087,1,1,17,0.0,0.0,0.0,0.0,2.0,2349.9,2.0,2.0,5.0,4013.58,5.0,5.0,1174.95,0,0,0
MRC000097,General Retail,Micro,LOC0089,AGT00231,2463,1,1,2,4.0,2075.4,4.0,4.0,34.0,43267.65,34.0,22.0,81.0,108413.93000000001,81.0,55.0,1272.5779411764706,0,0,0
MRC000098,Electronics,Small,LOC0058,AGT00630,345,1,1,1,6.0,5263.1,6.0,4.0,30.0,36056.05,30.0,21.0,83.0,107307.98,83.0,56.0,1201.8683333333333,0,0,0
MRC000099,Fashion,Micro,LOC0047,AGT00390,2158,1,1,0,2.0,23651.03,2.0,2.0,4.0,24764.199999999997,4.0,4.0,9.0,27809.21,9.0,9.0,6191.049999999999,0,0,0
MRC000100,Grocery,Small,LOC0095,AGT00458,2176,1,1,63,0.0,0.0,0.0,0.0,0.0,0.0,0.0,0.0,2.0,1602.3000000000002,2.0,2.0,0.0,1,1,0
MRC000101,Restaurant,Small,LOC0004,AGT00503,1085,1,1,2,1.0,2760.61,1.0,1.0,8.0,11131.28,8.0,5.0,16.0,21789.850000000002,16.0,12.0,1391.41,0,0,0
MRC000102,Restaurant,Small,LOC0086,AGT00469,1347,0,1,49,0.0,0.0,0.0,0.0,0.0,0.0,0.0,0.0,4.0,3651.1000000000004,4.0,4.0,0.0,1,0,0
MRC000103,Pharmacy,Micro,LOC0046,AGT00743,510,1,1,999,0.0,0.0,0.0,0.0,0.0,0.0,0.0,0.0,0.0,0.0,0.0,0.0,0.0,1,1,1
MRC000104,Education,Medium,LOC0107,AGT00672,1054,1,1,56,0.0,0.0,0.0,0.0,0.0,0.0,0.0,0.0,1.0,5052.12,1.0,1.0,0.0,1,0,0
MRC000105,Fashion,Micro,LOC0087,AGT00305,807,1,1,17,0.0,0.0,0.0,0.0,2.0,4463.01,2.0,2.0,5.0,5716.18,5.0,5.0,2231.505,0,0,0
MRC000106,General Retail,Medium,LOC0113,AGT00271,2268,1,1,3,2.0,1146.24,2.0,1.0,8.0,9130.83,8.0,7.0,19.0,16354.11,19.0,16.0,1141.35375,0,0,0
MRC000107,General Retail,Small,LOC0016,AGT00259,521,1,1,0,2.0,16191.12,2.0,2.0,4.0,16722.03,4.0,4.0,8.0,22984.5,8.0,8.0,4180.5075,0,0,0
MRC000108,Pharmacy,Micro,LOC0023,AGT00245,1029,1,1,1,1.0,1437.08,1.0,1.0,5.0,6432.71,5.0,5.0,20.0,30881.739999999998,20.0,18.0,1286.542,0,0,0
MRC000109,Grocery,Small,LOC0109,AGT00461,1337,0,1,1,2.0,2369.67,2.0,2.0,9.0,9162.61,9.0,8.0,30.0,37198.41,30.0,26.0,1018.0677777777778,0,0,0
MRC000110,Utility,Small,LOC0047,AGT00055,2423,1,1,9,0.0,0.0,0.0,0.0,6.0,7582.09,6.0,6.0,35.0,46323.38,35.0,29.0,1263.6816666666666,0,0,0
MRC000111,General Retail,Small,LOC0098,AGT00370,2072,1,0,6,1.0,491.29,1.0,1.0,6.0,5952.78,6.0,6.0,14.0,11609.1,14.0,13.0,992.13,0,0,0
MRC000112,General Retail,Small,LOC0083,AGT00310,2332,1,1,15,0.0,0.0,0.0,0.0,3.0,13404.560000000001,3.0,3.0,10.0,20188.41,10.0,10.0,4468.186666666667,0,0,0
MRC000113,Grocery,Small,LOC0060,AGT00712,964,1,1,5,1.0,988.92,1.0,1.0,1.0,988.92,1.0,1.0,2.0,12946.83,2.0,2.0,988.92,0,0,0
MRC000114,Pharmacy,Small,LOC0006,AGT00545,872,1,1,80,0.0,0.0,0.0,0.0,0.0,0.0,0.0,0.0,1.0,539.36,1.0,1.0,0.0,1,1,0
MRC000115,Grocery,Medium,LOC0009,AGT00008,1535,1,1,32,0.0,0.0,0.0,0.0,0.0,0.0,0.0,0.0,4.0,2970.21,4.0,4.0,0.0,1,0,0
MRC000116,General Retail,Micro,LOC0087,AGT00772,1031,1,0,1,4.0,4438.3,4.0,3.0,9.0,13696.16,9.0,8.0,30.0,39925.229999999996,30.0,28.0,1521.7955555555554,0,0,0
MRC000117,Education,Small,LOC0012,AGT00016,321,0,1,16,0.0,0.0,0.0,0.0,1.0,1992.58,1.0,1.0,4.0,5043.27,4.0,4.0,1992.58,0,0,0
MRC000118,Electronics,Small,LOC0001,AGT00616,2061,0,0,11,0.0,0.0,0.0,0.0,2.0,3798.22,2.0,2.0,7.0,10222.01,7.0,7.0,1899.11,0,0,0
MRC000119,Electronics,Small,LOC0027,AGT00727,494,0,1,15,0.0,0.0,0.0,0.0,2.0,1293.68,2.0,2.0,5.0,3212.98,5.0,5.0,646.84,0,0,0
MRC000120,Pharmacy,Small,LOC0110,AGT00338,714,0,1,2,1.0,4466.5,1.0,1.0,3.0,5268.03,3.0,3.0,3.0,5268.03,3.0,3.0,1756.01,0,0,0
MRC000121,Education,Small,LOC0076,AGT00742,2347,1,0,2,2.0,1344.29,2.0,2.0,6.0,9512.11,6.0,6.0,7.0,10252.45,7.0,7.0,1585.3516666666667,0,0,0
MRC000122,Grocery,Small,LOC0087,AGT00772,1886,1,1,5,1.0,783.48,1.0,1.0,9.0,5738.1,9.0,8.0,24.0,28849.93,24.0,22.0,637.5666666666667,0,0,0
MRC000123,Transport,Micro,LOC0079,AGT00725,1690,0,1,9,0.0,0.0,0.0,0.0,2.0,4602.72,2.0,2.0,7.0,22859.79,7.0,6.0,2301.36,0,0,0
MRC000124,Healthcare,Micro,LOC0068,AGT00610,569,0,1,6,1.0,635.91,1.0,1.0,4.0,5117.32,4.0,4.0,27.0,32949.68,27.0,24.0,1279.33,0,0,0
MRC000125,Transport,Small,LOC0031,AGT00782,834,0,1,10,0.0,0.0,0.0,0.0,2.0,1066.71,2.0,2.0,7.0,5565.47,7.0,7.0,533.355,0,0,0
MRC000126,Restaurant,Micro,LOC0052,AGT00740,736,1,1,4,2.0,1679.93,2.0,1.0,3.0,2714.46,3.0,2.0,3.0,2714.46,3.0,2.0,904.82,0,0,0
MRC000127,General Retail,Micro,LOC0066,AGT00517,1688,0,1,0,6.0,10392.31,6.0,4.0,17.0,22054.489999999998,17.0,13.0,47.0,84310.91,47.0,36.0,1297.3229411764705,0,0,0
MRC000128,Healthcare,Micro,LOC0119,AGT00002,1380,0,1,3,1.0,832.59,1.0,1.0,3.0,3177.17,3.0,2.0,10.0,16232.550000000001,10.0,8.0,1059.0566666666666,0,0,0
MRC000129,Grocery,Small,LOC0108,AGT00235,1074,1,1,1,6.0,8814.210000000001,6.0,5.0,9.0,14232.1,9.0,8.0,18.0,21611.54,18.0,17.0,1581.3444444444444,0,0,0
MRC000130,Grocery,Large,LOC0089,AGT00231,1916,1,1,8,0.0,0.0,0.0,0.0,4.0,1795.3600000000001,4.0,4.0,19.0,21018.82,19.0,19.0,448.84000000000003,0,0,0
MRC000131,Transport,Small,LOC0098,AGT00370,1986,1,1,3,1.0,2344.32,1.0,1.0,2.0,3897.6400000000003,2.0,2.0,3.0,9028.39,3.0,3.0,1948.8200000000002,0,0,0
MRC000132,Pharmacy,Micro,LOC0097,AGT00706,1902,0,0,4,1.0,181.52,1.0,1.0,1.0,181.52,1.0,1.0,4.0,905.61,4.0,4.0,181.52,0,0,0
MRC000133,Grocery,Medium,LOC0081,AGT00286,518,1,1,0,1.0,515.98,1.0,1.0,6.0,11292.92,6.0,6.0,34.0,37973.2,34.0,27.0,1882.1533333333334,0,0,0
MRC000134,Grocery,Micro,LOC0100,AGT00598,1617,1,1,0,7.0,6796.360000000001,7.0,6.0,19.0,17795.99,19.0,16.0,55.0,83307.88,55.0,43.0,936.631052631579,0,0,0
MRC000135,Grocery,Large,LOC0009,AGT00406,745,1,1,9,0.0,0.0,0.0,0.0,1.0,242.19,1.0,1.0,9.0,11896.6,9.0,8.0,242.19,0,0,0
MRC000136,Fashion,Small,LOC0003,AGT00345,881,1,1,16,0.0,0.0,0.0,0.0,1.0,1116.56,1.0,1.0,2.0,1662.59,2.0,2.0,1116.56,0,0,0
MRC000137,Education,Micro,LOC0054,AGT00695,2424,1,1,2,4.0,3689.58,4.0,3.0,18.0,21533.69,18.0,14.0,57.0,92127.75,57.0,44.0,1196.316111111111,0,0,0
MRC000138,Grocery,Small,LOC0007,AGT00679,1194,1,0,27,0.0,0.0,0.0,0.0,1.0,673.57,1.0,1.0,5.0,6434.99,5.0,5.0,673.57,0,0,0
MRC000139,Healthcare,Micro,LOC0041,AGT00497,2007,1,1,12,0.0,0.0,0.0,0.0,4.0,2674.24,4.0,4.0,15.0,17910.91,15.0,13.0,668.56,0,0,0
MRC000140,Pharmacy,Small,LOC0024,AGT00728,824,0,1,46,0.0,0.0,0.0,0.0,0.0,0.0,0.0,0.0,2.0,1481.08,2.0,2.0,0.0,1,0,0
MRC000141,Restaurant,Micro,LOC0115,AGT00006,2411,1,1,8,0.0,0.0,0.0,0.0,3.0,14257.150000000001,3.0,3.0,13.0,32671.07,13.0,13.0,4752.383333333334,0,0,0
MRC000142,Pharmacy,Medium,LOC0079,AGT00498,892,1,1,56,0.0,0.0,0.0,0.0,0.0,0.0,0.0,0.0,2.0,859.34,2.0,2.0,0.0,1,0,0
MRC000143,Utility,Small,LOC0006,AGT00045,684,1,0,4,1.0,455.69,1.0,1.0,3.0,2569.08,3.0,3.0,4.0,4139.34,4.0,4.0,856.36,0,0,0
MRC000144,General Retail,Medium,LOC0075,AGT00591,993,0,1,0,2.0,1765.98,2.0,2.0,3.0,1826.47,3.0,3.0,8.0,6661.88,8.0,8.0,608.8233333333334,0,0,0
MRC000145,Fashion,Medium,LOC0088,AGT00053,665,1,1,13,0.0,0.0,0.0,0.0,5.0,5429.25,5.0,5.0,29.0,25748.23,29.0,24.0,1085.85,0,0,0
MRC000146,Grocery,Micro,LOC0040,AGT00481,1595,1,1,10,0.0,0.0,0.0,0.0,4.0,5810.53,4.0,4.0,11.0,20753.449999999997,11.0,10.0,1452.6325,0,0,0
MRC000147,Pharmacy,Small,LOC0106,AGT00478,601,1,1,0,2.0,1684.27,2.0,2.0,6.0,12977.98,6.0,6.0,22.0,37743.96,22.0,18.0,2162.9966666666664,0,0,0
MRC000148,Grocery,Medium,LOC0117,AGT00763,740,1,1,83,0.0,0.0,0.0,0.0,0.0,0.0,0.0,0.0,1.0,1380.75,1.0,1.0,0.0,1,1,0
MRC000149,General Retail,Micro,LOC0118,AGT00004,1821,1,0,1,1.0,327.49,1.0,1.0,3.0,1059.86,3.0,3.0,8.0,6314.67,8.0,8.0,353.28666666666663,0,0,0
MRC000150,Grocery,Micro,LOC0012,AGT00495,380,1,1,1,2.0,2081.19,2.0,2.0,5.0,10880.720000000001,5.0,5.0,16.0,27210.32,16.0,16.0,2176.1440000000002,0,0,0
MRC000151,General Retail,Micro,LOC0054,AGT00556,1249,1,1,3,1.0,962.64,1.0,1.0,13.0,14989.99,13.0,10.0,27.0,37384.35,27.0,22.0,1153.0761538461538,0,0,0
MRC000152,Education,Micro,LOC0094,AGT00777,1800,1,1,61,0.0,0.0,0.0,0.0,0.0,0.0,0.0,0.0,2.0,2670.81,2.0,2.0,0.0,1,1,0
MRC000153,Electronics,Medium,LOC0054,AGT00695,1260,0,1,11,0.0,0.0,0.0,0.0,4.0,1949.73,4.0,4.0,11.0,15222.73,11.0,10.0,487.4325,0,0,0
MRC000154,General Retail,Small,LOC0058,AGT00630,334,1,1,0,2.0,547.4000000000001,2.0,2.0,4.0,5512.63,4.0,4.0,6.0,6303.93,6.0,6.0,1378.1575,0,0,0
MRC000155,Grocery,Small,LOC0040,AGT00243,632,1,1,1,4.0,17815.77,4.0,2.0,10.0,21869.43,10.0,8.0,29.0,52493.35,29.0,25.0,2186.943,0,0,0
MRC000156,Utility,Large,LOC0051,AGT00650,2408,1,1,0,5.0,6082.74,5.0,5.0,24.0,29141.25,24.0,19.0,65.0,96461.38,65.0,45.0,1214.21875,0,0,0
MRC000157,Grocery,Micro,LOC0084,AGT00355,1974,1,1,270,0.0,0.0,0.0,0.0,0.0,0.0,0.0,0.0,0.0,0.0,0.0,0.0,0.0,1,1,1
MRC000158,General Retail,Small,LOC0004,AGT00397,1052,1,1,42,0.0,0.0,0.0,0.0,0.0,0.0,0.0,0.0,1.0,1127.73,1.0,1.0,0.0,1,0,0
MRC000159,Electronics,Micro,LOC0096,AGT00160,2196,1,0,1,4.0,3129.96,4.0,4.0,6.0,6058.58,6.0,6.0,16.0,17813.12,16.0,16.0,1009.7633333333333,0,0,0
MRC000160,Grocery,Micro,LOC0088,AGT00241,301,0,1,1,1.0,142.93,1.0,1.0,3.0,597.39,3.0,3.0,10.0,7841.7,10.0,9.0,199.13,0,0,0
MRC000161,General Retail,Micro,LOC0017,AGT00654,390,1,1,0,3.0,4849.41,3.0,3.0,10.0,15040.59,10.0,8.0,27.0,86939.90999999999,27.0,24.0,1504.059,0,0,0
MRC000162,Grocery,Micro,LOC0093,AGT00749,2219,1,0,13,0.0,0.0,0.0,0.0,3.0,6857.509999999999,3.0,3.0,11.0,11034.880000000001,11.0,10.0,2285.8366666666666,0,0,0
MRC000163,Grocery,Small,LOC0063,AGT00651,1760,0,1,14,0.0,0.0,0.0,0.0,2.0,8696.29,2.0,2.0,8.0,13239.01,8.0,8.0,4348.145,0,0,0
MRC000164,Utility,Small,LOC0039,AGT00762,1597,1,1,16,0.0,0.0,0.0,0.0,1.0,671.25,1.0,1.0,6.0,9673.68,6.0,6.0,671.25,0,0,0
MRC000165,Fashion,Micro,LOC0055,AGT00027,1039,1,1,23,0.0,0.0,0.0,0.0,1.0,104.88,1.0,1.0,2.0,7474.86,2.0,2.0,104.88,0,0,0
MRC000166,General Retail,Micro,LOC0063,AGT00651,2073,0,1,21,0.0,0.0,0.0,0.0,1.0,569.32,1.0,1.0,3.0,3346.4300000000003,3.0,3.0,569.32,0,0,0
MRC000167,Transport,Small,LOC0026,AGT00697,1615,1,0,13,0.0,0.0,0.0,0.0,2.0,850.5600000000001,2.0,2.0,6.0,4787.93,6.0,6.0,425.28000000000003,0,0,0
MRC000168,Education,Micro,LOC0073,AGT00387,1237,1,1,0,4.0,12094.6,4.0,4.0,7.0,14114.8,7.0,7.0,17.0,25429.67,17.0,16.0,2016.3999999999999,0,0,0
MRC000169,Restaurant,Medium,LOC0076,AGT00184,1118,1,1,7,0.0,0.0,0.0,0.0,2.0,306.93,2.0,2.0,7.0,9165.67,7.0,7.0,153.465,0,0,0
MRC000170,Grocery,Medium,LOC0045,AGT00581,1060,1,1,19,0.0,0.0,0.0,0.0,1.0,398.51,1.0,1.0,4.0,3583.1800000000003,4.0,4.0,398.51,0,0,0
MRC000171,General Retail,Small,LOC0056,AGT00583,1544,0,1,6,1.0,1775.04,1.0,1.0,2.0,2002.11,2.0,2.0,3.0,5454.16,3.0,3.0,1001.055,0,0,0
MRC000172,Grocery,Small,LOC0074,AGT00003,1718,1,1,0,2.0,5512.51,2.0,2.0,5.0,12714.43,5.0,5.0,8.0,13962.080000000002,8.0,8.0,2542.886,0,0,0
MRC000173,Electronics,Small,LOC0061,AGT00425,2045,1,1,7,0.0,0.0,0.0,0.0,1.0,1214.83,1.0,1.0,6.0,12979.769999999999,6.0,6.0,1214.83,0,0,0
MRC000174,Pharmacy,Small,LOC0053,AGT00492,1174,1,1,0,1.0,108.32,1.0,1.0,1.0,108.32,1.0,1.0,4.0,4485.68,4.0,4.0,108.32,0,0,0
MRC000175,Pharmacy,Medium,LOC0115,AGT00104,841,1,1,2,2.0,1210.88,2.0,2.0,6.0,3706.22,6.0,6.0,21.0,26867.93,21.0,21.0,617.7033333333333,0,0,0
MRC000176,Education,Large,LOC0106,AGT00316,1502,1,0,4,1.0,168.65,1.0,1.0,11.0,8521.99,11.0,9.0,36.0,38480.03,36.0,29.0,774.7263636363637,0,0,0
MRC000177,Utility,Small,LOC0046,AGT00743,1561,1,1,70,0.0,0.0,0.0,0.0,0.0,0.0,0.0,0.0,1.0,985.39,1.0,1.0,0.0,1,1,0
MRC000178,Utility,Small,LOC0087,AGT00772,894,0,1,5,1.0,147.45,1.0,1.0,3.0,2859.77,3.0,3.0,24.0,24168.71,24.0,20.0,953.2566666666667,0,0,0
MRC000179,General Retail,Medium,LOC0098,AGT00333,447,0,1,4,2.0,577.07,2.0,2.0,5.0,5142.17,5.0,5.0,17.0,18721.32,17.0,16.0,1028.434,0,0,0
MRC000180,Restaurant,Micro,LOC0014,AGT00041,1013,1,1,1,1.0,2038.77,1.0,1.0,3.0,4960.54,3.0,3.0,13.0,16284.619999999999,13.0,13.0,1653.5133333333333,0,0,0
MRC000181,Fashion,Small,LOC0072,AGT00788,441,1,1,0,6.0,11998.27,6.0,3.0,19.0,33042.67,19.0,13.0,46.0,89302.48,46.0,33.0,1739.087894736842,0,0,0
MRC000182,Grocery,Small,LOC0096,AGT00731,466,0,1,5,1.0,129.53,1.0,1.0,4.0,2430.65,4.0,4.0,8.0,20849.62,8.0,8.0,607.6625,0,0,0
MRC000183,Healthcare,Small,LOC0007,AGT00679,2397,1,1,14,0.0,0.0,0.0,0.0,1.0,282.11,1.0,1.0,11.0,12658.01,11.0,10.0,282.11,0,0,0
MRC000184,Restaurant,Micro,LOC0041,AGT00378,1994,1,1,1,2.0,12134.240000000002,2.0,2.0,6.0,16221.77,6.0,6.0,16.0,38778.66,16.0,16.0,2703.6283333333336,0,0,0
MRC000185,Education,Micro,LOC0096,AGT00721,364,1,1,0,1.0,416.97,1.0,1.0,2.0,1053.25,2.0,2.0,9.0,8719.27,9.0,9.0,526.625,0,0,0
MRC000186,Grocery,Micro,LOC0113,AGT00048,1049,1,0,9,0.0,0.0,0.0,0.0,3.0,6394.099999999999,3.0,3.0,11.0,17375.05,11.0,9.0,2131.3666666666663,0,0,0
MRC000187,Utility,Small,LOC0120,AGT00436,843,1,1,6,1.0,465.74,1.0,1.0,4.0,14540.640000000001,4.0,4.0,8.0,17258.99,8.0,8.0,3635.1600000000003,0,0,0
MRC000188,Utility,Medium,LOC0073,AGT00387,2417,1,0,1,1.0,461.24,1.0,1.0,9.0,5433.97,9.0,9.0,14.0,12976.619999999999,14.0,14.0,603.7744444444445,0,0,0
MRC000189,General Retail,Medium,LOC0006,AGT00586,1243,1,0,18,0.0,0.0,0.0,0.0,1.0,275.99,1.0,1.0,5.0,15181.78,5.0,5.0,275.99,0,0,0
MRC000190,Grocery,Micro,LOC0004,AGT00643,854,0,1,9,0.0,0.0,0.0,0.0,1.0,1578.85,1.0,1.0,4.0,5912.6,4.0,3.0,1578.85,0,0,0
MRC000191,General Retail,Micro,LOC0098,AGT00370,1673,1,0,30,0.0,0.0,0.0,0.0,0.0,0.0,0.0,0.0,4.0,11468.439999999999,4.0,4.0,0.0,1,0,0
MRC000192,Pharmacy,Small,LOC0089,AGT00518,1324,1,0,25,0.0,0.0,0.0,0.0,1.0,1809.15,1.0,1.0,7.0,10396.939999999999,7.0,7.0,1809.15,0,0,0
MRC000193,Restaurant,Small,LOC0024,AGT00268,696,1,1,9,0.0,0.0,0.0,0.0,6.0,5880.51,6.0,5.0,29.0,28661.48,29.0,26.0,980.085,0,0,0
MRC000194,Pharmacy,Small,LOC0016,AGT00278,954,1,1,6,1.0,466.39,1.0,1.0,2.0,725.36,2.0,2.0,5.0,1291.1200000000001,5.0,5.0,362.68,0,0,0
MRC000195,Pharmacy,Small,LOC0018,AGT00504,565,1,1,2,2.0,4755.7300000000005,2.0,2.0,4.0,6060.030000000001,4.0,4.0,19.0,19959.46,19.0,18.0,1515.0075000000002,0,0,0
MRC000196,Electronics,Micro,LOC0106,AGT00401,1803,1,1,3,1.0,381.38,1.0,1.0,4.0,2916.51,4.0,4.0,12.0,25691.21,12.0,12.0,729.1275,0,0,0
MRC000197,Pharmacy,Small,LOC0092,AGT00350,2407,0,1,10,0.0,0.0,0.0,0.0,3.0,2362.71,3.0,3.0,8.0,5522.6,8.0,8.0,787.57,0,0,0
MRC000198,Restaurant,Small,LOC0114,AGT00228,2053,1,1,3,2.0,2162.53,2.0,2.0,7.0,4514.67,7.0,6.0,32.0,72654.21,32.0,29.0,644.9528571428572,0,0,0
MRC000199,Transport,Micro,LOC0014,AGT00388,1107,1,1,4,1.0,359.22,1.0,1.0,6.0,4012.5200000000004,6.0,5.0,21.0,33502.630000000005,21.0,20.0,668.7533333333334,0,0,0
MRC000200,General Retail,Medium,LOC0084,AGT00691,1351,1,1,2,1.0,261.4,1.0,1.0,3.0,2094.2200000000003,3.0,3.0,15.0,12020.56,15.0,13.0,698.0733333333334,0,0,0
MRC000201,Transport,Small,LOC0111,AGT00122,419,1,1,5,1.0,2933.73,1.0,1.0,2.0,3030.62,2.0,2.0,7.0,11787.37,7.0,7.0,1515.31,0,0,0
MRC000202,Education,Medium,LOC0064,AGT00783,1088,1,1,3,2.0,2022.89,2.0,1.0,5.0,2977.4900000000002,5.0,4.0,15.0,16059.29,15.0,14.0,595.498,0,0,0
MRC000203,Grocery,Small,LOC0093,AGT00295,357,1,1,29,0.0,0.0,0.0,0.0,1.0,9575.83,1.0,1.0,1.0,9575.83,1.0,1.0,9575.83,0,0,0
MRC000204,Utility,Small,LOC0073,AGT00387,1914,1,0,28,0.0,0.0,0.0,0.0,1.0,302.75,1.0,1.0,7.0,3613.5699999999997,7.0,7.0,302.75,0,0,0
MRC000205,Grocery,Medium,LOC0001,AGT00123,2273,1,1,1,1.0,635.81,1.0,1.0,4.0,2779.04,4.0,3.0,11.0,5821.18,11.0,10.0,694.76,0,0,0
MRC000206,Pharmacy,Medium,LOC0052,AGT00015,705,1,1,36,0.0,0.0,0.0,0.0,0.0,0.0,0.0,0.0,1.0,825.41,1.0,1.0,0.0,1,0,0
MRC000207,Grocery,Large,LOC0032,AGT00595,1759,1,1,28,0.0,0.0,0.0,0.0,1.0,9473.01,1.0,1.0,3.0,10651.49,3.0,3.0,9473.01,0,0,0
MRC000208,Transport,Medium,LOC0011,AGT00540,1596,1,1,5,1.0,2006.02,1.0,1.0,5.0,7003.48,5.0,5.0,11.0,9854.63,11.0,11.0,1400.696,0,0,0
MRC000209,Restaurant,Small,LOC0072,AGT00198,1199,0,1,0,16.0,22022.97,16.0,6.0,83.0,104616.25,83.0,27.0,211.0,348023.44,211.0,78.0,1260.436746987952,0,0,0
MRC000210,Transport,Micro,LOC0112,AGT00587,1889,0,1,3,1.0,26.55,1.0,1.0,3.0,3315.75,3.0,3.0,15.0,19193.81,15.0,15.0,1105.25,0,0,0
MRC000211,Restaurant,Small,LOC0007,AGT00157,1772,1,1,0,3.0,1626.44,3.0,2.0,12.0,9889.02,12.0,9.0,31.0,35657.15,31.0,26.0,824.085,0,0,0
MRC000212,Fashion,Medium,LOC0040,AGT00750,875,1,1,8,0.0,0.0,0.0,0.0,3.0,1546.68,3.0,3.0,3.0,1546.68,3.0,3.0,515.5600000000001,0,0,0
MRC000213,Fashion,Micro,LOC0081,AGT00276,2031,1,1,4,3.0,4241.17,3.0,3.0,10.0,13148.18,10.0,10.0,20.0,33674.409999999996,20.0,19.0,1314.818,0,0,0
MRC000214,Grocery,Small,LOC0038,AGT00341,1719,0,1,69,0.0,0.0,0.0,0.0,0.0,0.0,0.0,0.0,3.0,6828.99,3.0,3.0,0.0,1,1,0
MRC000215,Fashion,Medium,LOC0014,AGT00680,969,1,1,5,1.0,3544.18,1.0,1.0,2.0,6027.07,2.0,2.0,9.0,17559.51,9.0,8.0,3013.535,0,0,0
MRC000216,Transport,Large,LOC0023,AGT00065,1893,1,1,7,0.0,0.0,0.0,0.0,3.0,3879.38,3.0,3.0,9.0,8075.24,9.0,9.0,1293.1266666666668,0,0,0
MRC000217,Electronics,Medium,LOC0003,AGT00312,1686,0,1,0,1.0,814.85,1.0,1.0,1.0,814.85,1.0,1.0,4.0,3380.86,4.0,4.0,814.85,0,0,0
MRC000218,Grocery,Small,LOC0120,AGT00220,543,1,1,6,1.0,793.92,1.0,1.0,5.0,6351.2,5.0,4.0,17.0,23477.469999999998,17.0,15.0,1270.24,0,0,0
MRC000219,Transport,Small,LOC0059,AGT00330,650,1,0,2,1.0,2499.76,1.0,1.0,6.0,13163.900000000001,6.0,6.0,17.0,22907.57,17.0,16.0,2193.9833333333336,0,0,0
MRC000220,Restaurant,Large,LOC0114,AGT00702,994,1,0,68,0.0,0.0,0.0,0.0,0.0,0.0,0.0,0.0,2.0,2631.9799999999996,2.0,2.0,0.0,1,1,0
MRC000221,Grocery,Micro,LOC0083,AGT00310,383,1,1,10,0.0,0.0,0.0,0.0,1.0,1421.92,1.0,1.0,2.0,4074.63,2.0,2.0,1421.92,0,0,0
MRC000222,Grocery,Micro,LOC0042,AGT00659,1174,1,1,3,1.0,651.33,1.0,1.0,1.0,651.33,1.0,1.0,5.0,7881.04,5.0,5.0,651.33,0,0,0
MRC000223,Fashion,Large,LOC0114,AGT00571,1295,1,1,6,1.0,640.19,1.0,1.0,1.0,640.19,1.0,1.0,7.0,14540.74,7.0,7.0,640.19,0,0,0
MRC000224,Restaurant,Small,LOC0032,AGT00595,1982,0,1,33,0.0,0.0,0.0,0.0,0.0,0.0,0.0,0.0,2.0,434.82000000000005,2.0,2.0,0.0,1,0,0
MRC000225,Transport,Small,LOC0022,AGT00103,661,1,1,5,1.0,43.98,1.0,1.0,6.0,7308.590000000001,6.0,6.0,19.0,25006.06,19.0,17.0,1218.0983333333336,0,0,0
MRC000226,Pharmacy,Micro,LOC0097,AGT00671,1526,1,1,4,1.0,423.24,1.0,1.0,1.0,423.24,1.0,1.0,5.0,6281.1,5.0,5.0,423.24,0,0,0
MRC000227,Utility,Small,LOC0067,AGT00014,1739,1,1,1,5.0,14739.86,5.0,4.0,27.0,51497.13,27.0,17.0,57.0,93978.61,57.0,40.0,1907.301111111111,0,0,0
MRC000228,Pharmacy,Medium,LOC0051,AGT00669,1269,1,1,0,2.0,1749.33,2.0,2.0,16.0,25409.17,16.0,14.0,40.0,55779.14,40.0,33.0,1588.073125,0,0,0
MRC000229,Education,Small,LOC0071,AGT00734,2269,1,1,5,1.0,1020.27,1.0,1.0,3.0,2410.66,3.0,3.0,13.0,41826.82,13.0,11.0,803.5533333333333,0,0,0
MRC000230,Utility,Small,LOC0117,AGT00753,983,0,1,15,0.0,0.0,0.0,0.0,3.0,1012.1700000000001,3.0,3.0,6.0,7811.700000000001,6.0,6.0,337.39000000000004,0,0,0
MRC000231,Restaurant,Small,LOC0034,AGT00280,1178,1,1,11,0.0,0.0,0.0,0.0,2.0,5262.62,2.0,2.0,6.0,7847.33,6.0,6.0,2631.31,0,0,0
MRC000232,Grocery,Medium,LOC0109,AGT00242,295,1,1,4,1.0,24873.6,1.0,1.0,2.0,25816.51,2.0,2.0,10.0,44695.08,10.0,10.0,12908.255,0,0,0
MRC000233,Electronics,Medium,LOC0110,AGT00705,1184,1,1,0,3.0,6043.24,3.0,3.0,6.0,8690.59,6.0,6.0,13.0,15617.689999999999,13.0,12.0,1448.4316666666666,0,0,0
MRC000234,General Retail,Small,LOC0092,AGT00455,331,1,1,4,2.0,925.49,2.0,2.0,5.0,7556.57,5.0,5.0,12.0,15086.36,12.0,10.0,1511.3139999999999,0,0,0
MRC000235,General Retail,Small,LOC0019,AGT00121,2436,1,0,13,0.0,0.0,0.0,0.0,1.0,4160.9,1.0,1.0,7.0,12398.55,7.0,5.0,4160.9,0,0,0
MRC000236,Pharmacy,Micro,LOC0011,AGT00491,812,1,1,23,0.0,0.0,0.0,0.0,4.0,6397.429999999999,4.0,4.0,11.0,12320.84,11.0,11.0,1599.3574999999998,0,0,0
MRC000237,Healthcare,Small,LOC0015,AGT00050,2061,0,1,19,0.0,0.0,0.0,0.0,1.0,4617.07,1.0,1.0,8.0,12568.439999999999,8.0,7.0,4617.07,0,0,0
MRC000238,Restaurant,Micro,LOC0085,AGT00315,541,1,1,5,2.0,4845.13,2.0,1.0,3.0,5918.21,3.0,2.0,5.0,7342.54,5.0,4.0,1972.7366666666667,0,0,0
MRC000239,Grocery,Small,LOC0048,AGT00548,886,1,1,6,1.0,73.28,1.0,1.0,3.0,9348.15,3.0,3.0,11.0,21384.3,11.0,10.0,3116.0499999999997,0,0,0
MRC000240,Transport,Small,LOC0119,AGT00209,548,1,1,5,1.0,573.5,1.0,1.0,2.0,978.0699999999999,2.0,2.0,4.0,2247.44,4.0,4.0,489.03499999999997,0,0,0
MRC000241,Electronics,Micro,LOC0001,AGT00376,1092,1,1,18,0.0,0.0,0.0,0.0,1.0,720.76,1.0,1.0,3.0,6053.099999999999,3.0,3.0,720.76,0,0,0
MRC000242,Electronics,Micro,LOC0045,AGT00581,1603,1,1,5,1.0,412.48,1.0,1.0,3.0,679.62,3.0,3.0,6.0,3288.11,6.0,6.0,226.54,0,0,0
MRC000243,General Retail,Micro,LOC0032,AGT00056,1204,1,1,26,0.0,0.0,0.0,0.0,1.0,296.58,1.0,1.0,3.0,1417.54,3.0,3.0,296.58,0,0,0
MRC000244,Restaurant,Micro,LOC0106,AGT00067,1609,1,1,1,1.0,62.64,1.0,1.0,2.0,345.15999999999997,2.0,2.0,4.0,1335.06,4.0,4.0,172.57999999999998,0,0,0
MRC000245,Transport,Small,LOC0015,AGT00443,2048,1,1,0,1.0,1770.65,1.0,1.0,10.0,28046.03,10.0,9.0,22.0,38090.28,22.0,20.0,2804.603,0,0,0
MRC000246,Restaurant,Micro,LOC0049,AGT00250,384,1,1,26,0.0,0.0,0.0,0.0,1.0,414.99,1.0,1.0,3.0,4725.91,3.0,3.0,414.99,0,0,0
MRC000247,Grocery,Micro,LOC0105,AGT00117,1214,1,1,1,6.0,15853.99,6.0,4.0,22.0,37265.33,22.0,17.0,69.0,98092.89,69.0,49.0,1693.8786363636364,0,0,0
MRC000248,Restaurant,Large,LOC0117,AGT00753,1584,1,1,1,2.0,1395.69,2.0,2.0,6.0,13075.49,6.0,6.0,20.0,34116.07,20.0,18.0,2179.2483333333334,0,0,0
MRC000249,General Retail,Micro,LOC0110,AGT00125,1430,1,1,75,0.0,0.0,0.0,0.0,0.0,0.0,0.0,0.0,1.0,143.51,1.0,1.0,0.0,1,1,0
MRC000250,Fashion,Medium,LOC0079,AGT00570,605,0,1,0,4.0,2934.2,4.0,4.0,8.0,8131.3099999999995,8.0,7.0,36.0,42900.96,36.0,30.0,1016.4137499999999,0,0,0
MRC000251,Grocery,Small,LOC0020,AGT00543,738,0,1,25,0.0,0.0,0.0,0.0,1.0,1019.44,1.0,1.0,3.0,1332.7,3.0,3.0,1019.44,0,0,0
MRC000252,Transport,Small,LOC0012,AGT00440,1111,1,1,0,4.0,4182.5599999999995,4.0,4.0,21.0,28400.59,21.0,18.0,71.0,101095.63,71.0,53.0,1352.4090476190477,0,0,0
MRC000253,General Retail,Small,LOC0050,AGT00464,1710,0,1,5,1.0,897.73,1.0,1.0,4.0,6810.780000000001,4.0,4.0,16.0,18181.12,16.0,16.0,1702.6950000000002,0,0,0
MRC000254,General Retail,Micro,LOC0058,AGT00106,2449,1,1,2,2.0,2393.8,2.0,1.0,6.0,7626.77,6.0,5.0,18.0,24527.55,18.0,16.0,1271.1283333333333,0,0,0
MRC000255,Education,Medium,LOC0062,AGT00438,1092,1,1,13,0.0,0.0,0.0,0.0,2.0,625.8499999999999,2.0,2.0,5.0,3108.51,5.0,5.0,312.92499999999995,0,0,0
MRC000256,Restaurant,Medium,LOC0006,AGT00513,1427,1,0,12,0.0,0.0,0.0,0.0,2.0,2743.8,2.0,2.0,10.0,11779.85,10.0,10.0,1371.9,0,0,0
MRC000257,Education,Micro,LOC0082,AGT00642,956,1,1,0,2.0,5140.46,2.0,2.0,2.0,5140.46,2.0,2.0,7.0,8390.41,7.0,7.0,2570.23,0,0,0
MRC000258,Utility,Small,LOC0048,AGT00465,361,1,0,28,0.0,0.0,0.0,0.0,1.0,923.67,1.0,1.0,6.0,5522.46,6.0,6.0,923.67,0,0,0
MRC000259,General Retail,Small,LOC0014,AGT00418,1157,1,1,1,2.0,558.37,2.0,2.0,3.0,2345.78,3.0,3.0,16.0,11810.83,16.0,15.0,781.9266666666667,0,0,0
MRC000260,Utility,Medium,LOC0110,AGT00275,1046,1,1,1,5.0,17519.83,5.0,4.0,10.0,19850.690000000002,10.0,9.0,28.0,42714.740000000005,28.0,22.0,1985.0690000000002,0,0,0
MRC000261,Fashion,Medium,LOC0043,AGT00759,615,1,1,21,0.0,0.0,0.0,0.0,1.0,213.29,1.0,1.0,1.0,213.29,1.0,1.0,213.29,0,0,0
MRC000262,Grocery,Micro,LOC0028,AGT00489,1752,1,1,1,2.0,1057.46,2.0,2.0,13.0,28849.81,13.0,12.0,41.0,65783.95,41.0,34.0,2219.216153846154,0,0,0
MRC000263,Education,Medium,LOC0060,AGT00185,851,1,0,4,1.0,672.87,1.0,1.0,3.0,1741.01,3.0,3.0,16.0,21731.34,16.0,14.0,580.3366666666667,0,0,0
MRC000264,Grocery,Large,LOC0115,AGT00108,777,1,1,6,1.0,1007.92,1.0,1.0,3.0,5689.43,3.0,3.0,5.0,23160.07,5.0,5.0,1896.4766666666667,0,0,0
MRC000265,Grocery,Small,LOC0099,AGT00508,1137,1,1,13,0.0,0.0,0.0,0.0,3.0,3744.2,3.0,3.0,8.0,16266.580000000002,8.0,8.0,1248.0666666666666,0,0,0
MRC000266,Fashion,Micro,LOC0012,AGT00495,2394,1,1,5,3.0,3058.83,3.0,1.0,22.0,25481.809999999998,22.0,15.0,68.0,103248.35,68.0,45.0,1158.2640909090908,0,0,0
MRC000267,Transport,Medium,LOC0083,AGT00441,1677,1,1,3,1.0,336.6,1.0,1.0,9.0,15611.72,9.0,8.0,24.0,49962.96,24.0,22.0,1734.6355555555556,0,0,0
MRC000268,General Retail,Small,LOC0080,AGT00262,1216,1,1,1,1.0,402.83,1.0,1.0,6.0,8824.3,6.0,6.0,25.0,30969.11,25.0,20.0,1470.7166666666665,0,0,0
MRC000269,Utility,Micro,LOC0107,AGT00414,2080,1,1,6,1.0,843.57,1.0,1.0,3.0,2863.09,3.0,3.0,9.0,6925.78,9.0,9.0,954.3633333333333,0,0,0
MRC000270,General Retail,Medium,LOC0116,AGT00291,333,1,1,1,2.0,1739.0500000000002,2.0,2.0,9.0,12310.800000000001,9.0,8.0,20.0,27754.9,20.0,18.0,1367.8666666666668,0,0,0
MRC000271,Utility,Small,LOC0090,AGT00499,1022,1,1,7,0.0,0.0,0.0,0.0,5.0,4543.8099999999995,5.0,5.0,18.0,18580.23,18.0,15.0,908.762,0,0,0
MRC000272,Transport,Medium,LOC0079,AGT00570,1468,1,1,16,0.0,0.0,0.0,0.0,4.0,2729.12,4.0,4.0,8.0,5460.1900000000005,8.0,8.0,682.28,0,0,0
MRC000273,Grocery,Small,LOC0043,AGT00664,1354,1,1,8,0.0,0.0,0.0,0.0,3.0,4649.63,3.0,3.0,7.0,7472.34,7.0,7.0,1549.8766666666668,0,0,0
MRC000274,Education,Micro,LOC0108,AGT00474,1764,1,1,2,3.0,1969.21,3.0,3.0,15.0,27351.79,15.0,13.0,37.0,59568.01,37.0,33.0,1823.4526666666668,0,0,0
MRC000275,Grocery,Large,LOC0114,AGT00702,1820,1,1,2,3.0,4567.74,3.0,3.0,17.0,22226.38,17.0,14.0,47.0,49734.55,47.0,37.0,1307.4341176470589,0,0,0
MRC000276,Grocery,Small,LOC0119,AGT00550,1283,1,1,0,1.0,745.35,1.0,1.0,3.0,4280.37,3.0,3.0,11.0,25070.03,11.0,10.0,1426.79,0,0,0
MRC000277,Grocery,Small,LOC0115,AGT00108,2318,1,1,28,0.0,0.0,0.0,0.0,1.0,270.83,1.0,1.0,2.0,1198.62,2.0,2.0,270.83,0,0,0
MRC000278,General Retail,Small,LOC0078,AGT00358,2315,1,1,4,3.0,2477.29,3.0,2.0,21.0,27297.35,21.0,12.0,61.0,94222.24,61.0,44.0,1299.8738095238095,0,0,0
MRC000279,Healthcare,Micro,LOC0115,AGT00104,1325,1,1,1,4.0,3958.07,4.0,3.0,18.0,23204.280000000002,18.0,12.0,50.0,70236.98,50.0,37.0,1289.1266666666668,0,0,0
MRC000280,General Retail,Small,LOC0094,AGT00270,2257,1,1,0,1.0,95.65,1.0,1.0,6.0,4445.99,6.0,6.0,13.0,17842.59,13.0,12.0,740.9983333333333,0,0,0
MRC000281,General Retail,Small,LOC0029,AGT00356,1687,1,1,0,4.0,9491.36,4.0,4.0,13.0,20075.58,13.0,11.0,52.0,66439.25,52.0,42.0,1544.2753846153848,0,0,0
MRC000282,General Retail,Medium,LOC0004,AGT00118,590,1,1,3,1.0,232.88,1.0,1.0,4.0,5093.9800000000005,4.0,4.0,16.0,22019.78,16.0,15.0,1273.4950000000001,0,0,0
MRC000283,Grocery,Large,LOC0118,AGT00444,548,0,0,14,0.0,0.0,0.0,0.0,1.0,883.75,1.0,1.0,4.0,7704.77,4.0,4.0,883.75,0,0,0
MRC000284,General Retail,Small,LOC0052,AGT00015,461,1,1,18,0.0,0.0,0.0,0.0,1.0,397.25,1.0,1.0,3.0,5525.06,3.0,3.0,397.25,0,0,0
MRC000285,General Retail,Micro,LOC0105,AGT00117,749,1,0,110,0.0,0.0,0.0,0.0,0.0,0.0,0.0,0.0,0.0,0.0,0.0,0.0,0.0,1,1,1
MRC000286,General Retail,Small,LOC0035,AGT00715,969,1,1,3,1.0,4573.07,1.0,1.0,5.0,11894.449999999999,5.0,5.0,9.0,14557.359999999999,9.0,9.0,2378.89,0,0,0
MRC000287,Grocery,Micro,LOC0044,AGT00230,438,1,1,7,0.0,0.0,0.0,0.0,2.0,1243.21,2.0,2.0,6.0,13336.54,6.0,6.0,621.605,0,0,0
MRC000288,Grocery,Medium,LOC0099,AGT00138,1615,1,0,1,1.0,887.27,1.0,1.0,1.0,887.27,1.0,1.0,4.0,3781.65,4.0,4.0,887.27,0,0,0
MRC000289,General Retail,Small,LOC0064,AGT00767,1185,1,1,5,1.0,518.56,1.0,1.0,6.0,3991.56,6.0,6.0,10.0,5766.719999999999,10.0,10.0,665.26,0,0,0
MRC000290,Grocery,Medium,LOC0082,AGT00208,1601,1,0,0,5.0,10379.33,5.0,4.0,7.0,11182.36,7.0,6.0,18.0,23190.04,18.0,16.0,1597.48,0,0,0
MRC000291,Restaurant,Micro,LOC0039,AGT00762,1386,1,1,2,1.0,636.96,1.0,1.0,3.0,1211.6399999999999,3.0,3.0,3.0,1211.6399999999999,3.0,3.0,403.87999999999994,0,0,0
MRC000292,Fashion,Micro,LOC0074,AGT00318,880,1,1,8,0.0,0.0,0.0,0.0,2.0,7458.5599999999995,2.0,2.0,5.0,8651.67,5.0,5.0,3729.2799999999997,0,0,0
MRC000293,Grocery,Large,LOC0059,AGT00330,1630,0,1,3,1.0,6686.68,1.0,1.0,1.0,6686.68,1.0,1.0,3.0,16084.02,3.0,3.0,6686.68,0,0,0
MRC000294,Grocery,Small,LOC0112,AGT00674,2365,1,1,2,2.0,1180.53,2.0,2.0,12.0,19964.64,12.0,10.0,23.0,28403.07,23.0,20.0,1663.72,0,0,0
MRC000295,General Retail,Medium,LOC0060,AGT00714,979,1,1,2,2.0,699.69,2.0,1.0,3.0,1042.7,3.0,2.0,7.0,5457.860000000001,7.0,6.0,347.56666666666666,0,0,0
MRC000296,General Retail,Medium,LOC0011,AGT00703,958,0,0,8,0.0,0.0,0.0,0.0,2.0,588.09,2.0,2.0,16.0,16990.09,16.0,15.0,294.045,0,0,0
MRC000297,General Retail,Small,LOC0089,AGT00231,1414,1,1,2,1.0,5566.54,1.0,1.0,17.0,26785.18,17.0,14.0,49.0,75049.47,49.0,39.0,1575.5988235294117,0,0,0
MRC000298,Pharmacy,Small,LOC0115,AGT00006,2044,1,1,0,11.0,12216.36,11.0,7.0,59.0,73743.15,59.0,30.0,178.0,252773.2,177.0,79.0,1249.8838983050846,0,0,0
MRC000299,Pharmacy,Small,LOC0106,AGT00067,1448,0,1,10,0.0,0.0,0.0,0.0,2.0,1897.79,2.0,2.0,16.0,31123.52,16.0,15.0,948.895,0,0,0
MRC000300,Fashion,Medium,LOC0013,AGT00789,2104,1,1,3,1.0,901.16,1.0,1.0,6.0,10004.800000000001,6.0,5.0,16.0,19126.670000000002,16.0,15.0,1667.466666666667,0,0,0
MRC000301,Fashion,Large,LOC0120,AGT00436,448,1,1,82,0.0,0.0,0.0,0.0,0.0,0.0,0.0,0.0,1.0,944.42,1.0,1.0,0.0,1,1,0
MRC000302,Grocery,Micro,LOC0042,AGT00659,502,1,1,0,2.0,10187.800000000001,2.0,2.0,4.0,12608.210000000001,4.0,4.0,15.0,34004.04,15.0,14.0,3152.0525000000002,0,0,0
MRC000303,Utility,Small,LOC0101,AGT00625,1174,1,1,6,1.0,256.35,1.0,1.0,3.0,3230.1,3.0,3.0,11.0,9345.21,11.0,10.0,1076.7,0,0,0
MRC000304,General Retail,Micro,LOC0076,AGT00533,795,0,1,0,6.0,1557.11,6.0,5.0,11.0,5323.3,11.0,10.0,26.0,27228.899999999998,26.0,24.0,483.93636363636364,0,0,0
MRC000305,Electronics,Small,LOC0117,AGT00763,337,1,1,5,1.0,191.77,1.0,1.0,3.0,503.73,3.0,3.0,5.0,2684.91,5.0,5.0,167.91,0,0,0
MRC000306,Restaurant,Medium,LOC0041,AGT00334,757,1,1,0,1.0,1748.74,1.0,1.0,1.0,1748.74,1.0,1.0,10.0,20203.579999999998,10.0,10.0,1748.74,0,0,0
MRC000307,Restaurant,Medium,LOC0073,AGT00126,879,1,0,7,0.0,0.0,0.0,0.0,3.0,3437.93,3.0,3.0,11.0,14798.41,11.0,10.0,1145.9766666666667,0,0,0
MRC000308,Grocery,Small,LOC0082,AGT00208,2296,1,1,0,4.0,7412.56,4.0,3.0,17.0,16232.320000000002,17.0,15.0,64.0,107002.83,64.0,47.0,954.8423529411766,0,0,0
MRC000309,Pharmacy,Micro,LOC0019,AGT00482,1996,0,1,1,2.0,857.74,2.0,2.0,7.0,3853.7500000000005,7.0,6.0,28.0,29614.05,28.0,25.0,550.5357142857143,0,0,0
MRC000310,Electronics,Micro,LOC0094,AGT00088,1054,0,1,1,3.0,2217.54,3.0,3.0,10.0,20066.28,10.0,10.0,27.0,45019.12,27.0,25.0,2006.628,0,0,0
MRC000311,Fashion,Micro,LOC0018,AGT00109,2380,1,1,7,0.0,0.0,0.0,0.0,6.0,6690.570000000001,6.0,5.0,25.0,45825.75,25.0,23.0,1115.095,0,0,0
MRC000312,Electronics,Micro,LOC0100,AGT00598,2114,1,1,25,0.0,0.0,0.0,0.0,1.0,209.6,1.0,1.0,8.0,9511.98,8.0,8.0,209.6,0,0,0
MRC000313,General Retail,Medium,LOC0016,AGT00278,834,1,1,4,1.0,4033.12,1.0,1.0,7.0,8007.6,7.0,7.0,20.0,85662.90999999999,20.0,18.0,1143.9428571428573,0,0,0
MRC000314,Pharmacy,Small,LOC0022,AGT00103,1331,1,0,13,0.0,0.0,0.0,0.0,2.0,3819.95,2.0,2.0,3.0,4009.5199999999995,3.0,3.0,1909.975,0,0,0
MRC000315,Grocery,Micro,LOC0060,AGT00185,2300,0,1,6,1.0,490.09,1.0,1.0,4.0,10370.18,4.0,4.0,8.0,17839.42,8.0,7.0,2592.545,0,0,0
MRC000316,Grocery,Small,LOC0022,AGT00103,1286,1,0,2,3.0,3851.17,3.0,2.0,15.0,24506.829999999998,15.0,12.0,63.0,86935.07,63.0,50.0,1633.7886666666666,0,0,0
MRC000317,Grocery,Micro,LOC0010,AGT00025,1097,1,1,0,1.0,653.92,1.0,1.0,5.0,5285.45,5.0,5.0,15.0,19933.89,15.0,13.0,1057.09,0,0,0
MRC000318,Education,Micro,LOC0007,AGT00157,2260,1,1,2,3.0,3479.09,3.0,3.0,4.0,3636.83,4.0,4.0,12.0,14294.83,12.0,11.0,909.2075,0,0,0
MRC000319,Utility,Medium,LOC0035,AGT00593,1730,1,1,19,0.0,0.0,0.0,0.0,3.0,2142.8900000000003,3.0,3.0,14.0,24235.58,14.0,14.0,714.2966666666667,0,0,0
MRC000320,General Retail,Micro,LOC0059,AGT00590,1250,0,1,0,3.0,3459.77,3.0,2.0,4.0,4580.63,4.0,3.0,10.0,17758.24,10.0,8.0,1145.1575,0,0,0
MRC000321,Transport,Small,LOC0006,AGT00513,2187,1,1,150,0.0,0.0,0.0,0.0,0.0,0.0,0.0,0.0,0.0,0.0,0.0,0.0,0.0,1,1,1
MRC000322,Restaurant,Small,LOC0017,AGT00282,1914,1,1,41,0.0,0.0,0.0,0.0,0.0,0.0,0.0,0.0,3.0,4850.4400000000005,3.0,3.0,0.0,1,0,0
MRC000323,Grocery,Micro,LOC0074,AGT00668,1046,1,1,0,1.0,85.98,1.0,1.0,6.0,3500.7400000000002,6.0,4.0,26.0,28833.78,26.0,20.0,583.4566666666667,0,0,0
MRC000324,Restaurant,Micro,LOC0039,AGT00445,1214,1,1,5,1.0,659.23,1.0,1.0,1.0,659.23,1.0,1.0,5.0,12654.08,5.0,5.0,659.23,0,0,0
MRC000325,Restaurant,Micro,LOC0091,AGT00223,390,1,1,24,0.0,0.0,0.0,0.0,1.0,103.19,1.0,1.0,7.0,8396.57,7.0,7.0,103.19,0,0,0
MRC000326,General Retail,Micro,LOC0101,AGT00625,509,1,1,15,0.0,0.0,0.0,0.0,2.0,1354.66,2.0,2.0,5.0,5709.41,5.0,5.0,677.33,0,0,0
MRC000327,Fashion,Medium,LOC0004,AGT00503,2372,0,1,1,1.0,190.92,1.0,1.0,2.0,529.12,2.0,2.0,5.0,12161.27,5.0,5.0,264.56,0,0,0
MRC000328,Pharmacy,Small,LOC0114,AGT00794,403,0,1,16,0.0,0.0,0.0,0.0,2.0,2812.88,2.0,2.0,8.0,11853.939999999999,8.0,8.0,1406.44,0,0,0
MRC000329,Pharmacy,Small,LOC0083,AGT00441,2115,0,1,1,3.0,4055.0,3.0,3.0,11.0,17495.01,11.0,10.0,27.0,40865.86,27.0,25.0,1590.4554545454544,0,0,0
MRC000330,Grocery,Small,LOC0099,AGT00546,742,1,1,0,3.0,2318.69,3.0,2.0,8.0,11409.01,8.0,5.0,27.0,31173.95,27.0,22.0,1426.12625,0,0,0
MRC000331,General Retail,Large,LOC0058,AGT00630,1470,1,1,15,0.0,0.0,0.0,0.0,2.0,1409.54,2.0,2.0,5.0,7849.490000000001,5.0,5.0,704.77,0,0,0
MRC000332,Grocery,Micro,LOC0001,AGT00433,1865,0,1,3,2.0,1495.33,2.0,2.0,4.0,2205.0699999999997,4.0,4.0,13.0,8449.55,13.0,12.0,551.2674999999999,0,0,0
MRC000333,Grocery,Medium,LOC0107,AGT00414,2452,1,0,73,0.0,0.0,0.0,0.0,0.0,0.0,0.0,0.0,2.0,8764.74,2.0,2.0,0.0,1,1,0
MRC000334,Grocery,Micro,LOC0069,AGT00071,1103,1,1,16,0.0,0.0,0.0,0.0,5.0,742.27,5.0,4.0,12.0,12873.24,12.0,11.0,148.454,0,0,0
MRC000335,Utility,Medium,LOC0005,AGT00083,2308,0,1,0,3.0,2217.3599999999997,3.0,3.0,6.0,5442.89,6.0,6.0,32.0,52111.52,32.0,28.0,907.1483333333334,0,0,0
MRC000336,Electronics,Micro,LOC0020,AGT00028,1279,0,1,7,0.0,0.0,0.0,0.0,2.0,1477.8999999999999,2.0,2.0,8.0,19361.66,8.0,8.0,738.9499999999999,0,0,0
MRC000337,Education,Micro,LOC0025,AGT00670,2181,1,1,0,6.0,9006.43,6.0,3.0,16.0,37367.55,16.0,12.0,35.0,60269.82,35.0,31.0,2335.471875,0,0,0
MRC000338,Restaurant,Small,LOC0046,AGT00718,509,0,1,1,1.0,973.03,1.0,1.0,4.0,31152.62,4.0,3.0,20.0,53222.880000000005,20.0,19.0,7788.155,0,0,0
MRC000339,Grocery,Micro,LOC0054,AGT00331,872,1,1,5,2.0,3130.31,2.0,1.0,6.0,11818.58,6.0,5.0,16.0,20961.9,16.0,14.0,1969.7633333333333,0,0,0
MRC000340,General Retail,Small,LOC0052,AGT00015,1648,1,0,21,0.0,0.0,0.0,0.0,1.0,3134.69,1.0,1.0,4.0,5158.52,4.0,4.0,3134.69,0,0,0
MRC000341,Grocery,Small,LOC0105,AGT00564,1829,1,1,7,0.0,0.0,0.0,0.0,3.0,3029.48,3.0,3.0,7.0,4212.69,7.0,7.0,1009.8266666666667,0,0,0
MRC000342,Grocery,Small,LOC0114,AGT00395,2042,1,1,14,0.0,0.0,0.0,0.0,1.0,115.66,1.0,1.0,3.0,6916.37,3.0,3.0,115.66,0,0,0
MRC000343,Education,Micro,LOC0082,AGT00642,1069,1,1,14,0.0,0.0,0.0,0.0,3.0,3195.9399999999996,3.0,2.0,4.0,5164.99,4.0,3.0,1065.3133333333333,0,0,0
MRC000344,Grocery,Small,LOC0077,AGT00359,1651,1,1,2,3.0,9284.75,3.0,3.0,7.0,20799.050000000003,7.0,6.0,23.0,66260.55,23.0,22.0,2971.2928571428574,0,0,0
MRC000345,Grocery,Micro,LOC0104,AGT00372,1643,1,1,4,2.0,1264.7800000000002,2.0,2.0,15.0,21004.37,15.0,13.0,43.0,72325.67,43.0,33.0,1400.2913333333333,0,0,0
MRC000346,Utility,Large,LOC0033,AGT00507,2438,1,1,16,0.0,0.0,0.0,0.0,2.0,1001.0,2.0,2.0,2.0,1001.0,2.0,2.0,500.5,0,0,0
MRC000347,Fashion,Small,LOC0067,AGT00171,543,1,0,8,0.0,0.0,0.0,0.0,2.0,3036.8199999999997,2.0,2.0,6.0,8000.53,6.0,6.0,1518.4099999999999,0,0,0
MRC000348,Pharmacy,Small,LOC0078,AGT00535,322,1,1,49,0.0,0.0,0.0,0.0,0.0,0.0,0.0,0.0,3.0,1404.34,3.0,3.0,0.0,1,0,0
MRC000349,Restaurant,Medium,LOC0035,AGT00360,1543,1,1,16,0.0,0.0,0.0,0.0,1.0,910.44,1.0,1.0,2.0,2212.9300000000003,2.0,2.0,910.44,0,0,0
MRC000350,Healthcare,Small,LOC0115,AGT00006,321,1,1,15,0.0,0.0,0.0,0.0,5.0,5437.53,5.0,4.0,14.0,24922.05,14.0,13.0,1087.5059999999999,0,0,0
MRC000351,Grocery,Small,LOC0029,AGT00467,714,1,0,0,1.0,3966.78,1.0,1.0,3.0,4736.75,3.0,3.0,5.0,18287.73,5.0,5.0,1578.9166666666667,0,0,0
MRC000352,Grocery,Micro,LOC0008,AGT00699,1379,1,1,42,0.0,0.0,0.0,0.0,0.0,0.0,0.0,0.0,2.0,1920.8400000000001,2.0,2.0,0.0,1,0,0
MRC000353,Education,Small,LOC0039,AGT00304,872,1,1,2,4.0,5648.34,4.0,3.0,21.0,21830.46,21.0,14.0,54.0,67382.3,54.0,41.0,1039.5457142857142,0,0,0
MRC000354,Education,Micro,LOC0098,AGT00370,869,1,1,4,1.0,2595.67,1.0,1.0,4.0,5464.73,4.0,4.0,7.0,12206.26,7.0,7.0,1366.1825,0,0,0
MRC000355,General Retail,Micro,LOC0045,AGT00031,1043,1,1,28,0.0,0.0,0.0,0.0,1.0,2065.83,1.0,1.0,4.0,13909.949999999999,4.0,4.0,2065.83,0,0,0
MRC000356,Restaurant,Medium,LOC0027,AGT00415,1787,0,1,3,1.0,16818.17,1.0,1.0,3.0,18960.449999999997,3.0,3.0,8.0,22809.07,8.0,8.0,6320.149999999999,0,0,0
MRC000357,Grocery,Micro,LOC0105,AGT00072,1086,1,1,10,0.0,0.0,0.0,0.0,3.0,7166.669999999999,3.0,3.0,12.0,17628.42,12.0,12.0,2388.89,0,0,0
MRC000358,Electronics,Small,LOC0019,AGT00187,2020,1,1,21,0.0,0.0,0.0,0.0,1.0,2139.92,1.0,1.0,10.0,13243.31,10.0,10.0,2139.92,0,0,0
MRC000359,Transport,Micro,LOC0020,AGT00269,634,1,1,50,0.0,0.0,0.0,0.0,0.0,0.0,0.0,0.0,2.0,2029.97,2.0,2.0,0.0,1,0,0
MRC000360,Grocery,Small,LOC0108,AGT00645,510,1,0,2,2.0,1336.58,2.0,2.0,4.0,5766.389999999999,4.0,4.0,16.0,23676.75,16.0,15.0,1441.5974999999999,0,0,0
MRC000361,Electronics,Medium,LOC0039,AGT00700,650,0,0,0,4.0,3461.37,4.0,3.0,11.0,13351.35,11.0,9.0,28.0,71528.2,28.0,22.0,1213.759090909091,0,0,0
MRC000362,Grocery,Micro,LOC0001,AGT00616,2291,1,1,28,0.0,0.0,0.0,0.0,1.0,1549.39,1.0,1.0,3.0,6484.39,3.0,3.0,1549.39,0,0,0
MRC000363,General Retail,Small,LOC0053,AGT00309,893,0,1,3,1.0,252.37,1.0,1.0,2.0,1617.21,2.0,2.0,3.0,2158.72,3.0,3.0,808.605,0,0,0
MRC000364,General Retail,Small,LOC0089,AGT00231,352,0,1,1,3.0,8769.48,3.0,2.0,8.0,15020.96,8.0,7.0,27.0,47470.35,27.0,23.0,1877.62,0,0,0
MRC000365,Fashion,Medium,LOC0091,AGT00779,975,1,1,1,1.0,594.66,1.0,1.0,3.0,10989.48,3.0,2.0,5.0,12569.15,5.0,4.0,3663.16,0,0,0
MRC000366,General Retail,Micro,LOC0011,AGT00105,1791,0,1,8,0.0,0.0,0.0,0.0,4.0,9094.19,4.0,4.0,11.0,23229.06,11.0,10.0,2273.5475,0,0,0
MRC000367,General Retail,Small,LOC0034,AGT00285,1077,1,1,12,0.0,0.0,0.0,0.0,2.0,9267.51,2.0,2.0,4.0,13953.43,4.0,4.0,4633.755,0,0,0
MRC000368,Grocery,Small,LOC0075,AGT00682,1127,1,1,4,1.0,978.04,1.0,1.0,3.0,3659.97,3.0,3.0,4.0,3775.7299999999996,4.0,4.0,1219.99,0,0,0
MRC000369,Restaurant,Small,LOC0080,AGT00133,475,1,1,41,0.0,0.0,0.0,0.0,0.0,0.0,0.0,0.0,2.0,1380.31,2.0,2.0,0.0,1,0,0
MRC000370,Education,Micro,LOC0075,AGT00567,1745,1,1,1,2.0,3870.87,2.0,2.0,2.0,3870.87,2.0,2.0,5.0,5853.799999999999,5.0,5.0,1935.435,0,0,0
MRC000371,Grocery,Small,LOC0041,AGT00635,768,0,1,3,1.0,1156.14,1.0,1.0,4.0,4185.5,4.0,4.0,14.0,12261.42,14.0,13.0,1046.375,0,0,0
MRC000372,Restaurant,Small,LOC0104,AGT00732,500,1,1,6,1.0,1305.02,1.0,1.0,12.0,8420.01,12.0,10.0,27.0,37389.51,27.0,23.0,701.6675,0,0,0
MRC000373,Pharmacy,Micro,LOC0010,AGT00653,1848,1,1,7,0.0,0.0,0.0,0.0,5.0,23241.7,5.0,5.0,10.0,28197.49,10.0,10.0,4648.34,0,0,0
MRC000374,General Retail,Small,LOC0099,AGT00462,2334,1,1,2,2.0,4711.64,2.0,2.0,12.0,21411.05,12.0,10.0,35.0,54724.35,35.0,30.0,1784.2541666666666,0,0,0
MRC000375,Restaurant,Small,LOC0113,AGT00343,1621,1,0,7,0.0,0.0,0.0,0.0,4.0,6839.450000000001,4.0,3.0,10.0,14260.41,10.0,7.0,1709.8625000000002,0,0,0
MRC000376,Utility,Small,LOC0083,AGT00441,2335,0,1,0,1.0,67.19,1.0,1.0,4.0,6267.4,4.0,4.0,8.0,10632.14,8.0,8.0,1566.85,0,0,0
MRC000377,Restaurant,Micro,LOC0052,AGT00015,1165,1,1,0,1.0,709.89,1.0,1.0,3.0,1805.77,3.0,3.0,17.0,22283.06,17.0,15.0,601.9233333333333,0,0,0
MRC000378,Grocery,Micro,LOC0046,AGT00743,1421,1,1,1,2.0,1340.5,2.0,2.0,4.0,6709.83,4.0,4.0,14.0,40956.340000000004,14.0,14.0,1677.4575,0,0,0
MRC000379,General Retail,Small,LOC0053,AGT00739,1067,1,1,7,0.0,0.0,0.0,0.0,2.0,903.64,2.0,2.0,10.0,12343.39,10.0,10.0,451.82,0,0,0
MRC000380,Grocery,Small,LOC0020,AGT00115,1400,1,1,4,1.0,1356.6,1.0,1.0,5.0,6644.5,5.0,5.0,14.0,19836.91,14.0,14.0,1328.9,0,0,0
MRC000381,Grocery,Medium,LOC0027,AGT00568,2237,0,1,49,0.0,0.0,0.0,0.0,0.0,0.0,0.0,0.0,3.0,3951.25,3.0,2.0,0.0,1,0,0
MRC000382,Restaurant,Small,LOC0077,AGT00359,1674,1,1,6,1.0,147.57,1.0,1.0,2.0,1257.4299999999998,2.0,2.0,8.0,7981.38,8.0,8.0,628.7149999999999,0,0,0
MRC000383,Transport,Small,LOC0067,AGT00171,345,1,1,1,2.0,1703.46,2.0,2.0,6.0,4921.93,6.0,6.0,19.0,16157.0,19.0,18.0,820.3216666666667,0,0,0
MRC000384,Restaurant,Micro,LOC0060,AGT00712,1554,1,1,3,3.0,1677.13,3.0,2.0,14.0,13728.720000000001,14.0,10.0,32.0,47092.42,32.0,26.0,980.6228571428572,0,0,0
MRC000385,Grocery,Medium,LOC0057,AGT00628,1111,1,1,1,1.0,851.08,1.0,1.0,9.0,26545.109999999997,9.0,8.0,18.0,31887.609999999997,18.0,16.0,2949.4566666666665,0,0,0
MRC000386,Restaurant,Micro,LOC0010,AGT00025,1474,1,1,0,2.0,1712.77,2.0,2.0,8.0,8850.96,8.0,7.0,34.0,51335.49,34.0,29.0,1106.37,0,0,0
MRC000387,Pharmacy,Micro,LOC0105,AGT00279,1505,1,1,13,0.0,0.0,0.0,0.0,3.0,12908.61,3.0,3.0,5.0,20210.93,5.0,5.0,4302.87,0,0,0
MRC000388,Grocery,Micro,LOC0115,AGT00339,1574,1,1,97,0.0,0.0,0.0,0.0,0.0,0.0,0.0,0.0,0.0,0.0,0.0,0.0,0.0,1,1,1
MRC000389,Electronics,Micro,LOC0030,AGT00274,2179,1,0,7,0.0,0.0,0.0,0.0,5.0,4201.18,5.0,5.0,13.0,24180.48,13.0,11.0,840.2360000000001,0,0,0
MRC000390,Grocery,Small,LOC0038,AGT00529,2163,0,1,6,1.0,773.98,1.0,1.0,10.0,6157.3,10.0,9.0,19.0,20221.12,19.0,17.0,615.73,0,0,0
MRC000391,Pharmacy,Micro,LOC0076,AGT00405,2409,1,1,0,3.0,2204.67,3.0,2.0,8.0,6576.64,8.0,7.0,19.0,29571.02,19.0,18.0,822.08,0,0,0
MRC000392,Transport,Micro,LOC0001,AGT00616,1622,1,1,8,0.0,0.0,0.0,0.0,1.0,5726.51,1.0,1.0,9.0,16385.96,9.0,9.0,5726.51,0,0,0
MRC000393,Healthcare,Micro,LOC0013,AGT00730,910,1,1,20,0.0,0.0,0.0,0.0,1.0,1617.68,1.0,1.0,2.0,2567.05,2.0,2.0,1617.68,0,0,0
MRC000394,Pharmacy,Large,LOC0109,AGT00461,714,1,1,1,1.0,154.59,1.0,1.0,3.0,1349.84,3.0,3.0,6.0,6161.93,6.0,6.0,449.94666666666666,0,0,0
MRC000395,Restaurant,Small,LOC0021,AGT00277,2142,1,1,1,3.0,5380.78,3.0,2.0,6.0,9963.72,6.0,5.0,8.0,10870.35,8.0,7.0,1660.62,0,0,0
MRC000396,Pharmacy,Medium,LOC0070,AGT00421,2283,1,1,205,0.0,0.0,0.0,0.0,0.0,0.0,0.0,0.0,0.0,0.0,0.0,0.0,0.0,1,1,1
MRC000397,General Retail,Medium,LOC0106,AGT00175,368,0,1,2,1.0,889.91,1.0,1.0,1.0,889.91,1.0,1.0,3.0,2458.93,3.0,3.0,889.91,0,0,0
MRC000398,Grocery,Medium,LOC0088,AGT00192,758,1,1,1,2.0,4171.2,2.0,2.0,7.0,21950.91,7.0,6.0,10.0,29353.649999999998,10.0,9.0,3135.844285714286,0,0,0
MRC000399,Grocery,Small,LOC0033,AGT00751,1771,0,1,13,0.0,0.0,0.0,0.0,4.0,4956.7,4.0,3.0,6.0,7563.42,6.0,5.0,1239.175,0,0,0
MRC000400,Fashion,Micro,LOC0019,AGT00396,647,1,1,42,0.0,0.0,0.0,0.0,0.0,0.0,0.0,0.0,4.0,8776.64,4.0,4.0,0.0,1,0,0
MRC000401,Grocery,Micro,LOC0087,AGT00772,396,1,1,37,0.0,0.0,0.0,0.0,0.0,0.0,0.0,0.0,1.0,6322.75,1.0,1.0,0.0,1,0,0
MRC000402,Grocery,Micro,LOC0049,AGT00040,2465,1,0,30,0.0,0.0,0.0,0.0,0.0,0.0,0.0,0.0,6.0,7243.389999999999,6.0,6.0,0.0,1,0,0
MRC000403,Grocery,Small,LOC0117,AGT00773,497,1,0,28,0.0,0.0,0.0,0.0,1.0,2493.62,1.0,1.0,6.0,6640.73,6.0,6.0,2493.62,0,0,0
MRC000404,Transport,Micro,LOC0078,AGT00358,753,1,1,5,2.0,5203.620000000001,2.0,2.0,6.0,11403.27,6.0,6.0,17.0,26649.49,17.0,17.0,1900.545,0,0,0
MRC000405,Education,Micro,LOC0002,AGT00617,2447,1,0,17,0.0,0.0,0.0,0.0,2.0,549.57,2.0,2.0,7.0,10942.33,7.0,7.0,274.785,0,0,0
MRC000406,Transport,Small,LOC0031,AGT00573,505,0,1,0,22.0,38523.79,22.0,7.0,83.0,145847.41999999998,83.0,29.0,245.0,342193.87,245.0,85.0,1757.197831325301,0,0,0
MRC000407,Utility,Micro,LOC0090,AGT00218,2034,0,0,11,0.0,0.0,0.0,0.0,2.0,2313.75,2.0,2.0,8.0,16375.04,8.0,8.0,1156.875,0,0,0
MRC000408,Restaurant,Micro,LOC0085,AGT00315,1514,1,0,3,2.0,4096.68,2.0,2.0,3.0,5181.25,3.0,3.0,13.0,47734.22,13.0,13.0,1727.0833333333333,0,0,0
MRC000409,General Retail,Micro,LOC0090,AGT00218,1466,1,1,6,1.0,432.91,1.0,1.0,2.0,738.6400000000001,2.0,2.0,4.0,1624.27,4.0,4.0,369.32000000000005,0,0,0
MRC000410,Healthcare,Small,LOC0029,AGT00467,2094,0,1,2,1.0,99.37,1.0,1.0,3.0,1795.87,3.0,3.0,6.0,4658.1,6.0,6.0,598.6233333333333,0,0,0
MRC000411,Utility,Micro,LOC0030,AGT00078,333,1,1,1,4.0,5979.18,4.0,4.0,23.0,26943.3,23.0,19.0,58.0,62746.7,58.0,45.0,1171.4478260869564,0,0,0
MRC000412,Healthcare,Micro,LOC0026,AGT00636,419,1,1,0,2.0,3491.2,2.0,2.0,11.0,10922.689999999999,11.0,11.0,30.0,52702.47,30.0,28.0,992.9718181818181,0,0,0
MRC000413,Restaurant,Micro,LOC0084,AGT00385,714,1,1,17,0.0,0.0,0.0,0.0,1.0,327.81,1.0,1.0,2.0,924.05,2.0,2.0,327.81,0,0,0
MRC000414,Pharmacy,Small,LOC0002,AGT00617,1357,1,1,18,0.0,0.0,0.0,0.0,1.0,1026.39,1.0,1.0,4.0,4071.7400000000002,4.0,4.0,1026.39,0,0,0
MRC000415,Fashion,Micro,LOC0098,AGT00370,2389,1,1,13,0.0,0.0,0.0,0.0,5.0,3639.75,5.0,5.0,9.0,6265.37,9.0,9.0,727.95,0,0,0
MRC000416,Grocery,Micro,LOC0034,AGT00091,436,0,1,13,0.0,0.0,0.0,0.0,2.0,1434.8,2.0,2.0,3.0,4652.51,3.0,3.0,717.4,0,0,0
MRC000417,Fashion,Medium,LOC0059,AGT00092,1205,1,1,6,1.0,579.13,1.0,1.0,1.0,579.13,1.0,1.0,2.0,13067.24,2.0,2.0,579.13,0,0,0
MRC000418,Grocery,Medium,LOC0030,AGT00336,1223,1,1,3,1.0,342.22,1.0,1.0,1.0,342.22,1.0,1.0,9.0,11255.74,9.0,9.0,342.22,0,0,0
MRC000419,Grocery,Micro,LOC0052,AGT00015,716,1,0,13,0.0,0.0,0.0,0.0,1.0,528.34,1.0,1.0,2.0,1345.3600000000001,2.0,2.0,528.34,0,0,0
MRC000420,General Retail,Micro,LOC0092,AGT00281,1038,1,1,0,2.0,4254.27,2.0,2.0,7.0,9138.67,7.0,7.0,14.0,29079.88,14.0,14.0,1305.5242857142857,0,0,0
MRC000421,Transport,Micro,LOC0024,AGT00728,726,0,1,3,2.0,1558.6399999999999,2.0,2.0,4.0,4748.88,4.0,4.0,18.0,35011.28,18.0,17.0,1187.22,0,0,0
MRC000422,Education,Small,LOC0069,AGT00754,586,1,1,10,0.0,0.0,0.0,0.0,6.0,5134.81,6.0,6.0,22.0,38534.71,22.0,21.0,855.8016666666667,0,0,0
MRC000423,Restaurant,Micro,LOC0007,AGT00150,1425,1,0,14,0.0,0.0,0.0,0.0,2.0,7562.46,2.0,2.0,7.0,14139.69,7.0,7.0,3781.23,0,0,0
MRC000424,Education,Medium,LOC0022,AGT00449,2321,0,1,2,3.0,6152.36,3.0,3.0,19.0,33233.13,19.0,15.0,53.0,82427.4,53.0,40.0,1749.1121052631577,0,0,0
MRC000425,General Retail,Medium,LOC0083,AGT00441,1170,0,1,1,1.0,1583.47,1.0,1.0,6.0,3534.78,6.0,5.0,12.0,16908.0,12.0,11.0,589.13,0,0,0
MRC000426,Transport,Small,LOC0069,AGT00754,1674,1,1,0,2.0,7336.8099999999995,2.0,2.0,10.0,13156.53,10.0,9.0,31.0,40247.98,31.0,28.0,1315.653,0,0,0
MRC000427,Education,Micro,LOC0074,AGT00201,1751,1,1,25,0.0,0.0,0.0,0.0,1.0,1473.9,1.0,1.0,4.0,3688.29,4.0,4.0,1473.9,0,0,0
MRC000428,Fashion,Medium,LOC0028,AGT00489,2129,1,1,1,2.0,2396.49,2.0,2.0,17.0,23436.15,17.0,14.0,48.0,66825.43,48.0,39.0,1378.5970588235296,0,0,0
MRC000429,Restaurant,Small,LOC0025,AGT00523,2088,1,1,4,1.0,959.71,1.0,1.0,2.0,1338.31,2.0,2.0,10.0,6247.62,10.0,9.0,669.155,0,0,0
MRC000430,Transport,Small,LOC0052,AGT00740,2266,1,1,0,9.0,31653.52,9.0,5.0,23.0,45686.91,23.0,14.0,60.0,112526.68,60.0,42.0,1986.387391304348,0,0,0
MRC000431,General Retail,Micro,LOC0016,AGT00278,2066,1,1,0,4.0,11774.17,4.0,3.0,15.0,26158.83,15.0,10.0,47.0,74673.75,47.0,32.0,1743.922,0,0,0
MRC000432,Fashion,Small,LOC0107,AGT00672,2319,1,1,5,1.0,2388.21,1.0,1.0,4.0,3515.8900000000003,4.0,4.0,11.0,10797.17,11.0,11.0,878.9725000000001,0,0,0
MRC000433,Restaurant,Medium,LOC0033,AGT00412,2397,0,1,0,3.0,2124.65,3.0,2.0,8.0,5890.48,8.0,6.0,20.0,17860.86,20.0,16.0,736.31,0,0,0
MRC000434,Fashion,Medium,LOC0087,AGT00193,1921,1,1,13,0.0,0.0,0.0,0.0,1.0,6761.57,1.0,1.0,5.0,9633.91,5.0,5.0,6761.57,0,0,0
MRC000435,Fashion,Small,LOC0019,AGT00396,1364,0,1,17,0.0,0.0,0.0,0.0,2.0,3880.06,2.0,2.0,5.0,5099.05,5.0,5.0,1940.03,0,0,0
MRC000436,General Retail,Small,LOC0079,AGT00260,957,1,1,4,1.0,10155.12,1.0,1.0,8.0,23840.86,8.0,8.0,20.0,51470.79,20.0,20.0,2980.1075,0,0,0
MRC000437,Transport,Small,LOC0025,AGT00114,1535,0,1,4,1.0,445.34,1.0,1.0,7.0,7019.37,7.0,7.0,18.0,23490.66,18.0,18.0,1002.7671428571429,0,0,0
MRC000438,Restaurant,Small,LOC0034,AGT00283,2098,1,1,13,0.0,0.0,0.0,0.0,1.0,792.79,1.0,1.0,1.0,792.79,1.0,1.0,792.79,0,0,0
MRC000439,Restaurant,Medium,LOC0050,AGT00738,1933,0,1,0,1.0,41984.97,1.0,1.0,6.0,50531.32,6.0,6.0,9.0,57525.880000000005,9.0,9.0,8421.886666666667,0,0,0
MRC000440,Fashion,Small,LOC0015,AGT00443,1423,1,1,0,3.0,5164.16,3.0,3.0,8.0,31557.920000000002,8.0,8.0,26.0,69514.96,26.0,23.0,3944.7400000000002,0,0,0
MRC000441,Grocery,Micro,LOC0015,AGT00538,453,1,1,2,1.0,4303.12,1.0,1.0,6.0,7249.32,6.0,5.0,39.0,49279.01,39.0,33.0,1208.22,0,0,0
MRC000442,Electronics,Micro,LOC0091,AGT00596,880,0,1,2,3.0,16462.15,3.0,2.0,7.0,23766.920000000002,7.0,6.0,16.0,37695.03,16.0,15.0,3395.274285714286,0,0,0
MRC000443,Utility,Small,LOC0042,AGT00501,1548,1,1,21,0.0,0.0,0.0,0.0,1.0,520.6,1.0,1.0,2.0,28664.149999999998,2.0,2.0,520.6,0,0,0
MRC000444,Transport,Medium,LOC0069,AGT00477,1129,0,1,29,0.0,0.0,0.0,0.0,1.0,380.27,1.0,1.0,3.0,1132.1,3.0,3.0,380.27,0,0,0
MRC000445,Grocery,Micro,LOC0078,AGT00622,1283,1,1,3,2.0,4018.68,2.0,2.0,3.0,4489.4400000000005,3.0,3.0,5.0,6946.209999999999,5.0,5.0,1496.4800000000002,0,0,0
MRC000446,Healthcare,Small,LOC0075,AGT00020,945,1,0,5,1.0,1627.39,1.0,1.0,12.0,13354.39,12.0,11.0,46.0,67584.96,46.0,40.0,1112.8658333333333,0,0,0
MRC000447,Healthcare,Medium,LOC0076,AGT00302,453,1,1,48,0.0,0.0,0.0,0.0,0.0,0.0,0.0,0.0,5.0,17225.46,5.0,5.0,0.0,1,0,0
MRC000448,Pharmacy,Small,LOC0118,AGT00306,1305,1,0,5,2.0,1568.92,2.0,2.0,9.0,14336.32,9.0,8.0,21.0,28456.219999999998,21.0,19.0,1592.9244444444444,0,0,0
MRC000449,Education,Micro,LOC0076,AGT00533,1259,1,1,55,0.0,0.0,0.0,0.0,0.0,0.0,0.0,0.0,1.0,1349.34,1.0,1.0,0.0,1,0,0
MRC000450,Education,Micro,LOC0042,AGT00659,1994,1,1,3,1.0,94.13,1.0,1.0,7.0,14937.15,7.0,7.0,22.0,33862.45,22.0,22.0,2133.8785714285714,0,0,0
MRC000451,General Retail,Small,LOC0035,AGT00572,532,1,1,12,0.0,0.0,0.0,0.0,3.0,6099.12,3.0,3.0,7.0,12280.16,7.0,7.0,2033.04,0,0,0
MRC000452,Grocery,Micro,LOC0097,AGT00719,1346,1,1,8,0.0,0.0,0.0,0.0,2.0,1015.63,2.0,2.0,8.0,15979.2,8.0,6.0,507.815,0,0,0
MRC000453,Grocery,Small,LOC0051,AGT00515,2152,1,1,96,0.0,0.0,0.0,0.0,0.0,0.0,0.0,0.0,0.0,0.0,0.0,0.0,0.0,1,1,1
MRC000454,Fashion,Small,LOC0068,AGT00610,872,1,1,3,2.0,2447.87,2.0,1.0,11.0,10278.47,11.0,8.0,38.0,71362.75,38.0,32.0,934.4063636363636,0,0,0
MRC000455,Grocery,Small,LOC0098,AGT00017,978,1,1,25,0.0,0.0,0.0,0.0,1.0,2016.21,1.0,1.0,4.0,4791.09,4.0,4.0,2016.21,0,0,0
MRC000456,Restaurant,Small,LOC0029,AGT00467,477,1,1,23,0.0,0.0,0.0,0.0,2.0,1125.1599999999999,2.0,2.0,2.0,1125.1599999999999,2.0,2.0,562.5799999999999,0,0,0
MRC000457,Utility,Micro,LOC0027,AGT00568,1542,1,1,36,0.0,0.0,0.0,0.0,0.0,0.0,0.0,0.0,2.0,1009.86,2.0,2.0,0.0,1,0,0
MRC000458,Grocery,Micro,LOC0007,AGT00153,2156,1,1,11,0.0,0.0,0.0,0.0,2.0,1200.47,2.0,2.0,5.0,4953.66,5.0,4.0,600.235,0,0,0
MRC000459,Fashion,Micro,LOC0009,AGT00406,1339,1,1,19,0.0,0.0,0.0,0.0,2.0,2475.11,2.0,2.0,5.0,4220.07,5.0,5.0,1237.555,0,0,0
MRC000460,General Retail,Micro,LOC0074,AGT00003,1198,1,1,9,0.0,0.0,0.0,0.0,7.0,13233.52,7.0,7.0,16.0,20087.48,16.0,15.0,1890.5028571428572,0,0,0
MRC000461,Electronics,Small,LOC0061,AGT00425,1923,0,1,10,0.0,0.0,0.0,0.0,4.0,3756.66,4.0,4.0,11.0,12809.09,11.0,11.0,939.165,0,0,0
MRC000462,Fashion,Micro,LOC0036,AGT00081,1252,0,1,1,2.0,1263.1100000000001,2.0,2.0,9.0,5733.63,9.0,8.0,29.0,33908.25,29.0,26.0,637.07,0,0,0
MRC000463,Electronics,Small,LOC0026,AGT00776,1158,1,1,3,1.0,67.11,1.0,1.0,2.0,6781.04,2.0,2.0,8.0,11661.12,8.0,8.0,3390.52,0,0,0
MRC000464,Grocery,Micro,LOC0084,AGT00385,1955,1,0,0,2.0,6549.589999999999,2.0,2.0,9.0,12326.2,9.0,9.0,30.0,42039.409999999996,30.0,27.0,1369.5777777777778,0,0,0
MRC000465,Grocery,Micro,LOC0011,AGT00491,907,1,1,25,0.0,0.0,0.0,0.0,2.0,3499.5,2.0,2.0,5.0,8880.26,5.0,5.0,1749.75,0,0,0
MRC000466,Transport,Micro,LOC0085,AGT00329,2143,1,1,34,0.0,0.0,0.0,0.0,0.0,0.0,0.0,0.0,1.0,505.19,1.0,1.0,0.0,1,0,0
MRC000467,Restaurant,Small,LOC0109,AGT00461,872,0,1,16,0.0,0.0,0.0,0.0,4.0,2719.85,4.0,4.0,6.0,9337.4,6.0,6.0,679.9625,0,0,0
MRC000468,Pharmacy,Small,LOC0055,AGT00511,1403,1,1,20,0.0,0.0,0.0,0.0,1.0,309.95,1.0,1.0,1.0,309.95,1.0,1.0,309.95,0,0,0
MRC000469,Grocery,Medium,LOC0060,AGT00185,833,1,1,35,0.0,0.0,0.0,0.0,0.0,0.0,0.0,0.0,2.0,1107.4499999999998,2.0,2.0,0.0,1,0,0
MRC000470,General Retail,Micro,LOC0065,AGT00525,1668,0,1,1,1.0,2237.25,1.0,1.0,2.0,4288.93,2.0,2.0,12.0,22175.29,12.0,11.0,2144.465,0,0,0
MRC000471,Grocery,Small,LOC0012,AGT00440,1235,1,1,1,1.0,328.46,1.0,1.0,4.0,1422.4,4.0,4.0,10.0,6927.01,10.0,10.0,355.6,0,0,0
MRC000472,Healthcare,Small,LOC0076,AGT00353,809,0,0,23,0.0,0.0,0.0,0.0,2.0,468.3,2.0,2.0,11.0,16220.789999999999,11.0,10.0,234.15,0,0,0
MRC000473,Restaurant,Micro,LOC0044,AGT00615,1912,1,1,2,2.0,1475.52,2.0,2.0,3.0,1906.87,3.0,3.0,14.0,15630.27,14.0,14.0,635.6233333333333,0,0,0
MRC000474,Education,Micro,LOC0057,AGT00569,2330,0,1,116,0.0,0.0,0.0,0.0,0.0,0.0,0.0,0.0,0.0,0.0,0.0,0.0,0.0,1,1,1
MRC000475,Pharmacy,Micro,LOC0003,AGT00345,348,1,1,15,0.0,0.0,0.0,0.0,3.0,3496.3100000000004,3.0,3.0,11.0,14337.730000000001,11.0,10.0,1165.4366666666667,0,0,0
MRC000476,Grocery,Micro,LOC0106,AGT00401,1527,1,1,0,1.0,1455.08,1.0,1.0,1.0,1455.08,1.0,1.0,4.0,21539.43,4.0,4.0,1455.08,0,0,0
MRC000477,Electronics,Medium,LOC0041,AGT00148,1856,1,1,52,0.0,0.0,0.0,0.0,0.0,0.0,0.0,0.0,2.0,680.34,2.0,2.0,0.0,1,0,0
MRC000478,Transport,Micro,LOC0010,AGT00025,1859,1,1,36,0.0,0.0,0.0,0.0,0.0,0.0,0.0,0.0,1.0,8112.18,1.0,1.0,0.0,1,0,0
MRC000479,Grocery,Small,LOC0094,AGT00777,768,1,1,2,1.0,768.77,1.0,1.0,4.0,3260.91,4.0,4.0,20.0,31104.81,20.0,19.0,815.2275,0,0,0
MRC000480,Fashion,Small,LOC0118,AGT00004,536,1,1,58,0.0,0.0,0.0,0.0,0.0,0.0,0.0,0.0,1.0,1898.05,1.0,1.0,0.0,1,0,0
MRC000481,Fashion,Micro,LOC0063,AGT00090,1409,0,1,32,0.0,0.0,0.0,0.0,0.0,0.0,0.0,0.0,3.0,3517.2400000000002,3.0,3.0,0.0,1,0,0
MRC000482,Pharmacy,Small,LOC0005,AGT00212,1678,1,0,50,0.0,0.0,0.0,0.0,0.0,0.0,0.0,0.0,2.0,730.5999999999999,2.0,2.0,0.0,1,0,0
MRC000483,Education,Micro,LOC0120,AGT00392,919,0,1,16,0.0,0.0,0.0,0.0,4.0,6708.280000000001,4.0,3.0,9.0,13348.25,9.0,8.0,1677.0700000000002,0,0,0
MRC000484,Grocery,Small,LOC0025,AGT00290,1093,1,1,24,0.0,0.0,0.0,0.0,1.0,304.66,1.0,1.0,8.0,11621.03,8.0,7.0,304.66,0,0,0
MRC000485,Electronics,Micro,LOC0029,AGT00467,1449,1,1,10,0.0,0.0,0.0,0.0,5.0,6103.36,5.0,5.0,27.0,44084.04,27.0,25.0,1220.672,0,0,0
MRC000486,Grocery,Micro,LOC0085,AGT00294,1270,0,1,10,0.0,0.0,0.0,0.0,1.0,2334.52,1.0,1.0,4.0,4363.78,4.0,4.0,2334.52,0,0,0
MRC000487,Fashion,Micro,LOC0040,AGT00750,1343,1,1,3,2.0,769.38,2.0,2.0,8.0,10498.32,8.0,7.0,23.0,35814.840000000004,23.0,22.0,1312.29,0,0,0
MRC000488,Restaurant,Small,LOC0011,AGT00540,1777,1,1,5,1.0,1532.43,1.0,1.0,3.0,4618.54,3.0,3.0,15.0,21355.4,15.0,15.0,1539.5133333333333,0,0,0
MRC000489,Fashion,Small,LOC0082,AGT00642,2437,0,0,14,0.0,0.0,0.0,0.0,2.0,830.21,2.0,2.0,5.0,5780.93,5.0,5.0,415.105,0,0,0
MRC000490,Fashion,Small,LOC0032,AGT00595,2026,1,1,44,0.0,0.0,0.0,0.0,0.0,0.0,0.0,0.0,5.0,4183.49,5.0,5.0,0.0,1,0,0
MRC000491,General Retail,Micro,LOC0104,AGT00775,304,0,1,1,4.0,2844.94,4.0,4.0,17.0,14788.58,17.0,14.0,39.0,68446.69,39.0,33.0,869.9164705882353,0,0,0
MRC000492,Fashion,Large,LOC0019,AGT00121,1050,1,0,0,6.0,1374.38,6.0,5.0,13.0,16599.39,13.0,11.0,36.0,47024.78,36.0,32.0,1276.8761538461538,0,0,0
MRC000493,Utility,Micro,LOC0109,AGT00461,308,1,1,0,2.0,1981.2800000000002,2.0,2.0,7.0,10056.09,7.0,7.0,25.0,40462.82,25.0,22.0,1436.5842857142857,0,0,0
MRC000494,Pharmacy,Medium,LOC0087,AGT00305,2195,1,1,2,2.0,1072.5,2.0,2.0,9.0,10446.289999999999,9.0,7.0,25.0,28187.66,25.0,20.0,1160.6988888888889,0,0,0
MRC000495,Restaurant,Small,LOC0029,AGT00467,1695,1,1,2,1.0,991.79,1.0,1.0,6.0,3740.7999999999997,6.0,5.0,18.0,19064.47,18.0,15.0,623.4666666666666,0,0,0
MRC000496,Grocery,Small,LOC0070,AGT00297,765,1,1,5,1.0,187.6,1.0,1.0,5.0,33035.54,5.0,5.0,13.0,39836.97,13.0,13.0,6607.108,0,0,0
MRC000497,Fashion,Small,LOC0113,AGT00322,2120,1,1,15,0.0,0.0,0.0,0.0,2.0,2008.0100000000002,2.0,2.0,8.0,15197.12,8.0,8.0,1004.0050000000001,0,0,0
MRC000498,Transport,Small,LOC0008,AGT00547,1516,1,1,3,7.0,22315.29,7.0,3.0,23.0,44098.86,23.0,14.0,59.0,97069.5,59.0,44.0,1917.341739130435,0,0,0
MRC000499,General Retail,Small,LOC0099,AGT00138,399,1,1,18,0.0,0.0,0.0,0.0,1.0,13826.2,1.0,1.0,8.0,24433.92,8.0,8.0,13826.2,0,0,0
MRC000500,Education,Micro,LOC0056,AGT00583,617,1,1,11,0.0,0.0,0.0,0.0,2.0,1158.06,2.0,1.0,4.0,3308.2000000000003,4.0,3.0,579.03,0,0,0
MRC000501,Transport,Small,LOC0114,AGT00571,2055,0,1,3,1.0,73.08,1.0,1.0,1.0,73.08,1.0,1.0,2.0,1625.31,2.0,2.0,73.08,0,0,0
MRC000502,Grocery,Micro,LOC0026,AGT00618,919,1,1,7,0.0,0.0,0.0,0.0,1.0,391.97,1.0,1.0,3.0,14448.42,3.0,3.0,391.97,0,0,0
MRC000503,Grocery,Small,LOC0087,AGT00305,1433,0,1,0,8.0,17089.46,8.0,6.0,25.0,41981.87,25.0,20.0,68.0,99267.89,68.0,57.0,1679.2748000000001,0,0,0
MRC000504,Utility,Small,LOC0117,AGT00773,2243,1,1,1,1.0,2384.63,1.0,1.0,9.0,10602.93,9.0,8.0,25.0,32748.53,25.0,21.0,1178.1033333333335,0,0,0
MRC000505,Grocery,Medium,LOC0042,AGT00659,918,1,1,30,0.0,0.0,0.0,0.0,0.0,0.0,0.0,0.0,9.0,21835.95,9.0,9.0,0.0,1,0,0
MRC000506,Grocery,Small,LOC0013,AGT00439,312,1,1,1,1.0,518.39,1.0,1.0,4.0,11886.64,4.0,4.0,11.0,17430.5,11.0,11.0,2971.66,0,0,0
MRC000507,General Retail,Micro,LOC0048,AGT00796,470,1,1,84,0.0,0.0,0.0,0.0,0.0,0.0,0.0,0.0,1.0,2201.8,1.0,1.0,0.0,1,1,0
MRC000508,General Retail,Small,LOC0072,AGT00198,2287,1,1,22,0.0,0.0,0.0,0.0,2.0,2918.86,2.0,2.0,3.0,3315.3,3.0,3.0,1459.43,0,0,0
MRC000509,Education,Micro,LOC0076,AGT00332,1597,1,1,122,0.0,0.0,0.0,0.0,0.0,0.0,0.0,0.0,0.0,0.0,0.0,0.0,0.0,1,1,1
MRC000510,Restaurant,Small,LOC0058,AGT00352,1004,1,0,3,1.0,2124.99,1.0,1.0,3.0,3995.24,3.0,3.0,11.0,16726.14,11.0,10.0,1331.7466666666667,0,0,0
MRC000511,General Retail,Small,LOC0112,AGT00587,458,1,1,3,2.0,1971.73,2.0,2.0,5.0,11308.47,5.0,5.0,14.0,23753.03,14.0,10.0,2261.694,0,0,0
MRC000512,Pharmacy,Small,LOC0070,AGT00421,1807,1,0,20,0.0,0.0,0.0,0.0,2.0,2730.59,2.0,2.0,5.0,14759.66,5.0,5.0,1365.295,0,0,0
MRC000513,Fashion,Micro,LOC0077,AGT00611,373,1,1,0,3.0,986.5799999999999,3.0,3.0,18.0,40764.69,18.0,13.0,50.0,110902.14,50.0,39.0,2264.705,0,0,0
MRC000514,Restaurant,Micro,LOC0115,AGT00104,487,1,1,3,1.0,2221.88,1.0,1.0,8.0,32669.27,8.0,8.0,18.0,47462.979999999996,18.0,16.0,4083.65875,0,0,0
MRC000515,General Retail,Small,LOC0113,AGT00322,1584,1,1,227,0.0,0.0,0.0,0.0,0.0,0.0,0.0,0.0,0.0,0.0,0.0,0.0,0.0,1,1,1
MRC000516,General Retail,Micro,LOC0041,AGT00378,1688,0,1,0,7.0,5167.0,7.0,5.0,28.0,26933.850000000002,28.0,21.0,69.0,83511.07,69.0,52.0,961.9232142857144,0,0,0
MRC000517,Transport,Micro,LOC0035,AGT00215,1531,0,1,4,2.0,1212.04,2.0,2.0,3.0,1560.75,3.0,3.0,4.0,2264.1,4.0,4.0,520.25,0,0,0
MRC000518,Grocery,Micro,LOC0090,AGT00073,2274,1,0,3,1.0,1761.11,1.0,1.0,4.0,3905.37,4.0,4.0,11.0,9887.279999999999,11.0,11.0,976.3425,0,0,0
MRC000519,Fashion,Small,LOC0064,AGT00132,875,0,1,1,2.0,2772.73,2.0,1.0,3.0,9098.55,3.0,2.0,12.0,18548.91,12.0,10.0,3032.85,0,0,0
MRC000520,Pharmacy,Micro,LOC0054,AGT00320,1500,1,1,2,1.0,311.41,1.0,1.0,3.0,4004.21,3.0,3.0,8.0,9142.15,8.0,8.0,1334.7366666666667,0,0,0
MRC000521,General Retail,Small,LOC0084,AGT00385,955,1,1,6,1.0,5423.82,1.0,1.0,3.0,7012.2,3.0,3.0,7.0,39112.170000000006,7.0,7.0,2337.4,0,0,0
MRC000522,Grocery,Medium,LOC0080,AGT00262,1078,1,1,12,0.0,0.0,0.0,0.0,3.0,12077.49,3.0,3.0,11.0,25635.760000000002,11.0,10.0,4025.83,0,0,0
MRC000523,Grocery,Small,LOC0110,AGT00287,616,0,1,57,0.0,0.0,0.0,0.0,0.0,0.0,0.0,0.0,2.0,7178.54,2.0,2.0,0.0,1,0,0
MRC000524,Transport,Micro,LOC0044,AGT00615,2020,0,1,0,14.0,24142.73,14.0,6.0,69.0,119682.75,68.0,28.0,166.0,302509.4,165.0,74.0,1734.5326086956522,0,0,0
MRC000525,Fashion,Micro,LOC0091,AGT00522,1824,1,1,1,3.0,1724.19,3.0,3.0,9.0,15199.94,9.0,9.0,31.0,45605.03,31.0,28.0,1688.8822222222223,0,0,0
MRC000526,General Retail,Micro,LOC0028,AGT00489,1844,1,1,19,0.0,0.0,0.0,0.0,3.0,2054.37,3.0,3.0,10.0,10203.2,10.0,10.0,684.79,0,0,0
MRC000527,Grocery,Small,LOC0113,AGT00632,597,1,1,0,5.0,2910.57,5.0,5.0,18.0,17402.12,18.0,15.0,63.0,95395.14,63.0,47.0,966.7844444444444,0,0,0
MRC000528,Utility,Small,LOC0011,AGT00540,544,1,1,15,0.0,0.0,0.0,0.0,1.0,716.49,1.0,1.0,3.0,1790.3000000000002,3.0,3.0,716.49,0,0,0
MRC000529,Grocery,Micro,LOC0091,AGT00169,1995,1,1,4,3.0,1770.93,3.0,2.0,10.0,7883.3,10.0,7.0,24.0,25191.57,24.0,18.0,788.33,0,0,0
MRC000530,Grocery,Micro,LOC0013,AGT00789,1741,1,0,32,0.0,0.0,0.0,0.0,0.0,0.0,0.0,0.0,6.0,6179.35,6.0,4.0,0.0,1,0,0
MRC000531,Fashion,Micro,LOC0106,AGT00478,352,1,1,6,1.0,1382.02,1.0,1.0,5.0,3308.6099999999997,5.0,5.0,15.0,23747.36,15.0,14.0,661.722,0,0,0
MRC000532,Pharmacy,Micro,LOC0116,AGT00317,1739,1,1,0,1.0,88.36,1.0,1.0,3.0,3640.46,3.0,3.0,13.0,21788.41,13.0,11.0,1213.4866666666667,0,0,0
MRC000533,Education,Medium,LOC0099,AGT00462,2428,1,1,148,0.0,0.0,0.0,0.0,0.0,0.0,0.0,0.0,0.0,0.0,0.0,0.0,0.0,1,1,1
MRC000534,Grocery,Micro,LOC0095,AGT00458,1929,1,1,5,1.0,209.62,1.0,1.0,1.0,209.62,1.0,1.0,2.0,4370.92,2.0,2.0,209.62,0,0,0
MRC000535,Grocery,Micro,LOC0058,AGT00413,893,1,1,4,2.0,1752.1,2.0,2.0,12.0,21111.190000000002,12.0,11.0,37.0,63139.43,37.0,30.0,1759.2658333333336,0,0,0
MRC000536,Healthcare,Micro,LOC0030,AGT00427,978,1,1,4,1.0,6004.28,1.0,1.0,2.0,7081.5599999999995,2.0,2.0,6.0,16818.27,6.0,6.0,3540.7799999999997,0,0,0
MRC000537,Pharmacy,Micro,LOC0119,AGT00213,1930,0,1,0,10.0,9433.8,10.0,6.0,29.0,41187.79,29.0,20.0,80.0,106318.28,80.0,53.0,1420.268620689655,0,0,0
MRC000538,Transport,Micro,LOC0064,AGT00767,1163,1,1,3,2.0,2802.91,2.0,1.0,10.0,20333.43,10.0,7.0,33.0,68822.72,33.0,25.0,2033.343,0,0,0
MRC000539,Healthcare,Small,LOC0098,AGT00370,1896,1,1,8,0.0,0.0,0.0,0.0,3.0,2189.65,3.0,3.0,6.0,4159.43,6.0,6.0,729.8833333333333,0,0,0
MRC000540,Grocery,Micro,LOC0086,AGT00527,2384,1,0,22,0.0,0.0,0.0,0.0,2.0,5306.950000000001,2.0,2.0,8.0,13759.390000000001,8.0,8.0,2653.4750000000004,0,0,0
MRC000541,Utility,Micro,LOC0085,AGT00294,1172,1,1,1,5.0,5625.97,5.0,3.0,16.0,29010.73,16.0,11.0,41.0,64745.71,41.0,30.0,1813.170625,0,0,0
MRC000542,Pharmacy,Small,LOC0043,AGT00759,1540,1,0,2,9.0,10754.48,9.0,5.0,28.0,33762.04,28.0,18.0,78.0,103639.75,78.0,57.0,1205.787142857143,0,0,0
MRC000543,Restaurant,Small,LOC0052,AGT00740,1357,1,1,0,1.0,177.33,1.0,1.0,1.0,177.33,1.0,1.0,5.0,9485.68,5.0,5.0,177.33,0,0,0
MRC000544,Grocery,Micro,LOC0053,AGT00252,1398,0,1,3,3.0,2190.87,3.0,3.0,12.0,10720.34,12.0,11.0,41.0,46553.05,41.0,33.0,893.3616666666667,0,0,0
MRC000545,General Retail,Medium,LOC0073,AGT00047,452,1,0,0,4.0,12752.1,4.0,3.0,9.0,28157.43,9.0,8.0,25.0,42695.79,25.0,24.0,3128.6033333333335,0,0,0
MRC000546,Education,Micro,LOC0087,AGT00772,2443,0,0,12,0.0,0.0,0.0,0.0,3.0,6515.08,3.0,2.0,25.0,33926.38,25.0,20.0,2171.693333333333,0,0,0
MRC000547,Electronics,Large,LOC0024,AGT00640,1468,1,1,29,0.0,0.0,0.0,0.0,1.0,283.8,1.0,1.0,7.0,10107.38,7.0,7.0,283.8,0,0,0
MRC000548,General Retail,Medium,LOC0028,AGT00349,788,1,1,6,1.0,1543.94,1.0,1.0,1.0,1543.94,1.0,1.0,3.0,2132.4,3.0,3.0,1543.94,0,0,0
MRC000549,Restaurant,Small,LOC0006,AGT00586,1541,1,1,31,0.0,0.0,0.0,0.0,0.0,0.0,0.0,0.0,1.0,1962.12,1.0,1.0,0.0,1,0,0
MRC000550,General Retail,Micro,LOC0064,AGT00076,1156,1,1,2,1.0,601.06,1.0,1.0,1.0,601.06,1.0,1.0,4.0,3428.0,4.0,3.0,601.06,0,0,0
MRC000551,Healthcare,Medium,LOC0081,AGT00737,2082,1,1,1,3.0,6681.7,3.0,2.0,24.0,30419.54,24.0,14.0,78.0,114149.69,78.0,52.0,1267.4808333333333,0,0,0
MRC000552,General Retail,Micro,LOC0026,AGT00163,1947,1,1,4,1.0,829.01,1.0,1.0,2.0,1773.24,2.0,2.0,10.0,10970.65,10.0,10.0,886.62,0,0,0
MRC000553,General Retail,Micro,LOC0086,AGT00229,1121,0,0,2,1.0,815.15,1.0,1.0,1.0,815.15,1.0,1.0,3.0,1890.97,3.0,3.0,815.15,0,0,0
MRC000554,General Retail,Small,LOC0001,AGT00433,1845,0,1,0,1.0,269.62,1.0,1.0,6.0,4569.63,6.0,6.0,30.0,24813.91,30.0,25.0,761.605,0,0,0
MRC000555,Grocery,Small,LOC0104,AGT00656,359,1,1,5,1.0,123.97,1.0,1.0,3.0,2381.1,3.0,3.0,5.0,5597.93,5.0,5.0,793.6999999999999,0,0,0
MRC000556,Utility,Medium,LOC0083,AGT00310,2399,1,1,42,0.0,0.0,0.0,0.0,0.0,0.0,0.0,0.0,4.0,5158.37,4.0,4.0,0.0,1,0,0
MRC000557,Utility,Small,LOC0082,AGT00459,1403,1,1,2,3.0,5483.26,3.0,3.0,32.0,84686.32,32.0,19.0,104.0,190707.13,104.0,62.0,2646.4475,0,0,0
MRC000558,Transport,Medium,LOC0085,AGT00294,1716,1,1,21,0.0,0.0,0.0,0.0,1.0,900.6,1.0,1.0,1.0,900.6,1.0,1.0,900.6,0,0,0
MRC000559,Pharmacy,Small,LOC0044,AGT00736,1696,1,1,4,2.0,805.89,2.0,1.0,5.0,13012.97,5.0,4.0,11.0,21793.27,11.0,10.0,2602.594,0,0,0
MRC000560,General Retail,Small,LOC0120,AGT00347,971,1,0,16,0.0,0.0,0.0,0.0,2.0,1311.42,2.0,2.0,6.0,6045.73,6.0,6.0,655.71,0,0,0
MRC000561,Pharmacy,Small,LOC0090,AGT00299,1794,0,1,44,0.0,0.0,0.0,0.0,0.0,0.0,0.0,0.0,1.0,568.55,1.0,1.0,0.0,1,0,0
MRC000562,Fashion,Large,LOC0022,AGT00544,1155,1,0,89,0.0,0.0,0.0,0.0,0.0,0.0,0.0,0.0,1.0,357.84,1.0,1.0,0.0,1,1,0
MRC000563,Electronics,Medium,LOC0111,AGT00146,1774,1,0,21,0.0,0.0,0.0,0.0,2.0,1257.47,2.0,2.0,11.0,34342.67,11.0,11.0,628.735,0,0,0
MRC000564,Grocery,Medium,LOC0089,AGT00035,483,1,1,9,0.0,0.0,0.0,0.0,1.0,2330.25,1.0,1.0,6.0,9817.17,6.0,6.0,2330.25,0,0,0
MRC000565,Healthcare,Small,LOC0038,AGT00608,606,1,1,1,1.0,281.05,1.0,1.0,5.0,27442.129999999997,5.0,4.0,18.0,50381.77,18.0,17.0,5488.4259999999995,0,0,0
MRC000566,Grocery,Small,LOC0114,AGT00571,2305,0,1,16,0.0,0.0,0.0,0.0,1.0,3591.87,1.0,1.0,8.0,21507.95,8.0,8.0,3591.87,0,0,0
MRC000567,Transport,Micro,LOC0030,AGT00078,1894,1,1,3,2.0,3254.68,2.0,2.0,3.0,3670.6,3.0,3.0,11.0,16616.3,11.0,11.0,1223.5333333333333,0,0,0
MRC000568,General Retail,Medium,LOC0078,AGT00535,568,1,1,89,0.0,0.0,0.0,0.0,0.0,0.0,0.0,0.0,1.0,121.64,1.0,1.0,0.0,1,1,0
MRC000569,Restaurant,Micro,LOC0081,AGT00790,754,1,1,2,1.0,502.44,1.0,1.0,17.0,29861.97,17.0,13.0,37.0,51479.5,37.0,32.0,1756.5864705882354,0,0,0
MRC000570,Transport,Micro,LOC0116,AGT00537,1479,1,1,7,0.0,0.0,0.0,0.0,7.0,6612.21,7.0,5.0,19.0,22013.65,19.0,14.0,944.6014285714285,0,0,0
MRC000571,Grocery,Small,LOC0069,AGT00373,299,1,1,33,0.0,0.0,0.0,0.0,0.0,0.0,0.0,0.0,3.0,5645.04,3.0,3.0,0.0,1,0,0
MRC000572,General Retail,Small,LOC0120,AGT00436,1164,1,0,63,0.0,0.0,0.0,0.0,0.0,0.0,0.0,0.0,1.0,1722.67,1.0,1.0,0.0,1,1,0
MRC000573,General Retail,Small,LOC0035,AGT00715,1000,1,1,0,1.0,474.86,1.0,1.0,1.0,474.86,1.0,1.0,1.0,474.86,1.0,1.0,474.86,0,0,0
MRC000574,Grocery,Micro,LOC0097,AGT00671,580,0,0,0,3.0,7689.639999999999,3.0,3.0,10.0,18816.62,10.0,8.0,28.0,41108.2,28.0,24.0,1881.6619999999998,0,0,0
MRC000575,Transport,Micro,LOC0030,AGT00427,942,1,1,9,0.0,0.0,0.0,0.0,4.0,21214.36,4.0,4.0,17.0,40150.880000000005,17.0,14.0,5303.59,0,0,0
MRC000576,Electronics,Micro,LOC0120,AGT00791,927,1,1,1,5.0,11062.01,5.0,4.0,10.0,16880.82,10.0,9.0,35.0,41316.16,35.0,30.0,1688.0819999999999,0,0,0
MRC000577,Electronics,Micro,LOC0092,AGT00348,433,1,1,5,1.0,223.65,1.0,1.0,3.0,8477.52,3.0,3.0,11.0,20494.26,11.0,11.0,2825.84,0,0,0
MRC000578,Transport,Micro,LOC0076,AGT00742,1671,1,1,0,3.0,5407.95,3.0,3.0,10.0,18965.18,10.0,9.0,26.0,30726.55,26.0,22.0,1896.518,0,0,0
MRC000579,Fashion,Small,LOC0008,AGT00063,882,1,0,2,2.0,2425.4900000000002,2.0,2.0,13.0,34749.96,13.0,12.0,25.0,45816.52,25.0,24.0,2673.0738461538463,0,0,0
MRC000580,Education,Micro,LOC0060,AGT00712,355,1,1,6,1.0,228.94,1.0,1.0,3.0,1445.67,3.0,2.0,10.0,4362.66,10.0,9.0,481.89000000000004,0,0,0
MRC000581,Pharmacy,Micro,LOC0018,AGT00137,335,1,1,0,1.0,1085.33,1.0,1.0,3.0,16299.27,3.0,3.0,9.0,24954.260000000002,9.0,9.0,5433.09,0,0,0
MRC000582,Restaurant,Micro,LOC0111,AGT00122,2397,1,1,12,0.0,0.0,0.0,0.0,1.0,6136.52,1.0,1.0,3.0,7296.05,3.0,3.0,6136.52,0,0,0
MRC000583,General Retail,Small,LOC0046,AGT00743,545,1,1,1,3.0,1777.3600000000001,3.0,2.0,3.0,1777.3600000000001,3.0,2.0,18.0,49518.64,18.0,16.0,592.4533333333334,0,0,0
MRC000584,Grocery,Medium,LOC0100,AGT00460,2273,0,0,5,2.0,1458.41,2.0,2.0,5.0,12908.01,5.0,5.0,19.0,31240.95,19.0,18.0,2581.602,0,0,0
MRC000585,Education,Micro,LOC0109,AGT00242,651,1,1,7,0.0,0.0,0.0,0.0,1.0,2449.45,1.0,1.0,5.0,7154.65,5.0,5.0,2449.45,0,0,0
MRC000586,Grocery,Micro,LOC0014,AGT00680,471,1,1,10,0.0,0.0,0.0,0.0,4.0,1848.54,4.0,3.0,8.0,25414.27,8.0,7.0,462.135,0,0,0
MRC000587,General Retail,Small,LOC0092,AGT00281,1478,1,0,12,0.0,0.0,0.0,0.0,2.0,1639.27,2.0,2.0,9.0,15185.830000000002,9.0,8.0,819.635,0,0,0
MRC000588,Education,Micro,LOC0037,AGT00641,2184,1,1,6,2.0,1341.47,2.0,1.0,5.0,16191.99,5.0,4.0,19.0,46831.5,19.0,17.0,3238.398,0,0,0
MRC000589,Restaurant,Medium,LOC0014,AGT00418,443,1,1,24,0.0,0.0,0.0,0.0,1.0,397.07,1.0,1.0,2.0,509.85,2.0,2.0,397.07,0,0,0
MRC000590,Pharmacy,Large,LOC0032,AGT00666,1004,1,1,82,0.0,0.0,0.0,0.0,0.0,0.0,0.0,0.0,1.0,460.82,1.0,1.0,0.0,1,1,0
MRC000591,Fashion,Small,LOC0066,AGT00022,1931,1,1,80,0.0,0.0,0.0,0.0,0.0,0.0,0.0,0.0,1.0,1357.7,1.0,1.0,0.0,1,1,0
MRC000592,General Retail,Medium,LOC0103,AGT00686,434,0,1,21,0.0,0.0,0.0,0.0,3.0,5454.32,3.0,3.0,6.0,8939.789999999999,6.0,6.0,1818.1066666666666,0,0,0
MRC000593,Electronics,Small,LOC0083,AGT00310,657,1,1,5,1.0,2887.5,1.0,1.0,5.0,12400.05,5.0,4.0,12.0,24034.18,12.0,10.0,2480.0099999999998,0,0,0
MRC000594,Fashion,Small,LOC0028,AGT00489,955,1,1,14,0.0,0.0,0.0,0.0,2.0,5918.17,2.0,2.0,2.0,5918.17,2.0,2.0,2959.085,0,0,0
MRC000595,Healthcare,Micro,LOC0036,AGT00447,2049,1,1,0,3.0,2286.6800000000003,3.0,3.0,6.0,6054.07,6.0,6.0,19.0,32312.01,19.0,19.0,1009.0116666666667,0,0,0
MRC000596,Restaurant,Micro,LOC0037,AGT00195,2054,1,1,2,3.0,10499.91,3.0,2.0,15.0,30988.32,15.0,12.0,50.0,80131.72,50.0,39.0,2065.888,0,0,0
MRC000597,Fashion,Micro,LOC0089,AGT00034,1837,1,1,5,1.0,141.04,1.0,1.0,9.0,19768.52,9.0,8.0,21.0,36146.060000000005,21.0,19.0,2196.5022222222224,0,0,0
MRC000598,Restaurant,Small,LOC0063,AGT00023,1741,1,1,0,1.0,477.15,1.0,1.0,6.0,9074.15,6.0,6.0,29.0,38604.61,29.0,27.0,1512.3583333333333,0,0,0
MRC000599,Grocery,Small,LOC0003,AGT00264,344,1,1,19,0.0,0.0,0.0,0.0,1.0,7117.29,1.0,1.0,4.0,8161.469999999999,4.0,4.0,7117.29,0,0,0
MRC000600,Healthcare,Micro,LOC0010,AGT00025,808,1,1,0,1.0,591.08,1.0,1.0,2.0,1909.1,2.0,2.0,9.0,15523.78,9.0,8.0,954.55,0,0,0
MRC000601,General Retail,Small,LOC0010,AGT00653,2300,1,1,2,1.0,590.4,1.0,1.0,5.0,3373.7999999999997,5.0,5.0,16.0,24933.079999999998,16.0,15.0,674.76,0,0,0
MRC000602,General Retail,Micro,LOC0116,AGT00291,1858,0,1,7,0.0,0.0,0.0,0.0,3.0,1383.78,3.0,3.0,7.0,7629.21,7.0,7.0,461.26,0,0,0
MRC000603,General Retail,Micro,LOC0061,AGT00771,813,1,1,0,1.0,1169.03,1.0,1.0,3.0,9216.24,3.0,3.0,6.0,10937.15,6.0,6.0,3072.08,0,0,0
MRC000604,Fashion,Micro,LOC0059,AGT00092,1833,1,1,1,7.0,9320.0,7.0,4.0,21.0,27002.65,21.0,13.0,42.0,68951.3,42.0,32.0,1285.8404761904762,0,0,0
MRC000605,Pharmacy,Small,LOC0092,AGT00350,1869,1,1,5,1.0,351.39,1.0,1.0,3.0,1792.71,3.0,3.0,8.0,3122.46,8.0,8.0,597.57,0,0,0
MRC000606,Transport,Small,LOC0023,AGT00134,1910,1,1,1,1.0,423.26,1.0,1.0,5.0,12642.36,5.0,4.0,17.0,52856.22,17.0,15.0,2528.472,0,0,0
MRC000607,General Retail,Small,LOC0004,AGT00503,2428,1,1,87,0.0,0.0,0.0,0.0,0.0,0.0,0.0,0.0,1.0,104.06,1.0,1.0,0.0,1,1,0
MRC000608,Healthcare,Micro,LOC0033,AGT00604,1468,1,1,4,5.0,3644.14,5.0,3.0,20.0,33278.82,20.0,13.0,49.0,74571.95,49.0,37.0,1663.941,0,0,0
MRC000609,Fashion,Small,LOC0026,AGT00163,417,1,1,0,2.0,2297.9700000000003,2.0,2.0,4.0,3971.79,4.0,4.0,4.0,3971.79,4.0,4.0,992.9475,0,0,0
MRC000610,Transport,Large,LOC0096,AGT00154,2076,1,0,1,2.0,2014.54,2.0,2.0,6.0,6080.82,6.0,6.0,19.0,21214.02,19.0,18.0,1013.4699999999999,0,0,0
MRC000611,Utility,Micro,LOC0099,AGT00139,319,0,0,11,0.0,0.0,0.0,0.0,2.0,8036.5599999999995,2.0,2.0,3.0,9196.15,3.0,3.0,4018.2799999999997,0,0,0
MRC000612,General Retail,Small,LOC0077,AGT00611,1688,1,1,6,1.0,316.09,1.0,1.0,2.0,503.96999999999997,2.0,2.0,8.0,10623.25,8.0,7.0,251.98499999999999,0,0,0
MRC000613,Utility,Micro,LOC0110,AGT00338,2027,1,0,5,1.0,222.81,1.0,1.0,4.0,1151.86,4.0,4.0,15.0,42979.33,15.0,15.0,287.965,0,0,0
MRC000614,Fashion,Micro,LOC0056,AGT00756,560,1,1,1,6.0,7615.42,6.0,4.0,27.0,46835.35,27.0,12.0,85.0,166769.24,85.0,47.0,1734.6425925925926,0,0,0
MRC000615,Pharmacy,Small,LOC0029,AGT00467,2029,0,1,60,0.0,0.0,0.0,0.0,0.0,0.0,0.0,0.0,2.0,1494.71,2.0,2.0,0.0,1,1,0
MRC000616,Fashion,Micro,LOC0040,AGT00089,2057,0,1,16,0.0,0.0,0.0,0.0,2.0,1350.72,2.0,2.0,10.0,16074.66,10.0,10.0,675.36,0,0,0
MRC000617,Restaurant,Small,LOC0017,AGT00010,1715,1,1,5,1.0,2804.15,1.0,1.0,3.0,5735.46,3.0,3.0,17.0,32617.690000000002,17.0,17.0,1911.82,0,0,0
MRC000618,General Retail,Medium,LOC0109,AGT00242,994,1,1,5,1.0,526.87,1.0,1.0,1.0,526.87,1.0,1.0,3.0,1618.9,3.0,3.0,526.87,0,0,0
MRC000619,Electronics,Micro,LOC0073,AGT00047,728,0,1,7,0.0,0.0,0.0,0.0,1.0,161.32,1.0,1.0,2.0,6644.07,2.0,2.0,161.32,0,0,0
MRC000620,Fashion,Micro,LOC0093,AGT00386,1827,0,1,25,0.0,0.0,0.0,0.0,1.0,289.45,1.0,1.0,2.0,696.3499999999999,2.0,2.0,289.45,0,0,0
MRC000621,Restaurant,Medium,LOC0034,AGT00091,630,0,1,3,1.0,1028.95,1.0,1.0,7.0,17444.94,7.0,6.0,26.0,63334.54,26.0,22.0,2492.1342857142854,0,0,0
MRC000622,Transport,Small,LOC0087,AGT00772,1762,1,1,0,5.0,7474.01,5.0,4.0,23.0,39184.92,23.0,17.0,65.0,127631.65,65.0,46.0,1703.6921739130435,0,0,0
MRC000623,Electronics,Medium,LOC0040,AGT00325,657,1,1,5,1.0,5077.75,1.0,1.0,1.0,5077.75,1.0,1.0,2.0,6491.63,2.0,2.0,5077.75,0,0,0
MRC000624,Grocery,Micro,LOC0054,AGT00556,1020,1,1,6,1.0,717.77,1.0,1.0,3.0,3603.13,3.0,3.0,5.0,4502.74,5.0,5.0,1201.0433333333333,0,0,0
MRC000625,General Retail,Small,LOC0079,AGT00725,1393,1,1,3,3.0,1695.01,3.0,2.0,14.0,10051.04,14.0,9.0,44.0,50970.49,44.0,33.0,717.9314285714287,0,0,0
MRC000626,Restaurant,Medium,LOC0118,AGT00004,640,1,1,9,0.0,0.0,0.0,0.0,2.0,12451.869999999999,2.0,2.0,7.0,14923.41,7.0,7.0,6225.9349999999995,0,0,0
MRC000627,Fashion,Micro,LOC0067,AGT00205,2023,1,1,9,0.0,0.0,0.0,0.0,1.0,345.32,1.0,1.0,6.0,8460.17,6.0,6.0,345.32,0,0,0
MRC000628,Pharmacy,Medium,LOC0086,AGT00527,1805,1,1,4,2.0,5248.73,2.0,2.0,10.0,15975.67,10.0,9.0,29.0,40801.86,29.0,27.0,1597.567,0,0,0
MRC000629,Electronics,Small,LOC0072,AGT00788,322,1,0,1,3.0,4181.71,3.0,2.0,13.0,22736.97,13.0,9.0,34.0,60747.18,34.0,25.0,1748.9976923076924,0,0,0
MRC000630,Transport,Medium,LOC0051,AGT00650,2142,1,1,2,2.0,2730.08,2.0,2.0,10.0,15622.3,10.0,8.0,31.0,37481.5,31.0,24.0,1562.23,0,0,0
MRC000631,General Retail,Micro,LOC0112,AGT00402,1853,1,1,28,0.0,0.0,0.0,0.0,1.0,2714.31,1.0,1.0,2.0,2908.54,2.0,2.0,2714.31,0,0,0
MRC000632,Grocery,Small,LOC0116,AGT00291,2118,1,0,3,1.0,1815.46,1.0,1.0,1.0,1815.46,1.0,1.0,3.0,5050.33,3.0,3.0,1815.46,0,0,0
MRC000633,General Retail,Micro,LOC0038,AGT00608,1601,1,1,8,0.0,0.0,0.0,0.0,10.0,16571.94,10.0,8.0,36.0,40530.79,36.0,29.0,1657.194,0,0,0
MRC000634,Transport,Large,LOC0108,AGT00474,1655,0,1,4,2.0,2733.23,2.0,2.0,4.0,3793.65,4.0,4.0,15.0,34190.72,15.0,14.0,948.4125,0,0,0
MRC000635,Pharmacy,Micro,LOC0055,AGT00178,1125,1,1,1,2.0,1509.69,2.0,2.0,3.0,1874.88,3.0,3.0,5.0,4351.9800000000005,5.0,5.0,624.96,0,0,0
MRC000636,Pharmacy,Micro,LOC0089,AGT00231,783,1,1,10,0.0,0.0,0.0,0.0,3.0,2995.34,3.0,3.0,5.0,6175.049999999999,5.0,5.0,998.4466666666667,0,0,0
MRC000637,Restaurant,Medium,LOC0063,AGT00651,801,1,1,1,2.0,2351.96,2.0,2.0,9.0,16239.390000000001,9.0,9.0,22.0,36415.71,22.0,21.0,1804.3766666666668,0,0,0
MRC000638,General Retail,Micro,LOC0093,AGT00295,977,0,1,5,2.0,11999.029999999999,2.0,2.0,11.0,21428.08,11.0,10.0,31.0,75389.70999999999,31.0,28.0,1948.007272727273,0,0,0
MRC000639,Restaurant,Small,LOC0105,AGT00117,922,1,1,8,0.0,0.0,0.0,0.0,2.0,5604.42,2.0,2.0,7.0,10888.6,7.0,7.0,2802.21,0,0,0
MRC000640,Fashion,Micro,LOC0051,AGT00669,1935,1,1,5,1.0,682.46,1.0,1.0,2.0,2212.1000000000004,2.0,2.0,4.0,5206.58,4.0,4.0,1106.0500000000002,0,0,0
MRC000641,Transport,Small,LOC0085,AGT00329,1432,1,1,5,1.0,5664.36,1.0,1.0,3.0,7750.709999999999,3.0,3.0,10.0,33397.03,10.0,10.0,2583.5699999999997,0,0,0
MRC000642,General Retail,Micro,LOC0061,AGT00425,1184,1,1,1,4.0,8301.720000000001,4.0,2.0,12.0,35300.32,12.0,10.0,38.0,64438.729999999996,38.0,34.0,2941.693333333333,0,0,0
MRC000643,Transport,Small,LOC0096,AGT00179,1871,1,1,0,7.0,13458.77,7.0,5.0,17.0,22064.04,17.0,13.0,37.0,68239.75,37.0,32.0,1297.884705882353,0,0,0
MRC000644,Healthcare,Small,LOC0023,AGT00559,1887,0,1,10,0.0,0.0,0.0,0.0,6.0,6242.78,6.0,6.0,11.0,11693.65,11.0,11.0,1040.4633333333334,0,0,0
MRC000645,Grocery,Micro,LOC0088,AGT00192,2329,1,1,15,0.0,0.0,0.0,0.0,1.0,404.66,1.0,1.0,5.0,5501.620000000001,5.0,4.0,404.66,0,0,0
MRC000646,General Retail,Micro,LOC0072,AGT00788,963,1,1,2,3.0,3017.0,3.0,2.0,9.0,14158.06,9.0,8.0,25.0,69606.66,25.0,22.0,1573.1177777777777,0,0,0
MRC000647,Pharmacy,Micro,LOC0055,AGT00379,818,1,1,2,4.0,4699.95,4.0,3.0,20.0,40084.93,20.0,15.0,57.0,88422.54000000001,57.0,44.0,2004.2465,0,0,0
MRC000648,Grocery,Small,LOC0045,AGT00038,300,1,1,39,0.0,0.0,0.0,0.0,0.0,0.0,0.0,0.0,2.0,2597.99,2.0,2.0,0.0,1,0,0
MRC000649,General Retail,Micro,LOC0085,AGT00315,636,1,1,26,0.0,0.0,0.0,0.0,1.0,1436.78,1.0,1.0,7.0,11275.26,7.0,7.0,1436.78,0,0,0
MRC000650,Pharmacy,Micro,LOC0042,AGT00659,1605,0,1,4,2.0,20930.69,2.0,2.0,12.0,41604.76,12.0,10.0,27.0,63224.54,27.0,24.0,3467.0633333333335,0,0,0
MRC000651,Grocery,Micro,LOC0004,AGT00673,2055,1,1,3,1.0,346.56,1.0,1.0,5.0,2116.08,5.0,5.0,10.0,10269.12,10.0,10.0,423.216,0,0,0
MRC000652,Education,Small,LOC0114,AGT00228,1600,1,1,20,0.0,0.0,0.0,0.0,3.0,6028.16,3.0,3.0,7.0,7905.2300000000005,7.0,6.0,2009.3866666666665,0,0,0
MRC000653,Restaurant,Small,LOC0054,AGT00695,2453,0,1,25,0.0,0.0,0.0,0.0,2.0,1722.76,2.0,2.0,4.0,2495.8999999999996,4.0,4.0,861.38,0,0,0
MRC000654,Grocery,Small,LOC0020,AGT00082,1658,0,1,4,2.0,1995.18,2.0,2.0,4.0,2927.2200000000003,4.0,4.0,12.0,11562.79,12.0,11.0,731.8050000000001,0,0,0
MRC000655,Education,Medium,LOC0028,AGT00349,2215,1,1,32,0.0,0.0,0.0,0.0,0.0,0.0,0.0,0.0,4.0,6872.23,4.0,4.0,0.0,1,0,0
MRC000656,Healthcare,Small,LOC0100,AGT00161,872,0,1,3,1.0,165.54,1.0,1.0,1.0,165.54,1.0,1.0,9.0,7852.83,9.0,9.0,165.54,0,0,0
MRC000657,Utility,Medium,LOC0040,AGT00243,994,0,1,11,0.0,0.0,0.0,0.0,2.0,3599.05,2.0,2.0,11.0,10960.36,11.0,11.0,1799.525,0,0,0
MRC000658,Grocery,Small,LOC0034,AGT00485,2059,1,1,15,0.0,0.0,0.0,0.0,1.0,997.05,1.0,1.0,4.0,6582.91,4.0,4.0,997.05,0,0,0
MRC000659,Electronics,Micro,LOC0059,AGT00472,1731,1,1,12,0.0,0.0,0.0,0.0,1.0,7147.49,1.0,1.0,1.0,7147.49,1.0,1.0,7147.49,0,0,0
MRC000660,Utility,Large,LOC0004,AGT00733,1352,0,1,3,1.0,1461.78,1.0,1.0,6.0,8962.91,6.0,6.0,15.0,27891.89,15.0,15.0,1493.8183333333334,0,0,0
MRC000661,Grocery,Small,LOC0068,AGT00149,2375,1,1,12,0.0,0.0,0.0,0.0,2.0,972.81,2.0,2.0,7.0,4446.75,7.0,7.0,486.405,0,0,0
MRC000662,Pharmacy,Small,LOC0005,AGT00212,1952,1,1,1,2.0,6459.75,2.0,2.0,8.0,11903.95,8.0,6.0,17.0,23733.43,17.0,14.0,1487.99375,0,0,0
MRC000663,Grocery,Micro,LOC0101,AGT00039,932,1,1,29,0.0,0.0,0.0,0.0,1.0,2954.9,1.0,1.0,3.0,15986.990000000002,3.0,3.0,2954.9,0,0,0
MRC000664,Electronics,Micro,LOC0052,AGT00015,1622,1,1,8,0.0,0.0,0.0,0.0,3.0,3671.5299999999997,3.0,3.0,12.0,14289.47,12.0,10.0,1223.8433333333332,0,0,0
MRC000665,Grocery,Small,LOC0027,AGT00473,1152,0,1,1,1.0,95.42,1.0,1.0,2.0,344.86,2.0,2.0,3.0,1480.33,3.0,3.0,172.43,0,0,0
MRC000666,Healthcare,Small,LOC0055,AGT00752,1196,0,1,7,0.0,0.0,0.0,0.0,1.0,70.77,1.0,1.0,4.0,5869.56,4.0,4.0,70.77,0,0,0
MRC000667,General Retail,Small,LOC0022,AGT00206,2046,1,1,0,4.0,6921.779999999999,4.0,4.0,12.0,33077.11,12.0,10.0,32.0,55239.07,32.0,27.0,2756.4258333333332,0,0,0
MRC000668,Pharmacy,Micro,LOC0039,AGT00466,1771,1,1,2,1.0,778.03,1.0,1.0,4.0,12513.160000000002,4.0,4.0,7.0,14397.43,7.0,7.0,3128.2900000000004,0,0,0
MRC000669,Transport,Small,LOC0016,AGT00724,313,1,1,53,0.0,0.0,0.0,0.0,0.0,0.0,0.0,0.0,3.0,10172.07,3.0,3.0,0.0,1,0,0
MRC000670,Pharmacy,Micro,LOC0081,AGT00258,1543,1,1,43,0.0,0.0,0.0,0.0,0.0,0.0,0.0,0.0,4.0,4422.1900000000005,4.0,4.0,0.0,1,0,0
MRC000671,Grocery,Micro,LOC0118,AGT00404,1700,1,1,2,2.0,3868.44,2.0,2.0,5.0,12550.19,5.0,5.0,13.0,24888.05,13.0,13.0,2510.038,0,0,0
MRC000672,Healthcare,Micro,LOC0059,AGT00330,1402,1,1,4,2.0,4953.49,2.0,2.0,5.0,11533.8,5.0,5.0,10.0,16163.86,10.0,10.0,2306.7599999999998,0,0,0
MRC000673,Fashion,Medium,LOC0012,AGT00016,942,1,1,1,3.0,9523.35,3.0,3.0,10.0,19247.11,10.0,10.0,31.0,48021.92,31.0,28.0,1924.711,0,0,0
MRC000674,General Retail,Small,LOC0009,AGT00127,1704,1,1,14,0.0,0.0,0.0,0.0,2.0,4567.42,2.0,2.0,4.0,5355.91,4.0,4.0,2283.71,0,0,0
MRC000675,Electronics,Medium,LOC0100,AGT00161,2357,1,1,1,1.0,855.61,1.0,1.0,2.0,2155.75,2.0,2.0,6.0,4039.13,6.0,6.0,1077.875,0,0,0
MRC000676,Grocery,Small,LOC0042,AGT00248,474,1,1,4,1.0,186.57,1.0,1.0,2.0,2401.65,2.0,2.0,6.0,5335.87,6.0,6.0,1200.825,0,0,0
MRC000677,Fashion,Small,LOC0036,AGT00036,1604,1,1,3,2.0,1529.21,2.0,2.0,5.0,4178.32,5.0,5.0,7.0,7426.84,7.0,7.0,835.664,0,0,0
MRC000678,Pharmacy,Small,LOC0013,AGT00649,2275,1,1,20,0.0,0.0,0.0,0.0,2.0,697.92,2.0,2.0,5.0,4411.2,5.0,5.0,348.96,0,0,0
MRC000679,General Retail,Medium,LOC0080,AGT00224,1162,1,1,0,5.0,23255.38,5.0,5.0,17.0,39445.59,17.0,13.0,43.0,67554.91,43.0,35.0,2320.3288235294117,0,0,0
MRC000680,Transport,Medium,LOC0008,AGT00614,1019,1,0,1,2.0,7262.33,2.0,2.0,4.0,10172.79,4.0,4.0,7.0,12001.68,7.0,7.0,2543.1975,0,0,0
MRC000681,Restaurant,Small,LOC0109,AGT00242,828,1,0,13,0.0,0.0,0.0,0.0,10.0,5258.96,10.0,8.0,25.0,22607.5,25.0,23.0,525.896,0,0,0
MRC000682,Electronics,Micro,LOC0025,AGT00648,777,1,1,3,2.0,1321.3,2.0,2.0,3.0,3885.88,3.0,3.0,6.0,11546.83,6.0,5.0,1295.2933333333333,0,0,0
MRC000683,Transport,Small,LOC0009,AGT00199,1141,1,1,15,0.0,0.0,0.0,0.0,4.0,4793.62,4.0,4.0,10.0,11784.14,10.0,10.0,1198.405,0,0,0
MRC000684,Utility,Micro,LOC0085,AGT00315,1973,1,1,2,1.0,2367.16,1.0,1.0,2.0,3067.72,2.0,2.0,3.0,4928.08,3.0,3.0,1533.86,0,0,0
MRC000685,Grocery,Micro,LOC0043,AGT00759,684,1,1,0,1.0,366.59,1.0,1.0,4.0,10436.119999999999,4.0,4.0,10.0,13837.949999999999,10.0,10.0,2609.0299999999997,0,0,0
MRC000686,Grocery,Small,LOC0084,AGT00675,792,1,1,0,4.0,5737.03,4.0,2.0,20.0,22470.39,20.0,15.0,98.0,151313.4,98.0,55.0,1123.5194999999999,0,0,0
MRC000687,Grocery,Medium,LOC0005,AGT00377,2469,0,1,0,8.0,10964.96,8.0,5.0,25.0,44553.98,25.0,18.0,49.0,85829.45,49.0,35.0,1782.1592,0,0,0
MRC000688,Restaurant,Micro,LOC0104,AGT00656,2462,1,1,2,2.0,1692.1,2.0,2.0,6.0,7746.57,6.0,6.0,19.0,34861.73,19.0,17.0,1291.095,0,0,0
MRC000689,Fashion,Micro,LOC0038,AGT00608,782,1,1,10,0.0,0.0,0.0,0.0,4.0,3630.83,4.0,3.0,8.0,14217.1,8.0,6.0,907.7075,0,0,0
MRC000690,Grocery,Medium,LOC0091,AGT00688,1205,0,1,6,1.0,1738.35,1.0,1.0,1.0,1738.35,1.0,1.0,2.0,4085.27,2.0,2.0,1738.35,0,0,0
MRC000691,Restaurant,Micro,LOC0113,AGT00407,1168,1,1,4,2.0,1664.11,2.0,2.0,3.0,1875.09,3.0,3.0,6.0,3784.31,6.0,6.0,625.03,0,0,0
MRC000692,Fashion,Micro,LOC0065,AGT00075,935,1,1,1,2.0,11991.54,2.0,2.0,5.0,15943.619999999999,5.0,5.0,10.0,21160.69,10.0,10.0,3188.7239999999997,0,0,0
MRC000693,Grocery,Small,LOC0041,AGT00148,620,0,1,2,2.0,1820.06,2.0,2.0,6.0,6517.62,6.0,5.0,11.0,13104.17,11.0,10.0,1086.27,0,0,0
MRC000694,General Retail,Medium,LOC0038,AGT00529,422,1,1,2,1.0,339.46,1.0,1.0,1.0,339.46,1.0,1.0,5.0,5510.15,5.0,5.0,339.46,0,0,0
MRC000695,Education,Small,LOC0083,AGT00430,1628,1,1,0,5.0,20329.54,5.0,4.0,10.0,26024.13,10.0,9.0,16.0,42989.06,16.0,15.0,2602.413,0,0,0
MRC000696,Restaurant,Small,LOC0001,AGT00376,378,1,1,33,0.0,0.0,0.0,0.0,0.0,0.0,0.0,0.0,2.0,2243.7200000000003,2.0,2.0,0.0,1,0,0
MRC000697,Electronics,Micro,LOC0018,AGT00504,1643,1,0,3,1.0,137.79,1.0,1.0,6.0,7838.97,6.0,6.0,17.0,13219.59,17.0,17.0,1306.4950000000001,0,0,0
MRC000698,Restaurant,Micro,LOC0078,AGT00246,494,0,1,6,1.0,2610.06,1.0,1.0,2.0,3417.59,2.0,2.0,7.0,9344.95,7.0,7.0,1708.795,0,0,0
MRC000699,General Retail,Small,LOC0004,AGT00503,624,1,1,34,0.0,0.0,0.0,0.0,0.0,0.0,0.0,0.0,5.0,12663.42,5.0,5.0,0.0,1,0,0
MRC000700,Education,Medium,LOC0035,AGT00572,297,1,0,0,6.0,8571.63,6.0,4.0,15.0,31406.96,15.0,9.0,49.0,105071.78,49.0,36.0,2093.7973333333334,0,0,0
MRC000701,Fashion,Micro,LOC0078,AGT00246,1156,0,1,6,1.0,321.04,1.0,1.0,7.0,6853.53,7.0,6.0,21.0,29952.370000000003,21.0,19.0,979.0757142857143,0,0,0
MRC000702,General Retail,Micro,LOC0031,AGT00362,1001,1,1,4,1.0,5657.28,1.0,1.0,2.0,6673.2699999999995,2.0,2.0,3.0,8220.689999999999,3.0,3.0,3336.6349999999998,0,0,0
MRC000703,General Retail,Micro,LOC0112,AGT00744,1012,0,1,10,0.0,0.0,0.0,0.0,5.0,9426.929999999998,5.0,5.0,17.0,22915.92,17.0,16.0,1885.3859999999997,0,0,0
MRC000704,Utility,Micro,LOC0117,AGT00753,965,1,0,90,0.0,0.0,0.0,0.0,0.0,0.0,0.0,0.0,0.0,0.0,0.0,0.0,0.0,1,1,1
MRC000705,Pharmacy,Micro,LOC0005,AGT00496,2337,1,1,75,0.0,0.0,0.0,0.0,0.0,0.0,0.0,0.0,1.0,457.58,1.0,1.0,0.0,1,1,0
MRC000706,Grocery,Micro,LOC0021,AGT00471,1226,1,1,6,1.0,175.96,1.0,1.0,8.0,12872.44,8.0,7.0,26.0,37447.07,26.0,24.0,1609.055,0,0,0
MRC000707,Transport,Small,LOC0109,AGT00461,2055,0,1,1,3.0,1736.27,3.0,3.0,9.0,6108.89,9.0,8.0,21.0,25891.95,21.0,19.0,678.7655555555556,0,0,0
MRC000708,Fashion,Micro,LOC0004,AGT00643,795,1,1,0,2.0,2596.79,2.0,2.0,7.0,5030.41,7.0,7.0,12.0,11238.43,12.0,12.0,718.63,0,0,0
MRC000709,Transport,Small,LOC0059,AGT00590,1342,1,1,1,5.0,8900.75,5.0,4.0,9.0,19099.7,9.0,8.0,26.0,37604.54,26.0,23.0,2122.188888888889,0,0,0
MRC000710,Utility,Small,LOC0114,AGT00702,424,1,1,1,3.0,4120.6,3.0,3.0,8.0,17484.93,8.0,6.0,17.0,29347.13,17.0,14.0,2185.61625,0,0,0
MRC000711,Restaurant,Medium,LOC0071,AGT00409,852,0,1,12,0.0,0.0,0.0,0.0,1.0,256.8,1.0,1.0,9.0,12995.99,9.0,9.0,256.8,0,0,0
MRC000712,Pharmacy,Large,LOC0037,AGT00483,442,0,1,5,2.0,1585.27,2.0,2.0,12.0,16513.45,12.0,11.0,29.0,29149.059999999998,29.0,28.0,1376.1208333333334,0,0,0
MRC000713,Fashion,Micro,LOC0001,AGT00376,332,1,1,6,1.0,1333.0,1.0,1.0,2.0,1476.18,2.0,2.0,3.0,2071.77,3.0,3.0,738.09,0,0,0
MRC000714,Pharmacy,Micro,LOC0048,AGT00720,684,1,0,41,0.0,0.0,0.0,0.0,0.0,0.0,0.0,0.0,5.0,4398.87,5.0,5.0,0.0,1,0,0
MRC000715,Transport,Small,LOC0066,AGT00311,634,1,1,15,0.0,0.0,0.0,0.0,2.0,1759.8400000000001,2.0,2.0,9.0,12160.65,9.0,9.0,879.9200000000001,0,0,0
MRC000716,Healthcare,Micro,LOC0010,AGT00653,978,1,1,4,2.0,16488.010000000002,2.0,2.0,6.0,25698.37,6.0,5.0,16.0,31724.86,16.0,13.0,4283.0616666666665,0,0,0
MRC000717,Fashion,Micro,LOC0064,AGT00131,1911,1,1,3,2.0,1517.45,2.0,1.0,3.0,4079.3900000000003,3.0,2.0,7.0,16237.92,7.0,6.0,1359.7966666666669,0,0,0
MRC000718,Healthcare,Micro,LOC0049,AGT00040,610,1,1,25,0.0,0.0,0.0,0.0,1.0,2739.89,1.0,1.0,2.0,4167.08,2.0,2.0,2739.89,0,0,0
MRC000719,Electronics,Medium,LOC0040,AGT00481,1621,1,1,68,0.0,0.0,0.0,0.0,0.0,0.0,0.0,0.0,1.0,18.13,1.0,1.0,0.0,1,1,0
MRC000720,Healthcare,Micro,LOC0117,AGT00785,1084,0,1,0,1.0,449.95,1.0,1.0,2.0,1435.52,2.0,2.0,8.0,14724.58,8.0,8.0,717.76,0,0,0
MRC000721,Pharmacy,Small,LOC0108,AGT00620,1167,0,1,11,0.0,0.0,0.0,0.0,2.0,1249.66,2.0,2.0,7.0,4213.6,7.0,7.0,624.83,0,0,0
MRC000722,Healthcare,Small,LOC0084,AGT00355,2302,1,1,67,0.0,0.0,0.0,0.0,0.0,0.0,0.0,0.0,3.0,5604.84,3.0,3.0,0.0,1,1,0
MRC000723,Healthcare,Small,LOC0071,AGT00722,1302,1,1,22,0.0,0.0,0.0,0.0,1.0,399.32,1.0,1.0,4.0,2742.5499999999997,4.0,4.0,399.32,0,0,0
MRC000724,Pharmacy,Micro,LOC0057,AGT00637,858,1,1,0,2.0,1925.02,2.0,2.0,5.0,6228.639999999999,5.0,5.0,11.0,17273.16,11.0,11.0,1245.7279999999998,0,0,0
MRC000725,Electronics,Medium,LOC0009,AGT00199,807,0,1,6,1.0,4029.5,1.0,1.0,12.0,14934.84,12.0,11.0,43.0,86790.79,43.0,35.0,1244.57,0,0,0
MRC000726,General Retail,Small,LOC0037,AGT00769,654,0,1,2,1.0,1325.07,1.0,1.0,3.0,17260.2,3.0,3.0,12.0,30758.57,12.0,10.0,5753.400000000001,0,0,0
MRC000727,Pharmacy,Small,LOC0002,AGT00617,2039,1,1,3,3.0,8226.24,3.0,3.0,8.0,20470.44,8.0,8.0,33.0,50964.9,33.0,30.0,2558.805,0,0,0
MRC000728,Healthcare,Micro,LOC0044,AGT00615,1739,1,1,20,0.0,0.0,0.0,0.0,1.0,382.02,1.0,1.0,7.0,9971.4,7.0,7.0,382.02,0,0,0
MRC000729,General Retail,Medium,LOC0057,AGT00569,872,1,0,9,0.0,0.0,0.0,0.0,6.0,6128.96,6.0,5.0,16.0,12055.61,16.0,13.0,1021.4933333333333,0,0,0
MRC000730,General Retail,Small,LOC0074,AGT00003,1359,0,1,0,6.0,10522.150000000001,6.0,4.0,22.0,48196.78,22.0,17.0,46.0,86167.32,46.0,36.0,2190.7627272727273,0,0,0
MRC000731,Restaurant,Small,LOC0043,AGT00456,1391,1,0,54,0.0,0.0,0.0,0.0,0.0,0.0,0.0,0.0,4.0,6222.98,4.0,4.0,0.0,1,0,0
MRC000732,Education,Micro,LOC0031,AGT00116,390,1,1,7,0.0,0.0,0.0,0.0,3.0,5623.19,3.0,3.0,6.0,10709.99,6.0,6.0,1874.3966666666665,0,0,0
MRC000733,General Retail,Micro,LOC0086,AGT00229,2272,1,1,29,0.0,0.0,0.0,0.0,1.0,778.63,1.0,1.0,8.0,6714.59,8.0,7.0,778.63,0,0,0
MRC000734,Education,Micro,LOC0019,AGT00396,2008,1,1,0,1.0,437.12,1.0,1.0,8.0,8475.73,8.0,7.0,22.0,26300.399999999998,22.0,19.0,1059.46625,0,0,0
MRC000735,Grocery,Micro,LOC0016,AGT00724,1456,1,1,0,2.0,6815.84,2.0,2.0,7.0,8952.87,7.0,6.0,19.0,19233.33,19.0,18.0,1278.9814285714288,0,0,0
MRC000736,Grocery,Micro,LOC0084,AGT00549,1850,0,1,7,0.0,0.0,0.0,0.0,4.0,7946.32,4.0,4.0,12.0,15066.65,12.0,11.0,1986.58,0,0,0
MRC000737,Utility,Micro,LOC0071,AGT00364,525,1,1,15,0.0,0.0,0.0,0.0,2.0,3358.51,2.0,2.0,4.0,4103.200000000001,4.0,3.0,1679.255,0,0,0
MRC000738,Fashion,Medium,LOC0105,AGT00072,2422,0,1,18,0.0,0.0,0.0,0.0,1.0,1922.41,1.0,1.0,2.0,2708.07,2.0,2.0,1922.41,0,0,0
MRC000739,Pharmacy,Small,LOC0089,AGT00518,1686,1,1,25,0.0,0.0,0.0,0.0,1.0,2087.72,1.0,1.0,10.0,9063.21,10.0,10.0,2087.72,0,0,0
MRC000740,Restaurant,Medium,LOC0109,AGT00461,2337,0,1,1,1.0,2227.39,1.0,1.0,2.0,2957.5699999999997,2.0,2.0,10.0,12868.01,10.0,10.0,1478.7849999999999,0,0,0
MRC000741,Healthcare,Small,LOC0080,AGT00133,2175,1,1,11,0.0,0.0,0.0,0.0,3.0,6689.15,3.0,3.0,8.0,10779.86,8.0,8.0,2229.7166666666667,0,0,0
MRC000742,Fashion,Small,LOC0101,AGT00143,1563,1,1,6,1.0,2194.12,1.0,1.0,7.0,16661.34,7.0,7.0,10.0,17571.66,10.0,9.0,2380.191428571429,0,0,0
MRC000743,General Retail,Micro,LOC0021,AGT00277,917,1,1,1,3.0,4707.58,3.0,2.0,15.0,23068.64,15.0,12.0,39.0,46650.05,39.0,34.0,1537.9093333333333,0,0,0
MRC000744,Healthcare,Small,LOC0064,AGT00222,1785,1,1,12,0.0,0.0,0.0,0.0,1.0,184.0,1.0,1.0,2.0,537.63,2.0,2.0,184.0,0,0,0
MRC000745,General Retail,Micro,LOC0114,AGT00228,1406,1,1,26,0.0,0.0,0.0,0.0,1.0,706.01,1.0,1.0,2.0,4018.74,2.0,2.0,706.01,0,0,0
MRC000746,General Retail,Small,LOC0095,AGT00183,1181,1,0,36,0.0,0.0,0.0,0.0,0.0,0.0,0.0,0.0,3.0,5504.75,3.0,3.0,0.0,1,0,0
MRC000747,Pharmacy,Medium,LOC0049,AGT00399,1841,1,1,14,0.0,0.0,0.0,0.0,4.0,7151.900000000001,4.0,4.0,6.0,19842.09,6.0,6.0,1787.9750000000001,0,0,0
MRC000748,Transport,Medium,LOC0112,AGT00402,2228,1,1,0,3.0,10296.23,3.0,3.0,12.0,21329.96,12.0,9.0,33.0,60557.85,33.0,26.0,1777.4966666666667,0,0,0
MRC000749,Grocery,Micro,LOC0038,AGT00341,661,0,1,23,0.0,0.0,0.0,0.0,1.0,2913.58,1.0,1.0,2.0,4245.47,2.0,2.0,2913.58,0,0,0
MRC000750,General Retail,Small,LOC0003,AGT00264,1494,1,0,1,1.0,388.76,1.0,1.0,1.0,388.76,1.0,1.0,5.0,14294.67,5.0,5.0,388.76,0,0,0
MRC000751,Pharmacy,Micro,LOC0096,AGT00731,1987,0,0,14,0.0,0.0,0.0,0.0,4.0,10562.8,4.0,3.0,15.0,30631.27,15.0,13.0,2640.7,0,0,0
MRC000752,Transport,Micro,LOC0050,AGT00738,998,1,1,1,3.0,3997.92,3.0,3.0,10.0,11636.14,10.0,10.0,24.0,39178.87,24.0,24.0,1163.614,0,0,0
MRC000753,General Retail,Micro,LOC0005,AGT00377,1034,1,1,43,0.0,0.0,0.0,0.0,0.0,0.0,0.0,0.0,3.0,9573.51,3.0,3.0,0.0,1,0,0
MRC000754,Grocery,Micro,LOC0025,AGT00648,307,1,1,74,0.0,0.0,0.0,0.0,0.0,0.0,0.0,0.0,1.0,890.15,1.0,1.0,0.0,1,1,0
MRC000755,General Retail,Small,LOC0009,AGT00765,992,0,1,54,0.0,0.0,0.0,0.0,0.0,0.0,0.0,0.0,1.0,2003.3,1.0,1.0,0.0,1,0,0
MRC000756,Grocery,Micro,LOC0120,AGT00347,1568,1,1,2,2.0,619.89,2.0,2.0,5.0,3469.11,5.0,5.0,13.0,13019.91,13.0,13.0,693.822,0,0,0
MRC000757,Fashion,Micro,LOC0102,AGT00210,2409,1,1,12,0.0,0.0,0.0,0.0,5.0,4231.55,5.0,5.0,10.0,9595.94,10.0,10.0,846.3100000000001,0,0,0
MRC000758,Fashion,Large,LOC0112,AGT00151,1435,1,1,24,0.0,0.0,0.0,0.0,1.0,1068.27,1.0,1.0,3.0,5472.030000000001,3.0,3.0,1068.27,0,0,0
MRC000759,Restaurant,Small,LOC0022,AGT00449,922,1,1,1,3.0,4473.51,3.0,3.0,12.0,12464.029999999999,12.0,12.0,28.0,59182.86,28.0,27.0,1038.6691666666666,0,0,0
MRC000760,Education,Small,LOC0097,AGT00745,2060,1,1,7,0.0,0.0,0.0,0.0,4.0,5759.44,4.0,4.0,10.0,9558.45,10.0,10.0,1439.86,0,0,0
MRC000761,General Retail,Small,LOC0068,AGT00149,697,1,1,24,0.0,0.0,0.0,0.0,2.0,1914.05,2.0,2.0,9.0,5201.83,9.0,9.0,957.025,0,0,0
MRC000762,Restaurant,Small,LOC0036,AGT00429,695,1,1,32,0.0,0.0,0.0,0.0,0.0,0.0,0.0,0.0,2.0,3806.72,2.0,2.0,0.0,1,0,0
MRC000763,Education,Small,LOC0081,AGT00286,1425,1,1,15,0.0,0.0,0.0,0.0,1.0,1002.17,1.0,1.0,4.0,3802.87,4.0,4.0,1002.17,0,0,0
MRC000764,General Retail,Small,LOC0115,AGT00717,2068,1,0,1,7.0,8803.21,7.0,4.0,27.0,48954.71,27.0,20.0,71.0,101692.45,71.0,51.0,1813.1374074074074,0,0,0
MRC000765,Utility,Medium,LOC0056,AGT00528,751,1,1,31,0.0,0.0,0.0,0.0,0.0,0.0,0.0,0.0,4.0,1236.61,4.0,4.0,0.0,1,0,0
MRC000766,Grocery,Micro,LOC0004,AGT00437,320,0,1,163,0.0,0.0,0.0,0.0,0.0,0.0,0.0,0.0,0.0,0.0,0.0,0.0,0.0,1,1,1
MRC000767,General Retail,Small,LOC0102,AGT00018,1868,1,1,20,0.0,0.0,0.0,0.0,1.0,1876.38,1.0,1.0,7.0,9100.89,7.0,6.0,1876.38,0,0,0
MRC000768,Grocery,Micro,LOC0023,AGT00245,1570,1,1,0,3.0,1261.1100000000001,3.0,3.0,4.0,1910.5700000000002,4.0,4.0,13.0,10898.99,13.0,11.0,477.64250000000004,0,0,0
MRC000769,Education,Medium,LOC0022,AGT00787,1785,1,1,6,1.0,431.09,1.0,1.0,7.0,8100.360000000001,7.0,7.0,24.0,20759.22,24.0,22.0,1157.1942857142858,0,0,0
MRC000770,Education,Micro,LOC0075,AGT00020,1154,1,1,5,2.0,3977.08,2.0,2.0,8.0,11249.88,8.0,8.0,19.0,30297.23,19.0,16.0,1406.235,0,0,0
MRC000771,Utility,Micro,LOC0096,AGT00154,545,1,1,25,0.0,0.0,0.0,0.0,1.0,548.81,1.0,1.0,3.0,13235.970000000001,3.0,3.0,548.81,0,0,0
MRC000772,Grocery,Large,LOC0096,AGT00731,1011,1,1,3,3.0,3940.05,3.0,1.0,14.0,28244.2,14.0,10.0,41.0,63597.64,40.0,31.0,2017.4428571428573,0,0,0
MRC000773,Grocery,Small,LOC0105,AGT00117,1313,1,1,0,4.0,3942.55,4.0,3.0,6.0,5185.9,6.0,5.0,19.0,23723.7,19.0,15.0,864.3166666666666,0,0,0
MRC000774,Healthcare,Micro,LOC0107,AGT00626,1233,1,1,2,2.0,1839.46,2.0,1.0,5.0,10000.66,5.0,4.0,6.0,10771.58,6.0,5.0,2000.132,0,0,0
MRC000775,Grocery,Micro,LOC0016,AGT00259,2229,1,1,6,1.0,261.45,1.0,1.0,3.0,2281.4700000000003,3.0,3.0,9.0,10406.23,9.0,9.0,760.4900000000001,0,0,0
MRC000776,Fashion,Micro,LOC0037,AGT00301,775,1,1,0,5.0,4283.71,5.0,4.0,9.0,6573.23,9.0,8.0,20.0,21968.93,20.0,19.0,730.3588888888888,0,0,0
MRC000777,Healthcare,Large,LOC0087,AGT00238,968,1,1,8,0.0,0.0,0.0,0.0,5.0,4680.5,5.0,4.0,34.0,93239.03,34.0,29.0,936.1,0,0,0
MRC000778,Transport,Small,LOC0047,AGT00748,687,1,1,16,0.0,0.0,0.0,0.0,1.0,347.13,1.0,1.0,4.0,7301.26,4.0,4.0,347.13,0,0,0
MRC000779,Pharmacy,Micro,LOC0086,AGT00229,1533,1,1,24,0.0,0.0,0.0,0.0,1.0,786.91,1.0,1.0,5.0,12564.21,5.0,5.0,786.91,0,0,0
MRC000780,Restaurant,Small,LOC0055,AGT00178,2046,1,1,5,1.0,161.63,1.0,1.0,4.0,3383.88,4.0,4.0,10.0,16824.63,10.0,10.0,845.97,0,0,0
MRC000781,General Retail,Small,LOC0055,AGT00752,2216,1,1,6,1.0,1325.13,1.0,1.0,3.0,1875.8000000000002,3.0,3.0,6.0,6388.400000000001,6.0,6.0,625.2666666666668,0,0,0
MRC000782,Fashion,Micro,LOC0004,AGT00043,784,1,1,6,1.0,502.83,1.0,1.0,1.0,502.83,1.0,1.0,6.0,5807.85,6.0,6.0,502.83,0,0,0
MRC000783,Grocery,Medium,LOC0073,AGT00047,1226,1,1,3,2.0,3484.11,2.0,2.0,8.0,15726.2,8.0,8.0,26.0,35849.12,26.0,23.0,1965.775,0,0,0
MRC000784,Pharmacy,Micro,LOC0104,AGT00732,1897,1,1,7,0.0,0.0,0.0,0.0,8.0,7338.41,8.0,5.0,19.0,15501.17,19.0,15.0,917.30125,0,0,0
MRC000785,Restaurant,Medium,LOC0099,AGT00508,387,1,0,0,7.0,17817.37,7.0,5.0,24.0,35759.37,24.0,20.0,79.0,115210.55,79.0,52.0,1489.97375,0,0,0
MRC000786,General Retail,Small,LOC0041,AGT00334,1841,1,1,2,1.0,509.6,1.0,1.0,2.0,1276.08,2.0,2.0,7.0,15109.24,7.0,7.0,638.04,0,0,0
MRC000787,Restaurant,Micro,LOC0082,AGT00147,580,1,1,10,0.0,0.0,0.0,0.0,3.0,3572.65,3.0,3.0,15.0,16454.41,15.0,13.0,1190.8833333333334,0,0,0
MRC000788,Grocery,Small,LOC0024,AGT00566,359,1,1,6,2.0,299.87,2.0,1.0,5.0,4494.25,5.0,4.0,9.0,5596.56,9.0,8.0,898.85,0,0,0
MRC000789,Electronics,Small,LOC0077,AGT00159,534,1,1,3,2.0,1054.81,2.0,2.0,9.0,8290.23,9.0,7.0,23.0,43416.479999999996,23.0,20.0,921.1366666666667,0,0,0
MRC000790,Grocery,Small,LOC0050,AGT00366,2212,1,1,0,3.0,602.12,3.0,2.0,13.0,5888.92,13.0,10.0,38.0,58825.85,38.0,29.0,452.99384615384616,0,0,0
MRC000791,Pharmacy,Small,LOC0112,AGT00667,1774,1,1,6,1.0,488.88,1.0,1.0,2.0,729.36,2.0,2.0,9.0,8955.51,9.0,9.0,364.68,0,0,0
MRC000792,General Retail,Micro,LOC0086,AGT00582,2011,1,1,38,0.0,0.0,0.0,0.0,0.0,0.0,0.0,0.0,2.0,3121.0699999999997,2.0,2.0,0.0,1,0,0
MRC000793,Transport,Micro,LOC0009,AGT00486,1794,1,1,52,0.0,0.0,0.0,0.0,0.0,0.0,0.0,0.0,1.0,374.33,1.0,1.0,0.0,1,0,0
MRC000794,Grocery,Small,LOC0105,AGT00117,2026,1,1,7,0.0,0.0,0.0,0.0,7.0,8000.37,7.0,6.0,14.0,29733.47,14.0,13.0,1142.91,0,0,0
MRC000795,Fashion,Micro,LOC0087,AGT00238,1371,1,1,2,5.0,4776.42,5.0,3.0,11.0,9767.619999999999,11.0,8.0,26.0,30363.03,26.0,20.0,887.9654545454545,0,0,0
MRC000796,Grocery,Micro,LOC0026,AGT00644,2055,1,0,51,0.0,0.0,0.0,0.0,0.0,0.0,0.0,0.0,2.0,8981.150000000001,2.0,2.0,0.0,1,0,0
MRC000797,Grocery,Small,LOC0034,AGT00174,410,1,1,17,0.0,0.0,0.0,0.0,1.0,1749.26,1.0,1.0,3.0,3913.34,3.0,3.0,1749.26,0,0,0
MRC000798,Education,Micro,LOC0021,AGT00502,1559,1,1,6,1.0,1633.74,1.0,1.0,2.0,6505.08,2.0,2.0,15.0,55257.36,15.0,13.0,3252.54,0,0,0
MRC000799,Electronics,Small,LOC0038,AGT00341,1936,0,1,42,0.0,0.0,0.0,0.0,0.0,0.0,0.0,0.0,2.0,1752.37,2.0,2.0,0.0,1,0,0
MRC000800,Healthcare,Medium,LOC0114,AGT00794,2457,0,1,44,0.0,0.0,0.0,0.0,0.0,0.0,0.0,0.0,2.0,2001.1,2.0,2.0,0.0,1,0,0
MRC000801,General Retail,Medium,LOC0109,AGT00461,1071,1,1,2,3.0,5011.99,3.0,2.0,14.0,28472.28,14.0,12.0,36.0,64307.19,36.0,31.0,2033.7342857142855,0,0,0
MRC000802,Pharmacy,Micro,LOC0067,AGT00760,678,1,1,10,0.0,0.0,0.0,0.0,1.0,448.97,1.0,1.0,3.0,3823.87,3.0,3.0,448.97,0,0,0
MRC000803,General Retail,Small,LOC0044,AGT00227,1860,0,1,10,0.0,0.0,0.0,0.0,2.0,2597.12,2.0,2.0,6.0,4952.35,6.0,6.0,1298.56,0,0,0
MRC000804,Electronics,Medium,LOC0044,AGT00615,445,0,1,0,1.0,2441.77,1.0,1.0,3.0,4935.59,3.0,3.0,35.0,44803.340000000004,35.0,25.0,1645.1966666666667,0,0,0
MRC000805,Pharmacy,Micro,LOC0115,AGT00339,1983,0,1,24,0.0,0.0,0.0,0.0,1.0,2754.84,1.0,1.0,5.0,4818.93,5.0,5.0,2754.84,0,0,0
MRC000806,General Retail,Small,LOC0024,AGT00728,1825,0,1,29,0.0,0.0,0.0,0.0,1.0,1679.46,1.0,1.0,5.0,18071.48,5.0,5.0,1679.46,0,0,0
MRC000807,Grocery,Small,LOC0091,AGT00158,1796,1,1,1,3.0,2801.15,3.0,3.0,13.0,16356.289999999999,13.0,12.0,50.0,82090.45999999999,50.0,40.0,1258.1761538461537,0,0,0
MRC000808,Electronics,Micro,LOC0120,AGT00392,929,1,1,5,1.0,367.57,1.0,1.0,4.0,9457.24,4.0,4.0,12.0,16955.59,12.0,12.0,2364.31,0,0,0
MRC000809,Healthcare,Micro,LOC0103,AGT00030,549,1,1,9,0.0,0.0,0.0,0.0,5.0,10294.19,5.0,4.0,18.0,36863.5,18.0,17.0,2058.838,0,0,0
MRC000810,Pharmacy,Small,LOC0087,AGT00772,1615,1,1,10,0.0,0.0,0.0,0.0,2.0,2106.07,2.0,2.0,7.0,6011.120000000001,7.0,7.0,1053.035,0,0,0
MRC000811,General Retail,Micro,LOC0108,AGT00216,1079,0,1,1,2.0,2070.97,2.0,2.0,3.0,2238.58,3.0,3.0,13.0,19531.94,13.0,13.0,746.1933333333333,0,0,0
MRC000812,Pharmacy,Medium,LOC0027,AGT00013,1142,1,1,0,1.0,274.85,1.0,1.0,1.0,274.85,1.0,1.0,4.0,5188.71,4.0,4.0,274.85,0,0,0
MRC000813,General Retail,Small,LOC0119,AGT00002,697,1,1,3,1.0,626.39,1.0,1.0,6.0,8408.53,6.0,6.0,15.0,32218.440000000002,15.0,15.0,1401.4216666666669,0,0,0
MRC000814,Grocery,Micro,LOC0011,AGT00703,1015,0,1,0,2.0,543.08,2.0,2.0,8.0,5304.6,8.0,8.0,21.0,26998.55,21.0,20.0,663.075,0,0,0
MRC000815,Grocery,Small,LOC0002,AGT00617,2104,0,1,0,2.0,822.3,2.0,2.0,5.0,4173.03,5.0,5.0,12.0,9646.25,12.0,11.0,834.606,0,0,0
MRC000816,Restaurant,Small,LOC0024,AGT00640,2238,1,1,1,4.0,5254.13,4.0,3.0,8.0,12775.869999999999,8.0,7.0,30.0,53848.32,30.0,26.0,1596.9837499999999,0,0,0
MRC000817,General Retail,Micro,LOC0074,AGT00003,1049,0,1,4,1.0,835.08,1.0,1.0,6.0,4569.29,6.0,5.0,20.0,34586.05,20.0,18.0,761.5483333333333,0,0,0
MRC000818,Grocery,Large,LOC0030,AGT00274,597,0,1,3,1.0,983.16,1.0,1.0,2.0,7614.349999999999,2.0,2.0,4.0,9226.01,4.0,4.0,3807.1749999999997,0,0,0
MRC000819,General Retail,Small,LOC0077,AGT00168,361,1,1,19,0.0,0.0,0.0,0.0,1.0,557.05,1.0,1.0,5.0,7776.969999999999,5.0,5.0,557.05,0,0,0
MRC000820,Pharmacy,Small,LOC0014,AGT00680,699,1,1,3,1.0,91.12,1.0,1.0,3.0,375.61,3.0,3.0,7.0,2886.81,7.0,7.0,125.20333333333333,0,0,0
MRC000821,Fashion,Medium,LOC0084,AGT00355,308,0,1,4,1.0,4300.05,1.0,1.0,6.0,8034.21,6.0,5.0,20.0,25806.71,20.0,19.0,1339.035,0,0,0
MRC000822,Restaurant,Small,LOC0028,AGT00051,1746,1,1,5,1.0,2894.51,1.0,1.0,4.0,8906.91,4.0,4.0,12.0,25195.42,12.0,12.0,2226.7275,0,0,0
MRC000823,Grocery,Small,LOC0063,AGT00606,1691,0,1,6,1.0,328.22,1.0,1.0,3.0,2866.8100000000004,3.0,3.0,11.0,10857.220000000001,11.0,10.0,955.6033333333335,0,0,0
MRC000824,General Retail,Micro,LOC0015,AGT00443,1996,1,1,0,2.0,3066.7799999999997,2.0,2.0,8.0,18182.54,8.0,8.0,32.0,38341.340000000004,32.0,29.0,2272.8175,0,0,0
MRC000825,Fashion,Micro,LOC0117,AGT00129,1013,1,1,163,0.0,0.0,0.0,0.0,0.0,0.0,0.0,0.0,0.0,0.0,0.0,0.0,0.0,1,1,1
MRC000826,Transport,Small,LOC0046,AGT00718,2105,1,1,24,0.0,0.0,0.0,0.0,2.0,1840.5900000000001,2.0,2.0,8.0,15574.08,8.0,7.0,920.2950000000001,0,0,0
MRC000827,Education,Small,LOC0073,AGT00357,657,1,0,16,0.0,0.0,0.0,0.0,1.0,2474.59,1.0,1.0,2.0,2704.9300000000003,2.0,2.0,2474.59,0,0,0
MRC000828,Electronics,Small,LOC0059,AGT00092,792,1,1,4,1.0,450.65,1.0,1.0,5.0,3196.88,5.0,4.0,9.0,13992.16,9.0,8.0,639.376,0,0,0
MRC000829,Education,Small,LOC0072,AGT00198,2288,1,1,9,0.0,0.0,0.0,0.0,5.0,4574.54,5.0,5.0,13.0,12539.71,13.0,13.0,914.908,0,0,0
MRC000830,General Retail,Small,LOC0055,AGT00093,2214,1,1,0,2.0,9145.43,2.0,2.0,6.0,11216.84,6.0,6.0,14.0,29292.35,14.0,13.0,1869.4733333333334,0,0,0
MRC000831,Transport,Medium,LOC0009,AGT00486,1595,1,1,11,0.0,0.0,0.0,0.0,1.0,1491.5,1.0,1.0,4.0,3249.11,4.0,4.0,1491.5,0,0,0
MRC000832,Electronics,Large,LOC0100,AGT00097,1618,1,1,8,0.0,0.0,0.0,0.0,6.0,6538.66,6.0,6.0,17.0,35200.17,17.0,15.0,1089.7766666666666,0,0,0
MRC000833,Transport,Micro,LOC0078,AGT00358,1817,1,0,13,0.0,0.0,0.0,0.0,2.0,1242.1100000000001,2.0,2.0,9.0,17807.01,9.0,8.0,621.0550000000001,0,0,0
MRC000834,Education,Medium,LOC0031,AGT00026,2085,1,1,32,0.0,0.0,0.0,0.0,0.0,0.0,0.0,0.0,2.0,4142.92,2.0,2.0,0.0,1,0,0
MRC000835,Fashion,Medium,LOC0011,AGT00703,792,1,1,0,2.0,571.64,2.0,2.0,3.0,1596.97,3.0,3.0,10.0,23955.2,10.0,10.0,532.3233333333334,0,0,0
MRC000836,Education,Micro,LOC0107,AGT00265,436,1,1,4,1.0,3950.33,1.0,1.0,1.0,3950.33,1.0,1.0,6.0,13794.39,6.0,6.0,3950.33,0,0,0
MRC000837,Fashion,Micro,LOC0040,AGT00750,691,1,1,4,1.0,2884.43,1.0,1.0,14.0,20299.65,14.0,11.0,49.0,62365.83,49.0,33.0,1449.9750000000001,0,0,0
MRC000838,Healthcare,Micro,LOC0109,AGT00242,1066,1,1,10,0.0,0.0,0.0,0.0,1.0,266.0,1.0,1.0,4.0,2686.44,4.0,4.0,266.0,0,0,0
MRC000839,General Retail,Small,LOC0092,AGT00281,801,1,1,8,0.0,0.0,0.0,0.0,14.0,19771.68,14.0,11.0,28.0,33926.05,28.0,24.0,1412.2628571428572,0,0,0
MRC000840,General Retail,Small,LOC0116,AGT00291,1433,0,1,10,0.0,0.0,0.0,0.0,1.0,1603.85,1.0,1.0,3.0,4366.98,3.0,3.0,1603.85,0,0,0
MRC000841,General Retail,Small,LOC0080,AGT00133,588,1,1,116,0.0,0.0,0.0,0.0,0.0,0.0,0.0,0.0,0.0,0.0,0.0,0.0,0.0,1,1,1
MRC000842,Education,Small,LOC0022,AGT00422,1547,1,1,2,1.0,167.48,1.0,1.0,3.0,2604.71,3.0,3.0,4.0,3224.33,4.0,4.0,868.2366666666667,0,0,0
MRC000843,Healthcare,Micro,LOC0005,AGT00212,1839,1,0,6,1.0,414.02,1.0,1.0,5.0,3930.59,5.0,5.0,19.0,18201.69,19.0,17.0,786.118,0,0,0
MRC000844,Grocery,Small,LOC0030,AGT00274,503,1,0,11,0.0,0.0,0.0,0.0,3.0,3379.83,3.0,3.0,10.0,9691.12,10.0,10.0,1126.61,0,0,0
MRC000845,Fashion,Medium,LOC0053,AGT00252,914,0,1,30,0.0,0.0,0.0,0.0,0.0,0.0,0.0,0.0,7.0,8339.82,7.0,7.0,0.0,1,0,0
MRC000846,Pharmacy,Large,LOC0075,AGT00059,1463,1,1,8,0.0,0.0,0.0,0.0,4.0,24614.2,4.0,3.0,18.0,49665.43,18.0,15.0,6153.55,0,0,0
MRC000847,Grocery,Small,LOC0108,AGT00216,431,1,1,29,0.0,0.0,0.0,0.0,1.0,194.42,1.0,1.0,9.0,6839.7300000000005,9.0,9.0,194.42,0,0,0
MRC000848,General Retail,Micro,LOC0017,AGT00381,1741,0,0,23,0.0,0.0,0.0,0.0,3.0,5186.35,3.0,3.0,19.0,33445.020000000004,19.0,17.0,1728.7833333333335,0,0,0
MRC000849,General Retail,Micro,LOC0077,AGT00359,1933,1,0,0,1.0,2251.59,1.0,1.0,1.0,2251.59,1.0,1.0,9.0,7766.200000000001,9.0,9.0,2251.59,0,0,0
MRC000850,Electronics,Micro,LOC0011,AGT00207,1077,1,1,15,0.0,0.0,0.0,0.0,1.0,1706.5,1.0,1.0,1.0,1706.5,1.0,1.0,1706.5,0,0,0
MRC000851,Pharmacy,Small,LOC0058,AGT00352,306,1,1,1,3.0,6652.389999999999,3.0,3.0,17.0,20688.89,17.0,15.0,51.0,59164.58,51.0,38.0,1216.9935294117647,0,0,0
MRC000852,Transport,Micro,LOC0009,AGT00765,1381,1,1,3,4.0,5861.24,4.0,2.0,16.0,27890.91,16.0,13.0,38.0,57874.94,38.0,31.0,1743.181875,0,0,0
MRC000853,Fashion,Medium,LOC0045,AGT00530,2185,0,1,3,1.0,1054.05,1.0,1.0,20.0,32764.24,20.0,13.0,55.0,88512.78,55.0,38.0,1638.212,0,0,0
MRC000854,Utility,Small,LOC0073,AGT00047,926,1,1,6,1.0,521.02,1.0,1.0,2.0,1425.1100000000001,2.0,2.0,8.0,12797.41,8.0,7.0,712.5550000000001,0,0,0
MRC000855,General Retail,Small,LOC0089,AGT00140,2142,1,1,0,1.0,2212.48,1.0,1.0,2.0,2869.98,2.0,2.0,7.0,8716.130000000001,7.0,7.0,1434.99,0,0,0
MRC000856,Restaurant,Micro,LOC0097,AGT00267,2189,1,1,12,0.0,0.0,0.0,0.0,3.0,4530.24,3.0,3.0,7.0,7026.91,7.0,7.0,1510.08,0,0,0
MRC000857,Pharmacy,Small,LOC0063,AGT00651,900,1,1,5,1.0,234.84,1.0,1.0,7.0,5212.54,7.0,6.0,25.0,51320.69,25.0,22.0,744.6485714285715,0,0,0
MRC000858,Pharmacy,Small,LOC0032,AGT00666,1596,1,1,22,0.0,0.0,0.0,0.0,1.0,880.29,1.0,1.0,4.0,4466.67,4.0,4.0,880.29,0,0,0
MRC000859,Grocery,Small,LOC0110,AGT00288,379,1,1,63,0.0,0.0,0.0,0.0,0.0,0.0,0.0,0.0,3.0,1652.97,3.0,3.0,0.0,1,1,0
MRC000860,Restaurant,Micro,LOC0113,AGT00084,1491,1,1,5,1.0,107.58,1.0,1.0,3.0,1528.51,3.0,3.0,17.0,95110.84,17.0,17.0,509.50333333333333,0,0,0
MRC000861,Grocery,Medium,LOC0117,AGT00773,2208,1,1,4,1.0,2732.64,1.0,1.0,4.0,5776.83,4.0,4.0,10.0,16020.79,10.0,10.0,1444.2075,0,0,0
MRC000862,Grocery,Micro,LOC0096,AGT00160,2350,1,1,10,0.0,0.0,0.0,0.0,1.0,1820.32,1.0,1.0,2.0,9734.05,2.0,2.0,1820.32,0,0,0
MRC000863,Pharmacy,Micro,LOC0094,AGT00777,723,1,1,3,2.0,489.77,2.0,2.0,8.0,13868.179999999998,8.0,7.0,15.0,23953.3,15.0,14.0,1733.5224999999998,0,0,0
MRC000864,Grocery,Large,LOC0010,AGT00653,1739,1,0,13,0.0,0.0,0.0,0.0,1.0,2618.58,1.0,1.0,7.0,8149.76,7.0,7.0,2618.58,0,0,0
MRC000865,Healthcare,Micro,LOC0069,AGT00071,431,1,0,13,0.0,0.0,0.0,0.0,2.0,2853.38,2.0,2.0,11.0,29351.49,11.0,9.0,1426.69,0,0,0
MRC000866,Grocery,Micro,LOC0049,AGT00250,898,1,1,192,0.0,0.0,0.0,0.0,0.0,0.0,0.0,0.0,0.0,0.0,0.0,0.0,0.0,1,1,1
MRC000867,General Retail,Small,LOC0032,AGT00056,2112,1,1,12,0.0,0.0,0.0,0.0,2.0,2364.7599999999998,2.0,2.0,5.0,7549.459999999999,5.0,5.0,1182.3799999999999,0,0,0
MRC000868,Pharmacy,Small,LOC0009,AGT00406,1689,1,1,3,2.0,1184.03,2.0,2.0,3.0,3831.99,3.0,3.0,8.0,10735.3,8.0,8.0,1277.33,0,0,0
MRC000869,Grocery,Micro,LOC0026,AGT00644,1143,1,1,52,0.0,0.0,0.0,0.0,0.0,0.0,0.0,0.0,2.0,271.46,2.0,2.0,0.0,1,0,0
MRC000870,Grocery,Micro,LOC0110,AGT00125,2388,1,1,37,0.0,0.0,0.0,0.0,0.0,0.0,0.0,0.0,3.0,7274.87,3.0,3.0,0.0,1,0,0
MRC000871,Healthcare,Micro,LOC0110,AGT00705,1944,0,1,20,0.0,0.0,0.0,0.0,3.0,2863.04,3.0,3.0,12.0,19806.23,12.0,12.0,954.3466666666667,0,0,0
MRC000872,Pharmacy,Small,LOC0090,AGT00217,338,0,1,1,3.0,4363.07,3.0,2.0,10.0,8505.63,10.0,8.0,21.0,21475.05,21.0,18.0,850.5629999999999,0,0,0
MRC000873,Electronics,Micro,LOC0013,AGT00597,461,1,1,16,0.0,0.0,0.0,0.0,1.0,407.09,1.0,1.0,3.0,1796.88,3.0,3.0,407.09,0,0,0
MRC000874,Grocery,Small,LOC0083,AGT00310,1656,0,1,3,1.0,3603.08,1.0,1.0,3.0,5717.43,3.0,3.0,4.0,5992.91,4.0,4.0,1905.8100000000002,0,0,0
MRC000875,General Retail,Medium,LOC0016,AGT00724,2202,1,1,2,1.0,20251.68,1.0,1.0,1.0,20251.68,1.0,1.0,6.0,26653.31,6.0,6.0,20251.68,0,0,0
MRC000876,Grocery,Micro,LOC0082,AGT00612,629,1,0,114,0.0,0.0,0.0,0.0,0.0,0.0,0.0,0.0,0.0,0.0,0.0,0.0,0.0,1,1,1
MRC000877,Restaurant,Micro,LOC0005,AGT00496,1463,0,1,1,4.0,1985.23,4.0,4.0,14.0,22449.620000000003,14.0,13.0,41.0,74496.61,41.0,37.0,1603.544285714286,0,0,0
MRC000878,General Retail,Micro,LOC0035,AGT00367,2070,1,1,8,0.0,0.0,0.0,0.0,1.0,96.58,1.0,1.0,4.0,4311.46,4.0,4.0,96.58,0,0,0
MRC000879,Pharmacy,Micro,LOC0015,AGT00443,2171,1,1,32,0.0,0.0,0.0,0.0,0.0,0.0,0.0,0.0,4.0,2412.09,4.0,4.0,0.0,1,0,0
MRC000880,Pharmacy,Micro,LOC0113,AGT00343,1686,1,1,2,1.0,5319.78,1.0,1.0,2.0,5724.599999999999,2.0,2.0,14.0,20504.61,14.0,13.0,2862.2999999999997,0,0,0
MRC000881,Utility,Small,LOC0069,AGT00071,2471,1,1,156,0.0,0.0,0.0,0.0,0.0,0.0,0.0,0.0,0.0,0.0,0.0,0.0,0.0,1,1,1
MRC000882,Pharmacy,Micro,LOC0111,AGT00799,2334,0,1,2,3.0,4524.93,3.0,3.0,14.0,17268.35,14.0,11.0,29.0,38153.42,29.0,25.0,1233.4535714285714,0,0,0
MRC000883,Grocery,Small,LOC0003,AGT00435,2109,0,1,1,3.0,2407.39,3.0,3.0,11.0,9771.38,11.0,9.0,35.0,43724.61,35.0,27.0,888.3072727272727,0,0,0
MRC000884,Fashion,Small,LOC0089,AGT00574,1750,1,1,7,0.0,0.0,0.0,0.0,4.0,8298.300000000001,4.0,4.0,10.0,11396.19,10.0,10.0,2074.5750000000003,0,0,0
MRC000885,Grocery,Medium,LOC0058,AGT00352,2440,1,1,12,0.0,0.0,0.0,0.0,3.0,1443.33,3.0,3.0,11.0,6400.06,11.0,11.0,481.10999999999996,0,0,0
MRC000886,General Retail,Micro,LOC0057,AGT00200,324,1,0,1,1.0,395.94,1.0,1.0,1.0,395.94,1.0,1.0,7.0,7985.34,7.0,7.0,395.94,0,0,0
MRC000887,Transport,Micro,LOC0105,AGT00072,482,1,1,2,4.0,3407.62,4.0,3.0,9.0,6379.16,9.0,8.0,22.0,26557.69,22.0,21.0,708.7955555555556,0,0,0
MRC000888,Education,Large,LOC0006,AGT00545,1402,1,1,7,0.0,0.0,0.0,0.0,3.0,7886.24,3.0,3.0,6.0,10738.48,6.0,6.0,2628.7466666666664,0,0,0
MRC000889,Pharmacy,Micro,LOC0114,AGT00794,1753,1,0,15,0.0,0.0,0.0,0.0,2.0,834.83,2.0,2.0,14.0,22183.07,14.0,14.0,417.415,0,0,0
MRC000890,Transport,Small,LOC0004,AGT00643,2261,0,1,1,1.0,361.03,1.0,1.0,1.0,361.03,1.0,1.0,5.0,17409.02,5.0,4.0,361.03,0,0,0
MRC000891,Transport,Small,LOC0044,AGT00615,1769,0,1,1,2.0,798.21,2.0,2.0,2.0,798.21,2.0,2.0,11.0,38512.14,11.0,10.0,399.105,0,0,0
MRC000892,Grocery,Small,LOC0017,AGT00552,794,0,1,2,1.0,543.71,1.0,1.0,9.0,12595.56,9.0,7.0,29.0,52013.36,29.0,26.0,1399.5066666666667,0,0,0
MRC000893,General Retail,Micro,LOC0063,AGT00651,2272,1,1,0,9.0,11274.68,9.0,5.0,31.0,59431.19,31.0,17.0,98.0,145552.7,98.0,58.0,1917.1351612903227,0,0,0
MRC000894,Education,Micro,LOC0072,AGT00788,468,1,1,2,1.0,351.08,1.0,1.0,1.0,351.08,1.0,1.0,3.0,994.47,3.0,3.0,351.08,0,0,0
MRC000895,Utility,Small,LOC0078,AGT00246,494,1,1,0,5.0,9911.849999999999,5.0,4.0,8.0,13027.22,8.0,7.0,17.0,21325.79,17.0,16.0,1628.4025,0,0,0
MRC000896,Pharmacy,Small,LOC0096,AGT00721,1859,0,1,45,0.0,0.0,0.0,0.0,0.0,0.0,0.0,0.0,4.0,7411.77,4.0,4.0,0.0,1,0,0
MRC000897,Grocery,Small,LOC0091,AGT00273,2391,0,1,3,1.0,316.37,1.0,1.0,8.0,14946.9,8.0,7.0,25.0,48461.380000000005,25.0,22.0,1868.3625,0,0,0
MRC000898,Transport,Small,LOC0114,AGT00702,1384,1,1,8,0.0,0.0,0.0,0.0,1.0,286.47,1.0,1.0,7.0,17392.850000000002,7.0,7.0,286.47,0,0,0
MRC000899,Utility,Medium,LOC0054,AGT00064,581,1,1,0,22.0,45306.89,22.0,6.0,96.0,145274.24,96.0,29.0,277.0,452629.82,275.0,89.0,1513.2733333333333,0,0,0
MRC000900,Restaurant,Large,LOC0022,AGT00057,390,1,1,8,0.0,0.0,0.0,0.0,2.0,1569.47,2.0,2.0,6.0,3496.42,6.0,6.0,784.735,0,0,0
MRC000901,Grocery,Small,LOC0019,AGT00144,2427,1,1,0,3.0,3684.77,3.0,3.0,21.0,41307.07,21.0,16.0,79.0,108008.52,79.0,52.0,1967.0033333333333,0,0,0
MRC000902,Utility,Micro,LOC0034,AGT00280,898,1,1,7,0.0,0.0,0.0,0.0,12.0,9274.73,12.0,11.0,34.0,38274.05,34.0,32.0,772.8941666666666,0,0,0
MRC000903,Pharmacy,Small,LOC0073,AGT00588,1683,1,0,65,0.0,0.0,0.0,0.0,0.0,0.0,0.0,0.0,1.0,373.3,1.0,1.0,0.0,1,1,0
MRC000904,Restaurant,Small,LOC0007,AGT00488,1000,1,1,0,10.0,29238.25,10.0,5.0,36.0,79902.27,36.0,22.0,107.0,219709.3,107.0,64.0,2219.5075,0,0,0
MRC000905,Education,Small,LOC0115,AGT00339,755,0,1,13,0.0,0.0,0.0,0.0,2.0,1341.26,2.0,2.0,6.0,8380.12,6.0,5.0,670.63,0,0,0
MRC000906,Grocery,Micro,LOC0119,AGT00550,1746,1,1,4,1.0,1847.85,1.0,1.0,4.0,3053.35,4.0,3.0,9.0,10149.72,9.0,8.0,763.3375,0,0,0
MRC000907,Grocery,Small,LOC0020,AGT00607,1901,1,1,21,0.0,0.0,0.0,0.0,1.0,2049.16,1.0,1.0,1.0,2049.16,1.0,1.0,2049.16,0,0,0
MRC000908,Grocery,Micro,LOC0094,AGT00623,1317,0,1,13,0.0,0.0,0.0,0.0,3.0,586.4300000000001,3.0,3.0,10.0,14321.89,10.0,10.0,195.4766666666667,0,0,0
MRC000909,General Retail,Micro,LOC0072,AGT00788,1395,1,1,8,0.0,0.0,0.0,0.0,2.0,946.98,2.0,2.0,6.0,4454.41,6.0,6.0,473.49,0,0,0
MRC000910,Restaurant,Medium,LOC0058,AGT00352,1351,1,1,2,2.0,2280.66,2.0,2.0,6.0,10446.18,6.0,6.0,22.0,30052.3,22.0,21.0,1741.03,0,0,0
MRC000911,Transport,Small,LOC0089,AGT00574,1579,1,1,0,13.0,11812.28,13.0,7.0,51.0,90765.2,51.0,25.0,127.0,211783.83,127.0,71.0,1779.7098039215687,0,0,0
MRC000912,General Retail,Small,LOC0070,AGT00704,2049,1,1,73,0.0,0.0,0.0,0.0,0.0,0.0,0.0,0.0,2.0,1649.25,2.0,2.0,0.0,1,1,0
MRC000913,Transport,Small,LOC0039,AGT00726,1840,0,1,999,0.0,0.0,0.0,0.0,0.0,0.0,0.0,0.0,0.0,0.0,0.0,0.0,0.0,1,1,1
MRC000914,Electronics,Small,LOC0068,AGT00778,895,1,1,2,3.0,3340.0,3.0,2.0,10.0,38669.03,10.0,9.0,24.0,66857.82,24.0,22.0,3866.903,0,0,0
MRC000915,Electronics,Micro,LOC0017,AGT00654,826,0,1,17,0.0,0.0,0.0,0.0,1.0,382.37,1.0,1.0,5.0,3795.91,5.0,5.0,382.37,0,0,0
MRC000916,Restaurant,Small,LOC0031,AGT00300,1756,1,1,1,5.0,14088.45,5.0,4.0,21.0,29694.54,21.0,16.0,66.0,88225.0,66.0,47.0,1414.0257142857142,0,0,0
MRC000917,Education,Micro,LOC0117,AGT00753,1696,0,1,2,1.0,847.41,1.0,1.0,3.0,4255.82,3.0,3.0,9.0,19303.350000000002,9.0,9.0,1418.6066666666666,0,0,0
MRC000918,General Retail,Small,LOC0023,AGT00559,1090,1,1,7,0.0,0.0,0.0,0.0,3.0,1580.84,3.0,3.0,7.0,3647.4,7.0,7.0,526.9466666666666,0,0,0
MRC000919,Utility,Micro,LOC0072,AGT00788,2119,1,1,23,0.0,0.0,0.0,0.0,1.0,494.1,1.0,1.0,2.0,1168.6399999999999,2.0,2.0,494.1,0,0,0
MRC000920,Fashion,Large,LOC0036,AGT00429,1201,1,1,7,0.0,0.0,0.0,0.0,6.0,13478.27,6.0,6.0,21.0,43457.43,21.0,17.0,2246.3783333333336,0,0,0
MRC000921,Restaurant,Small,LOC0056,AGT00639,1020,1,1,6,1.0,228.53,1.0,1.0,3.0,2580.41,3.0,3.0,4.0,2681.54,4.0,4.0,860.1366666666667,0,0,0
MRC000922,General Retail,Small,LOC0030,AGT00274,1501,1,1,1,3.0,2724.78,3.0,2.0,21.0,17153.78,21.0,16.0,40.0,61900.28,40.0,34.0,816.8466666666666,0,0,0
MRC000923,Grocery,Micro,LOC0069,AGT00754,708,1,1,27,0.0,0.0,0.0,0.0,1.0,1025.16,1.0,1.0,5.0,5193.08,5.0,5.0,1025.16,0,0,0
MRC000924,General Retail,Small,LOC0067,AGT00205,1806,1,1,0,3.0,5963.15,3.0,3.0,20.0,38838.19,20.0,14.0,49.0,97393.04000000001,49.0,39.0,1941.9095000000002,0,0,0
MRC000925,Pharmacy,Small,LOC0075,AGT00567,2246,0,1,8,0.0,0.0,0.0,0.0,2.0,4096.14,2.0,2.0,2.0,4096.14,2.0,2.0,2048.07,0,0,0
MRC000926,Healthcare,Small,LOC0037,AGT00301,2352,0,1,53,0.0,0.0,0.0,0.0,0.0,0.0,0.0,0.0,3.0,1364.55,3.0,3.0,0.0,1,0,0
MRC000927,Utility,Small,LOC0070,AGT00800,1263,1,0,4,1.0,551.26,1.0,1.0,7.0,14497.47,7.0,7.0,29.0,35668.18,29.0,25.0,2071.0671428571427,0,0,0
MRC000928,Fashion,Medium,LOC0088,AGT00442,874,1,1,7,0.0,0.0,0.0,0.0,2.0,5588.02,2.0,2.0,5.0,9403.119999999999,5.0,5.0,2794.01,0,0,0
MRC000929,Grocery,Small,LOC0087,AGT00772,1333,0,0,0,1.0,2433.85,1.0,1.0,2.0,6941.09,2.0,2.0,4.0,8029.129999999999,4.0,4.0,3470.545,0,0,0
MRC000930,General Retail,Small,LOC0069,AGT00071,513,1,1,38,0.0,0.0,0.0,0.0,0.0,0.0,0.0,0.0,4.0,3648.52,4.0,4.0,0.0,1,0,0
MRC000931,Restaurant,Small,LOC0036,AGT00036,1746,1,1,39,0.0,0.0,0.0,0.0,0.0,0.0,0.0,0.0,2.0,5214.23,2.0,2.0,0.0,1,0,0
MRC000932,Restaurant,Small,LOC0064,AGT00781,1223,1,1,8,0.0,0.0,0.0,0.0,5.0,15144.34,5.0,5.0,18.0,42825.75,18.0,17.0,3028.868,0,0,0
MRC000933,Electronics,Small,LOC0065,AGT00075,553,1,1,27,0.0,0.0,0.0,0.0,1.0,3697.92,1.0,1.0,9.0,11970.86,9.0,8.0,3697.92,0,0,0
MRC000934,Fashion,Small,LOC0115,AGT00561,1481,0,1,11,0.0,0.0,0.0,0.0,2.0,4416.36,2.0,2.0,3.0,4997.63,3.0,3.0,2208.18,0,0,0
MRC000935,Transport,Micro,LOC0046,AGT00743,1857,1,1,1,2.0,2753.4900000000002,2.0,2.0,11.0,15532.44,11.0,11.0,26.0,46568.69,26.0,23.0,1412.04,0,0,0
MRC000936,Grocery,Micro,LOC0039,AGT00326,785,1,1,1,1.0,317.46,1.0,1.0,7.0,8449.59,7.0,6.0,26.0,29153.670000000002,26.0,22.0,1207.0842857142857,0,0,0
MRC000937,Fashion,Micro,LOC0090,AGT00019,1171,1,0,4,2.0,2410.3500000000004,2.0,2.0,6.0,5575.120000000001,6.0,6.0,9.0,7312.4,9.0,9.0,929.1866666666668,0,0,0
MRC000938,General Retail,Medium,LOC0077,AGT00159,2232,0,1,4,2.0,898.84,2.0,2.0,9.0,19095.5,9.0,9.0,19.0,31937.98,19.0,17.0,2121.722222222222,0,0,0
MRC000939,Grocery,Small,LOC0052,AGT00740,1838,0,1,22,0.0,0.0,0.0,0.0,1.0,1030.28,1.0,1.0,4.0,6848.92,4.0,4.0,1030.28,0,0,0
MRC000940,Fashion,Micro,LOC0001,AGT00087,2032,1,1,3,2.0,647.36,2.0,2.0,5.0,21098.66,5.0,4.0,11.0,27140.44,11.0,10.0,4219.732,0,0,0
MRC000941,Transport,Small,LOC0085,AGT00329,1269,1,1,3,1.0,330.46,1.0,1.0,2.0,2224.45,2.0,2.0,10.0,22296.06,10.0,10.0,1112.225,0,0,0
MRC000942,General Retail,Small,LOC0089,AGT00035,1365,1,1,42,0.0,0.0,0.0,0.0,0.0,0.0,0.0,0.0,4.0,1913.1799999999998,4.0,4.0,0.0,1,0,0
MRC000943,Education,Medium,LOC0112,AGT00667,1372,1,1,1,6.0,13353.39,6.0,4.0,24.0,64304.26,24.0,16.0,77.0,222200.73,76.0,57.0,2679.3441666666668,0,0,0
MRC000944,General Retail,Large,LOC0061,AGT00425,1270,1,1,22,0.0,0.0,0.0,0.0,5.0,3497.55,5.0,3.0,11.0,17101.9,11.0,9.0,699.51,0,0,0
MRC000945,Pharmacy,Medium,LOC0062,AGT00438,602,0,1,17,0.0,0.0,0.0,0.0,2.0,2609.3300000000004,2.0,2.0,5.0,6082.66,5.0,5.0,1304.6650000000002,0,0,0
MRC000946,Restaurant,Medium,LOC0026,AGT00162,376,1,1,9,0.0,0.0,0.0,0.0,4.0,3356.0299999999997,4.0,3.0,8.0,12422.050000000001,8.0,7.0,839.0074999999999,0,0,0
MRC000947,General Retail,Micro,LOC0056,AGT00583,2105,1,1,63,0.0,0.0,0.0,0.0,0.0,0.0,0.0,0.0,3.0,3570.95,3.0,3.0,0.0,1,1,0
MRC000948,General Retail,Micro,LOC0001,AGT00616,1460,1,1,33,0.0,0.0,0.0,0.0,0.0,0.0,0.0,0.0,2.0,3034.4700000000003,2.0,2.0,0.0,1,0,0
MRC000949,Electronics,Small,LOC0061,AGT00524,1450,1,1,55,0.0,0.0,0.0,0.0,0.0,0.0,0.0,0.0,2.0,2444.2200000000003,2.0,2.0,0.0,1,0,0
MRC000950,Fashion,Small,LOC0085,AGT00315,1588,1,1,4,1.0,745.96,1.0,1.0,4.0,4020.01,4.0,4.0,7.0,9017.76,7.0,7.0,1005.0025,0,0,0
MRC000951,Fashion,Micro,LOC0095,AGT00458,1188,0,1,2,2.0,1444.84,2.0,2.0,3.0,2214.44,3.0,3.0,4.0,3617.5800000000004,4.0,4.0,738.1466666666666,0,0,0
MRC000952,Grocery,Small,LOC0080,AGT00416,2235,1,1,6,2.0,1267.3600000000001,2.0,1.0,9.0,11735.650000000001,9.0,8.0,32.0,38897.69,32.0,27.0,1303.9611111111112,0,0,0
MRC000953,General Retail,Micro,LOC0097,AGT00719,1313,1,1,20,0.0,0.0,0.0,0.0,2.0,1503.14,2.0,2.0,3.0,4598.26,3.0,3.0,751.57,0,0,0
MRC000954,Utility,Micro,LOC0080,AGT00262,1381,1,1,3,1.0,1434.33,1.0,1.0,2.0,3899.47,2.0,2.0,5.0,6521.01,5.0,5.0,1949.735,0,0,0
MRC000955,Fashion,Micro,LOC0094,AGT00270,1447,1,1,6,1.0,675.85,1.0,1.0,2.0,2363.59,2.0,2.0,2.0,2363.59,2.0,2.0,1181.795,0,0,0
MRC000956,Pharmacy,Medium,LOC0053,AGT00309,630,1,1,2,1.0,523.24,1.0,1.0,1.0,523.24,1.0,1.0,3.0,5383.95,3.0,3.0,523.24,0,0,0
MRC000957,Restaurant,Small,LOC0073,AGT00047,665,1,0,3,3.0,3284.15,3.0,3.0,10.0,11787.05,10.0,10.0,26.0,35446.24,26.0,24.0,1178.705,0,0,0
MRC000958,Grocery,Small,LOC0077,AGT00611,680,1,1,5,2.0,2319.92,2.0,1.0,6.0,5874.900000000001,6.0,4.0,16.0,13630.23,16.0,14.0,979.1500000000001,0,0,0
MRC000959,Healthcare,Medium,LOC0069,AGT00754,842,1,1,0,2.0,19188.11,2.0,2.0,4.0,19760.44,4.0,4.0,15.0,31544.72,15.0,15.0,4940.11,0,0,0
MRC000960,Electronics,Medium,LOC0069,AGT00373,636,1,1,6,1.0,103.41,1.0,1.0,9.0,13577.15,9.0,9.0,24.0,31094.05,24.0,24.0,1508.572222222222,0,0,0
MRC000961,Pharmacy,Small,LOC0094,AGT00777,776,0,0,4,1.0,555.5,1.0,1.0,1.0,555.5,1.0,1.0,7.0,10665.31,7.0,7.0,555.5,0,0,0
MRC000962,Education,Small,LOC0029,AGT00467,2337,1,1,0,2.0,290.62,2.0,2.0,14.0,12007.33,14.0,12.0,43.0,48182.93,43.0,33.0,857.6664285714286,0,0,0
MRC000963,General Retail,Micro,LOC0039,AGT00726,1075,1,1,12,0.0,0.0,0.0,0.0,2.0,1084.31,2.0,2.0,5.0,4923.28,5.0,5.0,542.155,0,0,0
MRC000964,Grocery,Small,LOC0063,AGT00651,2020,1,1,44,0.0,0.0,0.0,0.0,0.0,0.0,0.0,0.0,3.0,5561.61,3.0,3.0,0.0,1,0,0
MRC000965,Fashion,Micro,LOC0078,AGT00535,1146,0,1,13,0.0,0.0,0.0,0.0,1.0,135.9,1.0,1.0,6.0,27484.73,6.0,5.0,135.9,0,0,0
MRC000966,Fashion,Small,LOC0062,AGT00487,2089,1,1,5,2.0,1259.49,2.0,2.0,2.0,1259.49,2.0,2.0,12.0,17139.04,12.0,9.0,629.745,0,0,0
MRC000967,Grocery,Small,LOC0024,AGT00394,1932,1,1,10,0.0,0.0,0.0,0.0,3.0,5539.900000000001,3.0,3.0,12.0,17534.03,12.0,12.0,1846.6333333333334,0,0,0
MRC000968,Electronics,Micro,LOC0099,AGT00500,2123,1,1,8,0.0,0.0,0.0,0.0,5.0,5470.03,5.0,5.0,22.0,50354.020000000004,22.0,20.0,1094.0059999999999,0,0,0
MRC000969,Education,Small,LOC0066,AGT00022,917,0,1,18,0.0,0.0,0.0,0.0,5.0,5536.23,5.0,4.0,12.0,11683.27,12.0,11.0,1107.2459999999999,0,0,0
MRC000970,Grocery,Small,LOC0053,AGT00492,495,1,1,13,0.0,0.0,0.0,0.0,6.0,29831.75,6.0,5.0,13.0,34818.07,13.0,11.0,4971.958333333333,0,0,0
MRC000971,Grocery,Small,LOC0106,AGT00175,960,1,1,0,3.0,1512.1499999999999,3.0,3.0,14.0,17192.989999999998,14.0,13.0,35.0,42303.97,35.0,32.0,1228.070714285714,0,0,0
MRC000972,General Retail,Micro,LOC0053,AGT00252,1821,1,1,11,0.0,0.0,0.0,0.0,2.0,1347.61,2.0,2.0,9.0,18457.22,9.0,9.0,673.805,0,0,0
MRC000973,Restaurant,Micro,LOC0020,AGT00028,1716,1,1,3,1.0,3231.94,1.0,1.0,5.0,7891.21,5.0,4.0,15.0,19335.489999999998,15.0,13.0,1578.242,0,0,0
MRC000974,Transport,Micro,LOC0119,AGT00136,1825,1,1,14,0.0,0.0,0.0,0.0,1.0,2601.32,1.0,1.0,3.0,2866.67,3.0,3.0,2601.32,0,0,0
MRC000975,Education,Medium,LOC0046,AGT00743,2457,1,1,0,42.0,75915.19,42.0,7.0,153.0,235774.35,152.0,29.0,455.0,686067.47,452.0,88.0,1541.0088235294118,0,0,0
MRC000976,General Retail,Medium,LOC0108,AGT00216,778,1,1,42,0.0,0.0,0.0,0.0,0.0,0.0,0.0,0.0,3.0,4077.86,3.0,2.0,0.0,1,0,0
MRC000977,Healthcare,Micro,LOC0063,AGT00307,1257,1,1,20,0.0,0.0,0.0,0.0,2.0,4997.7,2.0,2.0,5.0,8505.7,5.0,5.0,2498.85,0,0,0
MRC000978,General Retail,Small,LOC0030,AGT00274,1359,1,0,31,0.0,0.0,0.0,0.0,0.0,0.0,0.0,0.0,3.0,1955.53,3.0,3.0,0.0,1,0,0
MRC000979,Education,Small,LOC0046,AGT00743,613,1,1,0,7.0,10642.28,7.0,4.0,30.0,36206.46,30.0,20.0,76.0,101497.18000000001,76.0,51.0,1206.882,0,0,0
MRC000980,Fashion,Large,LOC0110,AGT00275,1734,1,1,12,0.0,0.0,0.0,0.0,1.0,1200.93,1.0,1.0,5.0,8690.130000000001,5.0,5.0,1200.93,0,0,0
MRC000981,Restaurant,Micro,LOC0114,AGT00571,393,1,1,7,0.0,0.0,0.0,0.0,5.0,14513.63,5.0,5.0,19.0,35872.57,19.0,18.0,2902.7259999999997,0,0,0
MRC000982,Restaurant,Small,LOC0017,AGT00010,2247,1,0,12,0.0,0.0,0.0,0.0,2.0,2452.1800000000003,2.0,2.0,7.0,13518.98,7.0,7.0,1226.0900000000001,0,0,0
MRC000983,Restaurant,Small,LOC0119,AGT00213,480,1,1,0,1.0,1710.66,1.0,1.0,2.0,2060.28,2.0,2.0,3.0,2349.78,3.0,3.0,1030.14,0,0,0
MRC000984,Grocery,Micro,LOC0103,AGT00030,528,1,1,5,1.0,272.48,1.0,1.0,2.0,544.5,2.0,2.0,10.0,12350.58,10.0,10.0,272.25,0,0,0
MRC000985,Fashion,Micro,LOC0078,AGT00535,666,1,1,86,0.0,0.0,0.0,0.0,0.0,0.0,0.0,0.0,1.0,157.81,1.0,1.0,0.0,1,1,0
MRC000986,Restaurant,Micro,LOC0022,AGT00657,2236,0,1,6,1.0,26218.11,1.0,1.0,4.0,33043.41,4.0,4.0,13.0,39636.49,13.0,13.0,8260.8525,0,0,0
MRC000987,Grocery,Small,LOC0071,AGT00364,2169,1,1,5,1.0,660.03,1.0,1.0,9.0,19480.34,9.0,6.0,20.0,36937.78,20.0,16.0,2164.4822222222224,0,0,0
MRC000988,Pharmacy,Small,LOC0052,AGT00740,2302,1,1,1,3.0,1542.81,3.0,2.0,21.0,17512.04,21.0,16.0,68.0,76997.92,68.0,52.0,833.9066666666668,0,0,0
MRC000989,Healthcare,Small,LOC0015,AGT00120,2107,1,1,2,1.0,2127.0,1.0,1.0,2.0,3261.34,2.0,2.0,4.0,5084.41,4.0,4.0,1630.67,0,0,0
MRC000990,Education,Micro,LOC0119,AGT00553,2305,1,1,3,2.0,1822.64,2.0,1.0,2.0,1822.64,2.0,1.0,7.0,8866.4,7.0,6.0,911.32,0,0,0
MRC000991,Utility,Medium,LOC0073,AGT00357,1317,1,1,26,0.0,0.0,0.0,0.0,1.0,270.25,1.0,1.0,7.0,12232.88,7.0,7.0,270.25,0,0,0
MRC000992,Electronics,Micro,LOC0012,AGT00514,297,1,1,22,0.0,0.0,0.0,0.0,2.0,1434.0500000000002,2.0,2.0,5.0,3899.8500000000004,5.0,5.0,717.0250000000001,0,0,0
MRC000993,General Retail,Large,LOC0042,AGT00501,1244,1,1,0,12.0,13124.81,12.0,5.0,48.0,112675.15,48.0,22.0,127.0,230842.63,127.0,67.0,2347.398958333333,0,0,0
MRC000994,Utility,Micro,LOC0101,AGT00631,769,0,1,0,1.0,7076.8,1.0,1.0,7.0,15027.830000000002,7.0,7.0,15.0,19541.620000000003,15.0,15.0,2146.8328571428574,0,0,0
MRC000995,Grocery,Medium,LOC0054,AGT00556,821,1,1,90,0.0,0.0,0.0,0.0,0.0,0.0,0.0,0.0,0.0,0.0,0.0,0.0,0.0,1,1,1
MRC000996,General Retail,Medium,LOC0060,AGT00712,1797,1,1,8,0.0,0.0,0.0,0.0,4.0,5471.65,4.0,4.0,8.0,8771.6,8.0,8.0,1367.9125,0,0,0
MRC000997,Grocery,Medium,LOC0018,AGT00504,651,0,1,3,1.0,141.02,1.0,1.0,2.0,459.48,2.0,2.0,4.0,1004.82,4.0,4.0,229.74,0,0,0
MRC000998,Education,Medium,LOC0014,AGT00389,990,0,1,0,1.0,440.06,1.0,1.0,2.0,880.99,2.0,2.0,11.0,17765.35,11.0,8.0,440.495,0,0,0
MRC000999,Utility,Micro,LOC0118,AGT00729,1144,0,1,22,0.0,0.0,0.0,0.0,1.0,26.23,1.0,1.0,1.0,26.23,1.0,1.0,26.23,0,0,0
MRC001000,Restaurant,Small,LOC0115,AGT00296,420,1,0,55,0.0,0.0,0.0,0.0,0.0,0.0,0.0,0.0,5.0,6041.91,5.0,5.0,0.0,1,0,0
MRC001001,Education,Small,LOC0012,AGT00676,1819,1,1,0,5.0,5877.35,5.0,3.0,38.0,80731.94,38.0,21.0,100.0,149639.93,100.0,63.0,2124.5247368421055,0,0,0
MRC001002,Restaurant,Small,LOC0066,AGT00292,1954,1,1,6,1.0,1191.81,1.0,1.0,3.0,10498.199999999999,3.0,3.0,11.0,20077.19,11.0,10.0,3499.3999999999996,0,0,0
MRC001003,Grocery,Large,LOC0082,AGT00459,1507,0,0,1,1.0,305.91,1.0,1.0,3.0,708.08,3.0,3.0,9.0,7035.5,9.0,9.0,236.02666666666667,0,0,0
MRC001004,Grocery,Micro,LOC0106,AGT00401,349,1,1,0,9.0,9512.45,9.0,6.0,30.0,37819.26,30.0,19.0,85.0,142466.53,85.0,58.0,1260.642,0,0,0
MRC001005,Grocery,Small,LOC0068,AGT00600,2006,1,1,41,0.0,0.0,0.0,0.0,0.0,0.0,0.0,0.0,2.0,4083.21,2.0,2.0,0.0,1,0,0
MRC001006,Grocery,Medium,LOC0105,AGT00117,1261,1,1,0,3.0,6157.0,3.0,2.0,7.0,33991.58,7.0,6.0,17.0,55375.55,17.0,15.0,4855.9400000000005,0,0,0
MRC001007,Education,Micro,LOC0015,AGT00050,868,1,1,3,2.0,4355.94,2.0,2.0,2.0,4355.94,2.0,2.0,3.0,6608.280000000001,3.0,3.0,2177.97,0,0,0
MRC001008,Electronics,Micro,LOC0002,AGT00617,2357,1,1,10,0.0,0.0,0.0,0.0,5.0,21730.34,5.0,5.0,16.0,34491.88,16.0,14.0,4346.068,0,0,0
MRC001009,Fashion,Micro,LOC0056,AGT00756,2164,1,0,33,0.0,0.0,0.0,0.0,0.0,0.0,0.0,0.0,2.0,13134.779999999999,2.0,2.0,0.0,1,0,0
MRC001010,Transport,Small,LOC0032,AGT00253,1248,1,0,3,2.0,538.54,2.0,1.0,8.0,3590.21,8.0,7.0,17.0,11548.19,17.0,15.0,448.77625,0,0,0
MRC001011,Grocery,Medium,LOC0091,AGT00223,1255,1,1,0,8.0,17092.98,8.0,5.0,35.0,46247.34,35.0,22.0,90.0,131148.72,90.0,59.0,1321.3525714285713,0,0,0
MRC001012,Pharmacy,Micro,LOC0041,AGT00541,2279,1,1,2,2.0,3505.75,2.0,2.0,4.0,4476.51,4.0,4.0,11.0,9998.86,11.0,11.0,1119.1275,0,0,0
MRC001013,Utility,Small,LOC0049,AGT00021,704,1,1,999,0.0,0.0,0.0,0.0,0.0,0.0,0.0,0.0,0.0,0.0,0.0,0.0,0.0,1,1,1
MRC001014,General Retail,Small,LOC0065,AGT00510,1180,0,1,2,2.0,2649.9300000000003,2.0,2.0,3.0,3182.0699999999997,3.0,3.0,12.0,17430.82,12.0,11.0,1060.6899999999998,0,0,0
MRC001015,Fashion,Small,LOC0116,AGT00291,1533,1,0,6,1.0,1306.1,1.0,1.0,4.0,5992.459999999999,4.0,4.0,19.0,23028.59,19.0,19.0,1498.1149999999998,0,0,0
MRC001016,Grocery,Small,LOC0009,AGT00486,1044,1,1,0,2.0,3724.55,2.0,2.0,8.0,10838.19,8.0,7.0,23.0,24320.83,23.0,20.0,1354.77375,0,0,0
MRC001017,Utility,Medium,LOC0067,AGT00112,976,1,1,0,4.0,3928.3199999999997,4.0,2.0,13.0,14227.57,13.0,10.0,38.0,66540.79,38.0,30.0,1094.4284615384615,0,0,0
MRC001018,General Retail,Micro,LOC0047,AGT00748,521,1,1,1,4.0,7323.56,4.0,3.0,17.0,44645.93,17.0,12.0,44.0,71836.34,44.0,30.0,2626.2311764705883,0,0,0
MRC001019,Restaurant,Micro,LOC0005,AGT00496,869,1,1,6,1.0,494.33,1.0,1.0,4.0,6560.81,4.0,3.0,13.0,20482.79,13.0,12.0,1640.2025,0,0,0
MRC001020,Pharmacy,Small,LOC0098,AGT00335,1069,1,0,17,0.0,0.0,0.0,0.0,2.0,2466.22,2.0,2.0,7.0,6290.21,7.0,7.0,1233.11,0,0,0
MRC001021,Grocery,Small,LOC0110,AGT00288,2116,1,1,11,0.0,0.0,0.0,0.0,1.0,2175.43,1.0,1.0,4.0,5033.9,4.0,4.0,2175.43,0,0,0
MRC001022,Education,Small,LOC0021,AGT00502,1023,1,1,3,2.0,2550.6,2.0,2.0,2.0,2550.6,2.0,2.0,3.0,3453.77,3.0,3.0,1275.3,0,0,0
MRC001023,General Retail,Micro,LOC0092,AGT00348,639,1,1,2,1.0,586.76,1.0,1.0,4.0,2754.62,4.0,4.0,10.0,10950.99,10.0,10.0,688.655,0,0,0
MRC001024,Transport,Micro,LOC0085,AGT00315,2136,0,1,132,0.0,0.0,0.0,0.0,0.0,0.0,0.0,0.0,0.0,0.0,0.0,0.0,0.0,1,1,1
MRC001025,Restaurant,Medium,LOC0085,AGT00315,1055,1,1,11,0.0,0.0,0.0,0.0,1.0,1222.17,1.0,1.0,3.0,1674.23,3.0,3.0,1222.17,0,0,0
MRC001026,Transport,Micro,LOC0056,AGT00128,2297,1,1,1,2.0,4457.1900000000005,2.0,2.0,7.0,9481.65,7.0,7.0,18.0,26911.08,18.0,17.0,1354.5214285714285,0,0,0
MRC001027,General Retail,Small,LOC0039,AGT00445,525,1,1,4,1.0,1629.57,1.0,1.0,2.0,3828.12,2.0,2.0,6.0,11654.85,6.0,6.0,1914.06,0,0,0
MRC001028,Fashion,Small,LOC0009,AGT00199,334,1,1,0,2.0,1821.1599999999999,2.0,2.0,5.0,3378.38,5.0,4.0,17.0,16476.07,17.0,15.0,675.676,0,0,0
MRC001029,Utility,Micro,LOC0005,AGT00083,2300,1,1,13,0.0,0.0,0.0,0.0,2.0,25720.07,2.0,2.0,4.0,26931.649999999998,4.0,4.0,12860.035,0,0,0
MRC001030,Restaurant,Micro,LOC0022,AGT00449,501,1,1,0,2.0,10105.99,2.0,2.0,6.0,25236.7,6.0,6.0,11.0,36173.96,11.0,10.0,4206.116666666667,0,0,0
MRC001031,Restaurant,Micro,LOC0064,AGT00203,305,1,1,0,1.0,395.69,1.0,1.0,2.0,921.77,2.0,2.0,2.0,921.77,2.0,2.0,460.885,0,0,0
MRC001032,Education,Small,LOC0017,AGT00384,1692,1,1,31,0.0,0.0,0.0,0.0,0.0,0.0,0.0,0.0,2.0,1984.6,2.0,2.0,0.0,1,0,0
MRC001033,Fashion,Micro,LOC0083,AGT00310,980,1,1,0,2.0,2011.9,2.0,2.0,8.0,5742.21,8.0,8.0,25.0,36606.32,25.0,22.0,717.77625,0,0,0
MRC001034,General Retail,Small,LOC0075,AGT00682,1346,0,1,29,0.0,0.0,0.0,0.0,1.0,2531.13,1.0,1.0,4.0,15525.369999999999,4.0,4.0,2531.13,0,0,0
MRC001035,Electronics,Micro,LOC0042,AGT00659,1179,1,1,30,0.0,0.0,0.0,0.0,0.0,0.0,0.0,0.0,4.0,11710.560000000001,4.0,4.0,0.0,1,0,0
MRC001036,Restaurant,Micro,LOC0011,AGT00540,935,0,1,49,0.0,0.0,0.0,0.0,0.0,0.0,0.0,0.0,5.0,5707.58,5.0,4.0,0.0,1,0,0
MRC001037,Restaurant,Micro,LOC0063,AGT00606,1338,0,1,3,1.0,5374.68,1.0,1.0,6.0,17601.89,6.0,5.0,17.0,53031.77,17.0,16.0,2933.648333333333,0,0,0
MRC001038,Electronics,Micro,LOC0099,AGT00138,854,1,1,3,1.0,729.34,1.0,1.0,2.0,3129.9100000000003,2.0,2.0,11.0,25714.22,11.0,11.0,1564.9550000000002,0,0,0
MRC001039,Restaurant,Micro,LOC0048,AGT00186,777,1,1,3,1.0,282.23,1.0,1.0,2.0,707.13,2.0,2.0,14.0,12416.06,14.0,14.0,353.565,0,0,0
MRC001040,Healthcare,Medium,LOC0097,AGT00470,777,1,0,5,1.0,1035.1,1.0,1.0,2.0,1260.7199999999998,2.0,2.0,4.0,5488.9,4.0,4.0,630.3599999999999,0,0,0
MRC001041,Restaurant,Micro,LOC0035,AGT00403,545,1,1,15,0.0,0.0,0.0,0.0,2.0,2467.16,2.0,2.0,5.0,5440.49,5.0,5.0,1233.58,0,0,0
MRC001042,Restaurant,Small,LOC0010,AGT00025,1435,1,1,1,1.0,181.2,1.0,1.0,5.0,3349.37,5.0,5.0,16.0,52535.32,16.0,16.0,669.874,0,0,0
MRC001043,Education,Small,LOC0078,AGT00535,1485,1,1,0,3.0,2741.5299999999997,3.0,3.0,18.0,16909.629999999997,18.0,14.0,49.0,61977.09,49.0,41.0,939.4238888888888,0,0,0
MRC001044,Grocery,Small,LOC0107,AGT00672,325,1,1,4,1.0,322.52,1.0,1.0,2.0,496.52,2.0,2.0,8.0,4660.21,8.0,8.0,248.26,0,0,0
MRC001045,Transport,Small,LOC0107,AGT00265,1291,1,1,13,0.0,0.0,0.0,0.0,3.0,5328.110000000001,3.0,3.0,5.0,5670.23,5.0,5.0,1776.0366666666669,0,0,0
MRC001046,Electronics,Micro,LOC0116,AGT00291,1901,1,1,8,0.0,0.0,0.0,0.0,4.0,9574.15,4.0,4.0,10.0,22292.96,10.0,9.0,2393.5375,0,0,0
MRC001047,Fashion,Small,LOC0013,AGT00597,289,0,0,19,0.0,0.0,0.0,0.0,3.0,6595.03,3.0,3.0,7.0,11494.3,7.0,7.0,2198.3433333333332,0,0,0
MRC001048,Healthcare,Micro,LOC0006,AGT00545,943,1,1,202,0.0,0.0,0.0,0.0,0.0,0.0,0.0,0.0,0.0,0.0,0.0,0.0,0.0,1,1,1
MRC001049,Healthcare,Small,LOC0069,AGT00373,2386,1,0,50,0.0,0.0,0.0,0.0,0.0,0.0,0.0,0.0,2.0,3737.59,2.0,2.0,0.0,1,0,0
MRC001050,General Retail,Micro,LOC0115,AGT00202,1219,1,1,1,2.0,1212.95,2.0,2.0,2.0,1212.95,2.0,2.0,9.0,12361.960000000001,9.0,9.0,606.475,0,0,0
MRC001051,Restaurant,Small,LOC0120,AGT00347,323,1,1,27,0.0,0.0,0.0,0.0,1.0,115.34,1.0,1.0,10.0,10268.57,10.0,10.0,115.34,0,0,0
MRC001052,Restaurant,Small,LOC0034,AGT00219,1438,1,1,9,0.0,0.0,0.0,0.0,3.0,3317.43,3.0,3.0,9.0,11746.43,9.0,9.0,1105.81,0,0,0
MRC001053,Healthcare,Small,LOC0046,AGT00718,1184,1,1,3,1.0,1371.06,1.0,1.0,6.0,6473.28,6.0,4.0,23.0,24712.23,23.0,20.0,1078.8799999999999,0,0,0
MRC001054,Education,Micro,LOC0080,AGT00224,748,1,1,14,0.0,0.0,0.0,0.0,2.0,1423.02,2.0,2.0,4.0,2916.38,4.0,4.0,711.51,0,0,0
MRC001055,Transport,Small,LOC0110,AGT00287,447,1,1,2,1.0,445.2,1.0,1.0,3.0,2687.9,3.0,3.0,4.0,2723.5099999999998,4.0,4.0,895.9666666666667,0,0,0
MRC001056,Electronics,Small,LOC0021,AGT00502,2217,0,1,5,1.0,136.11,1.0,1.0,1.0,136.11,1.0,1.0,2.0,694.11,2.0,2.0,136.11,0,0,0
MRC001057,Utility,Small,LOC0118,AGT00404,2063,1,1,20,0.0,0.0,0.0,0.0,1.0,2853.98,1.0,1.0,6.0,10843.15,6.0,6.0,2853.98,0,0,0
MRC001058,Grocery,Micro,LOC0099,AGT00139,1777,1,0,8,0.0,0.0,0.0,0.0,1.0,725.57,1.0,1.0,5.0,6496.06,5.0,5.0,725.57,0,0,0
MRC001059,Electronics,Micro,LOC0009,AGT00486,325,0,0,39,0.0,0.0,0.0,0.0,0.0,0.0,0.0,0.0,1.0,8387.46,1.0,1.0,0.0,1,0,0
MRC001060,Grocery,Micro,LOC0102,AGT00795,2188,1,1,61,0.0,0.0,0.0,0.0,0.0,0.0,0.0,0.0,1.0,893.87,1.0,1.0,0.0,1,1,0
MRC001061,Restaurant,Small,LOC0077,AGT00168,1321,1,1,67,0.0,0.0,0.0,0.0,0.0,0.0,0.0,0.0,1.0,1227.95,1.0,1.0,0.0,1,1,0
MRC001062,Transport,Small,LOC0118,AGT00444,1325,1,1,4,2.0,1156.85,2.0,2.0,3.0,1668.8200000000002,3.0,3.0,12.0,17277.32,12.0,11.0,556.2733333333334,0,0,0
MRC001063,Fashion,Small,LOC0026,AGT00776,2204,1,0,37,0.0,0.0,0.0,0.0,0.0,0.0,0.0,0.0,3.0,2579.35,3.0,3.0,0.0,1,0,0
MRC001064,Restaurant,Small,LOC0120,AGT00347,1231,0,1,39,0.0,0.0,0.0,0.0,0.0,0.0,0.0,0.0,1.0,406.27,1.0,1.0,0.0,1,0,0
MRC001065,General Retail,Small,LOC0006,AGT00513,803,0,1,9,0.0,0.0,0.0,0.0,5.0,5535.69,5.0,5.0,15.0,25751.8,15.0,14.0,1107.138,0,0,0
MRC001066,Utility,Small,LOC0010,AGT00025,805,1,0,3,2.0,1525.6499999999999,2.0,2.0,9.0,5751.1,9.0,8.0,37.0,58302.03,37.0,29.0,639.0111111111112,0,0,0
MRC001067,Electronics,Small,LOC0054,AGT00320,2312,0,1,7,0.0,0.0,0.0,0.0,2.0,819.48,2.0,2.0,8.0,6316.27,8.0,8.0,409.74,0,0,0
MRC001068,General Retail,Small,LOC0079,AGT00432,1477,1,1,7,0.0,0.0,0.0,0.0,3.0,8623.970000000001,3.0,3.0,9.0,21037.9,9.0,8.0,2874.656666666667,0,0,0
MRC001069,Fashion,Micro,LOC0021,AGT00502,1551,1,1,16,0.0,0.0,0.0,0.0,4.0,7414.94,4.0,3.0,15.0,24905.2,15.0,13.0,1853.735,0,0,0
MRC001070,Utility,Medium,LOC0033,AGT00475,1583,1,1,24,0.0,0.0,0.0,0.0,1.0,793.23,1.0,1.0,1.0,793.23,1.0,1.0,793.23,0,0,0
MRC001071,Grocery,Large,LOC0047,AGT00602,768,1,1,10,0.0,0.0,0.0,0.0,8.0,9979.67,8.0,7.0,24.0,42634.840000000004,24.0,22.0,1247.45875,0,0,0
MRC001072,Pharmacy,Small,LOC0016,AGT00100,1204,0,1,0,2.0,1848.5900000000001,2.0,2.0,12.0,20290.23,12.0,12.0,34.0,54268.3,34.0,30.0,1690.8525,0,0,0
MRC001073,Restaurant,Medium,LOC0022,AGT00787,2366,1,0,1,2.0,3018.33,2.0,2.0,23.0,31213.690000000002,23.0,19.0,66.0,104352.91,66.0,52.0,1357.1169565217392,0,0,0
MRC001074,Grocery,Large,LOC0018,AGT00137,604,1,0,20,0.0,0.0,0.0,0.0,2.0,1695.0500000000002,2.0,2.0,5.0,3357.9700000000003,5.0,5.0,847.5250000000001,0,0,0
MRC001075,Electronics,Small,LOC0115,AGT00108,2365,1,1,3,1.0,427.01,1.0,1.0,2.0,1534.34,2.0,2.0,5.0,5222.42,5.0,5.0,767.17,0,0,0
MRC001076,Grocery,Small,LOC0113,AGT00048,883,1,1,2,2.0,697.21,2.0,2.0,6.0,4321.98,6.0,6.0,41.0,49440.659999999996,41.0,34.0,720.3299999999999,0,0,0
MRC001077,Transport,Small,LOC0076,AGT00332,933,0,1,16,0.0,0.0,0.0,0.0,5.0,3380.7400000000002,5.0,5.0,12.0,10951.7,12.0,12.0,676.148,0,0,0
MRC001078,Grocery,Micro,LOC0083,AGT00441,318,1,0,0,3.0,2648.16,3.0,1.0,12.0,22361.37,12.0,10.0,26.0,40970.0,26.0,23.0,1863.4475,0,0,0
MRC001079,Grocery,Micro,LOC0017,AGT00384,1737,0,1,22,0.0,0.0,0.0,0.0,2.0,4508.679999999999,2.0,2.0,3.0,4694.74,3.0,3.0,2254.3399999999997,0,0,0
MRC001080,General Retail,Small,LOC0007,AGT00662,984,1,1,6,1.0,1019.29,1.0,1.0,6.0,7319.01,6.0,6.0,18.0,17892.92,18.0,18.0,1219.835,0,0,0
MRC001081,Transport,Small,LOC0046,AGT00743,1290,0,1,11,0.0,0.0,0.0,0.0,3.0,4622.21,3.0,2.0,5.0,7501.74,5.0,4.0,1540.7366666666667,0,0,0
MRC001082,General Retail,Micro,LOC0119,AGT00209,1555,1,1,2,1.0,6892.77,1.0,1.0,6.0,12941.080000000002,6.0,6.0,7.0,14907.8,7.0,7.0,2156.846666666667,0,0,0
MRC001083,Fashion,Small,LOC0058,AGT00630,1672,0,1,22,0.0,0.0,0.0,0.0,1.0,1477.55,1.0,1.0,7.0,11950.81,7.0,7.0,1477.55,0,0,0
MRC001084,Grocery,Small,LOC0097,AGT00671,2375,1,1,0,7.0,7391.47,7.0,5.0,33.0,34992.88,33.0,20.0,107.0,168276.47,107.0,62.0,1060.390303030303,0,0,0
MRC001085,Education,Small,LOC0045,AGT00589,1501,0,1,0,2.0,2095.74,2.0,2.0,6.0,8964.1,6.0,6.0,17.0,23750.81,17.0,14.0,1494.0166666666667,0,0,0
MRC001086,Electronics,Micro,LOC0038,AGT00608,675,0,1,999,0.0,0.0,0.0,0.0,0.0,0.0,0.0,0.0,0.0,0.0,0.0,0.0,0.0,1,1,1
MRC001087,Grocery,Small,LOC0098,AGT00017,1824,0,1,10,0.0,0.0,0.0,0.0,2.0,2266.93,2.0,2.0,11.0,15981.99,11.0,11.0,1133.465,0,0,0
MRC001088,General Retail,Micro,LOC0057,AGT00200,408,0,1,0,1.0,2549.68,1.0,1.0,1.0,2549.68,1.0,1.0,19.0,35633.74,19.0,16.0,2549.68,0,0,0
MRC001089,Education,Micro,LOC0088,AGT00442,2130,1,0,10,0.0,0.0,0.0,0.0,4.0,5072.01,4.0,3.0,9.0,14987.58,9.0,7.0,1268.0025,0,0,0
MRC001090,Healthcare,Micro,LOC0088,AGT00053,934,1,1,6,1.0,1040.34,1.0,1.0,1.0,1040.34,1.0,1.0,3.0,6312.58,3.0,3.0,1040.34,0,0,0
MRC001091,Fashion,Micro,LOC0088,AGT00442,1865,0,1,2,1.0,214.68,1.0,1.0,6.0,19707.23,6.0,4.0,21.0,60717.49,21.0,17.0,3284.5383333333334,0,0,0
MRC001092,Education,Micro,LOC0082,AGT00208,629,1,1,27,0.0,0.0,0.0,0.0,1.0,4653.28,1.0,1.0,6.0,10881.939999999999,6.0,6.0,4653.28,0,0,0
MRC001093,Pharmacy,Small,LOC0098,AGT00335,1175,1,0,0,3.0,1287.97,3.0,3.0,5.0,2125.23,5.0,5.0,18.0,21095.95,18.0,17.0,425.046,0,0,0
MRC001094,General Retail,Small,LOC0056,AGT00583,1806,1,0,38,0.0,0.0,0.0,0.0,0.0,0.0,0.0,0.0,2.0,2689.55,2.0,2.0,0.0,1,0,0
MRC001095,Restaurant,Micro,LOC0037,AGT00226,1644,1,1,19,0.0,0.0,0.0,0.0,1.0,3454.36,1.0,1.0,3.0,4851.030000000001,3.0,3.0,3454.36,0,0,0
MRC001096,Grocery,Medium,LOC0062,AGT00487,299,1,0,3,1.0,526.17,1.0,1.0,6.0,7741.32,6.0,5.0,22.0,51993.84,22.0,19.0,1290.22,0,0,0
MRC001097,Grocery,Small,LOC0039,AGT00726,362,1,1,12,0.0,0.0,0.0,0.0,4.0,1363.89,4.0,4.0,17.0,14298.34,17.0,14.0,340.9725,0,0,0
MRC001098,Transport,Medium,LOC0006,AGT00513,2430,1,1,0,1.0,327.27,1.0,1.0,2.0,413.27,2.0,2.0,12.0,12114.23,12.0,12.0,206.635,0,0,0
MRC001099,General Retail,Small,LOC0044,AGT00615,1442,1,1,11,0.0,0.0,0.0,0.0,2.0,4193.43,2.0,2.0,9.0,21026.27,9.0,9.0,2096.715,0,0,0
MRC001100,General Retail,Micro,LOC0061,AGT00524,2156,1,1,34,0.0,0.0,0.0,0.0,0.0,0.0,0.0,0.0,3.0,1499.83,3.0,3.0,0.0,1,0,0
MRC001101,Transport,Medium,LOC0063,AGT00033,445,1,1,2,1.0,2856.32,1.0,1.0,1.0,2856.32,1.0,1.0,1.0,2856.32,1.0,1.0,2856.32,0,0,0
MRC001102,General Retail,Medium,LOC0041,AGT00541,1359,1,1,22,0.0,0.0,0.0,0.0,1.0,580.74,1.0,1.0,3.0,2308.84,3.0,3.0,580.74,0,0,0
MRC001103,Healthcare,Small,LOC0088,AGT00192,1546,1,1,6,1.0,1044.66,1.0,1.0,12.0,13788.01,12.0,9.0,19.0,24704.440000000002,19.0,15.0,1149.0008333333333,0,0,0
MRC001104,Restaurant,Small,LOC0035,AGT00360,2299,1,1,0,4.0,4104.82,4.0,4.0,19.0,64785.030000000006,19.0,15.0,52.0,125599.66,52.0,42.0,3409.738421052632,0,0,0
MRC001105,Education,Small,LOC0078,AGT00535,1839,1,1,19,0.0,0.0,0.0,0.0,3.0,3936.81,3.0,3.0,9.0,8276.66,9.0,8.0,1312.27,0,0,0
MRC001106,Grocery,Small,LOC0033,AGT00412,1659,1,1,8,0.0,0.0,0.0,0.0,5.0,10663.0,5.0,5.0,14.0,26380.89,14.0,12.0,2132.6,0,0,0
MRC001107,Pharmacy,Small,LOC0119,AGT00553,928,0,1,41,0.0,0.0,0.0,0.0,0.0,0.0,0.0,0.0,1.0,3373.6,1.0,1.0,0.0,1,0,0
MRC001108,Restaurant,Small,LOC0078,AGT00246,2458,0,1,4,1.0,502.89,1.0,1.0,5.0,5305.42,5.0,5.0,24.0,37880.66,24.0,21.0,1061.084,0,0,0
MRC001109,Pharmacy,Micro,LOC0067,AGT00205,1002,1,1,1,2.0,810.02,2.0,2.0,4.0,4118.09,4.0,4.0,14.0,29823.64,14.0,14.0,1029.5225,0,0,0
MRC001110,General Retail,Micro,LOC0052,AGT00740,895,1,1,0,2.0,8740.619999999999,2.0,2.0,7.0,16201.25,7.0,6.0,17.0,32901.58,17.0,15.0,2314.464285714286,0,0,0
MRC001111,General Retail,Micro,LOC0091,AGT00779,1868,1,1,1,1.0,26900.37,1.0,1.0,8.0,40082.619999999995,8.0,6.0,25.0,71774.06,25.0,18.0,5010.327499999999,0,0,0
MRC001112,Restaurant,Micro,LOC0052,AGT00740,2465,1,0,0,2.0,785.5999999999999,2.0,2.0,12.0,15548.48,12.0,9.0,44.0,61440.61,44.0,35.0,1295.7066666666667,0,0,0
MRC001113,Transport,Micro,LOC0097,AGT00706,2159,0,1,127,0.0,0.0,0.0,0.0,0.0,0.0,0.0,0.0,0.0,0.0,0.0,0.0,0.0,1,1,1
MRC001114,Restaurant,Medium,LOC0020,AGT00543,680,1,1,7,0.0,0.0,0.0,0.0,4.0,8294.08,4.0,4.0,6.0,8937.34,6.0,6.0,2073.52,0,0,0
MRC001115,Grocery,Micro,LOC0099,AGT00500,2068,1,0,7,0.0,0.0,0.0,0.0,3.0,1233.0,3.0,3.0,9.0,6333.7,9.0,9.0,411.0,0,0,0
MRC001116,Restaurant,Micro,LOC0116,AGT00317,1059,1,1,16,0.0,0.0,0.0,0.0,2.0,952.21,2.0,2.0,2.0,952.21,2.0,2.0,476.105,0,0,0
MRC001117,Pharmacy,Micro,LOC0030,AGT00411,772,1,1,0,1.0,2800.71,1.0,1.0,3.0,5859.38,3.0,3.0,4.0,6236.88,4.0,4.0,1953.1266666666668,0,0,0
MRC001118,Restaurant,Small,LOC0027,AGT00473,2330,0,1,3,1.0,962.14,1.0,1.0,8.0,12690.960000000001,8.0,8.0,27.0,45401.69,27.0,22.0,1586.3700000000001,0,0,0
MRC001119,Pharmacy,Small,LOC0115,AGT00006,2362,1,1,1,1.0,1621.04,1.0,1.0,1.0,1621.04,1.0,1.0,3.0,5644.42,3.0,3.0,1621.04,0,0,0
MRC001120,Grocery,Small,LOC0049,AGT00021,1096,1,1,17,0.0,0.0,0.0,0.0,1.0,3659.04,1.0,1.0,12.0,15110.32,12.0,11.0,3659.04,0,0,0
MRC001121,Pharmacy,Medium,LOC0084,AGT00249,344,1,1,60,0.0,0.0,0.0,0.0,0.0,0.0,0.0,0.0,3.0,2292.98,3.0,3.0,0.0,1,1,0
MRC001122,General Retail,Large,LOC0023,AGT00065,745,1,1,23,0.0,0.0,0.0,0.0,2.0,4948.7300000000005,2.0,2.0,9.0,11529.27,9.0,9.0,2474.3650000000002,0,0,0
MRC001123,Grocery,Medium,LOC0052,AGT00740,1469,1,1,1,2.0,9458.86,2.0,2.0,5.0,11235.91,5.0,5.0,14.0,32094.83,14.0,14.0,2247.182,0,0,0
MRC001124,Restaurant,Medium,LOC0085,AGT00294,416,0,1,0,3.0,5340.0599999999995,3.0,2.0,11.0,13389.289999999999,11.0,9.0,31.0,36571.98,31.0,27.0,1217.2081818181816,0,0,0
MRC001125,Electronics,Micro,LOC0108,AGT00216,783,1,1,3,2.0,1021.0699999999999,2.0,2.0,4.0,2728.7599999999998,4.0,4.0,28.0,43840.51,28.0,24.0,682.1899999999999,0,0,0
MRC001126,Restaurant,Small,LOC0053,AGT00181,612,0,1,5,1.0,297.34,1.0,1.0,4.0,1519.44,4.0,4.0,8.0,3187.28,8.0,8.0,379.86,0,0,0
MRC001127,Electronics,Micro,LOC0010,AGT00025,2367,1,1,12,0.0,0.0,0.0,0.0,12.0,30295.79,12.0,9.0,28.0,64328.590000000004,28.0,24.0,2524.6491666666666,0,0,0
MRC001128,Grocery,Small,LOC0050,AGT00647,1063,1,1,3,1.0,265.77,1.0,1.0,2.0,2792.78,2.0,2.0,14.0,18540.72,14.0,13.0,1396.39,0,0,0
MRC001129,Transport,Micro,LOC0078,AGT00189,1117,1,1,18,0.0,0.0,0.0,0.0,1.0,716.49,1.0,1.0,6.0,5933.28,6.0,6.0,716.49,0,0,0
MRC001130,Education,Micro,LOC0106,AGT00175,1207,1,1,19,0.0,0.0,0.0,0.0,5.0,4733.88,5.0,3.0,20.0,23810.08,20.0,16.0,946.7760000000001,0,0,0
MRC001131,Transport,Micro,LOC0101,AGT00107,315,1,1,2,1.0,1178.38,1.0,1.0,9.0,10506.41,9.0,8.0,24.0,47142.58,24.0,22.0,1167.378888888889,0,0,0
MRC001132,Education,Small,LOC0092,AGT00042,1472,1,1,117,0.0,0.0,0.0,0.0,0.0,0.0,0.0,0.0,0.0,0.0,0.0,0.0,0.0,1,1,1
MRC001133,Fashion,Small,LOC0020,AGT00082,2280,1,1,58,0.0,0.0,0.0,0.0,0.0,0.0,0.0,0.0,2.0,7388.99,2.0,2.0,0.0,1,0,0
MRC001134,Restaurant,Micro,LOC0063,AGT00033,2064,1,1,6,1.0,49.38,1.0,1.0,5.0,2225.22,5.0,5.0,11.0,9340.56,11.0,11.0,445.044,0,0,0
MRC001135,Pharmacy,Small,LOC0070,AGT00421,834,0,1,37,0.0,0.0,0.0,0.0,0.0,0.0,0.0,0.0,2.0,2553.84,2.0,2.0,0.0,1,0,0
MRC001136,Electronics,Micro,LOC0057,AGT00200,316,1,1,0,1.0,1742.36,1.0,1.0,2.0,2594.13,2.0,2.0,3.0,7077.93,3.0,3.0,1297.065,0,0,0
MRC001137,Grocery,Small,LOC0111,AGT00799,1976,1,1,6,1.0,1747.86,1.0,1.0,2.0,2841.8,2.0,2.0,4.0,3219.21,4.0,4.0,1420.9,0,0,0
MRC001138,Restaurant,Micro,LOC0116,AGT00537,2124,0,1,6,1.0,245.13,1.0,1.0,7.0,10378.9,7.0,6.0,18.0,20537.25,18.0,17.0,1482.7,0,0,0
MRC001139,Transport,Micro,LOC0026,AGT00636,2301,1,1,6,1.0,388.98,1.0,1.0,8.0,4405.05,8.0,8.0,18.0,23815.44,18.0,16.0,550.63125,0,0,0
MRC001140,Grocery,Small,LOC0115,AGT00339,1548,1,0,1,1.0,633.04,1.0,1.0,6.0,4168.29,6.0,6.0,12.0,10064.19,12.0,12.0,694.715,0,0,0
MRC001141,Grocery,Small,LOC0102,AGT00342,1321,1,0,1,2.0,2188.84,2.0,2.0,5.0,5613.09,5.0,5.0,9.0,11624.38,9.0,9.0,1122.618,0,0,0
MRC001142,Transport,Medium,LOC0085,AGT00329,1939,1,1,1,10.0,21448.2,10.0,5.0,28.0,42839.9,28.0,17.0,82.0,125148.0,82.0,50.0,1529.9964285714286,0,0,0
MRC001143,Restaurant,Small,LOC0046,AGT00119,1795,1,1,17,0.0,0.0,0.0,0.0,1.0,1233.35,1.0,1.0,1.0,1233.35,1.0,1.0,1233.35,0,0,0
MRC001144,Utility,Medium,LOC0092,AGT00350,1940,1,1,12,0.0,0.0,0.0,0.0,5.0,13962.689999999999,5.0,5.0,11.0,21895.18,11.0,11.0,2792.5379999999996,0,0,0
MRC001145,General Retail,Micro,LOC0071,AGT00032,908,1,1,2,1.0,4602.85,1.0,1.0,2.0,6395.860000000001,2.0,2.0,5.0,10634.37,5.0,5.0,3197.9300000000003,0,0,0
MRC001146,General Retail,Small,LOC0108,AGT00235,2260,0,1,5,1.0,877.63,1.0,1.0,1.0,877.63,1.0,1.0,3.0,1858.3600000000001,3.0,3.0,877.63,0,0,0
MRC001147,Fashion,Large,LOC0086,AGT00582,368,1,1,3,3.0,15103.140000000001,3.0,2.0,10.0,23772.9,10.0,8.0,29.0,36909.26,29.0,24.0,2377.29,0,0,0
MRC001148,Pharmacy,Micro,LOC0116,AGT00537,491,1,1,0,1.0,7076.24,1.0,1.0,2.0,7352.46,2.0,2.0,4.0,10023.26,4.0,4.0,3676.23,0,0,0
MRC001149,Education,Small,LOC0051,AGT00594,1717,1,1,5,1.0,11847.31,1.0,1.0,4.0,13870.199999999999,4.0,4.0,20.0,37046.99,20.0,15.0,3467.5499999999997,0,0,0
MRC001150,Education,Micro,LOC0010,AGT00025,1535,1,1,0,2.0,11098.810000000001,2.0,2.0,4.0,16246.93,4.0,4.0,10.0,27959.48,10.0,10.0,4061.7325,0,0,0
MRC001151,Education,Small,LOC0060,AGT00714,1497,0,1,2,1.0,606.44,1.0,1.0,8.0,9791.66,8.0,7.0,26.0,35106.39,26.0,23.0,1223.9575,0,0,0
MRC001152,Restaurant,Micro,LOC0120,AGT00436,2273,1,0,1,1.0,2508.87,1.0,1.0,2.0,4104.87,2.0,2.0,3.0,5044.09,3.0,3.0,2052.435,0,0,0
MRC001153,Grocery,Small,LOC0079,AGT00369,2189,1,1,2,4.0,4674.87,4.0,3.0,14.0,15985.46,14.0,12.0,34.0,71301.38,34.0,28.0,1141.8185714285714,0,0,0
MRC001154,Pharmacy,Small,LOC0085,AGT00315,1858,0,1,10,0.0,0.0,0.0,0.0,5.0,10226.66,5.0,5.0,21.0,46770.03,21.0,19.0,2045.3319999999999,0,0,0
MRC001155,Grocery,Micro,LOC0076,AGT00405,646,1,1,69,0.0,0.0,0.0,0.0,0.0,0.0,0.0,0.0,1.0,3947.96,1.0,1.0,0.0,1,1,0
MRC001156,Grocery,Micro,LOC0072,AGT00788,498,1,1,9,0.0,0.0,0.0,0.0,1.0,263.95,1.0,1.0,5.0,7079.51,5.0,5.0,263.95,0,0,0
MRC001157,General Retail,Micro,LOC0008,AGT00547,592,0,1,5,1.0,3424.19,1.0,1.0,8.0,19406.91,8.0,7.0,27.0,45490.8,27.0,24.0,2425.86375,0,0,0
MRC001158,Grocery,Micro,LOC0050,AGT00647,1628,1,0,0,2.0,1673.97,2.0,2.0,12.0,10990.32,12.0,11.0,38.0,42001.729999999996,38.0,32.0,915.86,0,0,0
MRC001159,Education,Small,LOC0011,AGT00207,1844,1,1,5,1.0,978.97,1.0,1.0,4.0,5688.12,4.0,4.0,17.0,16867.32,17.0,14.0,1422.03,0,0,0
MRC001160,General Retail,Medium,LOC0041,AGT00497,2034,1,1,11,0.0,0.0,0.0,0.0,1.0,383.4,1.0,1.0,4.0,1663.44,4.0,4.0,383.4,0,0,0
MRC001161,Restaurant,Micro,LOC0087,AGT00772,512,0,1,48,0.0,0.0,0.0,0.0,0.0,0.0,0.0,0.0,4.0,8495.49,4.0,4.0,0.0,1,0,0
MRC001162,Electronics,Small,LOC0097,AGT00719,887,0,1,6,1.0,172.31,1.0,1.0,7.0,4297.01,7.0,7.0,14.0,14968.08,14.0,14.0,613.8585714285715,0,0,0
MRC001163,Transport,Small,LOC0027,AGT00415,1025,1,0,2,1.0,514.22,1.0,1.0,2.0,907.21,2.0,2.0,9.0,7836.360000000001,9.0,9.0,453.605,0,0,0
MRC001164,Restaurant,Micro,LOC0079,AGT00432,1668,1,1,16,0.0,0.0,0.0,0.0,3.0,8555.81,3.0,3.0,6.0,10029.47,6.0,6.0,2851.9366666666665,0,0,0
MRC001165,Fashion,Micro,LOC0028,AGT00349,388,0,0,33,0.0,0.0,0.0,0.0,0.0,0.0,0.0,0.0,3.0,6428.02,3.0,3.0,0.0,1,0,0
MRC001166,Utility,Small,LOC0025,AGT00114,2123,1,1,2,1.0,1109.01,1.0,1.0,8.0,11505.46,8.0,7.0,22.0,23333.85,22.0,19.0,1438.1825,0,0,0
MRC001167,Healthcare,Small,LOC0116,AGT00113,463,0,1,1,8.0,11951.72,8.0,5.0,22.0,42523.47,22.0,17.0,57.0,97869.49,57.0,44.0,1932.885,0,0,0
MRC001168,Utility,Medium,LOC0074,AGT00003,1431,1,0,2,3.0,3422.34,3.0,3.0,15.0,9549.81,15.0,13.0,29.0,24392.24,29.0,26.0,636.654,0,0,0
MRC001169,General Retail,Small,LOC0024,AGT00640,2325,1,1,7,0.0,0.0,0.0,0.0,2.0,1466.85,2.0,2.0,10.0,12337.9,10.0,9.0,733.425,0,0,0
MRC001170,Restaurant,Small,LOC0017,AGT00069,711,0,1,110,0.0,0.0,0.0,0.0,0.0,0.0,0.0,0.0,0.0,0.0,0.0,0.0,0.0,1,1,1
MRC001171,Healthcare,Medium,LOC0006,AGT00586,1788,1,1,0,1.0,1020.48,1.0,1.0,2.0,1189.12,2.0,2.0,17.0,26170.5,17.0,15.0,594.56,0,0,0
MRC001172,Education,Medium,LOC0060,AGT00714,1488,1,1,0,13.0,17482.62,13.0,6.0,25.0,44612.979999999996,25.0,16.0,59.0,84220.93,59.0,41.0,1784.5191999999997,0,0,0
MRC001173,Transport,Medium,LOC0013,AGT00439,2078,1,1,3,1.0,1188.87,1.0,1.0,4.0,2213.68,4.0,4.0,30.0,108584.9,30.0,25.0,553.42,0,0,0
MRC001174,Healthcare,Micro,LOC0071,AGT00239,1571,1,1,15,0.0,0.0,0.0,0.0,2.0,9088.84,2.0,2.0,12.0,31280.4,12.0,12.0,4544.42,0,0,0
MRC001175,Healthcare,Large,LOC0053,AGT00739,2140,0,1,33,0.0,0.0,0.0,0.0,0.0,0.0,0.0,0.0,7.0,3165.76,7.0,7.0,0.0,1,0,0
MRC001176,General Retail,Medium,LOC0077,AGT00159,1167,0,1,2,1.0,580.91,1.0,1.0,4.0,4822.4,4.0,3.0,10.0,13533.31,10.0,8.0,1205.6,0,0,0
MRC001177,Restaurant,Small,LOC0025,AGT00114,645,1,1,10,0.0,0.0,0.0,0.0,8.0,9621.869999999999,8.0,6.0,28.0,50597.46,28.0,23.0,1202.7337499999999,0,0,0
MRC001178,Transport,Small,LOC0018,AGT00504,1771,1,1,4,1.0,22199.56,1.0,1.0,5.0,30873.530000000002,5.0,5.0,11.0,39147.850000000006,11.0,11.0,6174.706,0,0,0
MRC001179,Pharmacy,Large,LOC0013,AGT00789,2401,1,1,13,0.0,0.0,0.0,0.0,2.0,539.8,2.0,2.0,11.0,9476.720000000001,11.0,8.0,269.9,0,0,0
MRC001180,Education,Small,LOC0012,AGT00495,1233,1,1,15,0.0,0.0,0.0,0.0,2.0,596.5799999999999,2.0,2.0,4.0,5592.35,4.0,4.0,298.28999999999996,0,0,0
MRC001181,Healthcare,Small,LOC0009,AGT00486,2078,1,1,0,11.0,26817.23,11.0,7.0,59.0,87461.33,59.0,28.0,142.0,179644.6,142.0,71.0,1482.3954237288135,0,0,0
MRC001182,Utility,Small,LOC0032,AGT00253,2204,1,1,7,0.0,0.0,0.0,0.0,1.0,1133.48,1.0,1.0,4.0,3735.4700000000003,4.0,4.0,1133.48,0,0,0
MRC001183,Fashion,Small,LOC0097,AGT00745,1697,1,1,17,0.0,0.0,0.0,0.0,1.0,53.98,1.0,1.0,2.0,382.81,2.0,2.0,53.98,0,0,0
MRC001184,Electronics,Small,LOC0073,AGT00357,2016,1,1,3,1.0,1894.94,1.0,1.0,3.0,3899.2400000000002,3.0,3.0,11.0,19411.53,11.0,11.0,1299.7466666666667,0,0,0
MRC001185,Restaurant,Micro,LOC0031,AGT00573,1517,1,0,44,0.0,0.0,0.0,0.0,0.0,0.0,0.0,0.0,6.0,6125.59,6.0,5.0,0.0,1,0,0
MRC001186,Grocery,Micro,LOC0112,AGT00402,2045,0,1,0,4.0,3136.5299999999997,4.0,4.0,8.0,7860.66,8.0,8.0,22.0,27902.739999999998,22.0,22.0,982.5825,0,0,0
MRC001187,Pharmacy,Small,LOC0092,AGT00348,1021,1,1,3,2.0,5813.85,2.0,2.0,12.0,14631.99,12.0,10.0,25.0,35042.07,25.0,23.0,1219.3325,0,0,0
MRC001188,General Retail,Small,LOC0094,AGT00623,1436,1,0,1,1.0,2511.56,1.0,1.0,1.0,2511.56,1.0,1.0,3.0,4915.860000000001,3.0,3.0,2511.56,0,0,0
MRC001189,Restaurant,Small,LOC0108,AGT00235,457,1,1,5,1.0,155.47,1.0,1.0,2.0,1919.47,2.0,2.0,5.0,8508.52,5.0,5.0,959.735,0,0,0
MRC001190,General Retail,Medium,LOC0090,AGT00577,716,1,1,5,1.0,1877.03,1.0,1.0,1.0,1877.03,1.0,1.0,3.0,2720.62,3.0,3.0,1877.03,0,0,0
MRC001191,Pharmacy,Small,LOC0115,AGT00563,1552,1,1,2,1.0,5918.78,1.0,1.0,4.0,8996.279999999999,4.0,3.0,16.0,31687.98,16.0,13.0,2249.0699999999997,0,0,0
MRC001192,Healthcare,Small,LOC0040,AGT00089,1869,1,1,8,0.0,0.0,0.0,0.0,1.0,106.3,1.0,1.0,18.0,28457.579999999998,18.0,14.0,106.3,0,0,0
MRC001193,Education,Micro,LOC0103,AGT00551,352,1,1,24,0.0,0.0,0.0,0.0,2.0,2220.17,2.0,2.0,5.0,16528.18,5.0,5.0,1110.085,0,0,0
MRC001194,Transport,Small,LOC0014,AGT00388,437,1,0,11,0.0,0.0,0.0,0.0,3.0,9700.55,3.0,3.0,15.0,31481.09,15.0,14.0,3233.5166666666664,0,0,0
MRC001195,Transport,Medium,LOC0037,AGT00361,300,0,0,66,0.0,0.0,0.0,0.0,0.0,0.0,0.0,0.0,3.0,6513.99,3.0,3.0,0.0,1,1,0
MRC001196,Transport,Small,LOC0108,AGT00235,1417,1,1,33,0.0,0.0,0.0,0.0,0.0,0.0,0.0,0.0,5.0,10339.18,5.0,5.0,0.0,1,0,0
MRC001197,General Retail,Medium,LOC0017,AGT00408,1019,0,1,7,0.0,0.0,0.0,0.0,3.0,823.3599999999999,3.0,3.0,4.0,1145.92,4.0,4.0,274.4533333333333,0,0,0
MRC001198,Education,Large,LOC0061,AGT00428,402,0,1,6,1.0,412.18,1.0,1.0,4.0,2081.69,4.0,4.0,16.0,14841.220000000001,16.0,16.0,520.4225,0,0,0
MRC001199,Grocery,Micro,LOC0041,AGT00378,2021,0,1,11,0.0,0.0,0.0,0.0,2.0,438.55,2.0,2.0,9.0,7137.42,9.0,9.0,219.275,0,0,0
MRC001200,Pharmacy,Small,LOC0013,AGT00649,1441,1,1,20,0.0,0.0,0.0,0.0,1.0,1482.28,1.0,1.0,3.0,4860.84,3.0,3.0,1482.28,0,0,0
MRC001201,Transport,Small,LOC0029,AGT00356,308,1,1,0,2.0,3945.86,2.0,1.0,6.0,15027.84,6.0,5.0,14.0,28065.43,14.0,13.0,2504.64,0,0,0
MRC001202,Fashion,Small,LOC0065,AGT00313,1785,1,1,0,3.0,2893.5600000000004,3.0,2.0,13.0,12225.86,13.0,8.0,34.0,72085.28,34.0,28.0,940.4507692307693,0,0,0
MRC001203,Electronics,Micro,LOC0076,AGT00184,2278,1,1,10,0.0,0.0,0.0,0.0,1.0,890.8,1.0,1.0,4.0,24907.71,4.0,4.0,890.8,0,0,0
MRC001204,Education,Micro,LOC0082,AGT00147,1202,1,1,1,1.0,1327.95,1.0,1.0,3.0,3007.77,3.0,3.0,6.0,9955.45,6.0,6.0,1002.59,0,0,0
MRC001205,Restaurant,Micro,LOC0016,AGT00278,2361,0,1,3,1.0,3152.83,1.0,1.0,7.0,11184.52,7.0,6.0,18.0,60601.4,18.0,15.0,1597.7885714285715,0,0,0
MRC001206,Utility,Small,LOC0039,AGT00304,1197,1,1,14,0.0,0.0,0.0,0.0,3.0,872.98,3.0,3.0,7.0,10249.029999999999,7.0,7.0,290.99333333333334,0,0,0
MRC001207,Healthcare,Micro,LOC0013,AGT00689,456,1,1,43,0.0,0.0,0.0,0.0,0.0,0.0,0.0,0.0,1.0,929.03,1.0,1.0,0.0,1,0,0
MRC001208,Healthcare,Small,LOC0002,AGT00617,555,1,1,2,1.0,2758.0,1.0,1.0,3.0,3616.37,3.0,3.0,6.0,11225.31,6.0,6.0,1205.4566666666667,0,0,0
MRC001209,Healthcare,Small,LOC0047,AGT00755,433,1,1,1,1.0,1815.3,1.0,1.0,3.0,3097.3,3.0,3.0,8.0,14708.15,8.0,8.0,1032.4333333333334,0,0,0
MRC001210,General Retail,Small,LOC0075,AGT00567,946,1,1,43,0.0,0.0,0.0,0.0,0.0,0.0,0.0,0.0,3.0,3466.82,3.0,3.0,0.0,1,0,0
MRC001211,Education,Medium,LOC0045,AGT00141,1127,0,1,8,0.0,0.0,0.0,0.0,1.0,603.43,1.0,1.0,8.0,9482.0,8.0,7.0,603.43,0,0,0
MRC001212,General Retail,Small,LOC0005,AGT00377,1257,1,1,3,2.0,1172.06,2.0,1.0,15.0,18260.329999999998,15.0,12.0,51.0,70228.1,51.0,40.0,1217.3553333333332,0,0,0
MRC001213,Grocery,Micro,LOC0027,AGT00568,1337,1,1,4,1.0,533.55,1.0,1.0,2.0,1767.99,2.0,2.0,11.0,10140.41,11.0,10.0,883.995,0,0,0
MRC001214,Transport,Large,LOC0052,AGT00015,2173,0,0,18,0.0,0.0,0.0,0.0,2.0,11902.4,2.0,2.0,4.0,14861.76,4.0,4.0,5951.2,0,0,0
MRC001215,Healthcare,Medium,LOC0043,AGT00456,312,0,1,12,0.0,0.0,0.0,0.0,4.0,2041.0,4.0,4.0,7.0,6927.4400000000005,7.0,7.0,510.25,0,0,0
MRC001216,Fashion,Small,LOC0099,AGT00139,2249,1,1,4,1.0,1371.56,1.0,1.0,17.0,37681.3,17.0,11.0,63.0,120877.82,63.0,44.0,2216.5470588235294,0,0,0
MRC001217,Pharmacy,Small,LOC0072,AGT00198,809,1,1,4,1.0,246.43,1.0,1.0,3.0,3499.05,3.0,3.0,7.0,10307.949999999999,7.0,7.0,1166.3500000000001,0,0,0
MRC001218,Electronics,Micro,LOC0120,AGT00172,2370,1,1,8,0.0,0.0,0.0,0.0,3.0,1014.0,3.0,3.0,6.0,8024.46,6.0,6.0,338.0,0,0,0
MRC001219,Restaurant,Small,LOC0022,AGT00057,582,0,1,9,0.0,0.0,0.0,0.0,1.0,280.89,1.0,1.0,9.0,10596.77,9.0,8.0,280.89,0,0,0
MRC001220,General Retail,Micro,LOC0045,AGT00038,506,1,1,7,0.0,0.0,0.0,0.0,3.0,867.78,3.0,3.0,12.0,9830.22,12.0,12.0,289.26,0,0,0
MRC001221,Restaurant,Small,LOC0011,AGT00540,552,1,1,4,1.0,584.9,1.0,1.0,2.0,1218.19,2.0,2.0,9.0,12623.54,9.0,8.0,609.095,0,0,0
MRC001222,Grocery,Micro,LOC0003,AGT00345,934,1,1,7,0.0,0.0,0.0,0.0,1.0,341.97,1.0,1.0,1.0,341.97,1.0,1.0,341.97,0,0,0
MRC001223,Education,Small,LOC0111,AGT00122,2344,1,1,12,0.0,0.0,0.0,0.0,1.0,2269.83,1.0,1.0,4.0,8943.57,4.0,4.0,2269.83,0,0,0
MRC001224,Restaurant,Micro,LOC0060,AGT00714,1298,0,1,15,0.0,0.0,0.0,0.0,1.0,342.86,1.0,1.0,8.0,9961.5,8.0,8.0,342.86,0,0,0
MRC001225,Grocery,Micro,LOC0080,AGT00416,648,1,1,7,0.0,0.0,0.0,0.0,10.0,9999.56,10.0,8.0,23.0,59513.41,23.0,20.0,999.9559999999999,0,0,0
MRC001226,Education,Micro,LOC0034,AGT00485,1689,0,1,24,0.0,0.0,0.0,0.0,1.0,483.04,1.0,1.0,5.0,6757.84,5.0,5.0,483.04,0,0,0
MRC001227,Electronics,Small,LOC0007,AGT00792,1397,1,1,1,2.0,3057.23,2.0,2.0,2.0,3057.23,2.0,2.0,11.0,18002.29,11.0,11.0,1528.615,0,0,0
MRC001228,Grocery,Micro,LOC0108,AGT00052,1822,1,1,6,1.0,621.41,1.0,1.0,6.0,15951.68,6.0,6.0,17.0,26337.36,17.0,17.0,2658.6133333333332,0,0,0
MRC001229,Education,Small,LOC0080,AGT00262,1907,1,0,16,0.0,0.0,0.0,0.0,1.0,1135.18,1.0,1.0,3.0,3523.5600000000004,3.0,3.0,1135.18,0,0,0
MRC001230,Education,Micro,LOC0086,AGT00527,2004,0,1,6,1.0,25.37,1.0,1.0,1.0,25.37,1.0,1.0,4.0,5373.349999999999,4.0,4.0,25.37,0,0,0
MRC001231,Utility,Small,LOC0065,AGT00096,617,1,1,0,3.0,9115.8,3.0,2.0,9.0,13107.14,9.0,8.0,18.0,20431.16,18.0,16.0,1456.3488888888887,0,0,0
MRC001232,Restaurant,Micro,LOC0049,AGT00314,1370,0,1,26,0.0,0.0,0.0,0.0,1.0,1777.33,1.0,1.0,5.0,9636.22,5.0,5.0,1777.33,0,0,0
MRC001233,Pharmacy,Medium,LOC0051,AGT00244,1664,1,1,10,0.0,0.0,0.0,0.0,4.0,1368.1399999999999,4.0,4.0,9.0,5422.78,9.0,9.0,342.03499999999997,0,0,0
MRC001234,General Retail,Micro,LOC0092,AGT00281,1503,0,1,133,0.0,0.0,0.0,0.0,0.0,0.0,0.0,0.0,0.0,0.0,0.0,0.0,0.0,1,1,1
MRC001235,Education,Micro,LOC0028,AGT00489,2412,1,1,19,0.0,0.0,0.0,0.0,1.0,1360.15,1.0,1.0,5.0,4447.41,5.0,5.0,1360.15,0,0,0
MRC001236,Grocery,Micro,LOC0041,AGT00541,2385,1,1,49,0.0,0.0,0.0,0.0,0.0,0.0,0.0,0.0,1.0,2344.83,1.0,1.0,0.0,1,0,0
MRC001237,General Retail,Micro,LOC0037,AGT00226,2060,0,1,3,1.0,155.47,1.0,1.0,8.0,8350.57,8.0,7.0,31.0,39230.66,31.0,26.0,1043.82125,0,0,0
MRC001238,Grocery,Small,LOC0063,AGT00651,811,0,1,8,0.0,0.0,0.0,0.0,1.0,188.56,1.0,1.0,2.0,363.88,2.0,2.0,188.56,0,0,0
MRC001239,Utility,Micro,LOC0117,AGT00716,1442,0,1,0,2.0,7790.33,2.0,2.0,4.0,8368.43,4.0,4.0,7.0,11424.64,7.0,7.0,2092.1075,0,0,0
MRC001240,Transport,Medium,LOC0111,AGT00188,2043,1,1,23,0.0,0.0,0.0,0.0,2.0,488.90999999999997,2.0,2.0,6.0,8675.66,6.0,6.0,244.45499999999998,0,0,0
MRC001241,General Retail,Small,LOC0066,AGT00293,873,1,0,2,1.0,980.13,1.0,1.0,7.0,5888.98,7.0,6.0,21.0,33849.53,21.0,16.0,841.2828571428571,0,0,0
MRC001242,General Retail,Micro,LOC0025,AGT00523,1842,1,1,0,5.0,5051.94,5.0,2.0,26.0,27106.25,26.0,16.0,79.0,88637.19,79.0,52.0,1042.548076923077,0,0,0
MRC001243,Pharmacy,Small,LOC0113,AGT00084,831,1,1,9,0.0,0.0,0.0,0.0,2.0,1246.6599999999999,2.0,2.0,5.0,2711.29,5.0,5.0,623.3299999999999,0,0,0
MRC001244,Utility,Micro,LOC0038,AGT00341,593,1,1,4,1.0,58.66,1.0,1.0,3.0,931.6099999999999,3.0,3.0,16.0,55945.64,16.0,15.0,310.53666666666663,0,0,0
MRC001245,Restaurant,Micro,LOC0043,AGT00664,811,0,1,24,0.0,0.0,0.0,0.0,2.0,732.4300000000001,2.0,2.0,9.0,8617.03,9.0,9.0,366.21500000000003,0,0,0
MRC001246,Education,Micro,LOC0107,AGT00265,2311,0,1,4,1.0,133.16,1.0,1.0,5.0,7242.160000000001,5.0,4.0,10.0,13175.03,10.0,9.0,1448.4320000000002,0,0,0
MRC001247,Education,Micro,LOC0032,AGT00056,2461,0,0,5,1.0,1659.52,1.0,1.0,3.0,5398.45,3.0,3.0,12.0,14731.550000000001,12.0,11.0,1799.4833333333333,0,0,0
MRC001248,Grocery,Micro,LOC0056,AGT00194,2155,0,1,9,0.0,0.0,0.0,0.0,1.0,606.91,1.0,1.0,1.0,606.91,1.0,1.0,606.91,0,0,0
MRC001249,Grocery,Medium,LOC0111,AGT00164,879,1,1,5,1.0,2009.67,1.0,1.0,2.0,4383.8099999999995,2.0,2.0,7.0,9184.36,7.0,6.0,2191.9049999999997,0,0,0
MRC001250,Grocery,Small,LOC0039,AGT00124,1990,0,1,4,1.0,666.47,1.0,1.0,3.0,3188.8900000000003,3.0,3.0,16.0,21926.48,16.0,16.0,1062.9633333333334,0,0,0
MRC001251,Grocery,Medium,LOC0075,AGT00020,763,0,1,58,0.0,0.0,0.0,0.0,0.0,0.0,0.0,0.0,5.0,3607.7799999999997,5.0,5.0,0.0,1,0,0
MRC001252,Pharmacy,Micro,LOC0005,AGT00377,564,0,1,7,0.0,0.0,0.0,0.0,3.0,2039.11,3.0,3.0,12.0,19314.11,12.0,11.0,679.7033333333333,0,0,0
MRC001253,General Retail,Medium,LOC0120,AGT00434,852,1,1,5,1.0,1051.0,1.0,1.0,2.0,1638.52,2.0,2.0,3.0,2364.35,3.0,3.0,819.26,0,0,0
MRC001254,Electronics,Micro,LOC0051,AGT00398,592,0,1,44,0.0,0.0,0.0,0.0,0.0,0.0,0.0,0.0,8.0,10681.41,8.0,7.0,0.0,1,0,0
MRC001255,Utility,Micro,LOC0081,AGT00276,1686,1,1,0,6.0,5610.9,6.0,5.0,17.0,28051.84,17.0,14.0,36.0,60260.89,36.0,30.0,1650.1082352941175,0,0,0
MRC001256,General Retail,Medium,LOC0061,AGT00524,1779,1,1,2,1.0,882.13,1.0,1.0,5.0,8843.74,5.0,5.0,10.0,16458.32,10.0,10.0,1768.748,0,0,0
MRC001257,Healthcare,Micro,LOC0053,AGT00492,364,1,1,10,0.0,0.0,0.0,0.0,1.0,8528.19,1.0,1.0,1.0,8528.19,1.0,1.0,8528.19,0,0,0
MRC001258,Restaurant,Small,LOC0049,AGT00683,521,1,1,19,0.0,0.0,0.0,0.0,1.0,334.65,1.0,1.0,3.0,692.02,3.0,3.0,334.65,0,0,0
MRC001259,General Retail,Medium,LOC0003,AGT00264,1333,1,0,23,0.0,0.0,0.0,0.0,2.0,1731.7,2.0,2.0,13.0,11208.55,13.0,13.0,865.85,0,0,0
MRC001260,Healthcare,Small,LOC0034,AGT00285,534,1,1,1,4.0,21894.129999999997,4.0,3.0,7.0,24243.35,7.0,6.0,26.0,46384.17,26.0,23.0,3463.335714285714,0,0,0
MRC001261,Healthcare,Small,LOC0046,AGT00718,2096,1,1,10,0.0,0.0,0.0,0.0,2.0,840.6999999999999,2.0,2.0,8.0,19189.329999999998,8.0,7.0,420.34999999999997,0,0,0
MRC001262,General Retail,Micro,LOC0045,AGT00111,1161,1,1,3,1.0,396.72,1.0,1.0,2.0,814.31,2.0,2.0,6.0,7825.64,6.0,6.0,407.155,0,0,0
MRC001263,Education,Micro,LOC0033,AGT00507,1189,1,1,213,0.0,0.0,0.0,0.0,0.0,0.0,0.0,0.0,0.0,0.0,0.0,0.0,0.0,1,1,1
MRC001264,Electronics,Large,LOC0078,AGT00189,298,0,1,1,1.0,2964.02,1.0,1.0,5.0,5799.88,5.0,5.0,14.0,30337.66,14.0,14.0,1159.976,0,0,0
MRC001265,General Retail,Micro,LOC0100,AGT00420,1819,1,1,76,0.0,0.0,0.0,0.0,0.0,0.0,0.0,0.0,1.0,331.71,1.0,1.0,0.0,1,1,0
MRC001266,Fashion,Micro,LOC0107,AGT00414,1863,1,0,43,0.0,0.0,0.0,0.0,0.0,0.0,0.0,0.0,3.0,566.08,3.0,3.0,0.0,1,0,0
MRC001267,Utility,Micro,LOC0117,AGT00763,1939,1,1,1,4.0,6976.110000000001,4.0,3.0,16.0,56211.22,16.0,13.0,57.0,134650.66999999998,57.0,44.0,3513.20125,0,0,0
MRC001268,Grocery,Medium,LOC0078,AGT00189,1467,1,1,3,1.0,111.95,1.0,1.0,2.0,296.62,2.0,2.0,2.0,296.62,2.0,2.0,148.31,0,0,0
MRC001269,Grocery,Small,LOC0050,AGT00009,875,1,1,5,1.0,5290.58,1.0,1.0,1.0,5290.58,1.0,1.0,4.0,6993.73,4.0,4.0,5290.58,0,0,0
MRC001270,Electronics,Small,LOC0078,AGT00246,457,1,1,4,2.0,1768.46,2.0,2.0,2.0,1768.46,2.0,2.0,14.0,11028.32,14.0,14.0,884.23,0,0,0
MRC001271,Grocery,Medium,LOC0016,AGT00724,976,1,1,3,1.0,1025.42,1.0,1.0,7.0,11432.84,7.0,6.0,9.0,15221.27,9.0,8.0,1633.2628571428572,0,0,0
MRC001272,General Retail,Micro,LOC0099,AGT00508,1474,1,0,6,1.0,359.51,1.0,1.0,3.0,4708.53,3.0,3.0,9.0,13952.880000000001,9.0,9.0,1569.51,0,0,0
MRC001273,Grocery,Medium,LOC0065,AGT00484,541,1,1,1,1.0,1221.49,1.0,1.0,4.0,4543.280000000001,4.0,4.0,12.0,11224.52,12.0,10.0,1135.8200000000002,0,0,0
MRC001274,Healthcare,Micro,LOC0020,AGT00269,405,0,1,1,1.0,494.23,1.0,1.0,6.0,12646.38,6.0,6.0,12.0,19393.829999999998,12.0,12.0,2107.73,0,0,0
MRC001275,Pharmacy,Small,LOC0052,AGT00740,761,0,1,26,0.0,0.0,0.0,0.0,2.0,800.29,2.0,2.0,3.0,1064.55,3.0,3.0,400.145,0,0,0
MRC001276,General Retail,Micro,LOC0037,AGT00195,441,1,1,62,0.0,0.0,0.0,0.0,0.0,0.0,0.0,0.0,5.0,3353.36,5.0,4.0,0.0,1,1,0
MRC001277,Restaurant,Large,LOC0042,AGT00764,318,0,1,55,0.0,0.0,0.0,0.0,0.0,0.0,0.0,0.0,3.0,4676.58,3.0,3.0,0.0,1,0,0
MRC001278,Grocery,Medium,LOC0007,AGT00153,1347,1,1,4,1.0,43.74,1.0,1.0,4.0,2773.63,4.0,4.0,13.0,17810.81,13.0,12.0,693.4075,0,0,0
MRC001279,Grocery,Small,LOC0002,AGT00617,1915,1,1,0,3.0,4142.26,3.0,2.0,7.0,8972.69,7.0,6.0,17.0,17118.3,17.0,15.0,1281.8128571428572,0,0,0
MRC001280,Electronics,Micro,LOC0042,AGT00659,1379,1,1,1,1.0,560.07,1.0,1.0,2.0,1541.74,2.0,2.0,5.0,13376.24,5.0,5.0,770.87,0,0,0
MRC001281,General Retail,Micro,LOC0037,AGT00641,486,0,1,2,1.0,1973.45,1.0,1.0,3.0,3657.56,3.0,3.0,12.0,22102.25,12.0,12.0,1219.1866666666667,0,0,0
MRC001282,General Retail,Small,LOC0120,AGT00436,1027,0,1,5,1.0,192.38,1.0,1.0,7.0,5523.3,7.0,7.0,27.0,36896.12,27.0,23.0,789.0428571428572,0,0,0
MRC001283,Restaurant,Micro,LOC0032,AGT00666,364,1,1,4,1.0,5134.92,1.0,1.0,6.0,13892.119999999999,6.0,6.0,13.0,18800.59,13.0,13.0,2315.353333333333,0,0,0
MRC001284,Fashion,Micro,LOC0040,AGT00089,1645,1,1,4,1.0,1058.76,1.0,1.0,4.0,1868.3000000000002,4.0,4.0,10.0,9591.220000000001,10.0,10.0,467.07500000000005,0,0,0
MRC001285,Grocery,Small,LOC0110,AGT00338,796,1,1,13,0.0,0.0,0.0,0.0,1.0,334.83,1.0,1.0,4.0,5926.29,4.0,4.0,334.83,0,0,0
MRC001286,Electronics,Small,LOC0104,AGT00272,1133,0,1,17,0.0,0.0,0.0,0.0,1.0,353.4,1.0,1.0,5.0,3239.61,5.0,4.0,353.4,0,0,0
MRC001287,Education,Medium,LOC0007,AGT00488,2257,1,1,20,0.0,0.0,0.0,0.0,1.0,600.07,1.0,1.0,4.0,4281.87,4.0,4.0,600.07,0,0,0
MRC001288,Pharmacy,Small,LOC0011,AGT00105,1569,1,1,37,0.0,0.0,0.0,0.0,0.0,0.0,0.0,0.0,7.0,14490.59,7.0,7.0,0.0,1,0,0
MRC001289,Education,Micro,LOC0012,AGT00627,1958,1,1,0,1.0,637.89,1.0,1.0,4.0,6494.02,4.0,4.0,12.0,14034.34,12.0,12.0,1623.505,0,0,0
MRC001290,General Retail,Small,LOC0056,AGT00363,1051,1,1,7,0.0,0.0,0.0,0.0,1.0,4398.26,1.0,1.0,3.0,8484.7,3.0,3.0,4398.26,0,0,0
MRC001291,Grocery,Micro,LOC0069,AGT00071,2320,1,1,14,0.0,0.0,0.0,0.0,1.0,1274.98,1.0,1.0,4.0,5209.17,4.0,4.0,1274.98,0,0,0
MRC001292,Pharmacy,Small,LOC0043,AGT00759,1849,1,1,27,0.0,0.0,0.0,0.0,1.0,538.37,1.0,1.0,6.0,4570.48,6.0,6.0,538.37,0,0,0
MRC001293,Pharmacy,Small,LOC0002,AGT00617,1413,1,1,0,4.0,17484.690000000002,4.0,4.0,11.0,33231.86,11.0,10.0,43.0,77040.27,43.0,33.0,3021.0781818181817,0,0,0
MRC001294,Grocery,Micro,LOC0025,AGT00670,1552,1,1,6,1.0,2464.3,1.0,1.0,5.0,4293.82,5.0,5.0,16.0,20432.690000000002,16.0,14.0,858.7639999999999,0,0,0
MRC001295,Grocery,Micro,LOC0074,AGT00003,1648,1,1,1,3.0,4082.34,3.0,3.0,14.0,18297.59,14.0,10.0,22.0,30520.32,22.0,18.0,1306.9707142857144,0,0,0
MRC001296,Education,Medium,LOC0045,AGT00038,636,1,0,9,0.0,0.0,0.0,0.0,10.0,17573.12,10.0,10.0,23.0,29285.63,23.0,22.0,1757.312,0,0,0
MRC001297,Grocery,Small,LOC0015,AGT00050,836,1,1,22,0.0,0.0,0.0,0.0,1.0,2969.68,1.0,1.0,5.0,9353.47,5.0,5.0,2969.68,0,0,0
MRC001298,Healthcare,Small,LOC0079,AGT00570,1786,1,1,0,3.0,3448.25,3.0,3.0,10.0,9445.5,10.0,10.0,35.0,50578.76,35.0,29.0,944.55,0,0,0
MRC001299,General Retail,Small,LOC0074,AGT00668,1250,1,1,0,1.0,654.68,1.0,1.0,4.0,2368.8,4.0,3.0,11.0,11115.54,11.0,9.0,592.2,0,0,0
MRC001300,General Retail,Small,LOC0059,AGT00092,1999,1,1,10,0.0,0.0,0.0,0.0,3.0,1412.24,3.0,3.0,6.0,2798.41,6.0,6.0,470.74666666666667,0,0,0
MRC001301,Transport,Micro,LOC0113,AGT00322,1435,1,1,26,0.0,0.0,0.0,0.0,1.0,1186.9,1.0,1.0,4.0,4624.07,4.0,4.0,1186.9,0,0,0
MRC001302,Grocery,Medium,LOC0102,AGT00342,430,1,1,30,0.0,0.0,0.0,0.0,0.0,0.0,0.0,0.0,7.0,5246.32,7.0,7.0,0.0,1,0,0
MRC001303,Grocery,Medium,LOC0005,AGT00212,1739,1,1,49,0.0,0.0,0.0,0.0,0.0,0.0,0.0,0.0,2.0,1784.08,2.0,2.0,0.0,1,0,0
MRC001304,Pharmacy,Micro,LOC0109,AGT00461,1619,0,1,16,0.0,0.0,0.0,0.0,1.0,1336.46,1.0,1.0,3.0,3131.66,3.0,3.0,1336.46,0,0,0
MRC001305,General Retail,Micro,LOC0006,AGT00586,1083,1,1,2,1.0,1268.49,1.0,1.0,1.0,1268.49,1.0,1.0,5.0,11476.45,5.0,5.0,1268.49,0,0,0
MRC001306,General Retail,Small,LOC0058,AGT00413,2014,0,1,17,0.0,0.0,0.0,0.0,2.0,2052.56,2.0,2.0,3.0,4520.31,3.0,3.0,1026.28,0,0,0
MRC001307,Restaurant,Small,LOC0109,AGT00461,1053,1,1,47,0.0,0.0,0.0,0.0,0.0,0.0,0.0,0.0,2.0,5544.61,2.0,2.0,0.0,1,0,0
MRC001308,Restaurant,Small,LOC0118,AGT00404,537,1,1,1,3.0,1539.7199999999998,3.0,3.0,8.0,4942.7300000000005,8.0,8.0,20.0,21293.7,20.0,18.0,617.8412500000001,0,0,0
MRC001309,Electronics,Small,LOC0003,AGT00312,551,1,1,1,3.0,10254.16,3.0,2.0,5.0,12127.98,5.0,4.0,20.0,43577.61,20.0,18.0,2425.596,0,0,0
MRC001310,Restaurant,Small,LOC0009,AGT00406,2257,1,1,0,10.0,17736.239999999998,10.0,6.0,27.0,41976.049999999996,27.0,19.0,66.0,98299.35,66.0,49.0,1554.6685185185183,0,0,0
MRC001311,General Retail,Small,LOC0029,AGT00356,1108,1,1,0,2.0,3329.3100000000004,2.0,2.0,11.0,18990.05,11.0,9.0,48.0,59182.49,48.0,37.0,1726.3681818181817,0,0,0
MRC001312,Pharmacy,Micro,LOC0034,AGT00280,1193,1,1,9,0.0,0.0,0.0,0.0,2.0,6431.2,2.0,2.0,8.0,14145.26,8.0,8.0,3215.6,0,0,0
MRC001313,Restaurant,Micro,LOC0034,AGT00091,954,1,1,0,4.0,4588.7,4.0,4.0,11.0,9455.63,11.0,10.0,30.0,42322.87,30.0,24.0,859.6027272727272,0,0,0
MRC001314,Fashion,Small,LOC0051,AGT00594,1899,1,1,1,1.0,720.32,1.0,1.0,5.0,18298.71,5.0,5.0,16.0,40667.29,16.0,15.0,3659.7419999999997,0,0,0
MRC001315,Grocery,Medium,LOC0039,AGT00457,1610,1,1,2,1.0,175.15,1.0,1.0,5.0,1664.48,5.0,5.0,11.0,5752.75,11.0,11.0,332.896,0,0,0
MRC001316,Restaurant,Small,LOC0070,AGT00704,2251,0,0,20,0.0,0.0,0.0,0.0,1.0,1107.99,1.0,1.0,6.0,7194.6900000000005,6.0,5.0,1107.99,0,0,0
MRC001317,General Retail,Micro,LOC0103,AGT00324,2241,1,0,7,0.0,0.0,0.0,0.0,7.0,6361.280000000001,7.0,6.0,23.0,24043.32,23.0,19.0,908.7542857142859,0,0,0
MRC001318,Grocery,Medium,LOC0066,AGT00311,2449,1,0,0,54.0,80201.74,54.0,7.0,229.0,301284.23,229.0,30.0,683.0,1052615.88,680.0,90.0,1315.6516593886463,0,0,0
MRC001319,Education,Small,LOC0040,AGT00481,1006,1,1,0,6.0,3619.75,6.0,5.0,13.0,19456.77,13.0,12.0,28.0,36424.58,28.0,26.0,1496.6746153846154,0,0,0
MRC001320,Restaurant,Small,LOC0069,AGT00477,1562,1,1,2,1.0,417.29,1.0,1.0,3.0,2694.92,3.0,3.0,7.0,6181.04,7.0,7.0,898.3066666666667,0,0,0
MRC001321,Grocery,Micro,LOC0075,AGT00682,1044,1,1,9,0.0,0.0,0.0,0.0,4.0,7457.73,4.0,4.0,16.0,28868.78,16.0,14.0,1864.4325,0,0,0
MRC001322,Grocery,Small,LOC0108,AGT00216,1825,1,1,21,0.0,0.0,0.0,0.0,3.0,4870.53,3.0,3.0,10.0,15549.99,10.0,10.0,1623.51,0,0,0
MRC001323,Pharmacy,Small,LOC0114,AGT00228,1921,1,1,17,0.0,0.0,0.0,0.0,2.0,5400.05,2.0,2.0,12.0,18032.79,12.0,11.0,2700.025,0,0,0
MRC001324,Grocery,Small,LOC0034,AGT00283,836,0,1,9,0.0,0.0,0.0,0.0,6.0,6087.01,6.0,6.0,20.0,30653.71,20.0,19.0,1014.5016666666667,0,0,0
MRC001325,Restaurant,Micro,LOC0111,AGT00146,2165,1,1,6,1.0,2214.8,1.0,1.0,1.0,2214.8,1.0,1.0,5.0,10751.369999999999,5.0,5.0,2214.8,0,0,0
MRC001326,Utility,Small,LOC0099,AGT00139,920,1,1,15,0.0,0.0,0.0,0.0,2.0,793.23,2.0,2.0,3.0,3895.12,3.0,3.0,396.615,0,0,0
MRC001327,Healthcare,Micro,LOC0016,AGT00180,2435,1,1,3,2.0,4569.86,2.0,1.0,7.0,9896.39,7.0,6.0,16.0,38195.39,16.0,14.0,1413.77,0,0,0
MRC001328,General Retail,Large,LOC0067,AGT00509,2145,1,1,3,1.0,230.38,1.0,1.0,8.0,22179.39,8.0,8.0,23.0,44066.16,23.0,22.0,2772.42375,0,0,0
MRC001329,Fashion,Micro,LOC0019,AGT00121,326,0,1,55,0.0,0.0,0.0,0.0,0.0,0.0,0.0,0.0,3.0,2192.02,3.0,3.0,0.0,1,0,0
MRC001330,Transport,Small,LOC0059,AGT00330,1157,0,0,5,1.0,415.95,1.0,1.0,5.0,4568.38,5.0,4.0,12.0,12258.87,12.0,10.0,913.676,0,0,0
MRC001331,Transport,Small,LOC0006,AGT00045,1135,1,1,0,5.0,8251.99,5.0,4.0,13.0,19934.04,13.0,12.0,33.0,55833.45,33.0,29.0,1533.3876923076923,0,0,0
MRC001332,Pharmacy,Micro,LOC0036,AGT00447,2084,0,1,26,0.0,0.0,0.0,0.0,2.0,2076.6,2.0,2.0,5.0,5348.570000000001,5.0,5.0,1038.3,0,0,0
MRC001333,Restaurant,Micro,LOC0071,AGT00638,1869,1,1,11,0.0,0.0,0.0,0.0,3.0,1415.94,3.0,3.0,4.0,2159.3,4.0,4.0,471.98,0,0,0
MRC001334,Electronics,Micro,LOC0037,AGT00012,397,1,1,4,1.0,1355.61,1.0,1.0,1.0,1355.61,1.0,1.0,4.0,3924.7,4.0,4.0,1355.61,0,0,0
MRC001335,Utility,Small,LOC0002,AGT00617,2123,1,1,7,0.0,0.0,0.0,0.0,2.0,1323.53,2.0,2.0,7.0,8641.18,7.0,7.0,661.765,0,0,0
MRC001336,Fashion,Large,LOC0047,AGT00390,763,1,1,5,1.0,938.09,1.0,1.0,11.0,9775.93,11.0,11.0,43.0,85351.14,43.0,35.0,888.7209090909091,0,0,0
MRC001337,Pharmacy,Small,LOC0065,AGT00313,1094,1,1,44,0.0,0.0,0.0,0.0,0.0,0.0,0.0,0.0,2.0,3272.53,2.0,2.0,0.0,1,0,0
MRC001338,General Retail,Large,LOC0092,AGT00348,658,1,1,2,1.0,404.31,1.0,1.0,5.0,2230.19,5.0,4.0,14.0,18510.96,14.0,11.0,446.038,0,0,0
MRC001339,Grocery,Micro,LOC0017,AGT00069,631,1,1,23,0.0,0.0,0.0,0.0,1.0,458.94,1.0,1.0,3.0,958.64,3.0,3.0,458.94,0,0,0
MRC001340,General Retail,Small,LOC0058,AGT00352,1438,1,1,1,2.0,3421.48,2.0,1.0,3.0,4846.86,3.0,2.0,4.0,5690.33,4.0,3.0,1615.62,0,0,0
MRC001341,Utility,Medium,LOC0024,AGT00728,472,1,1,91,0.0,0.0,0.0,0.0,0.0,0.0,0.0,0.0,0.0,0.0,0.0,0.0,0.0,1,1,1
MRC001342,General Retail,Medium,LOC0019,AGT00144,462,0,1,12,0.0,0.0,0.0,0.0,5.0,6785.85,5.0,4.0,11.0,16190.89,11.0,10.0,1357.17,0,0,0
MRC001343,Utility,Micro,LOC0015,AGT00050,2003,1,1,15,0.0,0.0,0.0,0.0,2.0,722.76,2.0,2.0,5.0,3273.54,5.0,5.0,361.38,0,0,0
MRC001344,Pharmacy,Small,LOC0092,AGT00348,1038,1,0,0,2.0,2387.64,2.0,2.0,7.0,22453.4,7.0,7.0,21.0,33411.95,21.0,20.0,3207.628571428572,0,0,0
MRC001345,Transport,Medium,LOC0111,AGT00340,1703,1,1,6,1.0,959.57,1.0,1.0,2.0,981.5,2.0,2.0,9.0,10792.74,9.0,9.0,490.75,0,0,0
MRC001346,Healthcare,Small,LOC0080,AGT00196,2441,1,1,15,0.0,0.0,0.0,0.0,5.0,8586.95,5.0,4.0,10.0,12602.710000000001,10.0,9.0,1717.39,0,0,0
MRC001347,Healthcare,Small,LOC0046,AGT00119,398,1,1,19,0.0,0.0,0.0,0.0,2.0,2252.75,2.0,2.0,4.0,4480.12,4.0,4.0,1126.375,0,0,0
MRC001348,Pharmacy,Micro,LOC0114,AGT00228,2022,0,0,2,2.0,1347.53,2.0,2.0,7.0,5765.6900000000005,7.0,6.0,13.0,18986.14,13.0,12.0,823.6700000000001,0,0,0
MRC001349,Grocery,Micro,LOC0060,AGT00714,526,0,0,0,5.0,4740.12,5.0,3.0,22.0,34692.85,22.0,16.0,54.0,94646.53,54.0,41.0,1576.9477272727272,0,0,0
MRC001350,Restaurant,Small,LOC0064,AGT00094,1948,1,1,6,1.0,404.5,1.0,1.0,1.0,404.5,1.0,1.0,3.0,1614.94,3.0,3.0,404.5,0,0,0
MRC001351,Fashion,Small,LOC0077,AGT00168,955,1,1,4,1.0,165.33,1.0,1.0,4.0,3113.79,4.0,4.0,12.0,9488.7,12.0,12.0,778.4475,0,0,0
MRC001352,Education,Micro,LOC0079,AGT00655,582,1,1,32,0.0,0.0,0.0,0.0,0.0,0.0,0.0,0.0,2.0,1581.8200000000002,2.0,2.0,0.0,1,0,0
MRC001353,General Retail,Micro,LOC0060,AGT00712,786,1,1,0,3.0,2588.65,3.0,2.0,12.0,9200.130000000001,12.0,10.0,35.0,42400.18,34.0,30.0,766.6775000000001,0,0,0
MRC001354,Utility,Small,LOC0058,AGT00106,1083,1,1,52,0.0,0.0,0.0,0.0,0.0,0.0,0.0,0.0,6.0,6259.67,6.0,6.0,0.0,1,0,0
MRC001355,Transport,Small,LOC0039,AGT00257,1881,1,1,40,0.0,0.0,0.0,0.0,0.0,0.0,0.0,0.0,1.0,4287.92,1.0,1.0,0.0,1,0,0
MRC001356,Pharmacy,Small,LOC0082,AGT00459,1774,1,1,31,0.0,0.0,0.0,0.0,0.0,0.0,0.0,0.0,1.0,1251.19,1.0,1.0,0.0,1,0,0
MRC001357,Fashion,Small,LOC0081,AGT00286,1879,1,1,3,1.0,1086.41,1.0,1.0,8.0,5319.3099999999995,8.0,6.0,21.0,18508.93,21.0,18.0,664.9137499999999,0,0,0
MRC001358,Restaurant,Micro,LOC0053,AGT00739,334,1,1,13,0.0,0.0,0.0,0.0,1.0,135.85,1.0,1.0,3.0,4143.01,3.0,3.0,135.85,0,0,0
MRC001359,Pharmacy,Medium,LOC0086,AGT00068,2418,1,1,2,1.0,157.19,1.0,1.0,4.0,2113.14,4.0,4.0,11.0,13558.57,11.0,11.0,528.285,0,0,0
MRC001360,Grocery,Small,LOC0017,AGT00010,1235,0,1,10,0.0,0.0,0.0,0.0,3.0,7039.31,3.0,3.0,5.0,13912.94,5.0,5.0,2346.436666666667,0,0,0
MRC001361,Restaurant,Micro,LOC0050,AGT00366,530,1,1,21,0.0,0.0,0.0,0.0,2.0,1617.44,2.0,2.0,13.0,18173.65,13.0,13.0,808.72,0,0,0
MRC001362,Pharmacy,Small,LOC0119,AGT00553,2315,0,0,43,0.0,0.0,0.0,0.0,0.0,0.0,0.0,0.0,3.0,4275.21,3.0,3.0,0.0,1,0,0
MRC001363,Education,Small,LOC0089,AGT00034,2019,1,1,20,0.0,0.0,0.0,0.0,1.0,589.06,1.0,1.0,2.0,1365.34,2.0,2.0,589.06,0,0,0
MRC001364,Grocery,Small,LOC0087,AGT00772,466,1,1,1,1.0,420.56,1.0,1.0,1.0,420.56,1.0,1.0,3.0,6596.5199999999995,3.0,3.0,420.56,0,0,0
MRC001365,Pharmacy,Small,LOC0104,AGT00775,1241,0,1,0,4.0,4755.99,4.0,4.0,9.0,14307.34,9.0,8.0,19.0,24360.01,19.0,16.0,1589.7044444444446,0,0,0
MRC001366,Grocery,Small,LOC0074,AGT00298,2267,1,1,12,0.0,0.0,0.0,0.0,2.0,1455.98,2.0,2.0,5.0,8382.050000000001,5.0,5.0,727.99,0,0,0
MRC001367,Transport,Small,LOC0080,AGT00224,1778,1,1,5,1.0,1093.05,1.0,1.0,2.0,2153.91,2.0,2.0,15.0,24574.93,15.0,13.0,1076.955,0,0,0
MRC001368,Education,Micro,LOC0058,AGT00630,712,0,0,2,2.0,6091.6,2.0,2.0,5.0,11702.76,5.0,5.0,9.0,15211.94,9.0,9.0,2340.552,0,0,0
MRC001369,Restaurant,Micro,LOC0100,AGT00580,1817,1,1,0,1.0,1682.58,1.0,1.0,7.0,7136.849999999999,7.0,6.0,12.0,10992.92,12.0,11.0,1019.55,0,0,0
MRC001370,Grocery,Micro,LOC0086,AGT00469,700,1,1,13,0.0,0.0,0.0,0.0,4.0,16499.28,4.0,4.0,12.0,28895.15,12.0,11.0,4124.82,0,0,0
MRC001371,General Retail,Small,LOC0063,AGT00033,1055,1,1,7,0.0,0.0,0.0,0.0,3.0,2956.6499999999996,3.0,3.0,7.0,27833.86,7.0,7.0,985.5499999999998,0,0,0
MRC001372,Education,Small,LOC0016,AGT00724,714,1,1,7,0.0,0.0,0.0,0.0,2.0,1285.54,2.0,2.0,3.0,1585.89,3.0,3.0,642.77,0,0,0
MRC001373,Transport,Small,LOC0097,AGT00671,1802,0,1,9,0.0,0.0,0.0,0.0,7.0,9540.25,7.0,6.0,22.0,34641.07,22.0,20.0,1362.892857142857,0,0,0
MRC001374,Electronics,Micro,LOC0040,AGT00266,2321,1,1,16,0.0,0.0,0.0,0.0,3.0,4748.34,3.0,2.0,7.0,10866.7,7.0,6.0,1582.78,0,0,0
MRC001375,Utility,Small,LOC0044,AGT00660,384,1,1,12,0.0,0.0,0.0,0.0,5.0,6292.98,5.0,4.0,16.0,17801.25,16.0,14.0,1258.596,0,0,0
MRC001376,General Retail,Micro,LOC0015,AGT00443,1606,1,1,0,1.0,1682.46,1.0,1.0,9.0,9148.279999999999,9.0,7.0,16.0,15803.89,16.0,13.0,1016.4755555555554,0,0,0
MRC001377,Restaurant,Small,LOC0027,AGT00568,829,1,1,4,1.0,3458.54,1.0,1.0,2.0,4065.74,2.0,2.0,7.0,8454.18,7.0,7.0,2032.87,0,0,0
MRC001378,Transport,Small,LOC0016,AGT00724,1927,1,1,1,1.0,81.6,1.0,1.0,1.0,81.6,1.0,1.0,18.0,20632.51,18.0,13.0,81.6,0,0,0
MRC001379,Pharmacy,Micro,LOC0012,AGT00627,591,1,1,1,4.0,4488.639999999999,4.0,3.0,12.0,24186.7,12.0,10.0,42.0,59161.77,42.0,34.0,2015.5583333333334,0,0,0
MRC001380,Transport,Micro,LOC0003,AGT00264,1087,1,1,3,1.0,98.58,1.0,1.0,2.0,1619.61,2.0,2.0,14.0,18014.100000000002,14.0,13.0,809.805,0,0,0
MRC001381,Restaurant,Small,LOC0036,AGT00447,736,1,1,7,0.0,0.0,0.0,0.0,3.0,1013.71,3.0,3.0,15.0,21567.83,15.0,12.0,337.90333333333336,0,0,0
MRC001382,Grocery,Small,LOC0091,AGT00596,2195,1,1,1,8.0,16199.96,8.0,4.0,18.0,27614.31,18.0,12.0,51.0,88741.16,51.0,36.0,1534.1283333333333,0,0,0
MRC001383,General Retail,Micro,LOC0104,AGT00372,467,1,1,57,0.0,0.0,0.0,0.0,0.0,0.0,0.0,0.0,1.0,390.0,1.0,1.0,0.0,1,0,0
MRC001384,General Retail,Medium,LOC0028,AGT00051,1558,0,1,32,0.0,0.0,0.0,0.0,0.0,0.0,0.0,0.0,2.0,584.4300000000001,2.0,2.0,0.0,1,0,0
MRC001385,Restaurant,Large,LOC0051,AGT00669,550,1,1,33,0.0,0.0,0.0,0.0,0.0,0.0,0.0,0.0,4.0,1347.5500000000002,4.0,4.0,0.0,1,0,0
MRC001386,General Retail,Medium,LOC0100,AGT00145,1597,0,1,1,4.0,6882.65,4.0,2.0,14.0,16389.3,14.0,11.0,48.0,58670.36,48.0,36.0,1170.6642857142856,0,0,0
MRC001387,Restaurant,Micro,LOC0085,AGT00315,1964,0,1,2,2.0,1098.3,2.0,1.0,7.0,5486.48,7.0,5.0,22.0,32142.8,22.0,20.0,783.7828571428571,0,0,0
MRC001388,Fashion,Small,LOC0109,AGT00461,1930,1,1,71,0.0,0.0,0.0,0.0,0.0,0.0,0.0,0.0,1.0,1551.79,1.0,1.0,0.0,1,1,0
MRC001389,General Retail,Micro,LOC0051,AGT00650,359,1,1,1,1.0,1342.61,1.0,1.0,1.0,1342.61,1.0,1.0,3.0,2673.74,3.0,3.0,1342.61,0,0,0
MRC001390,Restaurant,Medium,LOC0021,AGT00624,1977,1,1,47,0.0,0.0,0.0,0.0,0.0,0.0,0.0,0.0,1.0,216.45,1.0,1.0,0.0,1,0,0
MRC001391,Fashion,Small,LOC0018,AGT00504,935,1,1,2,2.0,3279.77,2.0,2.0,5.0,5387.08,5.0,5.0,9.0,9077.619999999999,9.0,8.0,1077.416,0,0,0
MRC001392,Transport,Micro,LOC0086,AGT00419,1776,1,1,2,3.0,6969.889999999999,3.0,2.0,7.0,9022.25,7.0,6.0,21.0,31531.91,21.0,20.0,1288.892857142857,0,0,0
MRC001393,Grocery,Micro,LOC0004,AGT00397,2392,1,1,0,3.0,2034.24,3.0,3.0,17.0,19509.87,17.0,14.0,44.0,47471.37,44.0,35.0,1147.6394117647058,0,0,0
MRC001394,Fashion,Medium,LOC0056,AGT00681,546,0,1,2,1.0,206.99,1.0,1.0,3.0,1757.62,3.0,2.0,12.0,26968.379999999997,12.0,11.0,585.8733333333333,0,0,0
MRC001395,Restaurant,Medium,LOC0043,AGT00664,1079,0,1,21,0.0,0.0,0.0,0.0,2.0,1027.96,2.0,2.0,5.0,5880.69,5.0,5.0,513.98,0,0,0
MRC001396,Transport,Small,LOC0111,AGT00188,2180,0,1,11,0.0,0.0,0.0,0.0,2.0,914.27,2.0,2.0,9.0,9766.060000000001,9.0,8.0,457.135,0,0,0
MRC001397,Grocery,Small,LOC0120,AGT00791,596,1,0,7,0.0,0.0,0.0,0.0,10.0,21749.52,10.0,9.0,30.0,67226.49,30.0,25.0,2174.952,0,0,0
MRC001398,Pharmacy,Small,LOC0059,AGT00330,857,0,0,0,7.0,18655.98,7.0,4.0,39.0,84294.15,39.0,22.0,115.0,207862.79,115.0,62.0,2161.3884615384613,0,0,0
MRC001399,Healthcare,Medium,LOC0070,AGT00297,1486,1,0,75,0.0,0.0,0.0,0.0,0.0,0.0,0.0,0.0,1.0,420.47,1.0,1.0,0.0,1,1,0
MRC001400,Grocery,Small,LOC0046,AGT00743,2463,1,1,0,4.0,1161.28,4.0,3.0,11.0,17549.23,11.0,8.0,47.0,92420.22,47.0,34.0,1595.3845454545453,0,0,0
MRC001401,Fashion,Small,LOC0094,AGT00270,930,1,1,10,0.0,0.0,0.0,0.0,5.0,6880.63,5.0,4.0,12.0,12945.82,12.0,11.0,1376.126,0,0,0
MRC001402,Healthcare,Small,LOC0036,AGT00429,1129,1,0,3,1.0,448.77,1.0,1.0,8.0,28421.59,8.0,8.0,21.0,47137.24,21.0,19.0,3552.69875,0,0,0
MRC001403,Utility,Medium,LOC0090,AGT00346,2025,1,1,0,1.0,1463.34,1.0,1.0,5.0,5394.98,5.0,4.0,15.0,23323.65,15.0,12.0,1078.9959999999999,0,0,0
MRC001404,Grocery,Micro,LOC0109,AGT00461,549,1,1,1,1.0,484.45,1.0,1.0,14.0,13185.39,14.0,11.0,35.0,63078.65,35.0,29.0,941.8135714285714,0,0,0
MRC001405,General Retail,Small,LOC0021,AGT00374,1002,1,1,25,0.0,0.0,0.0,0.0,1.0,1257.82,1.0,1.0,5.0,7024.58,5.0,5.0,1257.82,0,0,0
MRC001406,Healthcare,Micro,LOC0028,AGT00051,977,1,1,13,0.0,0.0,0.0,0.0,2.0,4578.49,2.0,2.0,7.0,6861.51,7.0,7.0,2289.245,0,0,0
MRC001407,Restaurant,Small,LOC0046,AGT00718,1163,1,1,1,1.0,1543.41,1.0,1.0,4.0,4390.38,4.0,4.0,12.0,17503.8,12.0,12.0,1097.595,0,0,0
MRC001408,Utility,Small,LOC0100,AGT00784,1540,0,1,0,5.0,5102.65,5.0,5.0,12.0,20368.010000000002,12.0,10.0,33.0,60939.05,33.0,27.0,1697.3341666666668,0,0,0
MRC001409,Healthcare,Micro,LOC0077,AGT00359,771,1,1,11,0.0,0.0,0.0,0.0,2.0,2317.3599999999997,2.0,2.0,7.0,12067.039999999999,7.0,7.0,1158.6799999999998,0,0,0
MRC001410,Education,Small,LOC0024,AGT00566,1142,1,1,12,0.0,0.0,0.0,0.0,1.0,842.43,1.0,1.0,2.0,1325.59,2.0,2.0,842.43,0,0,0
MRC001411,Electronics,Micro,LOC0045,AGT00761,2290,1,1,8,0.0,0.0,0.0,0.0,4.0,12951.48,4.0,4.0,9.0,20832.260000000002,9.0,8.0,3237.87,0,0,0
MRC001412,Healthcare,Medium,LOC0078,AGT00535,2097,1,1,5,1.0,843.72,1.0,1.0,2.0,3656.9399999999996,2.0,2.0,6.0,6082.049999999999,6.0,6.0,1828.4699999999998,0,0,0
MRC001413,General Retail,Medium,LOC0116,AGT00317,2376,1,1,7,0.0,0.0,0.0,0.0,4.0,6402.41,4.0,4.0,15.0,21676.42,15.0,14.0,1600.6025,0,0,0
MRC001414,Education,Small,LOC0055,AGT00565,1777,1,1,13,0.0,0.0,0.0,0.0,4.0,21998.52,4.0,4.0,8.0,25658.079999999998,8.0,8.0,5499.63,0,0,0
MRC001415,Utility,Small,LOC0009,AGT00765,1559,1,1,3,4.0,9617.75,4.0,3.0,8.0,15819.34,8.0,7.0,24.0,35950.94,24.0,23.0,1977.4175,0,0,0
MRC001416,Healthcare,Micro,LOC0013,AGT00649,753,1,1,139,0.0,0.0,0.0,0.0,0.0,0.0,0.0,0.0,0.0,0.0,0.0,0.0,0.0,1,1,1
MRC001417,General Retail,Medium,LOC0004,AGT00043,634,0,1,12,0.0,0.0,0.0,0.0,5.0,3994.87,5.0,4.0,10.0,6154.219999999999,10.0,9.0,798.9739999999999,0,0,0
MRC001418,General Retail,Small,LOC0016,AGT00254,1464,1,1,2,2.0,3973.62,2.0,2.0,5.0,10379.56,5.0,5.0,13.0,23635.16,13.0,12.0,2075.912,0,0,0
MRC001419,Grocery,Micro,LOC0050,AGT00062,1171,0,1,0,6.0,6265.32,6.0,3.0,19.0,17302.1,19.0,13.0,71.0,136915.38,71.0,44.0,910.6368421052631,0,0,0
MRC001420,Grocery,Large,LOC0034,AGT00283,2007,1,1,0,3.0,4558.7,3.0,2.0,5.0,5816.47,5.0,4.0,15.0,19554.469999999998,15.0,12.0,1163.294,0,0,0
MRC001421,Education,Micro,LOC0037,AGT00012,308,0,0,4,2.0,5440.51,2.0,2.0,5.0,7955.04,5.0,5.0,12.0,15781.439999999999,12.0,11.0,1591.008,0,0,0
MRC001422,Fashion,Small,LOC0092,AGT00348,2234,1,0,7,0.0,0.0,0.0,0.0,4.0,2914.1800000000003,4.0,4.0,9.0,7684.360000000001,9.0,9.0,728.5450000000001,0,0,0
MRC001423,Education,Micro,LOC0058,AGT00352,659,0,0,2,1.0,3136.68,1.0,1.0,2.0,3399.87,2.0,2.0,7.0,6617.639999999999,7.0,6.0,1699.935,0,0,0
MRC001424,Utility,Small,LOC0088,AGT00241,1149,1,1,1,3.0,1159.9299999999998,3.0,3.0,16.0,33337.17,16.0,11.0,60.0,112491.95,60.0,40.0,2083.573125,0,0,0
MRC001425,General Retail,Micro,LOC0066,AGT00311,1065,1,1,11,0.0,0.0,0.0,0.0,2.0,1229.05,2.0,2.0,4.0,1943.87,4.0,4.0,614.525,0,0,0
MRC001426,Restaurant,Micro,LOC0025,AGT00523,2306,1,0,4,1.0,306.4,1.0,1.0,2.0,968.92,2.0,2.0,2.0,968.92,2.0,2.0,484.46,0,0,0
MRC001427,Healthcare,Small,LOC0114,AGT00395,1861,1,1,6,1.0,181.77,1.0,1.0,8.0,6859.26,8.0,8.0,28.0,20511.44,28.0,25.0,857.4075,0,0,0
MRC001428,Grocery,Large,LOC0058,AGT00630,365,1,1,16,0.0,0.0,0.0,0.0,2.0,606.84,2.0,2.0,8.0,17083.52,8.0,8.0,303.42,0,0,0
MRC001429,Electronics,Micro,LOC0101,AGT00143,2150,1,1,3,1.0,190.56,1.0,1.0,1.0,190.56,1.0,1.0,10.0,11748.21,10.0,10.0,190.56,0,0,0
MRC001430,Grocery,Small,LOC0012,AGT00256,1765,1,1,38,0.0,0.0,0.0,0.0,0.0,0.0,0.0,0.0,9.0,8081.06,9.0,9.0,0.0,1,0,0
MRC001431,Electronics,Small,LOC0102,AGT00342,435,1,1,2,2.0,3929.79,2.0,2.0,7.0,9731.54,7.0,7.0,21.0,39304.29,21.0,20.0,1390.22,0,0,0
MRC001432,Electronics,Medium,LOC0086,AGT00419,1995,1,0,0,3.0,6776.27,3.0,3.0,6.0,11007.81,6.0,6.0,19.0,21918.73,19.0,15.0,1834.635,0,0,0
MRC001433,Healthcare,Micro,LOC0030,AGT00411,361,1,1,27,0.0,0.0,0.0,0.0,1.0,3766.39,1.0,1.0,5.0,6732.79,5.0,4.0,3766.39,0,0,0
MRC001434,Transport,Small,LOC0096,AGT00721,1215,0,1,5,1.0,1279.24,1.0,1.0,3.0,3449.11,3.0,3.0,13.0,13125.68,13.0,12.0,1149.7033333333334,0,0,0
MRC001435,Restaurant,Medium,LOC0090,AGT00346,641,0,0,21,0.0,0.0,0.0,0.0,3.0,2935.5699999999997,3.0,2.0,6.0,11107.039999999999,6.0,5.0,978.5233333333332,0,0,0
MRC001436,Grocery,Micro,LOC0108,AGT00645,310,0,1,3,1.0,507.41,1.0,1.0,3.0,4395.01,3.0,3.0,14.0,30408.14,14.0,13.0,1465.0033333333333,0,0,0
MRC001437,Grocery,Small,LOC0026,AGT00636,1509,1,0,18,0.0,0.0,0.0,0.0,1.0,471.38,1.0,1.0,4.0,1891.85,4.0,4.0,471.38,0,0,0
MRC001438,General Retail,Medium,LOC0107,AGT00265,1788,0,1,7,0.0,0.0,0.0,0.0,2.0,3656.48,2.0,2.0,8.0,7231.85,8.0,7.0,1828.24,0,0,0
MRC001439,General Retail,Micro,LOC0092,AGT00539,1335,0,1,0,1.0,335.77,1.0,1.0,3.0,7870.369999999999,3.0,3.0,15.0,28202.36,15.0,14.0,2623.4566666666665,0,0,0
MRC001440,Restaurant,Small,LOC0041,AGT00378,1035,1,1,4,1.0,534.4,1.0,1.0,5.0,6821.43,5.0,5.0,19.0,25545.649999999998,19.0,16.0,1364.286,0,0,0
MRC001441,Pharmacy,Micro,LOC0043,AGT00664,1408,1,0,1,4.0,4785.78,4.0,4.0,13.0,20794.51,13.0,12.0,40.0,101482.99,40.0,35.0,1599.5776923076921,0,0,0
MRC001442,Fashion,Medium,LOC0031,AGT00300,618,1,1,19,0.0,0.0,0.0,0.0,2.0,1752.62,2.0,2.0,2.0,1752.62,2.0,2.0,876.31,0,0,0
MRC001443,Transport,Medium,LOC0058,AGT00630,396,1,1,8,0.0,0.0,0.0,0.0,1.0,1730.94,1.0,1.0,12.0,10493.77,12.0,10.0,1730.94,0,0,0
MRC001444,Restaurant,Small,LOC0108,AGT00645,630,0,1,22,0.0,0.0,0.0,0.0,1.0,886.09,1.0,1.0,6.0,6552.39,6.0,5.0,886.09,0,0,0
MRC001445,Grocery,Small,LOC0101,AGT00631,405,1,1,17,0.0,0.0,0.0,0.0,4.0,1982.17,4.0,3.0,7.0,4210.7,7.0,6.0,495.5425,0,0,0
MRC001446,Restaurant,Small,LOC0018,AGT00237,1967,0,1,111,0.0,0.0,0.0,0.0,0.0,0.0,0.0,0.0,0.0,0.0,0.0,0.0,0.0,1,1,1
MRC001447,Pharmacy,Micro,LOC0016,AGT00605,1617,1,1,17,0.0,0.0,0.0,0.0,1.0,2260.11,1.0,1.0,6.0,9106.65,6.0,6.0,2260.11,0,0,0
MRC001448,Restaurant,Micro,LOC0008,AGT00614,696,1,1,7,0.0,0.0,0.0,0.0,2.0,690.6,2.0,2.0,7.0,5460.09,7.0,7.0,345.3,0,0,0
MRC001449,Grocery,Micro,LOC0074,AGT00003,1532,1,1,13,0.0,0.0,0.0,0.0,2.0,4594.15,2.0,2.0,4.0,7772.22,4.0,4.0,2297.075,0,0,0
MRC001450,Transport,Micro,LOC0038,AGT00608,1344,1,1,14,0.0,0.0,0.0,0.0,1.0,842.92,1.0,1.0,5.0,5448.7,5.0,5.0,842.92,0,0,0
MRC001451,Electronics,Small,LOC0092,AGT00350,530,1,1,1,3.0,1884.4499999999998,3.0,2.0,13.0,13724.99,13.0,10.0,39.0,50475.79,39.0,35.0,1055.7684615384615,0,0,0
MRC001452,Pharmacy,Micro,LOC0092,AGT00350,2407,0,1,0,12.0,37600.21,12.0,7.0,41.0,83201.58,41.0,26.0,123.0,217257.46,123.0,67.0,2029.3068292682926,0,0,0
MRC001453,Electronics,Micro,LOC0024,AGT00566,2336,0,1,13,0.0,0.0,0.0,0.0,3.0,1697.1799999999998,3.0,3.0,8.0,6819.29,8.0,8.0,565.7266666666666,0,0,0
MRC001454,Fashion,Small,LOC0084,AGT00691,1945,0,1,4,1.0,256.79,1.0,1.0,1.0,256.79,1.0,1.0,2.0,569.63,2.0,2.0,256.79,0,0,0
MRC001455,Utility,Micro,LOC0092,AGT00042,2053,0,1,3,1.0,1111.36,1.0,1.0,6.0,12934.63,6.0,5.0,15.0,32659.89,15.0,14.0,2155.7716666666665,0,0,0
MRC001456,General Retail,Micro,LOC0119,AGT00209,1482,1,1,75,0.0,0.0,0.0,0.0,0.0,0.0,0.0,0.0,1.0,4742.33,1.0,1.0,0.0,1,1,0
MRC001457,Grocery,Micro,LOC0087,AGT00238,2043,1,1,6,1.0,400.21,1.0,1.0,1.0,400.21,1.0,1.0,6.0,6663.55,6.0,5.0,400.21,0,0,0
MRC001458,General Retail,Micro,LOC0044,AGT00101,1441,0,1,4,2.0,1940.75,2.0,2.0,6.0,12537.59,6.0,6.0,12.0,20599.12,12.0,12.0,2089.5983333333334,0,0,0
MRC001459,Transport,Small,LOC0120,AGT00220,649,0,1,6,1.0,251.32,1.0,1.0,1.0,251.32,1.0,1.0,4.0,2337.73,4.0,4.0,251.32,0,0,0
MRC001460,Transport,Small,LOC0034,AGT00280,652,1,1,8,0.0,0.0,0.0,0.0,3.0,5973.2300000000005,3.0,3.0,8.0,10645.789999999999,8.0,8.0,1991.0766666666668,0,0,0
MRC001461,Restaurant,Medium,LOC0097,AGT00709,2152,1,1,8,0.0,0.0,0.0,0.0,3.0,3795.2,3.0,3.0,3.0,3795.2,3.0,3.0,1265.0666666666666,0,0,0
MRC001462,Restaurant,Small,LOC0046,AGT00766,1262,1,1,3,3.0,1869.44,3.0,3.0,5.0,7709.0,5.0,4.0,13.0,18147.72,13.0,12.0,1541.8,0,0,0
MRC001463,Grocery,Small,LOC0113,AGT00463,1880,0,1,2,2.0,3119.31,2.0,1.0,15.0,22390.54,15.0,10.0,37.0,53515.63,37.0,26.0,1492.7026666666668,0,0,0
MRC001464,General Retail,Medium,LOC0094,AGT00088,603,1,1,39,0.0,0.0,0.0,0.0,0.0,0.0,0.0,0.0,8.0,16044.11,8.0,8.0,0.0,1,0,0
MRC001465,Education,Small,LOC0072,AGT00619,1265,0,1,1,1.0,469.6,1.0,1.0,4.0,4080.16,4.0,3.0,13.0,13615.47,13.0,12.0,1020.04,0,0,0
MRC001466,Restaurant,Small,LOC0026,AGT00697,469,1,0,7,0.0,0.0,0.0,0.0,1.0,666.88,1.0,1.0,2.0,1127.96,2.0,2.0,666.88,0,0,0
MRC001467,Electronics,Small,LOC0023,AGT00559,769,1,1,7,0.0,0.0,0.0,0.0,2.0,1657.51,2.0,2.0,5.0,3676.86,5.0,5.0,828.755,0,0,0
MRC001468,Grocery,Micro,LOC0114,AGT00228,525,1,1,19,0.0,0.0,0.0,0.0,1.0,406.01,1.0,1.0,1.0,406.01,1.0,1.0,406.01,0,0,0
MRC001469,Grocery,Micro,LOC0097,AGT00741,741,0,1,0,4.0,1003.7200000000001,4.0,3.0,12.0,9660.14,12.0,10.0,25.0,53727.28,25.0,22.0,805.0116666666667,0,0,0
MRC001470,Education,Micro,LOC0062,AGT00240,1612,1,1,8,0.0,0.0,0.0,0.0,2.0,402.53999999999996,2.0,2.0,4.0,4360.2,4.0,4.0,201.26999999999998,0,0,0
MRC001471,Electronics,Small,LOC0106,AGT00478,298,1,1,4,1.0,1408.38,1.0,1.0,1.0,1408.38,1.0,1.0,2.0,3224.2,2.0,2.0,1408.38,0,0,0
MRC001472,Utility,Micro,LOC0094,AGT00270,709,1,1,10,0.0,0.0,0.0,0.0,3.0,5779.42,3.0,3.0,13.0,21509.3,13.0,12.0,1926.4733333333334,0,0,0
MRC001473,Transport,Small,LOC0047,AGT00055,1796,0,1,1,3.0,3124.87,3.0,2.0,6.0,4080.16,6.0,5.0,16.0,15179.46,16.0,15.0,680.0266666666666,0,0,0
MRC001474,Education,Medium,LOC0100,AGT00161,613,1,1,2,1.0,1949.92,1.0,1.0,6.0,5491.58,6.0,6.0,11.0,9944.3,11.0,11.0,915.2633333333333,0,0,0
MRC001475,Utility,Small,LOC0096,AGT00731,1500,0,1,6,1.0,686.26,1.0,1.0,4.0,2850.2799999999997,4.0,4.0,11.0,10672.79,11.0,11.0,712.5699999999999,0,0,0
MRC001476,Grocery,Micro,LOC0058,AGT00630,2181,1,1,11,0.0,0.0,0.0,0.0,2.0,5251.179999999999,2.0,2.0,4.0,6535.95,4.0,4.0,2625.5899999999997,0,0,0
MRC001477,Transport,Small,LOC0003,AGT00264,1991,1,1,3,1.0,216.9,1.0,1.0,8.0,3622.64,8.0,6.0,28.0,44627.39,28.0,24.0,452.83,0,0,0
MRC001478,Healthcare,Micro,LOC0089,AGT00574,553,1,1,3,1.0,914.86,1.0,1.0,2.0,1339.15,2.0,2.0,7.0,11919.83,7.0,6.0,669.575,0,0,0
MRC001479,Pharmacy,Large,LOC0041,AGT00541,609,1,1,36,0.0,0.0,0.0,0.0,0.0,0.0,0.0,0.0,4.0,4190.43,4.0,3.0,0.0,1,0,0
MRC001480,Grocery,Small,LOC0044,AGT00365,1828,1,1,0,6.0,5144.21,6.0,4.0,18.0,17387.73,18.0,14.0,49.0,53786.67,49.0,41.0,965.985,0,0,0
MRC001481,Pharmacy,Small,LOC0086,AGT00068,1044,1,0,4,1.0,571.97,1.0,1.0,5.0,3018.1099999999997,5.0,5.0,12.0,11641.59,12.0,12.0,603.622,0,0,0
MRC001482,Grocery,Small,LOC0098,AGT00333,1198,1,1,4,1.0,73.75,1.0,1.0,2.0,981.7,2.0,2.0,9.0,6374.56,9.0,9.0,490.85,0,0,0
MRC001483,Electronics,Small,LOC0011,AGT00105,1328,0,1,19,0.0,0.0,0.0,0.0,4.0,6035.99,4.0,3.0,20.0,35892.7,20.0,18.0,1508.9975,0,0,0
MRC001484,Grocery,Small,LOC0099,AGT00462,1552,0,1,23,0.0,0.0,0.0,0.0,1.0,1731.58,1.0,1.0,6.0,14937.42,6.0,6.0,1731.58,0,0,0
MRC001485,Transport,Micro,LOC0036,AGT00081,1268,1,1,15,0.0,0.0,0.0,0.0,1.0,282.51,1.0,1.0,5.0,2620.23,5.0,5.0,282.51,0,0,0
MRC001486,Grocery,Micro,LOC0068,AGT00610,338,1,0,0,2.0,625.73,2.0,2.0,2.0,625.73,2.0,2.0,12.0,13552.29,12.0,10.0,312.865,0,0,0
MRC001487,Grocery,Micro,LOC0105,AGT00279,493,0,1,4,1.0,1090.59,1.0,1.0,1.0,1090.59,1.0,1.0,5.0,11356.349999999999,5.0,5.0,1090.59,0,0,0
MRC001488,Restaurant,Small,LOC0027,AGT00368,287,1,1,14,0.0,0.0,0.0,0.0,2.0,1354.34,2.0,2.0,4.0,4594.18,4.0,4.0,677.17,0,0,0
MRC001489,Grocery,Medium,LOC0027,AGT00727,865,0,1,68,0.0,0.0,0.0,0.0,0.0,0.0,0.0,0.0,1.0,1224.41,1.0,1.0,0.0,1,1,0
MRC001490,General Retail,Small,LOC0117,AGT00773,2072,1,1,8,0.0,0.0,0.0,0.0,1.0,901.6,1.0,1.0,4.0,7415.08,4.0,4.0,901.6,0,0,0
MRC001491,Restaurant,Small,LOC0045,AGT00530,2410,1,0,26,0.0,0.0,0.0,0.0,1.0,478.6,1.0,1.0,1.0,478.6,1.0,1.0,478.6,0,0,0
MRC001492,Pharmacy,Medium,LOC0114,AGT00702,1325,1,1,25,0.0,0.0,0.0,0.0,2.0,9666.61,2.0,2.0,5.0,12223.83,5.0,5.0,4833.305,0,0,0
MRC001493,Grocery,Micro,LOC0043,AGT00664,346,1,1,6,1.0,1126.35,1.0,1.0,3.0,3277.58,3.0,3.0,13.0,11019.119999999999,13.0,12.0,1092.5266666666666,0,0,0
MRC001494,Restaurant,Micro,LOC0075,AGT00591,442,1,1,11,0.0,0.0,0.0,0.0,3.0,883.6600000000001,3.0,3.0,9.0,6033.530000000001,9.0,9.0,294.55333333333334,0,0,0
MRC001495,Education,Medium,LOC0062,AGT00240,2067,1,1,3,2.0,1324.69,2.0,2.0,3.0,2218.55,3.0,3.0,14.0,17140.45,14.0,12.0,739.5166666666668,0,0,0
MRC001496,Utility,Medium,LOC0119,AGT00550,1037,1,1,18,0.0,0.0,0.0,0.0,2.0,1726.54,2.0,2.0,11.0,16216.970000000001,11.0,11.0,863.27,0,0,0
MRC001497,Restaurant,Small,LOC0067,AGT00760,2213,1,1,47,0.0,0.0,0.0,0.0,0.0,0.0,0.0,0.0,1.0,325.56,1.0,1.0,0.0,1,0,0
MRC001498,Education,Micro,LOC0061,AGT00771,1393,0,0,7,0.0,0.0,0.0,0.0,4.0,5312.14,4.0,3.0,17.0,23046.11,17.0,14.0,1328.035,0,0,0
MRC001499,Fashion,Large,LOC0056,AGT00448,2208,1,1,0,4.0,5977.46,4.0,3.0,5.0,7004.33,5.0,4.0,9.0,10899.27,9.0,8.0,1400.866,0,0,0
MRC001500,General Retail,Small,LOC0046,AGT00743,583,0,1,0,5.0,2585.0299999999997,5.0,4.0,21.0,24666.260000000002,21.0,18.0,65.0,103595.62,65.0,49.0,1174.5838095238096,0,0,0
MRC001501,Education,Small,LOC0053,AGT00739,2162,1,1,23,0.0,0.0,0.0,0.0,1.0,46.78,1.0,1.0,4.0,1786.94,4.0,4.0,46.78,0,0,0
MRC001502,Pharmacy,Micro,LOC0056,AGT00583,1480,1,1,212,0.0,0.0,0.0,0.0,0.0,0.0,0.0,0.0,0.0,0.0,0.0,0.0,0.0,1,1,1
MRC001503,Transport,Small,LOC0092,AGT00455,1242,0,1,2,1.0,1723.14,1.0,1.0,8.0,7542.99,8.0,8.0,26.0,30887.61,26.0,24.0,942.87375,0,0,0
MRC001504,General Retail,Medium,LOC0006,AGT00696,1442,1,1,11,0.0,0.0,0.0,0.0,2.0,1361.06,2.0,2.0,15.0,25589.14,15.0,11.0,680.53,0,0,0
MRC001505,Fashion,Medium,LOC0061,AGT00428,1001,1,1,4,2.0,5461.86,2.0,2.0,6.0,10199.14,6.0,6.0,22.0,43109.95,22.0,20.0,1699.8566666666666,0,0,0
MRC001506,General Retail,Small,LOC0066,AGT00293,1604,1,1,6,1.0,1822.2,1.0,1.0,5.0,15823.54,5.0,5.0,15.0,26792.670000000002,15.0,14.0,3164.708,0,0,0
MRC001507,General Retail,Small,LOC0091,AGT00522,1969,0,1,0,10.0,19562.33,10.0,5.0,40.0,63433.35,40.0,23.0,119.0,178410.75,119.0,68.0,1585.83375,0,0,0
MRC001508,Grocery,Small,LOC0080,AGT00224,2057,1,1,2,1.0,192.11,1.0,1.0,3.0,2932.06,3.0,3.0,9.0,13255.73,9.0,9.0,977.3533333333334,0,0,0
MRC001509,Utility,Small,LOC0052,AGT00740,2424,1,0,3,2.0,11010.56,2.0,2.0,13.0,37311.270000000004,13.0,10.0,31.0,59384.07,31.0,25.0,2870.097692307693,0,0,0
MRC001510,Education,Small,LOC0014,AGT00389,1188,1,1,41,0.0,0.0,0.0,0.0,0.0,0.0,0.0,0.0,3.0,2052.48,3.0,2.0,0.0,1,0,0
MRC001511,Electronics,Micro,LOC0045,AGT00761,1966,1,1,1,2.0,289.40000000000003,2.0,2.0,11.0,12749.85,11.0,9.0,22.0,24193.96,22.0,18.0,1159.0772727272727,0,0,0
MRC001512,Electronics,Micro,LOC0031,AGT00520,2228,1,1,8,0.0,0.0,0.0,0.0,9.0,16057.6,9.0,8.0,17.0,30645.739999999998,17.0,15.0,1784.177777777778,0,0,0
MRC001513,General Retail,Small,LOC0025,AGT00648,325,1,1,3,1.0,1295.23,1.0,1.0,5.0,4716.77,5.0,5.0,23.0,31633.46,23.0,19.0,943.354,0,0,0
MRC001514,Education,Micro,LOC0087,AGT00772,1324,1,1,1,2.0,2676.12,2.0,2.0,15.0,18396.97,15.0,14.0,33.0,42265.31,33.0,29.0,1226.4646666666667,0,0,0
MRC001515,Electronics,Micro,LOC0058,AGT00630,1818,1,1,999,0.0,0.0,0.0,0.0,0.0,0.0,0.0,0.0,0.0,0.0,0.0,0.0,0.0,1,1,1
MRC001516,Grocery,Medium,LOC0096,AGT00154,1285,1,1,3,1.0,1114.9,1.0,1.0,4.0,3978.51,4.0,3.0,12.0,27645.39,12.0,11.0,994.6275,0,0,0
MRC001517,Fashion,Small,LOC0017,AGT00654,505,1,1,44,0.0,0.0,0.0,0.0,0.0,0.0,0.0,0.0,4.0,3553.15,4.0,4.0,0.0,1,0,0
MRC001518,General Retail,Micro,LOC0119,AGT00553,1719,1,1,47,0.0,0.0,0.0,0.0,0.0,0.0,0.0,0.0,4.0,10993.38,4.0,4.0,0.0,1,0,0
MRC001519,Healthcare,Micro,LOC0057,AGT00569,1174,0,1,12,0.0,0.0,0.0,0.0,2.0,6263.51,2.0,2.0,7.0,12438.189999999999,7.0,7.0,3131.755,0,0,0
MRC001520,Grocery,Small,LOC0031,AGT00116,1636,0,1,3,1.0,3094.06,1.0,1.0,7.0,16288.2,7.0,7.0,19.0,47443.14,19.0,18.0,2326.8857142857146,0,0,0
MRC001521,General Retail,Small,LOC0044,AGT00365,289,1,1,20,0.0,0.0,0.0,0.0,2.0,1453.4699999999998,2.0,2.0,10.0,7333.259999999999,10.0,8.0,726.7349999999999,0,0,0
MRC001522,General Retail,Small,LOC0101,AGT00631,311,1,1,9,0.0,0.0,0.0,0.0,2.0,4229.67,2.0,2.0,8.0,15125.26,8.0,8.0,2114.835,0,0,0
MRC001523,Electronics,Small,LOC0086,AGT00469,1604,1,1,17,0.0,0.0,0.0,0.0,1.0,28811.48,1.0,1.0,3.0,33867.67,3.0,3.0,28811.48,0,0,0
MRC001524,Grocery,Micro,LOC0021,AGT00502,2433,1,1,1,6.0,10071.4,6.0,5.0,15.0,17537.03,15.0,14.0,41.0,67775.84,41.0,35.0,1169.1353333333332,0,0,0
MRC001525,Education,Small,LOC0119,AGT00136,1684,1,1,5,1.0,620.49,1.0,1.0,1.0,620.49,1.0,1.0,5.0,5380.0199999999995,5.0,4.0,620.49,0,0,0
MRC001526,Grocery,Micro,LOC0016,AGT00724,2346,1,1,13,0.0,0.0,0.0,0.0,3.0,6070.83,3.0,3.0,9.0,11722.48,9.0,9.0,2023.61,0,0,0
MRC001527,Restaurant,Small,LOC0034,AGT00285,2138,1,1,0,9.0,5871.4,9.0,4.0,28.0,24654.23,28.0,17.0,76.0,81492.67,76.0,51.0,880.5082142857143,0,0,0
MRC001528,Education,Micro,LOC0088,AGT00053,901,1,0,52,0.0,0.0,0.0,0.0,0.0,0.0,0.0,0.0,3.0,1203.04,3.0,3.0,0.0,1,0,0
MRC001529,General Retail,Micro,LOC0064,AGT00132,510,1,1,5,1.0,255.24,1.0,1.0,1.0,255.24,1.0,1.0,3.0,640.3,3.0,3.0,255.24,0,0,0
MRC001530,Restaurant,Micro,LOC0054,AGT00695,1507,1,0,2,1.0,803.47,1.0,1.0,4.0,15471.7,4.0,3.0,6.0,17339.829999999998,6.0,5.0,3867.925,0,0,0
MRC001531,General Retail,Medium,LOC0112,AGT00744,1642,0,1,103,0.0,0.0,0.0,0.0,0.0,0.0,0.0,0.0,0.0,0.0,0.0,0.0,0.0,1,1,1
MRC001532,General Retail,Micro,LOC0096,AGT00179,1970,1,1,27,0.0,0.0,0.0,0.0,1.0,2352.29,1.0,1.0,3.0,7739.639999999999,3.0,3.0,2352.29,0,0,0
MRC001533,Grocery,Micro,LOC0116,AGT00317,1425,1,1,0,3.0,4751.46,3.0,3.0,4.0,7128.8099999999995,4.0,4.0,12.0,21620.18,12.0,12.0,1782.2024999999999,0,0,0
MRC001534,Pharmacy,Micro,LOC0034,AGT00173,2298,0,1,6,1.0,600.69,1.0,1.0,2.0,1530.94,2.0,2.0,7.0,2975.02,7.0,7.0,765.47,0,0,0
MRC001535,Transport,Small,LOC0103,AGT00551,2131,0,1,16,0.0,0.0,0.0,0.0,2.0,2536.98,2.0,2.0,5.0,7048.75,5.0,5.0,1268.49,0,0,0
MRC001536,Healthcare,Small,LOC0026,AGT00636,1567,1,1,4,1.0,6710.06,1.0,1.0,1.0,6710.06,1.0,1.0,5.0,8557.85,5.0,5.0,6710.06,0,0,0
MRC001537,Restaurant,Medium,LOC0097,AGT00709,1491,1,1,10,0.0,0.0,0.0,0.0,6.0,7310.719999999999,6.0,5.0,16.0,13327.65,16.0,13.0,1218.4533333333331,0,0,0
MRC001538,Transport,Small,LOC0066,AGT00311,328,1,1,173,0.0,0.0,0.0,0.0,0.0,0.0,0.0,0.0,0.0,0.0,0.0,0.0,0.0,1,1,1
MRC001539,Education,Small,LOC0072,AGT00619,1993,0,1,45,0.0,0.0,0.0,0.0,0.0,0.0,0.0,0.0,4.0,18622.22,4.0,4.0,0.0,1,0,0
MRC001540,Healthcare,Small,LOC0014,AGT00389,1774,1,1,59,0.0,0.0,0.0,0.0,0.0,0.0,0.0,0.0,10.0,14628.380000000001,10.0,9.0,0.0,1,0,0
MRC001541,Healthcare,Micro,LOC0106,AGT00175,2245,1,1,5,1.0,1170.93,1.0,1.0,5.0,28159.469999999998,5.0,5.0,13.0,37731.34,13.0,13.0,5631.893999999999,0,0,0
MRC001542,Grocery,Medium,LOC0034,AGT00219,490,1,1,9,0.0,0.0,0.0,0.0,1.0,51.96,1.0,1.0,5.0,5301.13,5.0,5.0,51.96,0,0,0
MRC001543,Grocery,Medium,LOC0072,AGT00788,606,1,1,5,1.0,970.55,1.0,1.0,1.0,970.55,1.0,1.0,5.0,3376.38,5.0,5.0,970.55,0,0,0
MRC001544,Grocery,Micro,LOC0020,AGT00024,1753,1,1,0,1.0,574.78,1.0,1.0,3.0,4200.1,3.0,3.0,11.0,16957.95,11.0,11.0,1400.0333333333335,0,0,0
MRC001545,General Retail,Small,LOC0112,AGT00667,1356,1,1,0,3.0,2347.8,3.0,3.0,14.0,13402.82,14.0,11.0,33.0,56324.06,33.0,28.0,957.3442857142857,0,0,0
MRC001546,General Retail,Micro,LOC0039,AGT00700,1570,1,1,3,1.0,402.86,1.0,1.0,4.0,9617.76,4.0,4.0,6.0,12519.46,6.0,6.0,2404.44,0,0,0
MRC001547,Utility,Small,LOC0092,AGT00350,1236,1,1,4,1.0,179.81,1.0,1.0,9.0,11134.08,8.0,8.0,26.0,45176.08,25.0,23.0,1237.12,0,0,0
MRC001548,Grocery,Small,LOC0092,AGT00042,1686,0,1,3,2.0,2438.6,2.0,2.0,5.0,6209.2,5.0,4.0,30.0,51820.67,30.0,26.0,1241.84,0,0,0
MRC001549,Education,Medium,LOC0067,AGT00578,1725,0,1,118,0.0,0.0,0.0,0.0,0.0,0.0,0.0,0.0,0.0,0.0,0.0,0.0,0.0,1,1,1
MRC001550,Grocery,Micro,LOC0015,AGT00050,700,1,0,29,0.0,0.0,0.0,0.0,2.0,2453.37,2.0,1.0,10.0,9327.99,10.0,9.0,1226.685,0,0,0
MRC001551,Restaurant,Small,LOC0034,AGT00219,1948,0,1,11,0.0,0.0,0.0,0.0,3.0,2028.5099999999998,3.0,3.0,4.0,3812.21,4.0,4.0,676.17,0,0,0
MRC001552,Pharmacy,Small,LOC0074,AGT00003,1365,1,1,114,0.0,0.0,0.0,0.0,0.0,0.0,0.0,0.0,0.0,0.0,0.0,0.0,0.0,1,1,1
MRC001553,General Retail,Micro,LOC0065,AGT00096,1544,0,1,7,0.0,0.0,0.0,0.0,6.0,4973.37,6.0,5.0,16.0,29211.48,16.0,15.0,828.895,0,0,0
MRC001554,Grocery,Small,LOC0071,AGT00239,1637,1,1,10,0.0,0.0,0.0,0.0,6.0,17714.09,6.0,6.0,18.0,29334.08,18.0,17.0,2952.3483333333334,0,0,0
MRC001555,Transport,Small,LOC0030,AGT00080,1913,1,1,1,2.0,1109.67,2.0,2.0,3.0,2514.74,3.0,3.0,20.0,36952.72,20.0,19.0,838.2466666666666,0,0,0
MRC001556,General Retail,Small,LOC0065,AGT00525,943,1,1,12,0.0,0.0,0.0,0.0,1.0,211.93,1.0,1.0,4.0,2997.81,4.0,4.0,211.93,0,0,0
MRC001557,Transport,Large,LOC0011,AGT00491,301,1,1,0,2.0,3231.3,2.0,2.0,7.0,18044.09,7.0,7.0,15.0,26628.45,15.0,14.0,2577.727142857143,0,0,0
MRC001558,Grocery,Micro,LOC0059,AGT00330,683,1,0,19,0.0,0.0,0.0,0.0,2.0,1737.15,2.0,2.0,3.0,3951.04,3.0,3.0,868.575,0,0,0
MRC001559,General Retail,Micro,LOC0011,AGT00207,2397,1,1,16,0.0,0.0,0.0,0.0,3.0,3518.4100000000003,3.0,3.0,13.0,18188.37,13.0,12.0,1172.8033333333335,0,0,0
MRC001560,Transport,Micro,LOC0080,AGT00224,773,1,1,26,0.0,0.0,0.0,0.0,1.0,174.17,1.0,1.0,5.0,7005.0599999999995,5.0,4.0,174.17,0,0,0
MRC001561,Fashion,Micro,LOC0069,AGT00373,831,1,1,4,2.0,687.8,2.0,2.0,7.0,4878.72,7.0,7.0,28.0,39863.27,28.0,23.0,696.96,0,0,0
MRC001562,Transport,Small,LOC0103,AGT00551,2161,0,1,0,1.0,1206.21,1.0,1.0,4.0,3330.44,4.0,4.0,7.0,4682.02,7.0,6.0,832.61,0,0,0
MRC001563,General Retail,Medium,LOC0056,AGT00251,802,0,1,1,1.0,963.15,1.0,1.0,5.0,6499.34,5.0,5.0,10.0,12586.85,10.0,10.0,1299.868,0,0,0
MRC001564,Fashion,Small,LOC0020,AGT00543,1302,1,1,8,0.0,0.0,0.0,0.0,6.0,10560.68,6.0,6.0,13.0,16100.31,13.0,11.0,1760.1133333333335,0,0,0
MRC001565,Electronics,Small,LOC0029,AGT00383,1096,1,0,30,0.0,0.0,0.0,0.0,0.0,0.0,0.0,0.0,4.0,5451.360000000001,4.0,4.0,0.0,1,0,0
MRC001566,Fashion,Micro,LOC0098,AGT00333,1731,1,1,0,4.0,1495.08,4.0,4.0,10.0,7056.69,10.0,10.0,11.0,7495.21,11.0,11.0,705.669,0,0,0
MRC001567,Grocery,Micro,LOC0115,AGT00296,1586,0,1,1,1.0,1605.43,1.0,1.0,6.0,15874.66,6.0,6.0,14.0,20190.32,14.0,14.0,2645.7766666666666,0,0,0
MRC001568,Utility,Medium,LOC0008,AGT00063,1412,1,0,33,0.0,0.0,0.0,0.0,0.0,0.0,0.0,0.0,2.0,2581.3999999999996,2.0,2.0,0.0,1,0,0
MRC001569,Grocery,Small,LOC0082,AGT00459,1382,1,1,5,3.0,3672.88,3.0,2.0,3.0,3672.88,3.0,2.0,12.0,20036.25,12.0,11.0,1224.2933333333333,0,0,0
MRC001570,Restaurant,Micro,LOC0058,AGT00413,2109,1,0,0,4.0,22790.71,4.0,4.0,11.0,33758.92,11.0,11.0,26.0,55558.89,26.0,24.0,3068.9927272727273,0,0,0
MRC001571,Restaurant,Medium,LOC0031,AGT00520,1557,1,1,3,2.0,480.67,2.0,1.0,7.0,7350.2699999999995,7.0,6.0,18.0,27245.2,18.0,15.0,1050.0385714285715,0,0,0
MRC001572,Pharmacy,Small,LOC0062,AGT00240,1398,1,0,15,0.0,0.0,0.0,0.0,2.0,5179.2300000000005,2.0,2.0,4.0,5419.740000000001,4.0,4.0,2589.6150000000002,0,0,0
MRC001573,Restaurant,Micro,LOC0113,AGT00343,2225,1,1,5,1.0,1487.92,1.0,1.0,1.0,1487.92,1.0,1.0,3.0,3842.34,3.0,3.0,1487.92,0,0,0
MRC001574,Education,Small,LOC0024,AGT00268,490,1,1,22,0.0,0.0,0.0,0.0,1.0,429.89,1.0,1.0,7.0,6505.63,7.0,7.0,429.89,0,0,0
MRC001575,Restaurant,Small,LOC0101,AGT00135,2108,1,1,9,0.0,0.0,0.0,0.0,3.0,2269.09,3.0,3.0,6.0,12979.49,6.0,5.0,756.3633333333333,0,0,0
MRC001576,Grocery,Micro,LOC0011,AGT00540,719,1,1,6,1.0,292.6,1.0,1.0,1.0,292.6,1.0,1.0,2.0,1612.19,2.0,2.0,292.6,0,0,0
MRC001577,General Retail,Medium,LOC0087,AGT00772,1011,1,1,19,0.0,0.0,0.0,0.0,10.0,17013.760000000002,10.0,7.0,28.0,35193.17,28.0,22.0,1701.3760000000002,0,0,0
MRC001578,General Retail,Small,LOC0009,AGT00765,315,1,1,2,6.0,4146.1900000000005,6.0,4.0,18.0,26684.33,18.0,15.0,57.0,67054.42,57.0,40.0,1482.4627777777778,0,0,0
MRC001579,Fashion,Small,LOC0008,AGT00547,1535,1,1,4,1.0,735.97,1.0,1.0,5.0,15064.07,5.0,5.0,12.0,21127.07,12.0,11.0,3012.814,0,0,0
MRC001580,Restaurant,Medium,LOC0005,AGT00083,2103,1,1,1,2.0,3481.27,2.0,2.0,7.0,8818.37,7.0,6.0,20.0,29891.81,20.0,16.0,1259.767142857143,0,0,0
MRC001581,Grocery,Small,LOC0097,AGT00741,1121,1,1,3,2.0,3199.8900000000003,2.0,1.0,11.0,25857.82,11.0,9.0,48.0,84630.09,48.0,38.0,2350.710909090909,0,0,0
MRC001582,Grocery,Small,LOC0069,AGT00373,1736,1,1,2,2.0,786.96,2.0,2.0,3.0,1172.74,3.0,3.0,7.0,8922.17,7.0,7.0,390.91333333333336,0,0,0
MRC001583,Restaurant,Micro,LOC0083,AGT00430,1145,1,1,56,0.0,0.0,0.0,0.0,0.0,0.0,0.0,0.0,1.0,537.27,1.0,1.0,0.0,1,0,0
MRC001584,General Retail,Micro,LOC0019,AGT00144,1945,0,1,0,5.0,4940.85,5.0,4.0,20.0,16011.0,20.0,14.0,55.0,67136.87,55.0,38.0,800.55,0,0,0
MRC001585,Healthcare,Small,LOC0111,AGT00188,2469,1,1,12,0.0,0.0,0.0,0.0,4.0,4589.56,4.0,4.0,9.0,10783.210000000001,9.0,9.0,1147.39,0,0,0
MRC001586,Restaurant,Micro,LOC0098,AGT00333,1849,1,1,12,0.0,0.0,0.0,0.0,1.0,4123.13,1.0,1.0,7.0,11954.060000000001,7.0,7.0,4123.13,0,0,0
MRC001587,General Retail,Small,LOC0059,AGT00472,1030,1,1,4,1.0,1842.12,1.0,1.0,2.0,2328.37,2.0,2.0,9.0,19838.8,9.0,9.0,1164.185,0,0,0
MRC001588,Fashion,Micro,LOC0108,AGT00645,2088,1,1,30,0.0,0.0,0.0,0.0,0.0,0.0,0.0,0.0,2.0,623.1500000000001,2.0,2.0,0.0,1,0,0
MRC001589,Pharmacy,Micro,LOC0018,AGT00137,369,1,1,0,13.0,21070.77,13.0,6.0,64.0,98478.03,64.0,26.0,181.0,300174.46,179.0,75.0,1538.71921875,0,0,0
MRC001590,Fashion,Small,LOC0036,AGT00429,2443,1,1,44,0.0,0.0,0.0,0.0,0.0,0.0,0.0,0.0,4.0,6719.1,4.0,4.0,0.0,1,0,0
MRC001591,Pharmacy,Micro,LOC0006,AGT00696,2121,1,1,2,3.0,6477.17,3.0,3.0,7.0,18135.13,7.0,7.0,12.0,37811.08,12.0,12.0,2590.7328571428575,0,0,0
MRC001592,General Retail,Small,LOC0020,AGT00024,1714,1,1,4,1.0,351.09,1.0,1.0,10.0,14423.84,10.0,7.0,26.0,37337.7,26.0,22.0,1442.384,0,0,0
MRC001593,Restaurant,Small,LOC0101,AGT00382,1643,1,1,0,4.0,7851.29,4.0,4.0,11.0,16601.97,11.0,11.0,31.0,45096.24,31.0,29.0,1509.2700000000002,0,0,0
MRC001594,Transport,Micro,LOC0050,AGT00531,838,1,1,4,1.0,2089.95,1.0,1.0,13.0,19904.22,13.0,10.0,38.0,57061.33,38.0,30.0,1531.0938461538462,0,0,0
MRC001595,Restaurant,Micro,LOC0078,AGT00189,1229,1,1,31,0.0,0.0,0.0,0.0,0.0,0.0,0.0,0.0,5.0,4617.16,5.0,5.0,0.0,1,0,0
MRC001596,General Retail,Small,LOC0106,AGT00478,508,1,1,17,0.0,0.0,0.0,0.0,3.0,1273.2,3.0,3.0,8.0,8981.52,8.0,8.0,424.40000000000003,0,0,0
MRC001597,Transport,Micro,LOC0092,AGT00348,1027,1,1,5,1.0,538.74,1.0,1.0,1.0,538.74,1.0,1.0,2.0,641.15,2.0,2.0,538.74,0,0,0
MRC001598,Fashion,Small,LOC0048,AGT00516,1575,1,1,27,0.0,0.0,0.0,0.0,1.0,521.42,1.0,1.0,8.0,11931.4,8.0,7.0,521.42,0,0,0
MRC001599,Grocery,Small,LOC0042,AGT00659,1078,1,1,34,0.0,0.0,0.0,0.0,0.0,0.0,0.0,0.0,7.0,5427.05,7.0,6.0,0.0,1,0,0
MRC001600,General Retail,Small,LOC0014,AGT00041,1971,1,0,1,4.0,8204.0,4.0,4.0,7.0,10007.46,7.0,7.0,17.0,20881.670000000002,17.0,15.0,1429.6371428571426,0,0,0
MRC001601,Electronics,Small,LOC0100,AGT00097,2151,0,1,0,7.0,16214.880000000001,7.0,6.0,24.0,41387.71,24.0,20.0,60.0,98673.76,60.0,46.0,1724.4879166666667,0,0,0
MRC001602,Pharmacy,Medium,LOC0119,AGT00136,1514,1,1,1,1.0,356.46,1.0,1.0,6.0,5504.57,6.0,6.0,18.0,41823.5,18.0,18.0,917.4283333333333,0,0,0
MRC001603,General Retail,Micro,LOC0061,AGT00428,1031,0,1,0,4.0,5692.25,4.0,3.0,15.0,14716.71,15.0,12.0,42.0,65540.64,42.0,32.0,981.1139999999999,0,0,0
MRC001604,Grocery,Medium,LOC0060,AGT00185,950,1,1,3,1.0,747.36,1.0,1.0,1.0,747.36,1.0,1.0,9.0,6612.95,9.0,8.0,747.36,0,0,0
MRC001605,Restaurant,Medium,LOC0102,AGT00795,1481,1,1,5,1.0,392.86,1.0,1.0,7.0,7909.87,7.0,7.0,28.0,19052.41,28.0,23.0,1129.9814285714285,0,0,0
MRC001606,Electronics,Small,LOC0042,AGT00659,1859,1,1,4,2.0,287.78999999999996,2.0,1.0,7.0,3737.83,7.0,6.0,16.0,10827.89,16.0,15.0,533.9757142857143,0,0,0
MRC001607,Restaurant,Micro,LOC0049,AGT00234,563,1,1,0,2.0,2569.3,2.0,2.0,5.0,7893.83,5.0,5.0,19.0,26775.61,19.0,16.0,1578.766,0,0,0
MRC001608,Fashion,Micro,LOC0108,AGT00474,1265,1,1,3,2.0,1820.5,2.0,2.0,8.0,12156.66,8.0,8.0,26.0,38287.29,26.0,23.0,1519.5825,0,0,0
MRC001609,Pharmacy,Medium,LOC0046,AGT00119,1249,1,1,21,0.0,0.0,0.0,0.0,1.0,1576.27,1.0,1.0,10.0,17834.420000000002,10.0,9.0,1576.27,0,0,0
MRC001610,Grocery,Micro,LOC0112,AGT00402,913,1,1,36,0.0,0.0,0.0,0.0,0.0,0.0,0.0,0.0,1.0,2375.64,1.0,1.0,0.0,1,0,0
MRC001611,Grocery,Medium,LOC0020,AGT00024,806,0,1,3,2.0,2325.95,2.0,2.0,9.0,5960.97,9.0,8.0,34.0,33998.65,34.0,29.0,662.33,0,0,0
MRC001612,Grocery,Small,LOC0060,AGT00712,2124,1,1,9,0.0,0.0,0.0,0.0,8.0,11358.54,8.0,6.0,19.0,37224.46,19.0,16.0,1419.8175,0,0,0
MRC001613,General Retail,Small,LOC0059,AGT00472,1231,1,1,1,3.0,5723.5,3.0,3.0,8.0,8802.01,8.0,7.0,15.0,27255.42,15.0,13.0,1100.25125,0,0,0
MRC001614,Education,Small,LOC0037,AGT00301,1546,1,1,14,0.0,0.0,0.0,0.0,2.0,5978.35,2.0,2.0,12.0,27040.57,12.0,10.0,2989.175,0,0,0
MRC001615,Fashion,Micro,LOC0116,AGT00317,370,1,1,0,2.0,9298.7,2.0,2.0,6.0,11556.800000000001,6.0,6.0,14.0,18018.62,14.0,14.0,1926.1333333333334,0,0,0
MRC001616,Restaurant,Small,LOC0058,AGT00106,906,1,1,1,3.0,5168.82,3.0,2.0,9.0,12489.05,9.0,7.0,45.0,58386.18,45.0,35.0,1387.6722222222222,0,0,0
MRC001617,Transport,Medium,LOC0106,AGT00401,775,1,1,3,1.0,2233.87,1.0,1.0,3.0,7076.47,3.0,3.0,9.0,16271.77,9.0,9.0,2358.8233333333333,0,0,0
MRC001618,Grocery,Micro,LOC0027,AGT00473,1005,1,1,14,0.0,0.0,0.0,0.0,2.0,1699.8400000000001,2.0,2.0,12.0,13595.970000000001,12.0,10.0,849.9200000000001,0,0,0
MRC001619,Pharmacy,Medium,LOC0042,AGT00764,2125,1,1,0,1.0,1567.67,1.0,1.0,2.0,2034.1000000000001,2.0,2.0,4.0,3802.37,4.0,4.0,1017.0500000000001,0,0,0
MRC001620,Transport,Large,LOC0058,AGT00106,1536,1,0,11,0.0,0.0,0.0,0.0,4.0,7014.0599999999995,4.0,3.0,18.0,27453.06,18.0,15.0,1753.5149999999999,0,0,0
MRC001621,Fashion,Micro,LOC0068,AGT00149,2258,1,1,28,0.0,0.0,0.0,0.0,1.0,162.01,1.0,1.0,8.0,6250.87,8.0,8.0,162.01,0,0,0
MRC001622,Utility,Small,LOC0028,AGT00349,1211,1,1,14,0.0,0.0,0.0,0.0,1.0,1279.24,1.0,1.0,3.0,3355.6800000000003,3.0,3.0,1279.24,0,0,0
MRC001623,General Retail,Micro,LOC0038,AGT00341,1969,1,1,14,0.0,0.0,0.0,0.0,7.0,11902.56,7.0,7.0,11.0,19714.78,11.0,11.0,1700.3657142857141,0,0,0
MRC001624,General Retail,Small,LOC0075,AGT00059,637,1,1,34,0.0,0.0,0.0,0.0,0.0,0.0,0.0,0.0,5.0,5788.16,5.0,5.0,0.0,1,0,0
MRC001625,Grocery,Large,LOC0034,AGT00173,2068,1,1,6,1.0,1508.68,1.0,1.0,2.0,1796.5900000000001,2.0,2.0,6.0,5022.77,6.0,6.0,898.2950000000001,0,0,0
MRC001626,Grocery,Medium,LOC0092,AGT00455,1620,1,1,0,1.0,190.87,1.0,1.0,3.0,3734.0,3.0,3.0,4.0,5563.74,4.0,4.0,1244.6666666666667,0,0,0
MRC001627,Grocery,Medium,LOC0058,AGT00352,371,1,1,2,1.0,220.14,1.0,1.0,4.0,2636.38,4.0,3.0,9.0,11733.24,9.0,8.0,659.095,0,0,0
MRC001628,Utility,Micro,LOC0117,AGT00785,1792,0,1,18,0.0,0.0,0.0,0.0,1.0,515.33,1.0,1.0,1.0,515.33,1.0,1.0,515.33,0,0,0
MRC001629,General Retail,Small,LOC0029,AGT00356,1334,1,1,16,0.0,0.0,0.0,0.0,7.0,11483.19,7.0,7.0,17.0,27239.690000000002,17.0,15.0,1640.4557142857143,0,0,0
MRC001630,General Retail,Micro,LOC0102,AGT00795,287,1,1,26,0.0,0.0,0.0,0.0,1.0,887.07,1.0,1.0,7.0,10952.16,7.0,7.0,887.07,0,0,0
MRC001631,Restaurant,Medium,LOC0059,AGT00330,2137,0,1,7,0.0,0.0,0.0,0.0,2.0,3313.7700000000004,2.0,2.0,2.0,3313.7700000000004,2.0,2.0,1656.8850000000002,0,0,0
MRC001632,General Retail,Micro,LOC0011,AGT00491,1460,0,0,9,0.0,0.0,0.0,0.0,2.0,6684.91,2.0,2.0,2.0,6684.91,2.0,2.0,3342.455,0,0,0
MRC001633,Electronics,Micro,LOC0085,AGT00329,1612,1,1,14,0.0,0.0,0.0,0.0,4.0,5749.97,4.0,4.0,14.0,14220.529999999999,14.0,14.0,1437.4925,0,0,0
MRC001634,General Retail,Micro,LOC0026,AGT00618,1548,1,1,62,0.0,0.0,0.0,0.0,0.0,0.0,0.0,0.0,1.0,473.37,1.0,1.0,0.0,1,1,0
MRC001635,Electronics,Micro,LOC0017,AGT00069,484,1,1,3,3.0,1132.9299999999998,3.0,2.0,12.0,22649.309999999998,12.0,8.0,39.0,46321.33,39.0,29.0,1887.4424999999999,0,0,0
MRC001636,Grocery,Micro,LOC0064,AGT00132,1012,1,0,999,0.0,0.0,0.0,0.0,0.0,0.0,0.0,0.0,0.0,0.0,0.0,0.0,0.0,1,1,1
MRC001637,Grocery,Micro,LOC0095,AGT00458,1820,1,1,167,0.0,0.0,0.0,0.0,0.0,0.0,0.0,0.0,0.0,0.0,0.0,0.0,0.0,1,1,1
MRC001638,General Retail,Medium,LOC0031,AGT00026,1027,1,1,57,0.0,0.0,0.0,0.0,0.0,0.0,0.0,0.0,1.0,1095.79,1.0,1.0,0.0,1,0,0
MRC001639,Fashion,Small,LOC0075,AGT00682,2228,1,1,2,1.0,673.74,1.0,1.0,10.0,8833.7,10.0,8.0,23.0,36581.72,23.0,21.0,883.3700000000001,0,0,0
MRC001640,Restaurant,Micro,LOC0002,AGT00617,981,1,1,0,3.0,6836.93,3.0,3.0,13.0,29379.63,13.0,12.0,30.0,53113.51,30.0,27.0,2259.9715384615383,0,0,0
MRC001641,Restaurant,Small,LOC0023,AGT00245,1291,1,1,3,1.0,916.85,1.0,1.0,6.0,5795.89,6.0,6.0,18.0,28170.64,18.0,16.0,965.9816666666667,0,0,0
MRC001642,Restaurant,Small,LOC0091,AGT00536,1260,1,1,11,0.0,0.0,0.0,0.0,1.0,1138.21,1.0,1.0,2.0,2328.55,2.0,2.0,1138.21,0,0,0
MRC001643,General Retail,Small,LOC0002,AGT00617,328,1,1,23,0.0,0.0,0.0,0.0,1.0,207.48,1.0,1.0,5.0,2939.7999999999997,5.0,5.0,207.48,0,0,0
MRC001644,Grocery,Micro,LOC0043,AGT00456,2061,1,1,27,0.0,0.0,0.0,0.0,1.0,450.17,1.0,1.0,3.0,884.9100000000001,3.0,3.0,450.17,0,0,0
MRC001645,Grocery,Small,LOC0061,AGT00771,583,1,1,5,1.0,454.31,1.0,1.0,3.0,1855.17,3.0,3.0,12.0,34522.47,12.0,11.0,618.39,0,0,0
MRC001646,Utility,Small,LOC0008,AGT00063,1311,0,0,19,0.0,0.0,0.0,0.0,1.0,1200.83,1.0,1.0,9.0,13561.949999999999,9.0,9.0,1200.83,0,0,0
MRC001647,Electronics,Micro,LOC0118,AGT00562,2270,1,1,57,0.0,0.0,0.0,0.0,0.0,0.0,0.0,0.0,1.0,1054.58,1.0,1.0,0.0,1,0,0
MRC001648,Grocery,Small,LOC0062,AGT00240,2458,1,1,2,1.0,1378.69,1.0,1.0,6.0,23798.82,6.0,6.0,20.0,39448.05,20.0,18.0,3966.47,0,0,0
MRC001649,Grocery,Small,LOC0041,AGT00334,790,0,1,3,4.0,5680.33,4.0,3.0,7.0,8573.39,7.0,6.0,28.0,29680.27,28.0,25.0,1224.77,0,0,0
MRC001650,Pharmacy,Small,LOC0118,AGT00004,1108,1,1,8,0.0,0.0,0.0,0.0,2.0,1620.31,2.0,2.0,9.0,7334.25,9.0,9.0,810.155,0,0,0
MRC001651,Pharmacy,Micro,LOC0068,AGT00600,1523,1,1,16,0.0,0.0,0.0,0.0,5.0,2481.14,5.0,4.0,16.0,23258.01,16.0,14.0,496.22799999999995,0,0,0
MRC001652,Grocery,Small,LOC0082,AGT00147,1814,1,1,76,0.0,0.0,0.0,0.0,0.0,0.0,0.0,0.0,1.0,2874.84,1.0,1.0,0.0,1,1,0
MRC001653,Pharmacy,Small,LOC0011,AGT00105,833,1,0,4,1.0,2418.64,1.0,1.0,1.0,2418.64,1.0,1.0,3.0,6906.01,3.0,3.0,2418.64,0,0,0
MRC001654,Healthcare,Micro,LOC0020,AGT00082,1486,0,1,94,0.0,0.0,0.0,0.0,0.0,0.0,0.0,0.0,0.0,0.0,0.0,0.0,0.0,1,1,1
MRC001655,General Retail,Micro,LOC0006,AGT00545,2109,1,1,4,1.0,435.67,1.0,1.0,4.0,3733.54,4.0,4.0,11.0,10199.84,11.0,11.0,933.385,0,0,0
MRC001656,General Retail,Micro,LOC0062,AGT00487,1952,0,0,25,0.0,0.0,0.0,0.0,3.0,791.01,3.0,3.0,8.0,5832.51,8.0,8.0,263.67,0,0,0
MRC001657,Restaurant,Micro,LOC0101,AGT00625,2083,1,1,0,1.0,86.41,1.0,1.0,4.0,1620.44,4.0,4.0,16.0,25296.57,16.0,14.0,405.11,0,0,0
MRC001658,Restaurant,Micro,LOC0109,AGT00242,2228,1,1,7,0.0,0.0,0.0,0.0,3.0,2557.01,3.0,3.0,9.0,8121.83,9.0,8.0,852.3366666666667,0,0,0
MRC001659,General Retail,Micro,LOC0069,AGT00477,2169,1,1,0,2.0,1772.9099999999999,2.0,2.0,7.0,5587.39,7.0,7.0,34.0,63583.57,34.0,29.0,798.1985714285714,0,0,0
MRC001660,Utility,Small,LOC0007,AGT00679,1405,1,1,9,0.0,0.0,0.0,0.0,8.0,8323.130000000001,8.0,7.0,20.0,18645.78,20.0,18.0,1040.3912500000001,0,0,0
MRC001661,Electronics,Small,LOC0076,AGT00332,2415,1,1,42,0.0,0.0,0.0,0.0,0.0,0.0,0.0,0.0,5.0,5885.75,5.0,5.0,0.0,1,0,0
MRC001662,Pharmacy,Small,LOC0077,AGT00611,1367,1,0,13,0.0,0.0,0.0,0.0,1.0,746.82,1.0,1.0,4.0,2402.0,4.0,4.0,746.82,0,0,0
MRC001663,Restaurant,Small,LOC0072,AGT00619,1837,1,1,30,0.0,0.0,0.0,0.0,0.0,0.0,0.0,0.0,1.0,1418.65,1.0,1.0,0.0,1,0,0
MRC001664,Electronics,Small,LOC0087,AGT00305,2346,1,1,3,1.0,1859.44,1.0,1.0,9.0,20966.36,9.0,7.0,32.0,46884.08,32.0,26.0,2329.5955555555556,0,0,0
MRC001665,Electronics,Medium,LOC0067,AGT00760,381,1,1,80,0.0,0.0,0.0,0.0,0.0,0.0,0.0,0.0,1.0,580.72,1.0,1.0,0.0,1,1,0
MRC001666,Grocery,Small,LOC0085,AGT00315,2327,1,1,231,0.0,0.0,0.0,0.0,0.0,0.0,0.0,0.0,0.0,0.0,0.0,0.0,0.0,1,1,1
MRC001667,General Retail,Small,LOC0059,AGT00092,2082,1,1,13,0.0,0.0,0.0,0.0,2.0,2852.81,2.0,2.0,9.0,10834.16,9.0,9.0,1426.405,0,0,0
MRC001668,Education,Micro,LOC0019,AGT00396,2465,1,0,35,0.0,0.0,0.0,0.0,0.0,0.0,0.0,0.0,3.0,7760.2300000000005,3.0,3.0,0.0,1,0,0
MRC001669,Education,Small,LOC0010,AGT00025,1975,1,1,2,3.0,2693.27,3.0,3.0,7.0,7198.379999999999,7.0,7.0,13.0,10937.14,13.0,13.0,1028.34,0,0,0
MRC001670,Pharmacy,Small,LOC0109,AGT00242,628,1,1,19,0.0,0.0,0.0,0.0,2.0,597.0500000000001,2.0,2.0,6.0,12275.789999999999,6.0,6.0,298.52500000000003,0,0,0
MRC001671,Utility,Small,LOC0053,AGT00166,946,1,1,3,3.0,40101.1,3.0,3.0,10.0,45939.990000000005,10.0,9.0,23.0,63291.350000000006,23.0,18.0,4593.999000000001,0,0,0
MRC001672,Healthcare,Small,LOC0039,AGT00446,294,1,1,6,1.0,2129.1,1.0,1.0,6.0,10856.54,6.0,6.0,16.0,25990.260000000002,16.0,14.0,1809.4233333333334,0,0,0
MRC001673,Grocery,Medium,LOC0036,AGT00447,1615,1,1,5,2.0,5306.650000000001,2.0,2.0,8.0,9530.91,8.0,6.0,19.0,30357.22,19.0,16.0,1191.36375,0,0,0
MRC001674,Education,Medium,LOC0007,AGT00157,1242,1,1,41,0.0,0.0,0.0,0.0,0.0,0.0,0.0,0.0,4.0,1774.27,4.0,4.0,0.0,1,0,0
MRC001675,Transport,Small,LOC0114,AGT00571,1324,1,1,153,0.0,0.0,0.0,0.0,0.0,0.0,0.0,0.0,0.0,0.0,0.0,0.0,0.0,1,1,1
MRC001676,General Retail,Large,LOC0010,AGT00025,1889,1,1,20,0.0,0.0,0.0,0.0,1.0,193.09,1.0,1.0,4.0,8228.64,4.0,4.0,193.09,0,0,0
MRC001677,Pharmacy,Medium,LOC0027,AGT00013,2079,1,1,28,0.0,0.0,0.0,0.0,1.0,1222.01,1.0,1.0,3.0,3170.94,3.0,3.0,1222.01,0,0,0
MRC001678,General Retail,Micro,LOC0055,AGT00565,446,0,1,2,3.0,4864.93,3.0,3.0,26.0,39934.06,26.0,19.0,74.0,161126.89,74.0,57.0,1535.9253846153845,0,0,0
MRC001679,Fashion,Small,LOC0043,AGT00664,2290,0,0,0,4.0,6678.46,4.0,3.0,7.0,10118.46,7.0,6.0,11.0,12658.8,11.0,10.0,1445.4942857142855,0,0,0
MRC001680,Grocery,Micro,LOC0005,AGT00083,1103,0,1,1,3.0,1936.08,3.0,3.0,4.0,2549.33,4.0,4.0,11.0,9742.630000000001,11.0,11.0,637.3325,0,0,0
MRC001681,Grocery,Micro,LOC0040,AGT00325,1930,1,1,0,4.0,4599.0,4.0,3.0,14.0,22052.68,14.0,10.0,38.0,47124.409999999996,38.0,27.0,1575.1914285714286,0,0,0
MRC001682,Grocery,Micro,LOC0094,AGT00623,1557,1,1,6,1.0,1585.6,1.0,1.0,6.0,8389.73,6.0,4.0,13.0,17504.04,13.0,10.0,1398.2883333333332,0,0,0
MRC001683,Pharmacy,Small,LOC0031,AGT00026,1256,0,1,15,0.0,0.0,0.0,0.0,2.0,607.31,2.0,2.0,5.0,3057.94,5.0,5.0,303.655,0,0,0
MRC001684,Fashion,Micro,LOC0104,AGT00372,751,1,1,30,0.0,0.0,0.0,0.0,0.0,0.0,0.0,0.0,20.0,24212.940000000002,20.0,19.0,0.0,1,0,0
MRC001685,Healthcare,Micro,LOC0044,AGT00660,701,1,1,1,1.0,1368.1,1.0,1.0,2.0,1930.69,2.0,2.0,7.0,10358.8,7.0,7.0,965.345,0,0,0
MRC001686,Grocery,Micro,LOC0002,AGT00617,1884,1,1,5,2.0,722.28,2.0,2.0,4.0,1143.72,4.0,4.0,15.0,27352.05,15.0,14.0,285.93,0,0,0
MRC001687,General Retail,Small,LOC0014,AGT00388,989,1,0,4,2.0,380.72,2.0,2.0,6.0,9694.34,6.0,5.0,22.0,29439.3,22.0,16.0,1615.7233333333334,0,0,0
MRC001688,Grocery,Medium,LOC0098,AGT00335,788,1,1,0,1.0,1180.67,1.0,1.0,2.0,2101.12,2.0,2.0,3.0,2704.94,3.0,3.0,1050.56,0,0,0
MRC001689,Education,Large,LOC0049,AGT00314,299,1,1,0,1.0,2844.54,1.0,1.0,1.0,2844.54,1.0,1.0,8.0,8430.01,8.0,8.0,2844.54,0,0,0
MRC001690,General Retail,Small,LOC0118,AGT00004,2123,1,1,0,7.0,5091.4,7.0,5.0,21.0,16627.76,21.0,16.0,48.0,63580.35,48.0,41.0,791.7980952380951,0,0,0
MRC001691,General Retail,Micro,LOC0095,AGT00458,1151,1,1,2,1.0,118.75,1.0,1.0,1.0,118.75,1.0,1.0,7.0,9886.880000000001,7.0,6.0,118.75,0,0,0
MRC001692,Transport,Medium,LOC0004,AGT00733,1047,1,1,0,6.0,16800.22,6.0,4.0,12.0,21591.34,12.0,10.0,32.0,62579.41,32.0,26.0,1799.2783333333334,0,0,0
MRC001693,Healthcare,Micro,LOC0038,AGT00608,1099,1,1,3,1.0,52.48,1.0,1.0,2.0,25270.91,2.0,2.0,3.0,26242.79,3.0,3.0,12635.455,0,0,0
MRC001694,Grocery,Large,LOC0087,AGT00077,1595,1,1,0,2.0,1359.22,2.0,2.0,21.0,35781.7,21.0,16.0,68.0,99753.66,68.0,50.0,1703.890476190476,0,0,0
MRC001695,Grocery,Small,LOC0008,AGT00634,1339,1,1,20,0.0,0.0,0.0,0.0,1.0,990.63,1.0,1.0,4.0,3339.72,4.0,4.0,990.63,0,0,0
MRC001696,Fashion,Small,LOC0120,AGT00172,1475,1,1,8,0.0,0.0,0.0,0.0,1.0,801.42,1.0,1.0,7.0,13104.949999999999,7.0,6.0,801.42,0,0,0
MRC001697,Grocery,Micro,LOC0020,AGT00115,894,1,1,0,9.0,10576.81,9.0,5.0,23.0,28171.6,23.0,14.0,48.0,75801.9,47.0,31.0,1224.8521739130433,0,0,0
MRC001698,Restaurant,Micro,LOC0096,AGT00179,934,0,1,2,4.0,5140.56,4.0,2.0,10.0,11290.61,10.0,7.0,35.0,44684.090000000004,35.0,27.0,1129.0610000000001,0,0,0
MRC001699,Pharmacy,Small,LOC0101,AGT00382,2172,0,1,4,1.0,100.56,1.0,1.0,5.0,8718.720000000001,5.0,4.0,16.0,28197.730000000003,16.0,13.0,1743.7440000000001,0,0,0
MRC001700,General Retail,Small,LOC0061,AGT00425,1246,1,0,1,1.0,1740.68,1.0,1.0,3.0,3068.38,3.0,3.0,5.0,5124.42,5.0,5.0,1022.7933333333334,0,0,0
MRC001701,General Retail,Medium,LOC0097,AGT00745,2412,0,1,19,0.0,0.0,0.0,0.0,5.0,10865.05,5.0,5.0,14.0,41499.47,14.0,14.0,2173.0099999999998,0,0,0
MRC001702,Utility,Small,LOC0107,AGT00414,2135,1,1,17,0.0,0.0,0.0,0.0,3.0,2134.23,3.0,3.0,10.0,19605.22,10.0,10.0,711.41,0,0,0
MRC001703,Healthcare,Small,LOC0089,AGT00140,1842,1,1,8,0.0,0.0,0.0,0.0,1.0,1499.54,1.0,1.0,2.0,1950.24,2.0,2.0,1499.54,0,0,0
MRC001704,Grocery,Micro,LOC0085,AGT00294,1485,1,1,16,0.0,0.0,0.0,0.0,2.0,930.08,2.0,2.0,13.0,15898.02,13.0,13.0,465.04,0,0,0
MRC001705,Grocery,Small,LOC0047,AGT00748,2116,1,0,14,0.0,0.0,0.0,0.0,2.0,2026.6200000000001,2.0,2.0,6.0,4625.35,6.0,6.0,1013.3100000000001,0,0,0
MRC001706,Transport,Micro,LOC0036,AGT00036,408,1,1,52,0.0,0.0,0.0,0.0,0.0,0.0,0.0,0.0,3.0,6915.29,3.0,3.0,0.0,1,0,0
MRC001707,Transport,Small,LOC0105,AGT00117,1377,1,1,29,0.0,0.0,0.0,0.0,1.0,3121.02,1.0,1.0,3.0,3991.6,3.0,3.0,3121.02,0,0,0
MRC001708,Restaurant,Small,LOC0027,AGT00727,1844,1,1,2,2.0,5819.35,2.0,2.0,23.0,22924.7,23.0,17.0,58.0,96348.51,58.0,42.0,996.7260869565217,0,0,0
MRC001709,Fashion,Medium,LOC0050,AGT00647,523,0,0,19,0.0,0.0,0.0,0.0,1.0,2888.7,1.0,1.0,3.0,6966.76,3.0,3.0,2888.7,0,0,0
MRC001710,Fashion,Small,LOC0062,AGT00240,685,1,1,10,0.0,0.0,0.0,0.0,2.0,5883.04,2.0,2.0,4.0,12146.56,4.0,4.0,2941.52,0,0,0
MRC001711,Pharmacy,Micro,LOC0047,AGT00602,429,1,1,21,0.0,0.0,0.0,0.0,1.0,3985.23,1.0,1.0,8.0,18963.17,8.0,8.0,3985.23,0,0,0
MRC001712,Restaurant,Medium,LOC0045,AGT00141,1349,1,1,0,1.0,359.74,1.0,1.0,16.0,21720.56,16.0,12.0,45.0,57161.61,45.0,36.0,1357.535,0,0,0
MRC001713,Restaurant,Small,LOC0072,AGT00198,1470,0,1,54,0.0,0.0,0.0,0.0,0.0,0.0,0.0,0.0,1.0,1896.54,1.0,1.0,0.0,1,0,0
MRC001714,Education,Small,LOC0040,AGT00243,1310,1,1,40,0.0,0.0,0.0,0.0,0.0,0.0,0.0,0.0,4.0,4370.43,4.0,4.0,0.0,1,0,0
MRC001715,General Retail,Small,LOC0119,AGT00002,407,0,1,10,0.0,0.0,0.0,0.0,1.0,387.51,1.0,1.0,3.0,1545.12,3.0,3.0,387.51,0,0,0
MRC001716,Electronics,Medium,LOC0022,AGT00652,1349,1,1,1,1.0,1345.06,1.0,1.0,5.0,6738.04,5.0,4.0,9.0,17382.06,9.0,8.0,1347.608,0,0,0
MRC001717,Healthcare,Micro,LOC0047,AGT00390,2227,0,1,15,0.0,0.0,0.0,0.0,3.0,4943.2300000000005,3.0,3.0,11.0,9230.51,11.0,11.0,1647.7433333333336,0,0,0
MRC001718,Utility,Small,LOC0102,AGT00037,354,1,1,80,0.0,0.0,0.0,0.0,0.0,0.0,0.0,0.0,2.0,2202.86,2.0,2.0,0.0,1,1,0
MRC001719,Grocery,Small,LOC0058,AGT00413,1982,0,1,4,2.0,2305.74,2.0,2.0,18.0,20305.510000000002,18.0,13.0,57.0,83804.39,57.0,43.0,1128.083888888889,0,0,0
MRC001720,Transport,Micro,LOC0085,AGT00294,882,1,1,51,0.0,0.0,0.0,0.0,0.0,0.0,0.0,0.0,7.0,5942.01,7.0,6.0,0.0,1,0,0
MRC001721,Fashion,Medium,LOC0078,AGT00622,450,1,1,30,0.0,0.0,0.0,0.0,0.0,0.0,0.0,0.0,2.0,1585.35,2.0,2.0,0.0,1,0,0
MRC001722,Education,Micro,LOC0040,AGT00711,397,1,0,5,2.0,10653.12,2.0,2.0,2.0,10653.12,2.0,2.0,3.0,11843.56,3.0,3.0,5326.56,0,0,0
MRC001723,Grocery,Micro,LOC0090,AGT00218,314,1,0,2,2.0,2197.01,2.0,2.0,3.0,3503.25,3.0,3.0,6.0,11069.85,6.0,6.0,1167.75,0,0,0
MRC001724,General Retail,Micro,LOC0029,AGT00356,1193,1,1,2,1.0,1397.65,1.0,1.0,1.0,1397.65,1.0,1.0,6.0,5199.62,6.0,6.0,1397.65,0,0,0
MRC001725,General Retail,Medium,LOC0090,AGT00073,1375,0,1,2,2.0,1404.83,2.0,1.0,7.0,6814.07,7.0,6.0,17.0,16474.19,17.0,15.0,973.4385714285714,0,0,0
MRC001726,Grocery,Small,LOC0016,AGT00605,1644,1,1,22,0.0,0.0,0.0,0.0,1.0,802.05,1.0,1.0,2.0,973.3499999999999,2.0,2.0,802.05,0,0,0
MRC001727,Pharmacy,Micro,LOC0084,AGT00385,464,1,0,23,0.0,0.0,0.0,0.0,1.0,2444.39,1.0,1.0,6.0,6118.7,6.0,6.0,2444.39,0,0,0
MRC001728,Grocery,Micro,LOC0014,AGT00389,1716,0,0,50,0.0,0.0,0.0,0.0,0.0,0.0,0.0,0.0,3.0,3031.13,3.0,2.0,0.0,1,0,0
MRC001729,Utility,Micro,LOC0105,AGT00072,1903,0,1,12,0.0,0.0,0.0,0.0,1.0,4425.31,1.0,1.0,2.0,4496.6900000000005,2.0,2.0,4425.31,0,0,0
MRC001730,Education,Micro,LOC0076,AGT00533,428,1,1,0,4.0,10030.05,4.0,4.0,14.0,35895.380000000005,14.0,14.0,30.0,97000.73000000001,30.0,26.0,2563.9557142857147,0,0,0
MRC001731,Grocery,Small,LOC0005,AGT00377,1762,0,1,1,5.0,7520.69,5.0,3.0,18.0,20273.81,18.0,13.0,46.0,45073.78,46.0,32.0,1126.322777777778,0,0,0
MRC001732,Utility,Micro,LOC0014,AGT00041,546,1,0,0,3.0,10768.34,3.0,3.0,11.0,32777.92,11.0,10.0,45.0,92763.34,45.0,36.0,2979.810909090909,0,0,0
MRC001733,Restaurant,Micro,LOC0023,AGT00065,1246,1,1,52,0.0,0.0,0.0,0.0,0.0,0.0,0.0,0.0,2.0,1718.9,2.0,2.0,0.0,1,0,0
MRC001734,Fashion,Micro,LOC0116,AGT00687,1732,0,0,9,0.0,0.0,0.0,0.0,4.0,2486.09,4.0,4.0,9.0,5491.57,9.0,9.0,621.5225,0,0,0
MRC001735,Restaurant,Small,LOC0071,AGT00007,2190,1,1,0,7.0,5092.53,7.0,5.0,16.0,15110.15,16.0,14.0,64.0,95094.09,64.0,45.0,944.384375,0,0,0
MRC001736,Electronics,Small,LOC0034,AGT00174,1447,1,1,13,0.0,0.0,0.0,0.0,2.0,2057.19,2.0,2.0,6.0,5244.37,6.0,6.0,1028.595,0,0,0
MRC001737,Fashion,Small,LOC0034,AGT00091,1238,1,0,14,0.0,0.0,0.0,0.0,1.0,461.16,1.0,1.0,2.0,1368.47,2.0,2.0,461.16,0,0,0
MRC001738,Pharmacy,Small,LOC0004,AGT00043,2108,1,1,3,2.0,3780.8,2.0,2.0,7.0,10758.34,7.0,6.0,31.0,37850.37,31.0,29.0,1536.9057142857143,0,0,0
MRC001739,Fashion,Large,LOC0025,AGT00648,759,1,0,12,0.0,0.0,0.0,0.0,3.0,2735.92,3.0,3.0,9.0,9012.48,9.0,9.0,911.9733333333334,0,0,0
MRC001740,General Retail,Small,LOC0103,AGT00551,735,1,1,2,1.0,245.64,1.0,1.0,8.0,12372.77,8.0,8.0,21.0,59070.1,21.0,21.0,1546.59625,0,0,0
MRC001741,Electronics,Medium,LOC0072,AGT00198,1306,1,1,23,0.0,0.0,0.0,0.0,1.0,1754.75,1.0,1.0,2.0,1945.53,2.0,2.0,1754.75,0,0,0
MRC001742,General Retail,Small,LOC0045,AGT00038,549,1,1,13,0.0,0.0,0.0,0.0,3.0,6431.45,3.0,3.0,7.0,8597.14,7.0,7.0,2143.8166666666666,0,0,0
MRC001743,Electronics,Micro,LOC0003,AGT00264,335,1,0,6,1.0,1858.96,1.0,1.0,5.0,8750.68,5.0,5.0,19.0,38547.08,19.0,18.0,1750.136,0,0,0
MRC001744,Utility,Medium,LOC0042,AGT00248,1078,1,0,4,1.0,165.34,1.0,1.0,1.0,165.34,1.0,1.0,3.0,2084.68,3.0,3.0,165.34,0,0,0
MRC001745,Restaurant,Small,LOC0046,AGT00766,620,1,1,1,5.0,5857.14,5.0,4.0,15.0,25493.52,15.0,13.0,36.0,59989.6,36.0,29.0,1699.568,0,0,0
MRC001746,Utility,Small,LOC0015,AGT00443,1678,1,1,18,0.0,0.0,0.0,0.0,1.0,399.67,1.0,1.0,4.0,3909.39,4.0,3.0,399.67,0,0,0
MRC001747,Pharmacy,Micro,LOC0073,AGT00357,1485,0,1,8,0.0,0.0,0.0,0.0,3.0,7097.53,3.0,3.0,11.0,22013.88,11.0,11.0,2365.8433333333332,0,0,0
MRC001748,Grocery,Small,LOC0080,AGT00133,1348,1,1,3,7.0,7960.74,7.0,4.0,19.0,29086.5,19.0,14.0,62.0,91096.84999999999,62.0,44.0,1530.8684210526317,0,0,0
MRC001749,Grocery,Medium,LOC0120,AGT00172,1371,1,1,65,0.0,0.0,0.0,0.0,0.0,0.0,0.0,0.0,2.0,2779.37,2.0,2.0,0.0,1,1,0
MRC001750,Grocery,Micro,LOC0044,AGT00227,502,1,1,7,0.0,0.0,0.0,0.0,6.0,6735.34,6.0,5.0,13.0,13851.09,13.0,12.0,1122.5566666666666,0,0,0
MRC001751,General Retail,Micro,LOC0034,AGT00173,1166,1,1,3,3.0,12518.78,3.0,1.0,6.0,14640.880000000001,6.0,4.0,18.0,36225.98,18.0,14.0,2440.146666666667,0,0,0
MRC001752,General Retail,Micro,LOC0099,AGT00500,442,0,1,4,1.0,330.09,1.0,1.0,6.0,5244.1900000000005,6.0,6.0,18.0,14185.37,18.0,16.0,874.0316666666668,0,0,0
MRC001753,Utility,Small,LOC0043,AGT00759,1062,1,1,3,2.0,1664.81,2.0,1.0,5.0,4114.889999999999,5.0,4.0,13.0,21530.23,13.0,12.0,822.9779999999998,0,0,0
MRC001754,Grocery,Medium,LOC0076,AGT00332,1767,1,1,14,0.0,0.0,0.0,0.0,1.0,1819.68,1.0,1.0,2.0,2604.32,2.0,2.0,1819.68,0,0,0
MRC001755,General Retail,Small,LOC0089,AGT00140,2442,1,1,9,0.0,0.0,0.0,0.0,2.0,1380.88,2.0,2.0,9.0,11336.07,9.0,9.0,690.44,0,0,0
MRC001756,Healthcare,Medium,LOC0106,AGT00401,935,1,1,6,1.0,3127.32,1.0,1.0,4.0,11280.630000000001,4.0,4.0,9.0,23500.75,9.0,9.0,2820.1575000000003,0,0,0
MRC001757,Restaurant,Small,LOC0039,AGT00124,864,1,1,118,0.0,0.0,0.0,0.0,0.0,0.0,0.0,0.0,0.0,0.0,0.0,0.0,0.0,1,1,1
MRC001758,Electronics,Small,LOC0075,AGT00591,1749,1,1,0,5.0,4705.4400000000005,5.0,4.0,13.0,11563.470000000001,13.0,11.0,33.0,33278.84,33.0,29.0,889.4976923076924,0,0,0
MRC001759,Transport,Micro,LOC0016,AGT00100,2292,1,1,26,0.0,0.0,0.0,0.0,1.0,910.95,1.0,1.0,4.0,4818.12,4.0,4.0,910.95,0,0,0
MRC001760,Grocery,Micro,LOC0094,AGT00270,931,1,1,0,1.0,769.22,1.0,1.0,1.0,769.22,1.0,1.0,3.0,2612.45,3.0,3.0,769.22,0,0,0
MRC001761,Electronics,Small,LOC0006,AGT00696,2118,1,1,8,0.0,0.0,0.0,0.0,1.0,679.74,1.0,1.0,5.0,8297.07,5.0,4.0,679.74,0,0,0
MRC001762,Healthcare,Micro,LOC0084,AGT00385,974,0,0,40,0.0,0.0,0.0,0.0,0.0,0.0,0.0,0.0,3.0,4032.0899999999997,3.0,3.0,0.0,1,0,0
MRC001763,Grocery,Micro,LOC0026,AGT00644,1683,0,1,1,1.0,9334.87,1.0,1.0,2.0,9957.630000000001,2.0,2.0,6.0,12442.75,6.0,6.0,4978.8150000000005,0,0,0
MRC001764,Fashion,Medium,LOC0056,AGT00251,745,1,1,9,0.0,0.0,0.0,0.0,1.0,13842.82,1.0,1.0,1.0,13842.82,1.0,1.0,13842.82,0,0,0
MRC001765,Electronics,Small,LOC0010,AGT00653,859,1,1,3,1.0,4668.64,1.0,1.0,6.0,8223.18,6.0,5.0,14.0,14428.77,14.0,13.0,1370.53,0,0,0
MRC001766,Healthcare,Micro,LOC0083,AGT00430,2436,1,1,0,4.0,3087.7400000000002,4.0,2.0,14.0,25916.41,14.0,9.0,47.0,106240.9,47.0,31.0,1851.172142857143,0,0,0
MRC001767,General Retail,Small,LOC0058,AGT00106,1137,1,1,20,0.0,0.0,0.0,0.0,4.0,15163.220000000001,4.0,3.0,10.0,21190.68,10.0,8.0,3790.8050000000003,0,0,0
MRC001768,General Retail,Small,LOC0080,AGT00133,322,1,1,23,0.0,0.0,0.0,0.0,2.0,8249.57,2.0,2.0,3.0,10492.03,3.0,3.0,4124.785,0,0,0
MRC001769,Education,Medium,LOC0042,AGT00248,1974,1,1,44,0.0,0.0,0.0,0.0,0.0,0.0,0.0,0.0,4.0,4803.889999999999,4.0,4.0,0.0,1,0,0
MRC001770,Education,Small,LOC0001,AGT00433,565,1,1,2,1.0,848.4,1.0,1.0,5.0,3248.45,5.0,4.0,14.0,19231.49,14.0,12.0,649.6899999999999,0,0,0
MRC001771,Education,Micro,LOC0070,AGT00297,528,1,1,6,1.0,429.95,1.0,1.0,1.0,429.95,1.0,1.0,1.0,429.95,1.0,1.0,429.95,0,0,0
MRC001772,Electronics,Micro,LOC0084,AGT00355,2114,1,1,74,0.0,0.0,0.0,0.0,0.0,0.0,0.0,0.0,2.0,1219.04,2.0,2.0,0.0,1,1,0
MRC001773,Grocery,Micro,LOC0080,AGT00224,1048,1,1,55,0.0,0.0,0.0,0.0,0.0,0.0,0.0,0.0,1.0,282.24,1.0,1.0,0.0,1,0,0
MRC001774,Transport,Small,LOC0032,AGT00595,588,1,1,6,1.0,2210.16,1.0,1.0,3.0,4683.09,3.0,3.0,10.0,12316.92,10.0,10.0,1561.03,0,0,0
MRC001775,Healthcare,Small,LOC0086,AGT00469,2419,1,1,1,8.0,13933.02,8.0,5.0,33.0,74249.04,33.0,22.0,83.0,155234.03,83.0,55.0,2249.970909090909,0,0,0
MRC001776,Electronics,Small,LOC0066,AGT00022,900,1,0,61,0.0,0.0,0.0,0.0,0.0,0.0,0.0,0.0,2.0,804.28,2.0,2.0,0.0,1,1,0
MRC001777,General Retail,Small,LOC0026,AGT00162,1669,1,1,8,0.0,0.0,0.0,0.0,7.0,9679.82,7.0,5.0,19.0,26224.56,19.0,16.0,1382.8314285714284,0,0,0
MRC001778,Transport,Micro,LOC0014,AGT00041,861,1,1,0,1.0,828.59,1.0,1.0,1.0,828.59,1.0,1.0,2.0,2735.75,2.0,2.0,828.59,0,0,0
MRC001779,Restaurant,Micro,LOC0040,AGT00243,1556,1,1,66,0.0,0.0,0.0,0.0,0.0,0.0,0.0,0.0,2.0,1514.17,2.0,2.0,0.0,1,1,0
MRC001780,Grocery,Micro,LOC0003,AGT00312,1809,1,1,3,1.0,227.29,1.0,1.0,11.0,27648.86,11.0,8.0,44.0,76487.73,44.0,33.0,2513.5327272727272,0,0,0
MRC001781,Grocery,Small,LOC0086,AGT00068,1942,0,1,1,6.0,5651.650000000001,6.0,3.0,33.0,44214.65,33.0,15.0,94.0,143076.91,94.0,55.0,1339.837878787879,0,0,0
MRC001782,Restaurant,Small,LOC0002,AGT00617,1185,1,1,23,0.0,0.0,0.0,0.0,2.0,475.91999999999996,2.0,2.0,12.0,7365.02,12.0,12.0,237.95999999999998,0,0,0
MRC001783,Fashion,Medium,LOC0006,AGT00545,1632,1,0,0,1.0,388.73,1.0,1.0,5.0,3678.36,5.0,5.0,19.0,44034.06,19.0,17.0,735.672,0,0,0
MRC001784,Grocery,Micro,LOC0019,AGT00396,2123,0,1,0,1.0,916.0,1.0,1.0,2.0,1674.56,2.0,2.0,10.0,7707.25,10.0,10.0,837.28,0,0,0
MRC001785,Grocery,Small,LOC0040,AGT00521,2123,1,1,53,0.0,0.0,0.0,0.0,0.0,0.0,0.0,0.0,6.0,7188.16,6.0,6.0,0.0,1,0,0
MRC001786,Pharmacy,Micro,LOC0003,AGT00435,1920,1,1,15,0.0,0.0,0.0,0.0,2.0,5043.56,2.0,2.0,11.0,11629.82,11.0,9.0,2521.78,0,0,0
MRC001787,Utility,Small,LOC0076,AGT00405,1160,1,1,5,1.0,7746.47,1.0,1.0,5.0,9508.57,5.0,5.0,15.0,16593.83,15.0,15.0,1901.714,0,0,0
MRC001788,Utility,Micro,LOC0016,AGT00724,1447,1,1,0,8.0,3668.99,8.0,6.0,18.0,16769.24,18.0,15.0,45.0,57343.93,45.0,38.0,931.6244444444445,0,0,0
MRC001789,Restaurant,Small,LOC0097,AGT00745,2401,0,0,0,2.0,3261.28,2.0,2.0,3.0,3761.1000000000004,3.0,3.0,10.0,13775.57,10.0,9.0,1253.7,0,0,0
MRC001790,Grocery,Micro,LOC0068,AGT00778,831,0,1,8,0.0,0.0,0.0,0.0,3.0,3597.7000000000003,3.0,3.0,10.0,11398.25,10.0,10.0,1199.2333333333333,0,0,0
MRC001791,Grocery,Micro,LOC0011,AGT00207,1800,1,1,23,0.0,0.0,0.0,0.0,1.0,213.1,1.0,1.0,4.0,1955.36,4.0,4.0,213.1,0,0,0
MRC001792,Grocery,Small,LOC0049,AGT00021,2018,1,0,0,2.0,1259.72,2.0,1.0,5.0,2626.54,5.0,4.0,16.0,17632.94,16.0,14.0,525.308,0,0,0
MRC001793,Restaurant,Micro,LOC0017,AGT00010,1337,1,1,0,9.0,16070.730000000001,9.0,5.0,40.0,58302.86,40.0,24.0,114.0,159035.69,114.0,64.0,1457.5715,0,0,0
MRC001794,Grocery,Small,LOC0118,AGT00710,2179,0,0,2,1.0,11364.52,1.0,1.0,3.0,14117.58,3.0,3.0,16.0,48121.34,16.0,14.0,4705.86,0,0,0
MRC001795,Restaurant,Micro,LOC0072,AGT00788,1222,1,1,4,1.0,344.94,1.0,1.0,7.0,5646.93,7.0,5.0,21.0,19493.82,21.0,18.0,806.7042857142858,0,0,0
MRC001796,General Retail,Medium,LOC0098,AGT00333,2114,1,1,1,3.0,5132.650000000001,3.0,3.0,10.0,14644.050000000001,10.0,10.0,27.0,46612.92,27.0,25.0,1464.4050000000002,0,0,0
MRC001797,Electronics,Micro,LOC0045,AGT00581,1694,1,1,1,4.0,4740.04,4.0,3.0,14.0,16821.98,14.0,13.0,36.0,51617.58,36.0,31.0,1201.57,0,0,0
MRC001798,General Retail,Small,LOC0018,AGT00237,399,1,1,3,9.0,13220.09,9.0,4.0,38.0,75028.17,38.0,20.0,103.0,189281.7,103.0,53.0,1974.4255263157895,0,0,0
MRC001799,Grocery,Medium,LOC0029,AGT00356,2086,1,1,2,1.0,158.82,1.0,1.0,1.0,158.82,1.0,1.0,3.0,1691.02,3.0,3.0,158.82,0,0,0
MRC001800,Pharmacy,Small,LOC0051,AGT00594,1812,1,0,0,3.0,5801.26,3.0,3.0,6.0,8012.89,6.0,6.0,19.0,26561.56,19.0,18.0,1335.4816666666668,0,0,0
MRC001801,General Retail,Micro,LOC0093,AGT00044,772,1,1,102,0.0,0.0,0.0,0.0,0.0,0.0,0.0,0.0,0.0,0.0,0.0,0.0,0.0,1,1,1
MRC001802,Restaurant,Small,LOC0052,AGT00015,1825,1,1,7,0.0,0.0,0.0,0.0,10.0,6836.2699999999995,10.0,8.0,30.0,61818.590000000004,30.0,25.0,683.627,0,0,0
MRC001803,Transport,Micro,LOC0112,AGT00667,1404,1,1,7,0.0,0.0,0.0,0.0,4.0,3802.59,4.0,4.0,10.0,12517.18,10.0,10.0,950.6475,0,0,0
MRC001804,General Retail,Small,LOC0044,AGT00099,2347,1,1,0,1.0,2415.93,1.0,1.0,3.0,8124.65,3.0,3.0,11.0,29384.34,11.0,11.0,2708.2166666666667,0,0,0
MRC001805,Electronics,Small,LOC0028,AGT00349,952,1,0,114,0.0,0.0,0.0,0.0,0.0,0.0,0.0,0.0,0.0,0.0,0.0,0.0,0.0,1,1,1
MRC001806,Restaurant,Small,LOC0060,AGT00714,862,1,1,33,0.0,0.0,0.0,0.0,0.0,0.0,0.0,0.0,7.0,16533.5,7.0,7.0,0.0,1,0,0
MRC001807,Electronics,Medium,LOC0014,AGT00389,414,1,1,3,2.0,2126.38,2.0,2.0,5.0,5976.28,5.0,5.0,11.0,13415.25,11.0,11.0,1195.2559999999999,0,0,0
MRC001808,Grocery,Micro,LOC0081,AGT00258,2005,0,1,13,0.0,0.0,0.0,0.0,2.0,10163.939999999999,2.0,2.0,8.0,23953.489999999998,8.0,7.0,5081.969999999999,0,0,0
MRC001809,Grocery,Micro,LOC0013,AGT00054,2439,1,1,15,0.0,0.0,0.0,0.0,1.0,1291.26,1.0,1.0,7.0,10417.039999999999,7.0,7.0,1291.26,0,0,0
MRC001810,Grocery,Small,LOC0077,AGT00611,1792,1,1,99,0.0,0.0,0.0,0.0,0.0,0.0,0.0,0.0,0.0,0.0,0.0,0.0,0.0,1,1,1
MRC001811,General Retail,Small,LOC0046,AGT00766,1093,1,0,7,0.0,0.0,0.0,0.0,2.0,483.18,2.0,2.0,4.0,2335.3,4.0,4.0,241.59,0,0,0
MRC001812,Transport,Micro,LOC0043,AGT00759,2207,1,1,39,0.0,0.0,0.0,0.0,0.0,0.0,0.0,0.0,4.0,7491.35,4.0,4.0,0.0,1,0,0
MRC001813,Restaurant,Small,LOC0074,AGT00298,840,1,1,5,2.0,1454.89,2.0,2.0,6.0,5521.83,6.0,6.0,17.0,21028.95,17.0,17.0,920.305,0,0,0
MRC001814,Pharmacy,Small,LOC0085,AGT00315,1801,1,1,35,0.0,0.0,0.0,0.0,0.0,0.0,0.0,0.0,5.0,5365.09,5.0,5.0,0.0,1,0,0
MRC001815,Transport,Medium,LOC0112,AGT00746,1591,0,1,163,0.0,0.0,0.0,0.0,0.0,0.0,0.0,0.0,0.0,0.0,0.0,0.0,0.0,1,1,1
MRC001816,General Retail,Small,LOC0035,AGT00757,2149,1,1,7,0.0,0.0,0.0,0.0,4.0,5675.82,4.0,4.0,12.0,23247.79,12.0,11.0,1418.955,0,0,0
MRC001817,Restaurant,Micro,LOC0098,AGT00017,2410,1,1,13,0.0,0.0,0.0,0.0,5.0,3339.7,5.0,5.0,14.0,19401.81,14.0,14.0,667.9399999999999,0,0,0
MRC001818,Restaurant,Micro,LOC0101,AGT00631,1072,1,1,3,2.0,2430.19,2.0,2.0,14.0,24372.53,14.0,11.0,44.0,83675.61,44.0,35.0,1740.895,0,0,0
MRC001819,General Retail,Small,LOC0120,AGT00434,495,1,1,6,1.0,908.64,1.0,1.0,7.0,7753.59,7.0,6.0,23.0,22387.11,23.0,19.0,1107.6557142857143,0,0,0
MRC001820,General Retail,Micro,LOC0116,AGT00113,631,1,1,29,0.0,0.0,0.0,0.0,1.0,188.29,1.0,1.0,4.0,2759.96,4.0,4.0,188.29,0,0,0
MRC001821,General Retail,Micro,LOC0095,AGT00458,1902,1,1,2,5.0,4912.29,5.0,3.0,22.0,22521.77,22.0,12.0,47.0,51597.770000000004,47.0,29.0,1023.7168181818182,0,0,0
MRC001822,Restaurant,Micro,LOC0036,AGT00036,1080,1,1,20,0.0,0.0,0.0,0.0,1.0,1611.42,1.0,1.0,3.0,13710.27,3.0,3.0,1611.42,0,0,0
MRC001823,Grocery,Small,LOC0084,AGT00249,592,1,1,5,2.0,1558.19,2.0,1.0,7.0,10061.15,7.0,5.0,14.0,19012.27,14.0,12.0,1437.3071428571427,0,0,0
MRC001824,Fashion,Medium,LOC0095,AGT00410,2067,0,1,8,0.0,0.0,0.0,0.0,11.0,11789.39,11.0,10.0,18.0,20954.01,18.0,17.0,1071.7627272727273,0,0,0
MRC001825,Restaurant,Micro,LOC0035,AGT00393,1704,1,1,0,3.0,816.78,3.0,3.0,12.0,25422.39,12.0,11.0,35.0,62867.99,35.0,30.0,2118.5325,0,0,0
MRC001826,General Retail,Micro,LOC0098,AGT00333,574,0,1,1,4.0,5349.2699999999995,4.0,3.0,10.0,15117.939999999999,10.0,8.0,65.0,103843.85,64.0,46.0,1511.7939999999999,0,0,0
MRC001827,Grocery,Small,LOC0085,AGT00294,1845,1,1,7,0.0,0.0,0.0,0.0,8.0,9527.56,8.0,8.0,32.0,47046.6,32.0,27.0,1190.945,0,0,0
MRC001828,Transport,Micro,LOC0059,AGT00472,1680,1,0,2,3.0,1667.72,3.0,3.0,5.0,2284.4,5.0,5.0,7.0,6537.0,7.0,7.0,456.88,0,0,0
MRC001829,General Retail,Large,LOC0104,AGT00506,2438,1,1,15,0.0,0.0,0.0,0.0,5.0,6682.26,5.0,4.0,14.0,16983.62,14.0,13.0,1336.452,0,0,0
MRC001830,General Retail,Small,LOC0011,AGT00105,2444,1,1,2,1.0,452.51,1.0,1.0,4.0,4420.2699999999995,4.0,4.0,8.0,13439.66,8.0,8.0,1105.0674999999999,0,0,0
MRC001831,Transport,Small,LOC0083,AGT00441,2418,1,1,21,0.0,0.0,0.0,0.0,1.0,2427.94,1.0,1.0,3.0,4151.42,3.0,3.0,2427.94,0,0,0
MRC001832,General Retail,Medium,LOC0095,AGT00183,2242,1,1,7,0.0,0.0,0.0,0.0,3.0,3724.48,3.0,3.0,6.0,5323.219999999999,6.0,6.0,1241.4933333333333,0,0,0
MRC001833,Grocery,Small,LOC0005,AGT00377,2020,0,1,0,6.0,5062.55,6.0,5.0,29.0,39150.74,29.0,15.0,67.0,90394.33,67.0,41.0,1350.0255172413792,0,0,0
MRC001834,Restaurant,Micro,LOC0049,AGT00234,1753,1,1,4,2.0,914.3499999999999,2.0,2.0,9.0,14606.51,9.0,9.0,22.0,21857.86,22.0,20.0,1622.9455555555555,0,0,0
MRC001835,Grocery,Small,LOC0063,AGT00606,1477,1,1,1,9.0,7735.7699999999995,9.0,5.0,30.0,41575.85,30.0,20.0,81.0,119625.08,81.0,53.0,1385.8616666666667,0,0,0
MRC001836,General Retail,Small,LOC0025,AGT00114,2018,1,1,72,0.0,0.0,0.0,0.0,0.0,0.0,0.0,0.0,2.0,1403.0900000000001,2.0,2.0,0.0,1,1,0
MRC001837,General Retail,Small,LOC0106,AGT00175,2397,1,1,10,0.0,0.0,0.0,0.0,3.0,1014.89,3.0,3.0,7.0,15547.69,7.0,7.0,338.2966666666667,0,0,0
MRC001838,Grocery,Large,LOC0076,AGT00184,541,1,1,3,1.0,436.86,1.0,1.0,5.0,4307.17,5.0,5.0,15.0,20022.079999999998,15.0,14.0,861.434,0,0,0
MRC001839,Grocery,Micro,LOC0034,AGT00285,585,0,1,9,0.0,0.0,0.0,0.0,5.0,11340.99,5.0,5.0,17.0,38944.75,17.0,17.0,2268.198,0,0,0
MRC001840,Restaurant,Small,LOC0053,AGT00492,1376,1,1,4,1.0,889.12,1.0,1.0,5.0,7573.7699999999995,5.0,4.0,9.0,9937.56,9.0,7.0,1514.754,0,0,0
MRC001841,Pharmacy,Micro,LOC0014,AGT00418,928,0,1,0,3.0,10275.65,3.0,3.0,7.0,13157.44,7.0,7.0,21.0,27586.85,21.0,19.0,1879.6342857142859,0,0,0
MRC001842,General Retail,Micro,LOC0011,AGT00540,1449,1,1,0,2.0,5643.83,2.0,2.0,11.0,16448.46,11.0,11.0,21.0,22716.21,21.0,21.0,1495.3145454545454,0,0,0
MRC001843,Grocery,Small,LOC0090,AGT00019,967,1,1,91,0.0,0.0,0.0,0.0,0.0,0.0,0.0,0.0,0.0,0.0,0.0,0.0,0.0,1,1,1
MRC001844,Utility,Small,LOC0119,AGT00209,1997,1,0,4,2.0,5064.110000000001,2.0,2.0,9.0,19060.86,9.0,7.0,20.0,36690.41,20.0,18.0,2117.8733333333334,0,0,0
MRC001845,Electronics,Small,LOC0034,AGT00285,2249,0,1,5,1.0,570.5,1.0,1.0,9.0,11499.69,9.0,9.0,25.0,31112.670000000002,25.0,24.0,1277.7433333333333,0,0,0
MRC001846,Restaurant,Micro,LOC0030,AGT00080,904,1,1,0,1.0,674.03,1.0,1.0,5.0,1791.26,5.0,4.0,11.0,21379.13,11.0,10.0,358.252,0,0,0
MRC001847,Grocery,Micro,LOC0083,AGT00310,1974,1,1,40,0.0,0.0,0.0,0.0,0.0,0.0,0.0,0.0,1.0,457.53,1.0,1.0,0.0,1,0,0
MRC001848,General Retail,Small,LOC0062,AGT00487,519,1,1,15,0.0,0.0,0.0,0.0,1.0,1489.34,1.0,1.0,5.0,7887.62,5.0,5.0,1489.34,0,0,0
MRC001849,Education,Small,LOC0017,AGT00010,2027,1,1,8,0.0,0.0,0.0,0.0,3.0,1222.1799999999998,3.0,3.0,13.0,15579.92,13.0,12.0,407.39333333333326,0,0,0
MRC001850,Fashion,Small,LOC0081,AGT00737,1812,1,1,4,1.0,403.67,1.0,1.0,2.0,3748.76,2.0,2.0,5.0,5427.1900000000005,5.0,5.0,1874.38,0,0,0
MRC001851,Restaurant,Small,LOC0026,AGT00697,1839,0,1,0,5.0,5103.42,5.0,4.0,9.0,8366.11,9.0,8.0,27.0,53483.94,27.0,25.0,929.5677777777778,0,0,0
MRC001852,General Retail,Medium,LOC0014,AGT00418,1363,1,1,3,3.0,2298.6800000000003,3.0,3.0,7.0,10181.85,7.0,7.0,22.0,31137.91,22.0,20.0,1454.55,0,0,0
MRC001853,General Retail,Small,LOC0056,AGT00128,520,0,1,5,1.0,985.62,1.0,1.0,4.0,6008.81,4.0,4.0,10.0,13392.11,10.0,10.0,1502.2025,0,0,0
MRC001854,Utility,Micro,LOC0089,AGT00574,2127,1,1,9,0.0,0.0,0.0,0.0,2.0,2964.83,2.0,2.0,6.0,7112.86,6.0,6.0,1482.415,0,0,0
MRC001855,Education,Small,LOC0063,AGT00023,526,1,1,9,0.0,0.0,0.0,0.0,4.0,2742.23,4.0,4.0,12.0,13177.86,12.0,11.0,685.5575,0,0,0
MRC001856,General Retail,Small,LOC0078,AGT00622,1339,0,1,3,1.0,4635.43,1.0,1.0,3.0,14992.35,3.0,3.0,11.0,29787.25,11.0,11.0,4997.45,0,0,0
MRC001857,Restaurant,Medium,LOC0029,AGT00356,667,0,1,34,0.0,0.0,0.0,0.0,0.0,0.0,0.0,0.0,4.0,6359.03,4.0,4.0,0.0,1,0,0
MRC001858,Transport,Small,LOC0060,AGT00712,2136,1,1,20,0.0,0.0,0.0,0.0,1.0,907.39,1.0,1.0,6.0,4708.29,6.0,6.0,907.39,0,0,0
MRC001859,Restaurant,Small,LOC0086,AGT00582,1541,1,1,1,1.0,202.01,1.0,1.0,6.0,16369.529999999999,6.0,5.0,13.0,33204.67,13.0,12.0,2728.2549999999997,0,0,0
MRC001860,Education,Small,LOC0064,AGT00132,1396,1,1,0,3.0,2097.76,3.0,3.0,13.0,24176.559999999998,13.0,10.0,51.0,106017.08,51.0,40.0,1859.7353846153844,0,0,0
MRC001861,General Retail,Small,LOC0029,AGT00356,980,1,1,5,2.0,1005.9,2.0,2.0,4.0,2049.85,4.0,4.0,17.0,18765.49,17.0,17.0,512.4625,0,0,0
MRC001862,General Retail,Medium,LOC0115,AGT00006,1997,1,1,6,1.0,339.31,1.0,1.0,13.0,17199.42,13.0,10.0,39.0,50331.07,39.0,31.0,1323.0323076923075,0,0,0
MRC001863,Electronics,Medium,LOC0009,AGT00127,745,1,1,17,0.0,0.0,0.0,0.0,2.0,2674.58,2.0,2.0,4.0,3279.51,4.0,4.0,1337.29,0,0,0
MRC001864,Education,Micro,LOC0110,AGT00287,1861,1,1,16,0.0,0.0,0.0,0.0,1.0,641.08,1.0,1.0,5.0,4523.49,5.0,5.0,641.08,0,0,0
MRC001865,General Retail,Micro,LOC0087,AGT00193,2404,1,1,0,7.0,8586.28,7.0,4.0,28.0,47512.09,28.0,14.0,74.0,105191.99,74.0,46.0,1696.860357142857,0,0,0
MRC001866,General Retail,Small,LOC0014,AGT00389,868,1,0,16,0.0,0.0,0.0,0.0,1.0,568.03,1.0,1.0,3.0,2098.2,3.0,3.0,568.03,0,0,0
MRC001867,Utility,Small,LOC0031,AGT00300,1785,0,1,9,0.0,0.0,0.0,0.0,3.0,1771.6,3.0,3.0,6.0,4792.71,6.0,6.0,590.5333333333333,0,0,0
MRC001868,Grocery,Medium,LOC0045,AGT00530,963,1,1,1,2.0,5899.049999999999,2.0,2.0,3.0,6285.42,3.0,3.0,8.0,11268.98,8.0,8.0,2095.14,0,0,0
MRC001869,Restaurant,Micro,LOC0115,AGT00108,2318,1,0,1,6.0,4594.0,6.0,4.0,28.0,30305.48,28.0,18.0,77.0,111753.35,77.0,56.0,1082.3385714285714,0,0,0
MRC001870,General Retail,Medium,LOC0063,AGT00033,2251,1,0,3,1.0,348.28,1.0,1.0,2.0,6266.83,2.0,2.0,3.0,6746.98,3.0,3.0,3133.415,0,0,0
MRC001871,Utility,Small,LOC0031,AGT00782,972,1,1,0,2.0,12758.01,2.0,1.0,4.0,13353.59,4.0,3.0,14.0,24693.26,14.0,12.0,3338.3975,0,0,0
MRC001872,Healthcare,Micro,LOC0111,AGT00798,791,0,1,0,1.0,236.49,1.0,1.0,4.0,12840.85,4.0,4.0,18.0,28862.52,18.0,17.0,3210.2125,0,0,0
MRC001873,Transport,Micro,LOC0015,AGT00538,467,1,0,11,0.0,0.0,0.0,0.0,1.0,8898.8,1.0,1.0,3.0,10662.029999999999,3.0,3.0,8898.8,0,0,0
MRC001874,Restaurant,Small,LOC0098,AGT00333,1811,1,1,4,1.0,390.84,1.0,1.0,1.0,390.84,1.0,1.0,6.0,11324.44,6.0,6.0,390.84,0,0,0
MRC001875,Restaurant,Micro,LOC0100,AGT00629,2296,1,1,4,1.0,1056.35,1.0,1.0,2.0,11626.77,2.0,2.0,5.0,17791.0,5.0,5.0,5813.385,0,0,0
MRC001876,Utility,Small,LOC0047,AGT00579,604,1,0,5,1.0,942.2,1.0,1.0,5.0,11453.289999999999,5.0,5.0,20.0,34587.23,20.0,18.0,2290.658,0,0,0
MRC001877,Restaurant,Small,LOC0006,AGT00586,2070,1,1,2,6.0,6211.73,6.0,2.0,22.0,24548.76,22.0,14.0,55.0,66428.36,55.0,39.0,1115.8527272727272,0,0,0
MRC001878,Transport,Small,LOC0107,AGT00626,1937,1,0,10,0.0,0.0,0.0,0.0,3.0,6290.58,3.0,3.0,6.0,12736.28,6.0,6.0,2096.86,0,0,0
MRC001879,Healthcare,Micro,LOC0117,AGT00716,1318,0,0,9,0.0,0.0,0.0,0.0,2.0,4375.74,2.0,2.0,6.0,9799.6,6.0,6.0,2187.87,0,0,0
MRC001880,General Retail,Large,LOC0046,AGT00743,774,1,1,1,11.0,11469.84,11.0,5.0,47.0,69187.31,47.0,24.0,129.0,185015.83,129.0,67.0,1472.070425531915,0,0,0
MRC001881,Restaurant,Small,LOC0023,AGT00065,1713,1,1,17,0.0,0.0,0.0,0.0,1.0,1869.22,1.0,1.0,4.0,3212.7200000000003,4.0,4.0,1869.22,0,0,0
MRC001882,Healthcare,Small,LOC0033,AGT00475,1585,0,1,14,0.0,0.0,0.0,0.0,1.0,38.44,1.0,1.0,1.0,38.44,1.0,1.0,38.44,0,0,0
MRC001883,Grocery,Small,LOC0017,AGT00384,2060,0,1,2,3.0,4242.83,3.0,3.0,12.0,14677.1,12.0,12.0,38.0,35072.51,38.0,34.0,1223.0916666666667,0,0,0
MRC001884,Grocery,Small,LOC0074,AGT00318,1519,0,1,0,2.0,3478.4700000000003,2.0,2.0,4.0,5094.0,4.0,4.0,14.0,21739.68,14.0,14.0,1273.5,0,0,0
MRC001885,Restaurant,Medium,LOC0063,AGT00090,393,1,1,10,0.0,0.0,0.0,0.0,2.0,3598.25,2.0,2.0,10.0,26274.31,10.0,10.0,1799.125,0,0,0
MRC001886,Grocery,Small,LOC0043,AGT00664,731,0,1,0,9.0,18535.93,9.0,5.0,36.0,86882.56,36.0,18.0,101.0,200579.79,101.0,56.0,2413.4044444444444,0,0,0
MRC001887,General Retail,Small,LOC0079,AGT00554,1118,1,1,60,0.0,0.0,0.0,0.0,0.0,0.0,0.0,0.0,1.0,839.61,1.0,1.0,0.0,1,1,0
MRC001888,General Retail,Micro,LOC0075,AGT00682,1360,1,1,9,0.0,0.0,0.0,0.0,2.0,3664.63,2.0,2.0,8.0,9702.92,8.0,8.0,1832.315,0,0,0
MRC001889,Grocery,Micro,LOC0002,AGT00617,1051,1,1,21,0.0,0.0,0.0,0.0,1.0,4333.2,1.0,1.0,3.0,11770.869999999999,3.0,2.0,4333.2,0,0,0
MRC001890,General Retail,Small,LOC0050,AGT00009,2208,0,1,1,1.0,267.78,1.0,1.0,5.0,1571.41,5.0,5.0,17.0,13961.79,17.0,16.0,314.28200000000004,0,0,0
MRC001891,Electronics,Micro,LOC0104,AGT00656,901,1,1,3,1.0,607.98,1.0,1.0,1.0,607.98,1.0,1.0,2.0,1168.15,2.0,2.0,607.98,0,0,0
MRC001892,Transport,Small,LOC0096,AGT00431,1773,1,1,42,0.0,0.0,0.0,0.0,0.0,0.0,0.0,0.0,2.0,5407.43,2.0,2.0,0.0,1,0,0
MRC001893,General Retail,Medium,LOC0103,AGT00324,1076,1,1,8,0.0,0.0,0.0,0.0,5.0,12059.960000000001,5.0,4.0,18.0,25690.39,18.0,16.0,2411.992,0,0,0
MRC001894,Education,Small,LOC0115,AGT00108,2455,1,1,13,0.0,0.0,0.0,0.0,5.0,4036.18,5.0,4.0,10.0,11065.35,10.0,9.0,807.236,0,0,0
MRC001895,Grocery,Micro,LOC0008,AGT00547,2288,1,1,24,0.0,0.0,0.0,0.0,1.0,178.08,1.0,1.0,1.0,178.08,1.0,1.0,178.08,0,0,0
MRC001896,Grocery,Small,LOC0033,AGT00507,2001,1,1,22,0.0,0.0,0.0,0.0,2.0,1008.19,2.0,2.0,5.0,8512.79,5.0,5.0,504.095,0,0,0
MRC001897,Fashion,Micro,LOC0056,AGT00448,1958,1,1,0,1.0,708.58,1.0,1.0,3.0,1680.13,3.0,3.0,9.0,7126.17,9.0,8.0,560.0433333333334,0,0,0
MRC001898,General Retail,Small,LOC0062,AGT00487,1692,1,0,50,0.0,0.0,0.0,0.0,0.0,0.0,0.0,0.0,1.0,2257.46,1.0,1.0,0.0,1,0,0
MRC001899,Education,Small,LOC0095,AGT00410,1570,1,1,9,0.0,0.0,0.0,0.0,6.0,8609.67,6.0,6.0,15.0,18983.87,15.0,15.0,1434.945,0,0,0
MRC001900,Restaurant,Small,LOC0087,AGT00193,1517,1,1,1,3.0,5432.34,3.0,3.0,15.0,24471.61,15.0,12.0,44.0,71362.24,44.0,32.0,1631.4406666666666,0,0,0
MRC001901,Grocery,Small,LOC0085,AGT00294,345,1,1,0,6.0,6951.48,6.0,5.0,11.0,12908.73,11.0,10.0,20.0,33552.2,20.0,19.0,1173.520909090909,0,0,0
MRC001902,General Retail,Small,LOC0020,AGT00028,2335,1,1,9,0.0,0.0,0.0,0.0,2.0,1870.94,2.0,2.0,9.0,10140.11,9.0,9.0,935.47,0,0,0
MRC001903,Restaurant,Micro,LOC0082,AGT00459,2431,1,1,13,0.0,0.0,0.0,0.0,4.0,7838.12,4.0,4.0,12.0,17804.09,12.0,12.0,1959.53,0,0,0
MRC001904,Transport,Micro,LOC0096,AGT00160,1438,1,1,13,0.0,0.0,0.0,0.0,2.0,1558.68,2.0,2.0,3.0,1730.88,3.0,3.0,779.34,0,0,0
MRC001905,Transport,Small,LOC0091,AGT00169,2189,1,1,4,1.0,299.18,1.0,1.0,4.0,2252.41,4.0,4.0,15.0,44186.78,15.0,15.0,563.1025,0,0,0
MRC001906,Pharmacy,Medium,LOC0070,AGT00421,1166,1,1,3,1.0,517.36,1.0,1.0,1.0,517.36,1.0,1.0,4.0,7461.67,4.0,3.0,517.36,0,0,0
MRC001907,Grocery,Micro,LOC0011,AGT00207,532,1,1,2,1.0,1816.19,1.0,1.0,1.0,1816.19,1.0,1.0,1.0,1816.19,1.0,1.0,1816.19,0,0,0
MRC001908,Restaurant,Micro,LOC0018,AGT00476,2110,1,1,5,1.0,2514.84,1.0,1.0,6.0,10511.99,6.0,6.0,16.0,23215.53,16.0,16.0,1751.9983333333332,0,0,0
MRC001909,Restaurant,Micro,LOC0090,AGT00019,1400,1,1,202,0.0,0.0,0.0,0.0,0.0,0.0,0.0,0.0,0.0,0.0,0.0,0.0,0.0,1,1,1
MRC001910,Transport,Small,LOC0105,AGT00564,2341,0,1,12,0.0,0.0,0.0,0.0,2.0,643.34,2.0,2.0,3.0,1604.91,3.0,3.0,321.67,0,0,0
MRC001911,Utility,Micro,LOC0100,AGT00784,752,1,1,14,0.0,0.0,0.0,0.0,1.0,508.01,1.0,1.0,5.0,7852.44,5.0,5.0,508.01,0,0,0
MRC001912,Pharmacy,Small,LOC0052,AGT00740,1333,1,1,12,0.0,0.0,0.0,0.0,3.0,1906.2199999999998,3.0,3.0,7.0,4327.17,7.0,7.0,635.4066666666666,0,0,0
MRC001913,Electronics,Micro,LOC0071,AGT00032,1745,1,1,0,3.0,1847.4299999999998,3.0,3.0,14.0,25502.81,14.0,13.0,43.0,59433.0,43.0,33.0,1821.6292857142857,0,0,0
MRC001914,Grocery,Small,LOC0022,AGT00555,586,1,1,13,0.0,0.0,0.0,0.0,3.0,13024.18,3.0,3.0,19.0,35689.17,19.0,18.0,4341.393333333333,0,0,0
MRC001915,Pharmacy,Micro,LOC0072,AGT00198,2464,1,1,10,0.0,0.0,0.0,0.0,3.0,2100.85,3.0,3.0,10.0,7631.2699999999995,10.0,9.0,700.2833333333333,0,0,0
MRC001916,Utility,Small,LOC0024,AGT00685,1616,1,1,11,0.0,0.0,0.0,0.0,3.0,11375.33,3.0,3.0,8.0,15259.32,8.0,8.0,3791.7766666666666,0,0,0
MRC001917,Utility,Micro,LOC0096,AGT00721,662,0,1,0,2.0,530.74,2.0,2.0,2.0,530.74,2.0,2.0,4.0,2122.4700000000003,4.0,4.0,265.37,0,0,0
MRC001918,Utility,Small,LOC0095,AGT00183,1905,1,1,0,1.0,260.58,1.0,1.0,20.0,19481.01,20.0,15.0,42.0,53914.4,42.0,32.0,974.0504999999999,0,0,0
MRC001919,Grocery,Medium,LOC0007,AGT00452,2206,1,1,0,1.0,3193.7,1.0,1.0,1.0,3193.7,1.0,1.0,1.0,3193.7,1.0,1.0,3193.7,0,0,0
MRC001920,Electronics,Micro,LOC0113,AGT00632,1103,1,1,1,3.0,8021.08,3.0,3.0,9.0,19208.8,9.0,9.0,18.0,35771.54,18.0,16.0,2134.311111111111,0,0,0
MRC001921,Fashion,Medium,LOC0096,AGT00160,1619,1,1,25,0.0,0.0,0.0,0.0,1.0,1660.96,1.0,1.0,4.0,11661.059999999998,4.0,4.0,1660.96,0,0,0
MRC001922,General Retail,Micro,LOC0046,AGT00743,1921,1,1,0,3.0,2031.76,3.0,3.0,8.0,9349.87,8.0,8.0,17.0,19644.940000000002,17.0,17.0,1168.73375,0,0,0
MRC001923,Transport,Small,LOC0055,AGT00221,604,1,1,3,1.0,601.14,1.0,1.0,6.0,28513.789999999997,6.0,6.0,17.0,37044.83,17.0,17.0,4752.298333333333,0,0,0
MRC001924,General Retail,Small,LOC0010,AGT00025,1447,1,1,9,0.0,0.0,0.0,0.0,4.0,3828.63,4.0,4.0,17.0,27999.41,17.0,15.0,957.1575,0,0,0
MRC001925,Grocery,Micro,LOC0113,AGT00407,1508,0,1,2,4.0,7761.79,4.0,3.0,15.0,29263.12,15.0,12.0,45.0,68752.49,45.0,37.0,1950.8746666666666,0,0,0
MRC001926,Fashion,Small,LOC0013,AGT00797,945,1,1,16,0.0,0.0,0.0,0.0,3.0,1929.9499999999998,3.0,2.0,3.0,1929.9499999999998,3.0,2.0,643.3166666666666,0,0,0
MRC001927,Utility,Micro,LOC0111,AGT00557,941,1,1,6,1.0,3831.75,1.0,1.0,10.0,10966.34,10.0,8.0,28.0,30496.3,28.0,24.0,1096.634,0,0,0
MRC001928,Restaurant,Small,LOC0079,AGT00498,1662,1,1,14,0.0,0.0,0.0,0.0,5.0,6340.7,5.0,4.0,11.0,12370.89,11.0,10.0,1268.1399999999999,0,0,0
MRC001929,Transport,Small,LOC0111,AGT00340,1929,1,1,3,1.0,453.11,1.0,1.0,1.0,453.11,1.0,1.0,4.0,4544.7,4.0,4.0,453.11,0,0,0
MRC001930,Electronics,Medium,LOC0045,AGT00038,1136,1,1,0,7.0,6373.25,7.0,4.0,29.0,31446.81,29.0,19.0,83.0,165516.68,83.0,55.0,1084.3727586206896,0,0,0
MRC001931,General Retail,Micro,LOC0108,AGT00216,607,1,1,7,0.0,0.0,0.0,0.0,5.0,6973.08,5.0,4.0,15.0,23699.21,15.0,13.0,1394.616,0,0,0
MRC001932,Grocery,Medium,LOC0052,AGT00740,2006,1,1,41,0.0,0.0,0.0,0.0,0.0,0.0,0.0,0.0,4.0,4476.360000000001,4.0,3.0,0.0,1,0,0
MRC001933,General Retail,Micro,LOC0043,AGT00664,666,0,1,0,3.0,3664.1,3.0,3.0,15.0,22833.42,15.0,11.0,32.0,39486.09,32.0,26.0,1522.2279999999998,0,0,0
MRC001934,Restaurant,Small,LOC0041,AGT00148,293,1,1,5,2.0,1483.99,2.0,1.0,5.0,2294.9,5.0,4.0,11.0,10091.17,11.0,10.0,458.98,0,0,0
MRC001935,Fashion,Micro,LOC0115,AGT00006,991,1,1,30,0.0,0.0,0.0,0.0,0.0,0.0,0.0,0.0,2.0,1536.41,2.0,2.0,0.0,1,0,0
MRC001936,Electronics,Micro,LOC0056,AGT00194,2074,1,1,26,0.0,0.0,0.0,0.0,2.0,3888.05,2.0,2.0,6.0,7672.9400000000005,6.0,5.0,1944.025,0,0,0
MRC001937,Pharmacy,Micro,LOC0058,AGT00413,1940,1,1,12,0.0,0.0,0.0,0.0,3.0,2112.52,3.0,3.0,6.0,6763.06,6.0,6.0,704.1733333333333,0,0,0
MRC001938,General Retail,Small,LOC0078,AGT00246,956,1,1,5,1.0,1521.34,1.0,1.0,1.0,1521.34,1.0,1.0,4.0,5468.66,4.0,4.0,1521.34,0,0,0
MRC001939,General Retail,Micro,LOC0067,AGT00509,1421,1,1,8,0.0,0.0,0.0,0.0,5.0,3864.34,5.0,4.0,13.0,9225.039999999999,13.0,9.0,772.868,0,0,0
MRC001940,General Retail,Small,LOC0065,AGT00484,2383,1,1,0,1.0,219.4,1.0,1.0,6.0,7920.62,6.0,6.0,19.0,25849.48,19.0,17.0,1320.1033333333332,0,0,0
MRC001941,General Retail,Large,LOC0046,AGT00119,1857,1,0,0,3.0,2329.27,3.0,3.0,5.0,3538.05,5.0,5.0,12.0,12118.58,12.0,11.0,707.61,0,0,0
MRC001942,Transport,Micro,LOC0020,AGT00082,1945,1,0,3,4.0,5500.23,4.0,2.0,23.0,36505.93,23.0,13.0,79.0,107980.69,79.0,48.0,1587.214347826087,0,0,0
MRC001943,Fashion,Micro,LOC0120,AGT00172,478,1,1,5,1.0,1371.22,1.0,1.0,2.0,3206.05,2.0,2.0,6.0,9600.88,6.0,6.0,1603.025,0,0,0
MRC001944,General Retail,Micro,LOC0059,AGT00092,813,0,1,2,4.0,2036.6,4.0,4.0,13.0,14508.98,13.0,11.0,34.0,63124.05,34.0,26.0,1116.0753846153846,0,0,0
MRC001945,Grocery,Micro,LOC0117,AGT00773,514,1,1,1,3.0,5944.299999999999,3.0,3.0,9.0,15075.45,9.0,8.0,31.0,41433.83,31.0,27.0,1675.0500000000002,0,0,0
MRC001946,General Retail,Small,LOC0056,AGT00363,2425,1,1,0,5.0,3321.5699999999997,5.0,4.0,22.0,30270.28,22.0,15.0,53.0,91416.91,53.0,38.0,1375.921818181818,0,0,0
MRC001947,Fashion,Small,LOC0072,AGT00788,1034,1,1,0,5.0,6606.1,5.0,3.0,35.0,70451.86,35.0,17.0,89.0,210448.35,89.0,53.0,2012.9102857142857,0,0,0
MRC001948,Transport,Micro,LOC0066,AGT00292,1378,1,1,17,0.0,0.0,0.0,0.0,1.0,611.71,1.0,1.0,2.0,936.55,2.0,2.0,611.71,0,0,0
MRC001949,Restaurant,Micro,LOC0116,AGT00291,1492,0,1,10,0.0,0.0,0.0,0.0,4.0,12652.150000000001,4.0,4.0,12.0,25625.01,12.0,12.0,3163.0375000000004,0,0,0
MRC001950,Restaurant,Small,LOC0014,AGT00389,1429,1,1,22,0.0,0.0,0.0,0.0,1.0,719.28,1.0,1.0,6.0,8031.46,6.0,6.0,719.28,0,0,0
MRC001951,Grocery,Micro,LOC0063,AGT00033,400,1,1,2,2.0,2241.46,2.0,2.0,7.0,26558.559999999998,7.0,7.0,13.0,28870.339999999997,13.0,13.0,3794.0799999999995,0,0,0
MRC001952,Fashion,Small,LOC0019,AGT00187,2274,1,1,9,0.0,0.0,0.0,0.0,1.0,3849.05,1.0,1.0,5.0,17245.89,5.0,5.0,3849.05,0,0,0
MRC001953,Restaurant,Medium,LOC0105,AGT00072,1118,1,1,10,0.0,0.0,0.0,0.0,2.0,1312.41,2.0,2.0,3.0,3324.79,3.0,3.0,656.205,0,0,0
MRC001954,Pharmacy,Micro,LOC0064,AGT00094,2293,0,1,0,1.0,3841.17,1.0,1.0,1.0,3841.17,1.0,1.0,3.0,4842.8,3.0,3.0,3841.17,0,0,0
MRC001955,Pharmacy,Small,LOC0111,AGT00798,1958,1,1,0,1.0,228.86,1.0,1.0,2.0,2039.2400000000002,2.0,2.0,10.0,17538.65,10.0,10.0,1019.6200000000001,0,0,0
MRC001956,Education,Medium,LOC0034,AGT00173,1809,1,1,2,2.0,4748.08,2.0,2.0,7.0,9843.77,7.0,7.0,17.0,35173.92,17.0,17.0,1406.2528571428572,0,0,0
MRC001957,Restaurant,Small,LOC0020,AGT00024,1822,1,1,6,1.0,6440.66,1.0,1.0,2.0,6904.63,2.0,2.0,4.0,8938.93,4.0,4.0,3452.315,0,0,0
MRC001958,General Retail,Small,LOC0076,AGT00302,2424,0,1,6,1.0,395.35,1.0,1.0,3.0,2117.35,3.0,3.0,6.0,6942.04,6.0,6.0,705.7833333333333,0,0,0
MRC001959,Grocery,Small,LOC0018,AGT00237,949,0,1,2,1.0,978.53,1.0,1.0,1.0,978.53,1.0,1.0,6.0,9685.789999999999,6.0,6.0,978.53,0,0,0
MRC001960,Education,Small,LOC0045,AGT00453,1005,1,1,10,0.0,0.0,0.0,0.0,1.0,1806.33,1.0,1.0,2.0,13759.24,2.0,2.0,1806.33,0,0,0
MRC001961,Grocery,Small,LOC0038,AGT00608,1752,1,1,26,0.0,0.0,0.0,0.0,1.0,335.49,1.0,1.0,10.0,13368.53,10.0,10.0,335.49,0,0,0
MRC001962,Electronics,Small,LOC0027,AGT00568,794,1,1,2,2.0,2169.6,2.0,2.0,9.0,8051.3099999999995,9.0,8.0,18.0,52629.100000000006,18.0,17.0,894.5899999999999,0,0,0
MRC001963,Electronics,Small,LOC0016,AGT00180,2043,0,1,0,5.0,7922.28,5.0,4.0,13.0,23557.04,13.0,12.0,38.0,62739.2,38.0,34.0,1812.0800000000002,0,0,0
MRC001964,Transport,Small,LOC0079,AGT00197,350,1,1,49,0.0,0.0,0.0,0.0,0.0,0.0,0.0,0.0,3.0,5925.21,3.0,3.0,0.0,1,0,0
MRC001965,Fashion,Small,LOC0091,AGT00169,2247,1,1,10,0.0,0.0,0.0,0.0,3.0,4654.63,3.0,2.0,12.0,12723.86,12.0,11.0,1551.5433333333333,0,0,0
MRC001966,Electronics,Medium,LOC0048,AGT00177,1043,1,1,1,1.0,3652.39,1.0,1.0,16.0,25279.28,16.0,13.0,37.0,55124.84,37.0,31.0,1579.955,0,0,0
MRC001967,Grocery,Micro,LOC0034,AGT00091,296,1,1,39,0.0,0.0,0.0,0.0,0.0,0.0,0.0,0.0,1.0,619.55,1.0,1.0,0.0,1,0,0
MRC001968,Fashion,Micro,LOC0019,AGT00121,1603,1,1,1,3.0,4417.83,3.0,2.0,9.0,28861.51,9.0,7.0,30.0,62801.259999999995,30.0,24.0,3206.834444444444,0,0,0
MRC001969,Restaurant,Micro,LOC0082,AGT00459,888,0,1,50,0.0,0.0,0.0,0.0,0.0,0.0,0.0,0.0,4.0,7215.34,4.0,4.0,0.0,1,0,0
MRC001970,Transport,Micro,LOC0098,AGT00335,954,1,1,2,3.0,2006.81,3.0,2.0,13.0,22614.399999999998,13.0,11.0,22.0,38614.54,22.0,20.0,1739.5692307692307,0,0,0
MRC001971,Fashion,Small,LOC0066,AGT00328,1338,1,1,16,0.0,0.0,0.0,0.0,2.0,5743.73,2.0,2.0,7.0,11702.19,7.0,7.0,2871.865,0,0,0
MRC001972,Utility,Micro,LOC0052,AGT00015,1553,1,1,0,2.0,442.40999999999997,2.0,2.0,8.0,6446.18,8.0,8.0,19.0,34674.32,19.0,17.0,805.7725,0,0,0
MRC001973,Fashion,Small,LOC0078,AGT00246,584,0,1,2,5.0,8350.32,5.0,3.0,12.0,20645.25,12.0,8.0,44.0,81525.98,44.0,34.0,1720.4375,0,0,0
MRC001974,Pharmacy,Small,LOC0110,AGT00338,392,1,1,5,1.0,1284.06,1.0,1.0,2.0,1465.62,2.0,2.0,12.0,24398.34,12.0,11.0,732.81,0,0,0
MRC001975,Pharmacy,Micro,LOC0119,AGT00213,1295,1,1,4,2.0,1625.46,2.0,2.0,9.0,5546.28,9.0,8.0,25.0,24774.5,25.0,21.0,616.2533333333333,0,0,0
MRC001976,Grocery,Micro,LOC0024,AGT00685,1060,1,1,18,0.0,0.0,0.0,0.0,3.0,2879.56,3.0,3.0,6.0,5283.87,6.0,6.0,959.8533333333334,0,0,0
MRC001977,Electronics,Small,LOC0058,AGT00106,1558,1,1,13,0.0,0.0,0.0,0.0,2.0,2844.59,2.0,1.0,5.0,5064.78,5.0,4.0,1422.295,0,0,0
MRC001978,General Retail,Small,LOC0106,AGT00067,1921,1,1,46,0.0,0.0,0.0,0.0,0.0,0.0,0.0,0.0,7.0,12749.4,7.0,7.0,0.0,1,0,0
MRC001979,Utility,Small,LOC0076,AGT00353,1629,1,0,7,0.0,0.0,0.0,0.0,2.0,5234.4800000000005,2.0,2.0,7.0,8893.73,7.0,7.0,2617.2400000000002,0,0,0
MRC001980,Fashion,Micro,LOC0098,AGT00333,514,1,1,1,1.0,240.68,1.0,1.0,3.0,1309.21,3.0,3.0,6.0,3567.12,6.0,6.0,436.40333333333336,0,0,0
MRC001981,Grocery,Micro,LOC0120,AGT00347,2463,1,1,0,2.0,1783.96,2.0,2.0,7.0,7936.99,7.0,7.0,13.0,13777.64,13.0,13.0,1133.8557142857142,0,0,0
MRC001982,General Retail,Micro,LOC0013,AGT00797,1848,1,1,0,3.0,1464.76,3.0,3.0,6.0,4085.0299999999997,6.0,5.0,15.0,19122.32,15.0,14.0,680.8383333333333,0,0,0
MRC001983,Grocery,Micro,LOC0074,AGT00003,394,0,0,1,1.0,980.77,1.0,1.0,3.0,4853.08,3.0,3.0,16.0,22989.32,16.0,14.0,1617.6933333333334,0,0,0
MRC001984,Restaurant,Large,LOC0064,AGT00132,1954,1,0,2,2.0,926.41,2.0,2.0,15.0,25653.760000000002,15.0,12.0,44.0,63095.98,44.0,35.0,1710.2506666666668,0,0,0
MRC001985,General Retail,Micro,LOC0035,AGT00572,2211,1,1,1,1.0,948.45,1.0,1.0,6.0,4711.639999999999,6.0,6.0,28.0,39449.44,28.0,23.0,785.2733333333332,0,0,0
MRC001986,Restaurant,Micro,LOC0079,AGT00498,1529,1,1,35,0.0,0.0,0.0,0.0,0.0,0.0,0.0,0.0,4.0,6170.24,4.0,4.0,0.0,1,0,0
MRC001987,Grocery,Medium,LOC0013,AGT00054,2105,1,1,118,0.0,0.0,0.0,0.0,0.0,0.0,0.0,0.0,0.0,0.0,0.0,0.0,0.0,1,1,1
MRC001988,Pharmacy,Small,LOC0060,AGT00712,2223,1,1,2,2.0,3820.37,2.0,2.0,8.0,15612.93,8.0,8.0,21.0,38360.14,21.0,19.0,1951.61625,0,0,0
MRC001989,Education,Small,LOC0050,AGT00191,2393,1,1,8,0.0,0.0,0.0,0.0,5.0,4992.6,5.0,4.0,12.0,20358.11,12.0,11.0,998.5200000000001,0,0,0
MRC001990,Grocery,Small,LOC0047,AGT00390,2372,1,0,5,1.0,79.54,1.0,1.0,2.0,2884.29,2.0,2.0,5.0,4298.18,5.0,5.0,1442.145,0,0,0
MRC001991,Transport,Medium,LOC0074,AGT00318,710,0,1,77,0.0,0.0,0.0,0.0,0.0,0.0,0.0,0.0,2.0,848.64,2.0,2.0,0.0,1,1,0
MRC001992,Fashion,Micro,LOC0114,AGT00702,362,1,1,3,1.0,828.85,1.0,1.0,3.0,1830.5700000000002,3.0,3.0,7.0,11691.74,7.0,7.0,610.19,0,0,0
MRC001993,Restaurant,Micro,LOC0114,AGT00228,1711,0,1,3,1.0,1853.51,1.0,1.0,7.0,6655.08,7.0,7.0,18.0,24750.86,18.0,16.0,950.7257142857143,0,0,0
MRC001994,Pharmacy,Medium,LOC0085,AGT00294,1770,1,1,47,0.0,0.0,0.0,0.0,0.0,0.0,0.0,0.0,2.0,1859.67,2.0,2.0,0.0,1,0,0
MRC001995,General Retail,Small,LOC0040,AGT00750,1530,1,1,6,1.0,328.97,1.0,1.0,1.0,328.97,1.0,1.0,1.0,328.97,1.0,1.0,328.97,0,0,0
MRC001996,Restaurant,Large,LOC0116,AGT00291,805,1,1,4,2.0,13621.95,2.0,2.0,10.0,36035.87,10.0,9.0,32.0,70210.87,32.0,27.0,3603.5870000000004,0,0,0
MRC001997,Healthcare,Micro,LOC0120,AGT00172,2360,1,1,43,0.0,0.0,0.0,0.0,0.0,0.0,0.0,0.0,3.0,4194.84,3.0,2.0,0.0,1,0,0
MRC001998,Fashion,Medium,LOC0102,AGT00323,1178,0,1,11,0.0,0.0,0.0,0.0,2.0,522.5,2.0,2.0,12.0,12285.29,12.0,12.0,261.25,0,0,0
MRC001999,Grocery,Micro,LOC0105,AGT00117,1907,0,1,0,3.0,2270.16,3.0,2.0,16.0,31751.77,16.0,11.0,51.0,74611.56999999999,51.0,40.0,1984.485625,0,0,0
MRC002000,Fashion,Small,LOC0099,AGT00690,1648,1,1,30,0.0,0.0,0.0,0.0,0.0,0.0,0.0,0.0,2.0,980.83,2.0,2.0,0.0,1,0,0
MRC002001,Electronics,Medium,LOC0092,AGT00539,2243,1,1,36,0.0,0.0,0.0,0.0,0.0,0.0,0.0,0.0,3.0,1283.09,3.0,3.0,0.0,1,0,0
MRC002002,Fashion,Micro,LOC0088,AGT00053,1843,1,1,16,0.0,0.0,0.0,0.0,1.0,844.49,1.0,1.0,3.0,3831.92,3.0,3.0,844.49,0,0,0
MRC002003,Utility,Micro,LOC0077,AGT00159,1673,1,0,30,0.0,0.0,0.0,0.0,0.0,0.0,0.0,0.0,3.0,4059.91,3.0,3.0,0.0,1,0,0
MRC002004,General Retail,Small,LOC0078,AGT00535,2122,1,1,8,0.0,0.0,0.0,0.0,2.0,697.84,2.0,2.0,10.0,13135.72,10.0,8.0,348.92,0,0,0
MRC002005,Utility,Medium,LOC0047,AGT00579,405,1,1,2,3.0,9355.86,3.0,3.0,8.0,29373.55,8.0,7.0,19.0,41828.34,19.0,16.0,3671.69375,0,0,0
MRC002006,Education,Micro,LOC0107,AGT00086,1828,1,1,1,3.0,1985.7799999999997,3.0,3.0,5.0,2953.37,5.0,5.0,14.0,20651.21,14.0,14.0,590.674,0,0,0
MRC002007,Electronics,Medium,LOC0077,AGT00168,1567,1,1,0,1.0,2722.68,1.0,1.0,3.0,5337.94,3.0,3.0,11.0,17132.42,11.0,11.0,1779.3133333333333,0,0,0
MRC002008,Transport,Micro,LOC0074,AGT00318,1985,1,1,0,2.0,3600.98,2.0,2.0,7.0,15566.71,7.0,7.0,27.0,52213.34,27.0,25.0,2223.815714285714,0,0,0
MRC002009,Pharmacy,Small,LOC0090,AGT00577,776,1,1,1,1.0,1145.52,1.0,1.0,7.0,8604.37,7.0,6.0,16.0,24659.58,16.0,14.0,1229.1957142857143,0,0,0
MRC002010,Utility,Micro,LOC0010,AGT00025,1595,0,1,2,1.0,2627.68,1.0,1.0,2.0,3620.0699999999997,2.0,2.0,3.0,4725.45,3.0,3.0,1810.0349999999999,0,0,0
MRC002011,General Retail,Medium,LOC0111,AGT00798,907,1,1,3,3.0,3711.01,3.0,1.0,10.0,12511.32,10.0,7.0,23.0,33156.05,23.0,18.0,1251.132,0,0,0
MRC002012,Pharmacy,Micro,LOC0070,AGT00704,542,1,1,27,0.0,0.0,0.0,0.0,1.0,5497.4,1.0,1.0,3.0,19675.97,3.0,3.0,5497.4,0,0,0
MRC002013,General Retail,Small,LOC0114,AGT00702,1544,1,0,17,0.0,0.0,0.0,0.0,5.0,1544.3899999999999,5.0,4.0,26.0,25844.14,26.0,23.0,308.878,0,0,0
MRC002014,General Retail,Micro,LOC0013,AGT00797,333,1,0,17,0.0,0.0,0.0,0.0,1.0,1296.61,1.0,1.0,6.0,12597.71,6.0,6.0,1296.61,0,0,0
MRC002015,Fashion,Medium,LOC0029,AGT00467,490,1,1,5,1.0,6409.73,1.0,1.0,2.0,7713.36,2.0,2.0,5.0,12600.22,5.0,5.0,3856.68,0,0,0
MRC002016,General Retail,Small,LOC0114,AGT00702,1444,1,1,31,0.0,0.0,0.0,0.0,0.0,0.0,0.0,0.0,7.0,9673.11,7.0,7.0,0.0,1,0,0
MRC002017,Grocery,Micro,LOC0084,AGT00675,2250,1,1,4,1.0,705.76,1.0,1.0,12.0,21704.28,12.0,10.0,34.0,52621.0,34.0,29.0,1808.6899999999998,0,0,0
MRC002018,Grocery,Micro,LOC0078,AGT00189,1850,1,1,14,0.0,0.0,0.0,0.0,1.0,5813.98,1.0,1.0,6.0,13155.939999999999,6.0,6.0,5813.98,0,0,0
MRC002019,Restaurant,Small,LOC0049,AGT00399,320,1,1,10,0.0,0.0,0.0,0.0,3.0,1326.67,3.0,3.0,8.0,12862.550000000001,8.0,8.0,442.22333333333336,0,0,0
MRC002020,Education,Small,LOC0067,AGT00760,524,1,1,4,1.0,105.21,1.0,1.0,5.0,4439.46,5.0,5.0,19.0,25275.14,19.0,17.0,887.892,0,0,0
MRC002021,Restaurant,Medium,LOC0066,AGT00517,1228,1,0,0,2.0,2490.84,2.0,1.0,3.0,3024.96,3.0,2.0,8.0,9964.14,8.0,7.0,1008.32,0,0,0
MRC002022,General Retail,Small,LOC0024,AGT00394,1225,1,1,5,1.0,786.89,1.0,1.0,1.0,786.89,1.0,1.0,7.0,3764.2,7.0,7.0,786.89,0,0,0
MRC002023,Pharmacy,Small,LOC0068,AGT00576,374,1,1,0,1.0,727.8,1.0,1.0,2.0,994.24,2.0,2.0,8.0,7745.28,8.0,8.0,497.12,0,0,0
MRC002024,Pharmacy,Small,LOC0062,AGT00487,846,1,1,64,0.0,0.0,0.0,0.0,0.0,0.0,0.0,0.0,1.0,322.08,1.0,1.0,0.0,1,1,0
MRC002025,Transport,Small,LOC0038,AGT00341,564,1,1,0,1.0,634.94,1.0,1.0,3.0,3460.01,3.0,3.0,9.0,11235.03,9.0,9.0,1153.3366666666668,0,0,0
MRC002026,Grocery,Micro,LOC0042,AGT00659,1526,1,1,149,0.0,0.0,0.0,0.0,0.0,0.0,0.0,0.0,0.0,0.0,0.0,0.0,0.0,1,1,1
MRC002027,Healthcare,Micro,LOC0093,AGT00295,1725,1,1,11,0.0,0.0,0.0,0.0,3.0,6920.33,3.0,3.0,8.0,10526.11,8.0,8.0,2306.7766666666666,0,0,0
MRC002028,Restaurant,Micro,LOC0082,AGT00642,1140,1,1,16,0.0,0.0,0.0,0.0,1.0,522.38,1.0,1.0,2.0,4704.36,2.0,2.0,522.38,0,0,0
MRC002029,General Retail,Small,LOC0057,AGT00633,1535,1,0,18,0.0,0.0,0.0,0.0,2.0,4566.67,2.0,2.0,10.0,23037.48,10.0,10.0,2283.335,0,0,0
MRC002030,Transport,Micro,LOC0073,AGT00126,727,1,1,1,4.0,18428.37,4.0,3.0,12.0,24476.739999999998,12.0,10.0,30.0,57825.84,30.0,25.0,2039.7283333333332,0,0,0
MRC002031,Grocery,Small,LOC0029,AGT00356,2147,1,1,6,1.0,9397.8,1.0,1.0,8.0,26580.879999999997,8.0,6.0,26.0,47163.95,26.0,23.0,3322.6099999999997,0,0,0
MRC002032,Grocery,Micro,LOC0060,AGT00714,296,0,0,14,0.0,0.0,0.0,0.0,3.0,2407.9100000000003,3.0,2.0,5.0,10172.36,5.0,4.0,802.6366666666668,0,0,0
MRC002033,Grocery,Small,LOC0068,AGT00600,1389,1,1,9,0.0,0.0,0.0,0.0,3.0,2755.55,3.0,3.0,6.0,7936.16,6.0,6.0,918.5166666666668,0,0,0
MRC002034,General Retail,Micro,LOC0031,AGT00520,989,0,1,2,3.0,2379.8,3.0,3.0,7.0,5398.43,7.0,7.0,21.0,18431.47,21.0,20.0,771.2042857142858,0,0,0
MRC002035,Transport,Small,LOC0021,AGT00225,1272,1,1,2,2.0,272.44,2.0,2.0,6.0,3372.65,6.0,5.0,17.0,18189.7,17.0,16.0,562.1083333333333,0,0,0
MRC002036,Fashion,Micro,LOC0064,AGT00222,1414,1,1,35,0.0,0.0,0.0,0.0,0.0,0.0,0.0,0.0,4.0,2287.66,4.0,4.0,0.0,1,0,0
MRC002037,Pharmacy,Micro,LOC0113,AGT00407,1698,1,1,26,0.0,0.0,0.0,0.0,1.0,438.29,1.0,1.0,2.0,6560.2,2.0,2.0,438.29,0,0,0
MRC002038,General Retail,Micro,LOC0056,AGT00756,2317,1,1,17,0.0,0.0,0.0,0.0,3.0,6899.82,3.0,3.0,7.0,11090.9,7.0,6.0,2299.94,0,0,0
MRC002039,Pharmacy,Small,LOC0109,AGT00242,1513,0,1,40,0.0,0.0,0.0,0.0,0.0,0.0,0.0,0.0,1.0,1539.33,1.0,1.0,0.0,1,0,0
MRC002040,Transport,Small,LOC0103,AGT00070,784,1,1,5,2.0,1129.07,2.0,2.0,9.0,12653.88,9.0,8.0,20.0,31925.329999999998,20.0,18.0,1405.9866666666667,0,0,0
MRC002041,Utility,Micro,LOC0090,AGT00468,1432,0,1,0,1.0,3130.21,1.0,1.0,8.0,26813.74,8.0,7.0,21.0,40693.33,21.0,19.0,3351.7175,0,0,0
MRC002042,Restaurant,Small,LOC0108,AGT00216,1406,0,1,7,0.0,0.0,0.0,0.0,5.0,5882.64,5.0,5.0,8.0,23462.79,8.0,8.0,1176.528,0,0,0
MRC002043,Electronics,Small,LOC0050,AGT00647,2176,1,0,74,0.0,0.0,0.0,0.0,0.0,0.0,0.0,0.0,1.0,3583.49,1.0,1.0,0.0,1,1,0
MRC002044,Pharmacy,Small,LOC0092,AGT00350,1524,0,1,2,4.0,21589.53,4.0,3.0,16.0,35022.64,16.0,12.0,36.0,74517.03,36.0,31.0,2188.915,0,0,0
MRC002045,Restaurant,Small,LOC0018,AGT00693,2183,1,1,7,0.0,0.0,0.0,0.0,8.0,8259.78,8.0,7.0,20.0,30609.89,20.0,18.0,1032.4725,0,0,0
MRC002046,General Retail,Micro,LOC0039,AGT00257,1705,1,1,3,1.0,5826.89,1.0,1.0,5.0,11520.28,5.0,4.0,17.0,31380.87,17.0,15.0,2304.056,0,0,0
MRC002047,Transport,Small,LOC0068,AGT00149,1536,1,1,3,1.0,1730.85,1.0,1.0,1.0,1730.85,1.0,1.0,2.0,3481.14,2.0,2.0,1730.85,0,0,0
MRC002048,General Retail,Small,LOC0005,AGT00496,1004,1,1,88,0.0,0.0,0.0,0.0,0.0,0.0,0.0,0.0,1.0,3494.44,1.0,1.0,0.0,1,1,0
MRC002049,Electronics,Small,LOC0092,AGT00281,846,1,1,1,1.0,3180.83,1.0,1.0,4.0,6085.84,4.0,4.0,12.0,13588.83,12.0,11.0,1521.46,0,0,0
MRC002050,Pharmacy,Micro,LOC0112,AGT00587,504,1,1,4,1.0,4467.61,1.0,1.0,4.0,10229.09,4.0,4.0,22.0,40813.99,22.0,22.0,2557.2725,0,0,0
MRC002051,Healthcare,Small,LOC0013,AGT00351,1484,1,1,25,0.0,0.0,0.0,0.0,1.0,1227.7,1.0,1.0,2.0,6179.76,2.0,2.0,1227.7,0,0,0
MRC002052,Electronics,Micro,LOC0120,AGT00392,2300,1,1,1,1.0,1009.77,1.0,1.0,3.0,1913.3400000000001,3.0,2.0,9.0,18310.65,9.0,8.0,637.7800000000001,0,0,0
MRC002053,Grocery,Small,LOC0011,AGT00703,314,0,1,1,1.0,1634.09,1.0,1.0,1.0,1634.09,1.0,1.0,2.0,3103.75,2.0,2.0,1634.09,0,0,0
MRC002054,Restaurant,Micro,LOC0016,AGT00278,2368,1,1,12,0.0,0.0,0.0,0.0,1.0,1268.89,1.0,1.0,6.0,6439.03,6.0,6.0,1268.89,0,0,0
MRC002055,Transport,Micro,LOC0092,AGT00042,2164,1,1,4,2.0,352.99,2.0,2.0,4.0,1271.1,4.0,4.0,10.0,11656.85,10.0,10.0,317.775,0,0,0
MRC002056,Healthcare,Small,LOC0083,AGT00441,1244,0,1,6,2.0,1216.1399999999999,2.0,1.0,6.0,4376.52,6.0,4.0,17.0,40481.79,17.0,13.0,729.4200000000001,0,0,0
MRC002057,Pharmacy,Medium,LOC0113,AGT00271,972,1,1,1,2.0,1580.8200000000002,2.0,2.0,2.0,1580.8200000000002,2.0,2.0,3.0,1872.08,3.0,3.0,790.4100000000001,0,0,0
MRC002058,General Retail,Micro,LOC0052,AGT00740,1555,1,0,1,4.0,5137.6900000000005,4.0,4.0,17.0,17516.44,17.0,15.0,45.0,58764.74,45.0,33.0,1030.3788235294116,0,0,0
MRC002059,Restaurant,Small,LOC0069,AGT00373,2156,0,1,16,0.0,0.0,0.0,0.0,1.0,90.48,1.0,1.0,6.0,7002.11,6.0,6.0,90.48,0,0,0
MRC002060,Pharmacy,Small,LOC0018,AGT00109,350,1,1,2,2.0,39665.11,2.0,2.0,12.0,47001.95,12.0,11.0,39.0,98240.59,39.0,33.0,3916.8291666666664,0,0,0
MRC002061,Grocery,Medium,LOC0084,AGT00385,1268,1,1,7,0.0,0.0,0.0,0.0,8.0,10625.87,8.0,8.0,22.0,45328.07,22.0,22.0,1328.23375,0,0,0
MRC002062,Utility,Small,LOC0120,AGT00347,390,1,1,2,5.0,5225.09,5.0,4.0,11.0,9598.55,11.0,8.0,16.0,20521.98,16.0,13.0,872.5954545454545,0,0,0
MRC002063,Restaurant,Micro,LOC0072,AGT00198,1694,1,1,0,4.0,884.15,4.0,4.0,22.0,47495.29,22.0,18.0,82.0,147694.99,82.0,52.0,2158.876818181818,0,0,0
MRC002064,Fashion,Micro,LOC0112,AGT00746,454,1,1,43,0.0,0.0,0.0,0.0,0.0,0.0,0.0,0.0,4.0,17735.04,4.0,4.0,0.0,1,0,0
MRC002065,Pharmacy,Small,LOC0048,AGT00720,978,0,1,4,1.0,649.4,1.0,1.0,7.0,12109.41,7.0,6.0,12.0,29291.96,12.0,11.0,1729.9157142857143,0,0,0
MRC002066,Transport,Micro,LOC0118,AGT00729,1901,1,1,75,0.0,0.0,0.0,0.0,0.0,0.0,0.0,0.0,2.0,592.53,2.0,2.0,0.0,1,1,0
MRC002067,Utility,Medium,LOC0065,AGT00096,1930,1,1,12,0.0,0.0,0.0,0.0,2.0,4015.1600000000003,2.0,1.0,6.0,6455.5599999999995,6.0,5.0,2007.5800000000002,0,0,0
MRC002068,Restaurant,Medium,LOC0018,AGT00476,783,1,1,0,2.0,460.86,2.0,2.0,5.0,5289.3,5.0,5.0,21.0,17075.17,21.0,21.0,1057.8600000000001,0,0,0
MRC002069,General Retail,Medium,LOC0044,AGT00365,1407,1,1,0,1.0,473.23,1.0,1.0,4.0,17438.22,4.0,4.0,24.0,53153.75,24.0,23.0,4359.555,0,0,0
MRC002070,Grocery,Micro,LOC0060,AGT00712,690,1,1,14,0.0,0.0,0.0,0.0,2.0,6761.370000000001,2.0,2.0,4.0,7584.39,4.0,4.0,3380.6850000000004,0,0,0
MRC002071,Grocery,Small,LOC0009,AGT00486,1579,1,1,0,2.0,2146.16,2.0,2.0,2.0,2146.16,2.0,2.0,4.0,3573.2799999999997,4.0,4.0,1073.08,0,0,0
MRC002072,Education,Small,LOC0108,AGT00235,305,1,1,5,1.0,644.66,1.0,1.0,6.0,5286.75,6.0,6.0,17.0,20009.280000000002,17.0,17.0,881.125,0,0,0
MRC002073,Transport,Micro,LOC0029,AGT00356,2065,1,1,4,2.0,2534.9,2.0,1.0,4.0,4509.030000000001,4.0,3.0,9.0,23314.6,9.0,8.0,1127.2575000000002,0,0,0
MRC002074,Pharmacy,Micro,LOC0082,AGT00459,337,1,1,17,0.0,0.0,0.0,0.0,1.0,918.28,1.0,1.0,4.0,4300.12,4.0,4.0,918.28,0,0,0
MRC002075,Electronics,Micro,LOC0111,AGT00557,1616,1,1,8,0.0,0.0,0.0,0.0,4.0,5371.18,4.0,4.0,21.0,23658.18,21.0,18.0,1342.795,0,0,0
MRC002076,Restaurant,Micro,LOC0053,AGT00252,1172,1,0,2,2.0,1464.76,2.0,2.0,5.0,15951.189999999999,5.0,4.0,20.0,38063.17,20.0,17.0,3190.238,0,0,0
MRC002077,Electronics,Medium,LOC0074,AGT00201,775,0,1,1,2.0,1689.4399999999998,2.0,2.0,3.0,4316.95,3.0,3.0,20.0,26439.09,20.0,19.0,1438.9833333333333,0,0,0
MRC002078,Transport,Medium,LOC0063,AGT00023,1470,1,0,2,1.0,1299.05,1.0,1.0,2.0,3898.5699999999997,2.0,2.0,8.0,14330.04,8.0,8.0,1949.2849999999999,0,0,0
MRC002079,General Retail,Micro,LOC0092,AGT00350,596,1,1,0,2.0,202.46,2.0,2.0,6.0,5946.68,6.0,5.0,30.0,26395.440000000002,30.0,25.0,991.1133333333333,0,0,0
MRC002080,Fashion,Small,LOC0005,AGT00083,1552,1,1,18,0.0,0.0,0.0,0.0,2.0,8125.04,2.0,2.0,8.0,12936.130000000001,8.0,8.0,4062.52,0,0,0
MRC002081,Transport,Micro,LOC0044,AGT00319,1695,1,1,17,0.0,0.0,0.0,0.0,2.0,2290.17,2.0,2.0,4.0,3189.46,4.0,4.0,1145.085,0,0,0
MRC002082,Education,Micro,LOC0074,AGT00318,1287,1,1,2,1.0,278.87,1.0,1.0,2.0,2055.77,2.0,2.0,3.0,2446.92,3.0,3.0,1027.885,0,0,0
MRC002083,Restaurant,Micro,LOC0011,AGT00491,1077,1,1,50,0.0,0.0,0.0,0.0,0.0,0.0,0.0,0.0,4.0,2419.48,4.0,3.0,0.0,1,0,0
MRC002084,Pharmacy,Small,LOC0104,AGT00656,1291,1,1,117,0.0,0.0,0.0,0.0,0.0,0.0,0.0,0.0,0.0,0.0,0.0,0.0,0.0,1,1,1
MRC002085,General Retail,Small,LOC0076,AGT00302,2377,1,1,3,1.0,7090.41,1.0,1.0,3.0,7770.25,3.0,3.0,11.0,21026.46,11.0,11.0,2590.0833333333335,0,0,0
MRC002086,Pharmacy,Medium,LOC0001,AGT00123,1932,1,0,8,0.0,0.0,0.0,0.0,1.0,1388.06,1.0,1.0,3.0,4938.360000000001,3.0,3.0,1388.06,0,0,0
MRC002087,Utility,Medium,LOC0002,AGT00617,299,1,1,136,0.0,0.0,0.0,0.0,0.0,0.0,0.0,0.0,0.0,0.0,0.0,0.0,0.0,1,1,1
MRC002088,Grocery,Micro,LOC0020,AGT00607,919,0,1,1,2.0,915.1899999999999,2.0,2.0,3.0,1185.3,3.0,3.0,4.0,1250.38,4.0,4.0,395.09999999999997,0,0,0
MRC002089,Utility,Small,LOC0080,AGT00758,341,1,0,3,1.0,3813.7,1.0,1.0,4.0,9691.439999999999,4.0,4.0,14.0,19555.42,14.0,13.0,2422.8599999999997,0,0,0
MRC002090,Grocery,Micro,LOC0063,AGT00023,806,0,1,2,2.0,4134.77,2.0,2.0,3.0,5690.950000000001,3.0,3.0,11.0,15965.76,11.0,11.0,1896.9833333333336,0,0,0
MRC002091,General Retail,Micro,LOC0058,AGT00106,1987,1,1,19,0.0,0.0,0.0,0.0,1.0,1585.93,1.0,1.0,11.0,21900.89,11.0,11.0,1585.93,0,0,0
MRC002092,Transport,Small,LOC0068,AGT00576,2153,1,1,3,2.0,4819.33,2.0,1.0,4.0,5837.08,4.0,3.0,13.0,18611.55,13.0,11.0,1459.27,0,0,0
MRC002093,Grocery,Micro,LOC0060,AGT00714,1285,0,1,14,0.0,0.0,0.0,0.0,1.0,714.72,1.0,1.0,5.0,2226.51,5.0,4.0,714.72,0,0,0
MRC002094,Transport,Micro,LOC0042,AGT00152,1793,1,1,8,0.0,0.0,0.0,0.0,5.0,5091.320000000001,5.0,4.0,24.0,43530.61,24.0,22.0,1018.2640000000001,0,0,0
MRC002095,Education,Micro,LOC0001,AGT00575,1096,1,1,21,0.0,0.0,0.0,0.0,2.0,11341.03,2.0,2.0,3.0,11424.45,3.0,3.0,5670.515,0,0,0
MRC002096,Restaurant,Micro,LOC0004,AGT00043,1328,1,0,4,2.0,1575.96,2.0,2.0,6.0,8082.3,6.0,5.0,10.0,10739.380000000001,10.0,9.0,1347.05,0,0,0
MRC002097,Pharmacy,Medium,LOC0083,AGT00441,2098,1,1,0,2.0,726.3299999999999,2.0,2.0,9.0,13543.58,9.0,8.0,33.0,42884.42,33.0,28.0,1504.8422222222223,0,0,0
MRC002098,Healthcare,Micro,LOC0090,AGT00019,888,0,1,1,1.0,2306.26,1.0,1.0,7.0,21804.09,7.0,6.0,26.0,68495.35,26.0,22.0,3114.87,0,0,0
MRC002099,Healthcare,Small,LOC0029,AGT00467,982,0,1,20,0.0,0.0,0.0,0.0,1.0,1751.11,1.0,1.0,6.0,11384.57,6.0,6.0,1751.11,0,0,0
MRC002100,Restaurant,Large,LOC0030,AGT00661,585,1,0,19,0.0,0.0,0.0,0.0,1.0,690.13,1.0,1.0,3.0,5882.630000000001,3.0,3.0,690.13,0,0,0
MRC002101,General Retail,Small,LOC0049,AGT00399,764,1,1,18,0.0,0.0,0.0,0.0,2.0,2231.05,2.0,2.0,6.0,5020.44,6.0,6.0,1115.525,0,0,0
MRC002102,Pharmacy,Small,LOC0078,AGT00622,368,1,1,40,0.0,0.0,0.0,0.0,0.0,0.0,0.0,0.0,1.0,81.23,1.0,1.0,0.0,1,0,0
MRC002103,Grocery,Medium,LOC0072,AGT00619,2069,1,1,0,4.0,7917.73,4.0,3.0,12.0,15146.8,12.0,11.0,35.0,36307.37,35.0,32.0,1262.2333333333333,0,0,0
MRC002104,Education,Micro,LOC0068,AGT00600,2149,1,1,0,1.0,2241.69,1.0,1.0,1.0,2241.69,1.0,1.0,5.0,15076.33,5.0,5.0,2241.69,0,0,0
MRC002105,Grocery,Micro,LOC0005,AGT00377,1207,1,1,13,0.0,0.0,0.0,0.0,4.0,3163.77,4.0,3.0,21.0,27767.05,21.0,18.0,790.9425,0,0,0
MRC002106,Pharmacy,Small,LOC0052,AGT00015,1583,1,1,17,0.0,0.0,0.0,0.0,4.0,2307.5699999999997,4.0,3.0,9.0,9862.92,9.0,8.0,576.8924999999999,0,0,0
MRC002107,Electronics,Small,LOC0091,AGT00779,830,1,1,0,5.0,5212.16,5.0,4.0,14.0,47207.68,14.0,13.0,47.0,103175.86,47.0,41.0,3371.977142857143,0,0,0
MRC002108,Pharmacy,Small,LOC0071,AGT00638,387,1,1,1,3.0,2244.33,3.0,2.0,9.0,8601.5,9.0,6.0,17.0,31313.71,17.0,14.0,955.7222222222222,0,0,0
MRC002109,Pharmacy,Micro,LOC0097,AGT00706,1413,1,1,2,2.0,1162.22,2.0,2.0,9.0,9419.4,9.0,9.0,21.0,21673.16,21.0,21.0,1046.6,0,0,0
MRC002110,Transport,Small,LOC0084,AGT00355,633,1,1,8,0.0,0.0,0.0,0.0,2.0,763.46,2.0,2.0,7.0,10032.439999999999,7.0,7.0,381.73,0,0,0
MRC002111,Electronics,Small,LOC0108,AGT00620,2140,1,1,58,0.0,0.0,0.0,0.0,0.0,0.0,0.0,0.0,2.0,1862.64,2.0,2.0,0.0,1,0,0
MRC002112,General Retail,Large,LOC0069,AGT00754,897,1,1,0,1.0,97.17,1.0,1.0,4.0,3444.98,4.0,4.0,11.0,12415.43,11.0,11.0,861.245,0,0,0
MRC002113,Education,Micro,LOC0069,AGT00071,1898,1,1,5,1.0,1013.34,1.0,1.0,3.0,5160.599999999999,3.0,3.0,6.0,6838.52,6.0,6.0,1720.1999999999998,0,0,0
MRC002114,Fashion,Micro,LOC0067,AGT00760,861,1,0,7,0.0,0.0,0.0,0.0,3.0,2320.65,3.0,3.0,8.0,12284.67,8.0,8.0,773.5500000000001,0,0,0
MRC002115,Pharmacy,Medium,LOC0032,AGT00592,563,1,1,10,0.0,0.0,0.0,0.0,1.0,491.25,1.0,1.0,2.0,2985.11,2.0,2.0,491.25,0,0,0
MRC002116,Utility,Small,LOC0053,AGT00492,1485,1,1,33,0.0,0.0,0.0,0.0,0.0,0.0,0.0,0.0,3.0,5728.57,3.0,3.0,0.0,1,0,0
MRC002117,Grocery,Micro,LOC0021,AGT00225,687,0,1,3,2.0,2416.06,2.0,2.0,6.0,4056.56,6.0,5.0,16.0,22137.309999999998,16.0,15.0,676.0933333333334,0,0,0
MRC002118,Pharmacy,Micro,LOC0052,AGT00015,1159,1,1,3,1.0,6602.07,1.0,1.0,3.0,8942.96,3.0,3.0,10.0,16941.67,10.0,9.0,2980.986666666666,0,0,0
MRC002119,General Retail,Small,LOC0018,AGT00476,927,1,0,11,0.0,0.0,0.0,0.0,3.0,7278.9,3.0,3.0,6.0,8909.22,6.0,6.0,2426.2999999999997,0,0,0
MRC002120,Healthcare,Small,LOC0059,AGT00330,2214,1,1,0,3.0,1507.03,3.0,3.0,6.0,2068.3,6.0,6.0,16.0,32685.13,16.0,16.0,344.7166666666667,0,0,0
MRC002121,Education,Small,LOC0115,AGT00202,1386,1,1,12,0.0,0.0,0.0,0.0,3.0,1043.87,3.0,3.0,7.0,7406.38,7.0,6.0,347.95666666666665,0,0,0
MRC002122,Grocery,Medium,LOC0055,AGT00417,1858,1,1,0,10.0,18068.68,10.0,5.0,44.0,71587.89,44.0,25.0,107.0,154369.29,107.0,61.0,1626.9975,0,0,0
MRC002123,Grocery,Micro,LOC0089,AGT00035,1573,1,1,5,3.0,7556.75,3.0,2.0,4.0,7614.64,4.0,3.0,16.0,27672.34,16.0,13.0,1903.66,0,0,0
MRC002124,Fashion,Micro,LOC0053,AGT00181,2276,0,1,11,0.0,0.0,0.0,0.0,1.0,174.18,1.0,1.0,5.0,1687.67,5.0,5.0,174.18,0,0,0
MRC002125,Healthcare,Small,LOC0109,AGT00242,1247,1,1,0,1.0,2713.93,1.0,1.0,6.0,8926.189999999999,6.0,6.0,17.0,28736.61,17.0,17.0,1487.698333333333,0,0,0
MRC002126,Fashion,Medium,LOC0026,AGT00534,2172,1,1,13,0.0,0.0,0.0,0.0,7.0,7395.7699999999995,7.0,6.0,25.0,35909.2,25.0,23.0,1056.5385714285715,0,0,0
MRC002127,Grocery,Micro,LOC0101,AGT00382,2249,1,1,24,0.0,0.0,0.0,0.0,1.0,182.05,1.0,1.0,5.0,7060.990000000001,5.0,5.0,182.05,0,0,0
MRC002128,Grocery,Small,LOC0087,AGT00077,2300,1,1,53,0.0,0.0,0.0,0.0,0.0,0.0,0.0,0.0,3.0,2178.9700000000003,3.0,3.0,0.0,1,0,0
MRC002129,Education,Micro,LOC0107,AGT00672,1807,1,1,57,0.0,0.0,0.0,0.0,0.0,0.0,0.0,0.0,4.0,2031.29,4.0,4.0,0.0,1,0,0
MRC002130,Transport,Micro,LOC0016,AGT00278,2428,1,1,27,0.0,0.0,0.0,0.0,1.0,373.14,1.0,1.0,10.0,11647.4,10.0,9.0,373.14,0,0,0
MRC002131,Grocery,Medium,LOC0108,AGT00052,1915,1,0,2,1.0,1029.5,1.0,1.0,1.0,1029.5,1.0,1.0,10.0,22718.55,10.0,10.0,1029.5,0,0,0
MRC002132,Grocery,Micro,LOC0110,AGT00288,968,1,1,20,0.0,0.0,0.0,0.0,1.0,3512.64,1.0,1.0,4.0,6596.639999999999,4.0,4.0,3512.64,0,0,0
MRC002133,Pharmacy,Micro,LOC0036,AGT00036,630,1,1,25,0.0,0.0,0.0,0.0,1.0,5069.25,1.0,1.0,8.0,15019.24,8.0,7.0,5069.25,0,0,0
MRC002134,Grocery,Small,LOC0075,AGT00059,745,1,1,69,0.0,0.0,0.0,0.0,0.0,0.0,0.0,0.0,2.0,2044.96,2.0,2.0,0.0,1,1,0
MRC002135,Electronics,Micro,LOC0071,AGT00638,1540,1,1,1,1.0,146.22,1.0,1.0,4.0,3841.04,4.0,4.0,12.0,14675.52,12.0,9.0,960.26,0,0,0
MRC002136,Grocery,Small,LOC0006,AGT00513,647,1,1,8,0.0,0.0,0.0,0.0,8.0,16049.07,8.0,8.0,13.0,19063.54,13.0,13.0,2006.13375,0,0,0
MRC002137,Transport,Small,LOC0064,AGT00585,806,0,1,2,1.0,1415.16,1.0,1.0,5.0,3681.1400000000003,5.0,5.0,11.0,6313.55,11.0,11.0,736.2280000000001,0,0,0
MRC002138,Utility,Micro,LOC0080,AGT00196,1659,0,1,1,6.0,16343.12,6.0,4.0,26.0,44859.56,26.0,18.0,69.0,108490.64,69.0,52.0,1725.3676923076923,0,0,0
MRC002139,General Retail,Small,LOC0025,AGT00114,1014,1,1,1,2.0,556.3299999999999,2.0,2.0,10.0,9916.44,10.0,9.0,26.0,42349.42,26.0,25.0,991.644,0,0,0
MRC002140,General Retail,Micro,LOC0044,AGT00375,1774,1,1,5,1.0,720.63,1.0,1.0,4.0,6432.38,4.0,4.0,12.0,11177.96,12.0,11.0,1608.095,0,0,0
MRC002141,Pharmacy,Micro,LOC0071,AGT00519,2466,1,1,29,0.0,0.0,0.0,0.0,1.0,500.02,1.0,1.0,1.0,500.02,1.0,1.0,500.02,0,0,0
MRC002142,Grocery,Small,LOC0112,AGT00151,478,1,1,12,0.0,0.0,0.0,0.0,2.0,1764.19,2.0,2.0,3.0,2161.02,3.0,3.0,882.095,0,0,0
MRC002143,Restaurant,Micro,LOC0008,AGT00634,1687,1,0,64,0.0,0.0,0.0,0.0,0.0,0.0,0.0,0.0,1.0,336.97,1.0,1.0,0.0,1,1,0
MRC002144,Transport,Medium,LOC0113,AGT00343,2081,1,1,19,0.0,0.0,0.0,0.0,3.0,12792.849999999999,3.0,3.0,10.0,22554.66,10.0,10.0,4264.283333333333,0,0,0
MRC002145,Grocery,Medium,LOC0098,AGT00333,593,0,1,14,0.0,0.0,0.0,0.0,5.0,5536.23,5.0,4.0,17.0,23958.0,17.0,14.0,1107.2459999999999,0,0,0
MRC002146,Restaurant,Medium,LOC0102,AGT00018,1998,1,1,1,2.0,3800.6800000000003,2.0,2.0,6.0,6623.93,6.0,5.0,31.0,58917.22,31.0,28.0,1103.9883333333335,0,0,0
MRC002147,Restaurant,Micro,LOC0006,AGT00545,1395,0,1,2,1.0,2240.5,1.0,1.0,5.0,4020.4300000000003,5.0,4.0,11.0,23642.309999999998,11.0,10.0,804.086,0,0,0
MRC002148,Pharmacy,Micro,LOC0069,AGT00477,1660,0,0,9,0.0,0.0,0.0,0.0,7.0,5473.52,7.0,5.0,27.0,32315.24,27.0,22.0,781.9314285714287,0,0,0
MRC002149,Transport,Medium,LOC0045,AGT00031,399,1,1,1,3.0,3376.46,3.0,3.0,12.0,18002.629999999997,12.0,10.0,34.0,36411.6,34.0,27.0,1500.2191666666665,0,0,0
MRC002150,Transport,Small,LOC0111,AGT00164,1238,1,1,37,0.0,0.0,0.0,0.0,0.0,0.0,0.0,0.0,4.0,3120.09,4.0,4.0,0.0,1,0,0
MRC002151,Electronics,Small,LOC0089,AGT00574,1088,1,1,11,0.0,0.0,0.0,0.0,5.0,1843.8600000000001,5.0,5.0,8.0,7103.759999999999,8.0,8.0,368.77200000000005,0,0,0
MRC002152,General Retail,Medium,LOC0078,AGT00189,622,0,1,0,1.0,816.51,1.0,1.0,2.0,1301.74,2.0,2.0,12.0,11117.65,12.0,12.0,650.87,0,0,0
MRC002153,Grocery,Micro,LOC0004,AGT00673,1953,1,1,6,1.0,1368.59,1.0,1.0,2.0,2566.71,2.0,2.0,6.0,10442.279999999999,6.0,6.0,1283.355,0,0,0
MRC002154,Grocery,Micro,LOC0106,AGT00175,1391,1,1,21,0.0,0.0,0.0,0.0,2.0,3143.45,2.0,2.0,5.0,4567.69,5.0,5.0,1571.725,0,0,0
MRC002155,Restaurant,Small,LOC0059,AGT00472,2205,1,1,8,0.0,0.0,0.0,0.0,3.0,8777.0,3.0,3.0,9.0,17320.879999999997,9.0,8.0,2925.6666666666665,0,0,0
MRC002156,Transport,Small,LOC0020,AGT00543,634,1,1,0,1.0,1297.42,1.0,1.0,2.0,2119.1,2.0,2.0,7.0,11524.4,7.0,7.0,1059.55,0,0,0
MRC002157,Education,Micro,LOC0105,AGT00564,1883,1,1,1,2.0,3960.91,2.0,2.0,2.0,3960.91,2.0,2.0,3.0,4133.62,3.0,3.0,1980.455,0,0,0
MRC002158,Grocery,Small,LOC0109,AGT00461,1608,0,1,15,0.0,0.0,0.0,0.0,1.0,946.46,1.0,1.0,3.0,5716.39,3.0,3.0,946.46,0,0,0
MRC002159,General Retail,Small,LOC0060,AGT00185,1709,0,1,7,0.0,0.0,0.0,0.0,8.0,5694.570000000001,8.0,8.0,18.0,16449.13,18.0,18.0,711.8212500000001,0,0,0
MRC002160,Restaurant,Micro,LOC0080,AGT00133,964,1,1,5,1.0,433.21,1.0,1.0,6.0,15198.3,6.0,6.0,12.0,20701.22,12.0,12.0,2533.0499999999997,0,0,0
MRC002161,Restaurant,Micro,LOC0074,AGT00318,1796,0,1,14,0.0,0.0,0.0,0.0,2.0,3830.41,2.0,2.0,2.0,3830.41,2.0,2.0,1915.205,0,0,0
MRC002162,Education,Small,LOC0037,AGT00361,827,1,1,11,0.0,0.0,0.0,0.0,1.0,2842.91,1.0,1.0,3.0,10218.15,3.0,3.0,2842.91,0,0,0
MRC002163,General Retail,Small,LOC0090,AGT00468,1952,0,1,0,4.0,3959.66,4.0,3.0,10.0,12529.98,10.0,9.0,36.0,37631.89,36.0,30.0,1252.998,0,0,0
MRC002164,Transport,Medium,LOC0120,AGT00791,1250,1,1,0,2.0,1661.89,2.0,2.0,16.0,12850.619999999999,16.0,13.0,55.0,53050.91,55.0,44.0,803.1637499999999,0,0,0
MRC002165,General Retail,Micro,LOC0113,AGT00463,1334,1,1,21,0.0,0.0,0.0,0.0,2.0,522.26,2.0,2.0,7.0,10190.18,7.0,7.0,261.13,0,0,0
MRC002166,Grocery,Medium,LOC0083,AGT00430,1555,1,0,0,1.0,504.6,1.0,1.0,2.0,2069.96,2.0,2.0,4.0,3127.77,4.0,4.0,1034.98,0,0,0
MRC002167,Education,Small,LOC0044,AGT00375,471,1,1,0,4.0,3886.62,4.0,3.0,11.0,6782.4400000000005,11.0,9.0,28.0,40119.73,28.0,23.0,616.5854545454546,0,0,0
MRC002168,General Retail,Small,LOC0110,AGT00338,1089,1,1,7,0.0,0.0,0.0,0.0,4.0,1219.62,4.0,3.0,15.0,11506.38,15.0,13.0,304.905,0,0,0
MRC002169,Electronics,Micro,LOC0112,AGT00402,731,1,1,17,0.0,0.0,0.0,0.0,4.0,17871.550000000003,4.0,4.0,9.0,27467.699999999997,9.0,9.0,4467.887500000001,0,0,0
MRC002170,Restaurant,Micro,LOC0001,AGT00170,2392,1,1,2,2.0,2213.14,2.0,2.0,15.0,13798.800000000001,15.0,13.0,30.0,35240.12,30.0,28.0,919.9200000000001,0,0,0
MRC002171,General Retail,Small,LOC0041,AGT00074,1208,1,1,24,0.0,0.0,0.0,0.0,1.0,219.02,1.0,1.0,4.0,7912.360000000001,4.0,4.0,219.02,0,0,0
MRC002172,Grocery,Micro,LOC0067,AGT00171,299,1,1,2,1.0,319.08,1.0,1.0,1.0,319.08,1.0,1.0,2.0,2290.31,2.0,2.0,319.08,0,0,0
MRC002173,Restaurant,Micro,LOC0070,AGT00297,343,0,1,4,1.0,1515.38,1.0,1.0,4.0,31502.84,4.0,4.0,12.0,45338.83,12.0,12.0,7875.71,0,0,0
MRC002174,General Retail,Medium,LOC0086,AGT00582,2281,1,1,5,1.0,4782.39,1.0,1.0,6.0,10745.57,6.0,6.0,13.0,18988.7,13.0,13.0,1790.9283333333333,0,0,0
MRC002175,General Retail,Micro,LOC0062,AGT00487,629,1,1,1,1.0,2037.1,1.0,1.0,6.0,10337.55,6.0,5.0,22.0,31975.19,22.0,19.0,1722.925,0,0,0
MRC002176,General Retail,Medium,LOC0002,AGT00617,288,0,1,1,2.0,6803.46,2.0,2.0,16.0,28814.32,16.0,11.0,35.0,72335.38,35.0,29.0,1800.895,0,0,0
MRC002177,General Retail,Small,LOC0020,AGT00543,750,1,1,51,0.0,0.0,0.0,0.0,0.0,0.0,0.0,0.0,2.0,1998.5600000000002,2.0,2.0,0.0,1,0,0
MRC002178,Grocery,Medium,LOC0092,AGT00348,760,0,0,8,0.0,0.0,0.0,0.0,2.0,6218.200000000001,2.0,2.0,6.0,15054.77,6.0,5.0,3109.1000000000004,0,0,0
MRC002179,General Retail,Micro,LOC0084,AGT00249,461,0,1,0,2.0,1912.6599999999999,2.0,2.0,29.0,24254.44,29.0,19.0,60.0,66814.54000000001,60.0,45.0,836.3599999999999,0,0,0
MRC002180,Fashion,Small,LOC0079,AGT00498,2464,0,0,21,0.0,0.0,0.0,0.0,1.0,1905.5,1.0,1.0,3.0,4947.38,3.0,3.0,1905.5,0,0,0
MRC002181,Transport,Small,LOC0053,AGT00098,416,1,1,4,1.0,1244.62,1.0,1.0,1.0,1244.62,1.0,1.0,2.0,1850.2999999999997,2.0,2.0,1244.62,0,0,0
MRC002182,Restaurant,Medium,LOC0033,AGT00412,1877,1,1,90,0.0,0.0,0.0,0.0,0.0,0.0,0.0,0.0,0.0,0.0,0.0,0.0,0.0,1,1,1
MRC002183,Utility,Micro,LOC0037,AGT00195,2115,1,1,2,1.0,45.97,1.0,1.0,3.0,10491.36,3.0,3.0,8.0,14873.5,8.0,7.0,3497.1200000000003,0,0,0
MRC002184,Education,Micro,LOC0083,AGT00430,1695,1,1,19,0.0,0.0,0.0,0.0,2.0,7665.46,2.0,2.0,18.0,37083.93,18.0,18.0,3832.73,0,0,0
MRC002185,General Retail,Medium,LOC0061,AGT00524,576,1,1,4,1.0,1834.47,1.0,1.0,3.0,3305.46,3.0,3.0,15.0,18639.03,15.0,13.0,1101.82,0,0,0
MRC002186,Grocery,Micro,LOC0016,AGT00254,1873,1,0,6,1.0,755.64,1.0,1.0,2.0,1030.63,2.0,2.0,4.0,4239.01,4.0,4.0,515.315,0,0,0
MRC002187,Grocery,Small,LOC0048,AGT00558,1007,0,0,1,1.0,134.33,1.0,1.0,3.0,1790.4099999999999,3.0,3.0,5.0,2241.18,5.0,5.0,596.8033333333333,0,0,0
MRC002188,Fashion,Micro,LOC0099,AGT00508,1179,1,1,0,8.0,22757.6,8.0,6.0,10.0,32158.42,10.0,8.0,16.0,43580.77,16.0,13.0,3215.8419999999996,0,0,0
MRC002189,Grocery,Micro,LOC0072,AGT00788,836,1,1,2,3.0,5398.280000000001,3.0,2.0,4.0,7124.35,4.0,3.0,13.0,19420.38,13.0,12.0,1781.0875,0,0,0
MRC002190,Transport,Small,LOC0104,AGT00506,2000,1,1,45,0.0,0.0,0.0,0.0,0.0,0.0,0.0,0.0,3.0,5783.73,3.0,3.0,0.0,1,0,0
MRC002191,Restaurant,Small,LOC0062,AGT00240,1553,0,1,7,0.0,0.0,0.0,0.0,4.0,9967.2,4.0,4.0,9.0,12628.490000000002,9.0,8.0,2491.8,0,0,0
MRC002192,Electronics,Small,LOC0059,AGT00092,625,1,1,38,0.0,0.0,0.0,0.0,0.0,0.0,0.0,0.0,2.0,2838.25,2.0,2.0,0.0,1,0,0
MRC002193,Grocery,Small,LOC0114,AGT00395,1177,1,1,58,0.0,0.0,0.0,0.0,0.0,0.0,0.0,0.0,2.0,413.34,2.0,2.0,0.0,1,0,0
MRC002194,Grocery,Small,LOC0061,AGT00425,2021,1,1,4,1.0,469.79,1.0,1.0,3.0,1696.89,3.0,3.0,14.0,13169.98,14.0,14.0,565.63,0,0,0
MRC002195,Education,Large,LOC0017,AGT00069,2335,1,1,3,2.0,4855.469999999999,2.0,1.0,5.0,6807.2699999999995,5.0,4.0,11.0,29200.57,11.0,10.0,1361.454,0,0,0
MRC002196,Restaurant,Micro,LOC0049,AGT00698,2339,1,1,14,0.0,0.0,0.0,0.0,4.0,6185.26,4.0,4.0,19.0,26120.9,19.0,18.0,1546.315,0,0,0
MRC002197,Pharmacy,Micro,LOC0078,AGT00358,581,1,1,19,0.0,0.0,0.0,0.0,1.0,250.8,1.0,1.0,2.0,1429.02,2.0,2.0,250.8,0,0,0
MRC002198,Pharmacy,Micro,LOC0042,AGT00599,2161,0,1,0,2.0,630.3900000000001,2.0,2.0,7.0,4261.48,7.0,6.0,15.0,15833.19,15.0,14.0,608.7828571428571,0,0,0
MRC002199,Pharmacy,Small,LOC0050,AGT00191,1524,1,1,1,5.0,4840.21,5.0,4.0,12.0,31987.99,12.0,11.0,29.0,57970.159999999996,29.0,27.0,2665.6658333333335,0,0,0
MRC002200,Education,Micro,LOC0105,AGT00279,1903,0,1,0,9.0,9548.46,9.0,6.0,25.0,47803.08,25.0,18.0,70.0,134554.6,70.0,53.0,1912.1232,0,0,0
MRC002201,Grocery,Small,LOC0053,AGT00252,1129,0,1,11,0.0,0.0,0.0,0.0,4.0,7994.360000000001,4.0,3.0,16.0,47189.729999999996,16.0,14.0,1998.5900000000001,0,0,0
MRC002202,Restaurant,Small,LOC0037,AGT00769,1710,0,1,0,1.0,162.2,1.0,1.0,3.0,12727.09,3.0,3.0,11.0,21432.86,11.0,11.0,4242.363333333334,0,0,0
MRC002203,Transport,Small,LOC0013,AGT00730,851,0,1,24,0.0,0.0,0.0,0.0,1.0,366.59,1.0,1.0,4.0,1925.45,4.0,4.0,366.59,0,0,0
MRC002204,Electronics,Medium,LOC0049,AGT00314,1425,1,1,11,0.0,0.0,0.0,0.0,5.0,10270.84,5.0,5.0,10.0,18516.57,10.0,10.0,2054.168,0,0,0
MRC002205,Education,Small,LOC0092,AGT00455,780,1,0,3,2.0,319.51,2.0,1.0,3.0,2041.81,3.0,2.0,3.0,2041.81,3.0,2.0,680.6033333333334,0,0,0
MRC002206,Pharmacy,Small,LOC0036,AGT00429,1150,1,1,57,0.0,0.0,0.0,0.0,0.0,0.0,0.0,0.0,2.0,429.87,2.0,2.0,0.0,1,0,0
MRC002207,General Retail,Micro,LOC0057,AGT00723,1178,1,1,0,5.0,8169.07,5.0,3.0,34.0,53719.97,34.0,21.0,90.0,124758.19,90.0,56.0,1579.999117647059,0,0,0
MRC002208,Restaurant,Small,LOC0079,AGT00498,2178,1,1,4,1.0,175.38,1.0,1.0,3.0,2208.2799999999997,3.0,3.0,4.0,2588.8799999999997,4.0,4.0,736.0933333333332,0,0,0
MRC002209,Pharmacy,Micro,LOC0112,AGT00746,1659,1,1,70,0.0,0.0,0.0,0.0,0.0,0.0,0.0,0.0,1.0,5629.28,1.0,1.0,0.0,1,1,0
MRC002210,General Retail,Medium,LOC0098,AGT00017,1701,1,1,10,0.0,0.0,0.0,0.0,9.0,15460.85,9.0,8.0,20.0,27609.81,20.0,18.0,1717.8722222222223,0,0,0
MRC002211,Transport,Small,LOC0035,AGT00284,907,1,1,5,1.0,578.41,1.0,1.0,2.0,832.01,2.0,2.0,8.0,10308.11,8.0,8.0,416.005,0,0,0
MRC002212,Education,Micro,LOC0020,AGT00082,1237,1,1,4,3.0,2636.05,3.0,2.0,9.0,5458.58,9.0,7.0,29.0,33806.27,29.0,24.0,606.5088888888889,0,0,0
MRC002213,General Retail,Micro,LOC0081,AGT00737,1320,1,1,21,0.0,0.0,0.0,0.0,1.0,3583.86,1.0,1.0,3.0,19498.23,3.0,3.0,3583.86,0,0,0
MRC002214,Grocery,Small,LOC0031,AGT00782,2001,1,1,2,2.0,1363.43,2.0,2.0,3.0,1982.9,3.0,3.0,8.0,11653.6,8.0,8.0,660.9666666666667,0,0,0
MRC002215,General Retail,Medium,LOC0048,AGT00308,692,1,1,0,3.0,7486.27,3.0,3.0,10.0,15899.61,10.0,9.0,28.0,60144.55,28.0,24.0,1589.961,0,0,0
MRC002216,Transport,Micro,LOC0013,AGT00597,405,1,1,1,2.0,1947.0,2.0,2.0,2.0,1947.0,2.0,2.0,3.0,3919.41,3.0,3.0,973.5,0,0,0
MRC002217,Restaurant,Micro,LOC0093,AGT00386,1390,1,0,6,1.0,2677.29,1.0,1.0,2.0,3891.99,2.0,2.0,8.0,11838.43,8.0,8.0,1945.995,0,0,0
MRC002218,Pharmacy,Small,LOC0020,AGT00028,2063,0,1,1,3.0,6322.0,3.0,3.0,7.0,10819.650000000001,7.0,7.0,12.0,24153.45,12.0,12.0,1545.6642857142858,0,0,0
MRC002219,Grocery,Large,LOC0046,AGT00743,1889,1,0,12,0.0,0.0,0.0,0.0,1.0,587.5,1.0,1.0,4.0,3989.27,4.0,4.0,587.5,0,0,0
MRC002220,General Retail,Medium,LOC0049,AGT00683,2058,1,1,11,0.0,0.0,0.0,0.0,6.0,3800.8700000000003,6.0,4.0,13.0,18026.89,13.0,11.0,633.4783333333334,0,0,0
MRC002221,Grocery,Micro,LOC0006,AGT00586,1146,1,1,1,2.0,1830.0800000000002,2.0,2.0,7.0,7960.53,7.0,6.0,18.0,29393.84,18.0,16.0,1137.2185714285713,0,0,0
MRC002222,Pharmacy,Small,LOC0094,AGT00088,786,0,1,7,0.0,0.0,0.0,0.0,4.0,11464.460000000001,4.0,3.0,20.0,30032.86,20.0,18.0,2866.1150000000002,0,0,0
MRC002223,Transport,Small,LOC0075,AGT00156,1728,1,1,0,4.0,4216.41,4.0,3.0,15.0,15217.51,15.0,11.0,50.0,51494.229999999996,50.0,36.0,1014.5006666666667,0,0,0
MRC002224,Healthcare,Small,LOC0065,AGT00484,369,0,1,0,13.0,16383.61,13.0,7.0,50.0,80611.36,50.0,27.0,157.0,245822.38,156.0,76.0,1612.2272,0,0,0
MRC002225,Grocery,Small,LOC0022,AGT00542,2243,1,0,1,3.0,4105.8,3.0,3.0,8.0,14476.01,8.0,7.0,16.0,22107.53,16.0,15.0,1809.50125,0,0,0
MRC002226,Utility,Small,LOC0007,AGT00662,1846,1,0,2,1.0,7092.54,1.0,1.0,1.0,7092.54,1.0,1.0,4.0,17157.489999999998,4.0,4.0,7092.54,0,0,0
MRC002227,Electronics,Small,LOC0007,AGT00662,1388,1,1,10,0.0,0.0,0.0,0.0,7.0,5340.18,7.0,7.0,14.0,16432.11,14.0,14.0,762.8828571428572,0,0,0
MRC002228,General Retail,Micro,LOC0076,AGT00332,723,1,0,17,0.0,0.0,0.0,0.0,3.0,3205.6,3.0,3.0,12.0,27273.420000000002,12.0,12.0,1068.5333333333333,0,0,0
MRC002229,Grocery,Micro,LOC0090,AGT00299,833,0,1,31,0.0,0.0,0.0,0.0,0.0,0.0,0.0,0.0,1.0,1664.35,1.0,1.0,0.0,1,0,0
MRC002230,Grocery,Micro,LOC0096,AGT00160,2463,1,1,10,0.0,0.0,0.0,0.0,3.0,4123.68,3.0,3.0,7.0,5057.37,7.0,6.0,1374.5600000000002,0,0,0
MRC002231,Transport,Micro,LOC0097,AGT00719,318,0,1,1,3.0,1726.84,3.0,1.0,10.0,8913.98,10.0,7.0,33.0,45970.59,33.0,25.0,891.3979999999999,0,0,0
MRC002232,Grocery,Small,LOC0048,AGT00308,307,1,1,72,0.0,0.0,0.0,0.0,0.0,0.0,0.0,0.0,2.0,3375.12,2.0,2.0,0.0,1,1,0
MRC002233,Electronics,Medium,LOC0001,AGT00170,1046,1,1,65,0.0,0.0,0.0,0.0,0.0,0.0,0.0,0.0,3.0,5424.62,3.0,3.0,0.0,1,1,0
MRC002234,Grocery,Medium,LOC0030,AGT00427,789,0,0,25,0.0,0.0,0.0,0.0,1.0,250.05,1.0,1.0,4.0,9323.949999999999,4.0,4.0,250.05,0,0,0
MRC002235,Utility,Micro,LOC0095,AGT00458,1765,1,1,3,3.0,21267.85,3.0,2.0,7.0,24647.48,7.0,6.0,16.0,37051.74,16.0,15.0,3521.0685714285714,0,0,0
MRC002236,General Retail,Micro,LOC0092,AGT00539,378,1,1,0,10.0,10970.949999999999,10.0,6.0,37.0,49449.71,37.0,23.0,104.0,165864.4,103.0,63.0,1336.4786486486487,0,0,0
MRC002237,General Retail,Small,LOC0061,AGT00425,2003,0,1,16,0.0,0.0,0.0,0.0,2.0,3452.6800000000003,2.0,2.0,4.0,7118.2,4.0,4.0,1726.3400000000001,0,0,0
MRC002238,General Retail,Small,LOC0003,AGT00435,1997,1,1,6,1.0,92.78,1.0,1.0,3.0,4897.360000000001,3.0,3.0,13.0,20027.95,13.0,12.0,1632.4533333333336,0,0,0
MRC002239,General Retail,Micro,LOC0094,AGT00623,788,0,1,21,0.0,0.0,0.0,0.0,2.0,1172.42,2.0,2.0,7.0,23093.6,7.0,6.0,586.21,0,0,0
MRC002240,Fashion,Medium,LOC0098,AGT00017,1551,0,1,0,1.0,4142.84,1.0,1.0,3.0,12404.5,3.0,3.0,7.0,31131.5,7.0,7.0,4134.833333333333,0,0,0
MRC002241,Restaurant,Micro,LOC0028,AGT00349,1754,1,1,3,1.0,926.78,1.0,1.0,2.0,2155.85,2.0,2.0,10.0,8556.91,10.0,10.0,1077.925,0,0,0
MRC002242,General Retail,Micro,LOC0097,AGT00470,2140,1,1,1,1.0,2683.45,1.0,1.0,2.0,3697.67,2.0,2.0,7.0,17291.9,7.0,6.0,1848.835,0,0,0
MRC002243,General Retail,Small,LOC0077,AGT00168,1887,1,1,0,12.0,20740.51,12.0,6.0,49.0,75473.81999999999,49.0,26.0,160.0,247803.29,160.0,79.0,1540.2820408163263,0,0,0
MRC002244,General Retail,Small,LOC0107,AGT00626,2390,1,1,1,2.0,583.81,2.0,2.0,7.0,12592.61,7.0,7.0,19.0,29680.350000000002,19.0,19.0,1798.9442857142858,0,0,0
MRC002245,Utility,Small,LOC0076,AGT00332,540,1,1,60,0.0,0.0,0.0,0.0,0.0,0.0,0.0,0.0,3.0,5446.2,3.0,3.0,0.0,1,1,0
MRC002246,Pharmacy,Small,LOC0011,AGT00540,1620,1,1,3,1.0,2706.56,1.0,1.0,6.0,7098.62,6.0,6.0,39.0,42030.75,39.0,36.0,1183.1033333333332,0,0,0
MRC002247,General Retail,Medium,LOC0078,AGT00622,1975,0,1,6,1.0,2177.75,1.0,1.0,3.0,3092.9300000000003,3.0,3.0,15.0,21252.26,15.0,11.0,1030.9766666666667,0,0,0
MRC002248,General Retail,Micro,LOC0013,AGT00001,793,0,1,0,2.0,5898.7,2.0,2.0,4.0,6234.47,4.0,4.0,10.0,23516.440000000002,10.0,10.0,1558.6175,0,0,0
MRC002249,Transport,Small,LOC0032,AGT00666,764,1,1,22,0.0,0.0,0.0,0.0,4.0,2098.09,4.0,4.0,14.0,15587.57,14.0,14.0,524.5225,0,0,0
MRC002250,General Retail,Micro,LOC0105,AGT00072,489,1,1,19,0.0,0.0,0.0,0.0,1.0,2572.63,1.0,1.0,6.0,9739.21,6.0,6.0,2572.63,0,0,0
MRC002251,Education,Small,LOC0117,AGT00129,2440,1,1,56,0.0,0.0,0.0,0.0,0.0,0.0,0.0,0.0,3.0,13780.66,3.0,3.0,0.0,1,0,0
MRC002252,General Retail,Small,LOC0058,AGT00106,2179,1,1,67,0.0,0.0,0.0,0.0,0.0,0.0,0.0,0.0,1.0,25.42,1.0,1.0,0.0,1,1,0
MRC002253,Grocery,Small,LOC0035,AGT00167,551,1,0,10,0.0,0.0,0.0,0.0,4.0,3848.9,4.0,3.0,15.0,14510.19,15.0,12.0,962.225,0,0,0
MRC002254,General Retail,Micro,LOC0048,AGT00233,822,0,1,5,1.0,982.16,1.0,1.0,2.0,1977.9099999999999,2.0,2.0,7.0,25681.16,7.0,7.0,988.9549999999999,0,0,0
MRC002255,Grocery,Medium,LOC0030,AGT00427,1288,1,1,5,1.0,392.65,1.0,1.0,7.0,6045.41,7.0,7.0,17.0,16332.91,17.0,17.0,863.63,0,0,0
MRC002256,Restaurant,Micro,LOC0069,AGT00477,2239,1,1,16,0.0,0.0,0.0,0.0,2.0,2349.0,2.0,2.0,5.0,7382.37,5.0,5.0,1174.5,0,0,0
MRC002257,Grocery,Medium,LOC0051,AGT00450,2091,0,0,8,0.0,0.0,0.0,0.0,1.0,710.41,1.0,1.0,2.0,1240.83,2.0,2.0,710.41,0,0,0
MRC002258,Fashion,Micro,LOC0008,AGT00699,2206,1,1,0,1.0,380.51,1.0,1.0,7.0,11141.39,7.0,6.0,21.0,42106.07,21.0,16.0,1591.6271428571429,0,0,0
MRC002259,Pharmacy,Medium,LOC0074,AGT00298,2096,1,1,12,0.0,0.0,0.0,0.0,3.0,8597.94,3.0,3.0,5.0,10832.2,5.0,5.0,2865.98,0,0,0
MRC002260,General Retail,Small,LOC0078,AGT00189,1658,1,1,1,2.0,1129.4499999999998,2.0,2.0,7.0,6550.68,7.0,7.0,21.0,23973.239999999998,21.0,18.0,935.8114285714286,0,0,0
MRC002261,Electronics,Small,LOC0081,AGT00258,922,1,1,10,0.0,0.0,0.0,0.0,4.0,4539.179999999999,4.0,4.0,14.0,17298.78,14.0,13.0,1134.7949999999998,0,0,0
MRC002262,General Retail,Small,LOC0114,AGT00571,1606,0,1,0,2.0,945.0,2.0,2.0,24.0,23563.84,24.0,14.0,67.0,92691.04,67.0,48.0,981.8266666666667,0,0,0
MRC002263,Pharmacy,Small,LOC0085,AGT00294,1366,1,1,4,1.0,280.21,1.0,1.0,5.0,3277.06,5.0,5.0,19.0,18585.28,19.0,19.0,655.412,0,0,0
MRC002264,Grocery,Small,LOC0082,AGT00208,2364,0,1,17,0.0,0.0,0.0,0.0,3.0,754.06,3.0,3.0,12.0,11454.89,12.0,11.0,251.35333333333332,0,0,0
MRC002265,Utility,Small,LOC0026,AGT00451,1266,0,1,0,2.0,2249.6800000000003,2.0,2.0,6.0,6071.0,6.0,5.0,22.0,21207.41,22.0,20.0,1011.8333333333334,0,0,0
MRC002266,Transport,Small,LOC0056,AGT00363,1938,1,1,28,0.0,0.0,0.0,0.0,1.0,392.65,1.0,1.0,7.0,9686.11,7.0,6.0,392.65,0,0,0
MRC002267,Electronics,Small,LOC0053,AGT00739,666,1,1,85,0.0,0.0,0.0,0.0,0.0,0.0,0.0,0.0,1.0,168.04,1.0,1.0,0.0,1,1,0
MRC002268,Utility,Small,LOC0116,AGT00113,1779,1,1,0,1.0,335.72,1.0,1.0,3.0,4314.04,3.0,3.0,10.0,13332.240000000002,10.0,10.0,1438.0133333333333,0,0,0
MRC002269,General Retail,Small,LOC0057,AGT00142,1278,1,1,0,4.0,8253.36,4.0,4.0,24.0,30526.129999999997,24.0,16.0,62.0,104210.20999999999,62.0,46.0,1271.9220833333331,0,0,0
MRC002270,Education,Small,LOC0083,AGT00310,1239,1,1,121,0.0,0.0,0.0,0.0,0.0,0.0,0.0,0.0,0.0,0.0,0.0,0.0,0.0,1,1,1
MRC002271,General Retail,Small,LOC0065,AGT00510,1936,1,1,19,0.0,0.0,0.0,0.0,1.0,166.71,1.0,1.0,14.0,16486.84,14.0,13.0,166.71,0,0,0
MRC002272,Healthcare,Small,LOC0007,AGT00157,1344,0,1,4,1.0,876.9,1.0,1.0,1.0,876.9,1.0,1.0,3.0,4098.889999999999,3.0,3.0,876.9,0,0,0
MRC002273,Transport,Large,LOC0113,AGT00084,415,1,1,5,1.0,1730.56,1.0,1.0,4.0,9703.69,4.0,4.0,7.0,12484.8,7.0,7.0,2425.9225,0,0,0
MRC002274,Restaurant,Micro,LOC0081,AGT00737,1136,1,1,3,1.0,802.78,1.0,1.0,5.0,7292.0599999999995,5.0,5.0,11.0,9781.99,11.0,10.0,1458.4119999999998,0,0,0
MRC002275,Grocery,Micro,LOC0028,AGT00349,2391,0,1,17,0.0,0.0,0.0,0.0,4.0,3344.45,4.0,4.0,15.0,14249.47,15.0,14.0,836.1125,0,0,0
MRC002276,Pharmacy,Micro,LOC0008,AGT00614,2354,1,1,20,0.0,0.0,0.0,0.0,1.0,601.0,1.0,1.0,7.0,4414.73,7.0,7.0,601.0,0,0,0
MRC002277,Utility,Small,LOC0113,AGT00343,1629,0,1,0,2.0,601.31,2.0,2.0,17.0,12529.33,17.0,14.0,43.0,59512.12,43.0,37.0,737.0194117647059,0,0,0
MRC002278,Transport,Small,LOC0037,AGT00361,1681,1,0,0,7.0,8068.849999999999,7.0,5.0,16.0,16051.65,16.0,12.0,41.0,42501.44,41.0,31.0,1003.228125,0,0,0
MRC002279,Restaurant,Small,LOC0003,AGT00345,861,1,0,0,1.0,592.75,1.0,1.0,1.0,592.75,1.0,1.0,7.0,12242.46,7.0,7.0,592.75,0,0,0
MRC002280,Education,Micro,LOC0074,AGT00298,1992,1,1,0,4.0,47930.369999999995,4.0,4.0,7.0,52202.2,7.0,7.0,30.0,87414.36,30.0,25.0,7457.457142857143,0,0,0
MRC002281,Grocery,Medium,LOC0002,AGT00617,1596,1,1,5,1.0,595.03,1.0,1.0,2.0,1305.8600000000001,2.0,2.0,3.0,2253.71,3.0,3.0,652.9300000000001,0,0,0
MRC002282,Pharmacy,Small,LOC0026,AGT00644,368,1,1,2,1.0,955.61,1.0,1.0,2.0,1083.47,2.0,2.0,3.0,1595.29,3.0,3.0,541.735,0,0,0
MRC002283,General Retail,Small,LOC0108,AGT00235,2361,1,0,3,1.0,102.41,1.0,1.0,1.0,102.41,1.0,1.0,5.0,5556.91,5.0,4.0,102.41,0,0,0
MRC002284,Restaurant,Micro,LOC0005,AGT00212,2149,1,0,0,5.0,2594.66,5.0,5.0,16.0,15517.14,16.0,15.0,38.0,36561.92,38.0,33.0,969.82125,0,0,0
MRC002285,Pharmacy,Micro,LOC0091,AGT00273,465,1,1,5,1.0,409.92,1.0,1.0,1.0,409.92,1.0,1.0,3.0,3762.0800000000004,3.0,3.0,409.92,0,0,0
MRC002286,Fashion,Micro,LOC0075,AGT00591,1199,1,1,999,0.0,0.0,0.0,0.0,0.0,0.0,0.0,0.0,0.0,0.0,0.0,0.0,0.0,1,1,1
MRC002287,Restaurant,Micro,LOC0037,AGT00012,1909,0,1,16,0.0,0.0,0.0,0.0,4.0,2379.24,4.0,4.0,15.0,18461.09,15.0,12.0,594.81,0,0,0
MRC002288,Healthcare,Small,LOC0035,AGT00284,1897,1,0,36,0.0,0.0,0.0,0.0,0.0,0.0,0.0,0.0,3.0,3675.66,3.0,3.0,0.0,1,0,0
MRC002289,General Retail,Micro,LOC0057,AGT00200,652,1,1,0,1.0,1799.51,1.0,1.0,3.0,7514.34,3.0,3.0,9.0,13944.75,9.0,9.0,2504.78,0,0,0
MRC002290,Education,Micro,LOC0064,AGT00203,374,1,1,9,0.0,0.0,0.0,0.0,2.0,479.48,2.0,2.0,4.0,2218.92,4.0,4.0,239.74,0,0,0
MRC002291,Education,Micro,LOC0107,AGT00265,2438,1,1,0,1.0,986.9,1.0,1.0,2.0,1161.32,2.0,2.0,4.0,5019.259999999999,4.0,4.0,580.66,0,0,0
MRC002292,Restaurant,Micro,LOC0032,AGT00592,2240,1,0,0,15.0,30262.03,15.0,6.0,58.0,81418.01,58.0,28.0,167.0,252183.22,167.0,77.0,1403.7587931034482,0,0,0
MRC002293,Education,Micro,LOC0071,AGT00734,1900,0,1,5,3.0,2885.58,3.0,2.0,21.0,28243.79,21.0,16.0,58.0,82292.02,58.0,47.0,1344.942380952381,0,0,0
MRC002294,Restaurant,Micro,LOC0083,AGT00430,1728,0,1,3,1.0,1705.15,1.0,1.0,11.0,26290.49,11.0,9.0,25.0,49187.24,25.0,19.0,2390.0445454545456,0,0,0
MRC002295,Grocery,Micro,LOC0002,AGT00617,1786,1,0,0,1.0,369.61,1.0,1.0,2.0,642.4300000000001,2.0,2.0,10.0,5274.72,10.0,10.0,321.21500000000003,0,0,0
MRC002296,General Retail,Small,LOC0108,AGT00645,1286,0,1,3,2.0,4191.83,2.0,1.0,12.0,11330.46,12.0,10.0,31.0,53796.41,31.0,27.0,944.2049999999999,0,0,0
MRC002297,Fashion,Medium,LOC0120,AGT00347,1782,1,1,26,0.0,0.0,0.0,0.0,2.0,1095.29,2.0,2.0,9.0,4355.599999999999,9.0,9.0,547.645,0,0,0
MRC002298,Fashion,Small,LOC0011,AGT00540,950,1,1,18,0.0,0.0,0.0,0.0,3.0,3857.72,3.0,3.0,18.0,22238.38,18.0,16.0,1285.9066666666665,0,0,0
MRC002299,Grocery,Micro,LOC0032,AGT00056,469,0,1,11,0.0,0.0,0.0,0.0,4.0,3726.4500000000003,4.0,3.0,15.0,19424.69,15.0,14.0,931.6125000000001,0,0,0
MRC002300,General Retail,Large,LOC0095,AGT00410,966,1,1,7,0.0,0.0,0.0,0.0,4.0,8174.3,4.0,4.0,6.0,11660.73,6.0,6.0,2043.575,0,0,0
MRC002301,Grocery,Large,LOC0098,AGT00370,929,1,0,2,2.0,783.8,2.0,2.0,14.0,10893.460000000001,14.0,12.0,26.0,32476.16,26.0,24.0,778.1042857142858,0,0,0
MRC002302,Restaurant,Small,LOC0019,AGT00423,949,1,1,7,0.0,0.0,0.0,0.0,2.0,3291.92,2.0,2.0,9.0,7184.2,9.0,8.0,1645.96,0,0,0
MRC002303,General Retail,Micro,LOC0111,AGT00799,1316,1,1,9,0.0,0.0,0.0,0.0,6.0,5274.25,6.0,5.0,13.0,16791.77,13.0,12.0,879.0416666666666,0,0,0
MRC002304,Fashion,Small,LOC0040,AGT00481,573,1,1,15,0.0,0.0,0.0,0.0,2.0,1332.96,2.0,2.0,3.0,3497.39,3.0,3.0,666.48,0,0,0
MRC002305,General Retail,Large,LOC0036,AGT00429,1177,1,1,47,0.0,0.0,0.0,0.0,0.0,0.0,0.0,0.0,2.0,1878.38,2.0,2.0,0.0,1,0,0
MRC002306,Pharmacy,Small,LOC0043,AGT00664,1300,1,1,999,0.0,0.0,0.0,0.0,0.0,0.0,0.0,0.0,0.0,0.0,0.0,0.0,0.0,1,1,1
MRC002307,Healthcare,Small,LOC0081,AGT00286,697,0,1,7,0.0,0.0,0.0,0.0,3.0,1898.1499999999999,3.0,2.0,12.0,16439.93,12.0,11.0,632.7166666666666,0,0,0
MRC002308,General Retail,Small,LOC0025,AGT00114,1277,1,0,0,1.0,3828.74,1.0,1.0,4.0,7893.41,4.0,4.0,17.0,36916.11,17.0,16.0,1973.3525,0,0,0
MRC002309,Electronics,Large,LOC0066,AGT00517,1760,1,1,7,0.0,0.0,0.0,0.0,10.0,15201.97,10.0,9.0,33.0,48758.96,33.0,28.0,1520.197,0,0,0
MRC002310,Transport,Micro,LOC0010,AGT00653,1187,1,1,112,0.0,0.0,0.0,0.0,0.0,0.0,0.0,0.0,0.0,0.0,0.0,0.0,0.0,1,1,1
MRC002311,Restaurant,Micro,LOC0018,AGT00693,292,1,1,3,2.0,2016.06,2.0,2.0,5.0,6164.49,5.0,4.0,10.0,16911.33,10.0,9.0,1232.898,0,0,0
MRC002312,Healthcare,Medium,LOC0093,AGT00621,1823,1,0,0,1.0,631.07,1.0,1.0,3.0,3266.91,3.0,3.0,8.0,16187.68,8.0,8.0,1088.97,0,0,0
MRC002313,General Retail,Micro,LOC0047,AGT00390,1551,1,0,7,0.0,0.0,0.0,0.0,8.0,9809.09,8.0,7.0,18.0,19997.28,18.0,17.0,1226.13625,0,0,0
MRC002314,Transport,Small,LOC0096,AGT00160,1204,1,1,2,1.0,487.97,1.0,1.0,1.0,487.97,1.0,1.0,2.0,2540.79,2.0,2.0,487.97,0,0,0
MRC002315,General Retail,Micro,LOC0089,AGT00140,336,1,1,10,0.0,0.0,0.0,0.0,4.0,5459.85,4.0,4.0,8.0,12029.91,8.0,8.0,1364.9625,0,0,0
MRC002316,Education,Micro,LOC0120,AGT00434,481,1,0,10,0.0,0.0,0.0,0.0,1.0,4527.28,1.0,1.0,2.0,5450.96,2.0,2.0,4527.28,0,0,0
MRC002317,Education,Micro,LOC0017,AGT00069,460,1,1,7,0.0,0.0,0.0,0.0,3.0,6511.71,3.0,3.0,6.0,8217.5,6.0,6.0,2170.57,0,0,0
MRC002318,Restaurant,Small,LOC0113,AGT00463,2148,1,1,3,1.0,1707.52,1.0,1.0,2.0,2006.96,2.0,2.0,7.0,5933.26,7.0,6.0,1003.48,0,0,0
MRC002319,Transport,Small,LOC0108,AGT00052,961,0,1,3,1.0,543.56,1.0,1.0,5.0,6480.26,5.0,5.0,14.0,17939.57,14.0,14.0,1296.0520000000001,0,0,0
MRC002320,General Retail,Small,LOC0053,AGT00739,1215,1,1,20,0.0,0.0,0.0,0.0,1.0,1269.96,1.0,1.0,1.0,1269.96,1.0,1.0,1269.96,0,0,0
MRC002321,Transport,Micro,LOC0017,AGT00381,1807,1,1,9,0.0,0.0,0.0,0.0,1.0,700.75,1.0,1.0,4.0,7056.18,4.0,4.0,700.75,0,0,0
MRC002322,Pharmacy,Medium,LOC0017,AGT00381,1718,1,1,7,0.0,0.0,0.0,0.0,1.0,2086.54,1.0,1.0,10.0,16967.86,10.0,10.0,2086.54,0,0,0
MRC002323,Electronics,Small,LOC0062,AGT00438,427,1,0,3,2.0,1369.3200000000002,2.0,2.0,11.0,19939.11,11.0,10.0,39.0,96739.59999999999,39.0,33.0,1812.6463636363637,0,0,0
MRC002324,Healthcare,Large,LOC0002,AGT00617,2318,1,1,29,0.0,0.0,0.0,0.0,1.0,211.99,1.0,1.0,2.0,461.25,2.0,2.0,211.99,0,0,0
MRC002325,General Retail,Micro,LOC0012,AGT00495,866,0,1,5,2.0,3913.59,2.0,2.0,8.0,9232.94,8.0,6.0,15.0,24715.6,15.0,13.0,1154.1175,0,0,0
MRC002326,Grocery,Micro,LOC0064,AGT00585,1963,1,1,0,1.0,328.24,1.0,1.0,4.0,4812.22,4.0,4.0,8.0,6396.21,8.0,8.0,1203.055,0,0,0
MRC002327,Grocery,Small,LOC0068,AGT00236,2105,1,1,33,0.0,0.0,0.0,0.0,0.0,0.0,0.0,0.0,6.0,4727.34,6.0,6.0,0.0,1,0,0
MRC002328,Restaurant,Medium,LOC0104,AGT00372,1464,1,1,17,0.0,0.0,0.0,0.0,1.0,502.84,1.0,1.0,3.0,9819.19,3.0,3.0,502.84,0,0,0
MRC002329,Grocery,Micro,LOC0117,AGT00753,641,0,1,16,0.0,0.0,0.0,0.0,2.0,4719.7,2.0,2.0,5.0,6152.099999999999,5.0,5.0,2359.85,0,0,0
MRC002330,General Retail,Small,LOC0033,AGT00412,1477,1,1,5,1.0,1491.08,1.0,1.0,4.0,7644.379999999999,4.0,3.0,8.0,17397.84,8.0,7.0,1911.0949999999998,0,0,0
MRC002331,Fashion,Small,LOC0040,AGT00243,821,1,1,6,1.0,2482.32,1.0,1.0,4.0,7627.55,4.0,4.0,26.0,45847.86,26.0,21.0,1906.8875,0,0,0
MRC002332,Electronics,Micro,LOC0024,AGT00566,2143,1,1,6,1.0,6181.89,1.0,1.0,2.0,6958.64,2.0,2.0,6.0,11238.82,6.0,6.0,3479.32,0,0,0
MRC002333,Pharmacy,Small,LOC0027,AGT00013,1935,1,1,17,0.0,0.0,0.0,0.0,1.0,557.11,1.0,1.0,1.0,557.11,1.0,1.0,557.11,0,0,0
MRC002334,Fashion,Micro,LOC0053,AGT00181,2086,1,0,3,2.0,1339.8,2.0,2.0,4.0,3149.93,4.0,4.0,12.0,14051.27,12.0,11.0,787.4825,0,0,0
MRC002335,General Retail,Micro,LOC0120,AGT00392,2096,0,1,5,1.0,663.77,1.0,1.0,4.0,1568.6,4.0,4.0,8.0,7185.0,8.0,8.0,392.15,0,0,0
MRC002336,Fashion,Medium,LOC0108,AGT00052,677,1,1,2,1.0,2251.58,1.0,1.0,3.0,6570.43,3.0,3.0,12.0,21865.18,12.0,11.0,2190.1433333333334,0,0,0
MRC002337,Grocery,Small,LOC0110,AGT00288,353,1,1,1,2.0,1102.55,2.0,2.0,4.0,2120.2400000000002,4.0,4.0,11.0,10929.49,11.0,10.0,530.0600000000001,0,0,0
MRC002338,Pharmacy,Small,LOC0055,AGT00417,1655,1,0,19,0.0,0.0,0.0,0.0,1.0,491.9,1.0,1.0,4.0,4412.3,4.0,4.0,491.9,0,0,0
MRC002339,General Retail,Small,LOC0079,AGT00655,1628,1,1,2,1.0,124.55,1.0,1.0,2.0,304.88,2.0,2.0,4.0,2797.65,4.0,4.0,152.44,0,0,0
MRC002340,General Retail,Large,LOC0087,AGT00193,2178,0,1,3,2.0,1689.08,2.0,2.0,8.0,9748.15,8.0,7.0,33.0,63319.31,33.0,28.0,1218.51875,0,0,0
MRC002341,Pharmacy,Small,LOC0030,AGT00336,1680,1,1,3,1.0,460.43,1.0,1.0,2.0,1280.6,2.0,2.0,7.0,17991.37,7.0,7.0,640.3,0,0,0
MRC002342,Education,Small,LOC0056,AGT00128,2042,1,1,9,0.0,0.0,0.0,0.0,3.0,3385.61,3.0,3.0,15.0,39577.73,15.0,14.0,1128.5366666666666,0,0,0
MRC002343,Grocery,Micro,LOC0067,AGT00171,1048,1,1,4,1.0,152.5,1.0,1.0,8.0,11118.66,8.0,8.0,20.0,36141.76,20.0,19.0,1389.8325,0,0,0
MRC002344,Education,Small,LOC0045,AGT00530,559,0,1,2,2.0,1267.05,2.0,2.0,16.0,29126.37,16.0,13.0,32.0,70596.89,32.0,25.0,1820.398125,0,0,0
MRC002345,Grocery,Small,LOC0057,AGT00628,369,0,1,28,0.0,0.0,0.0,0.0,1.0,510.41,1.0,1.0,1.0,510.41,1.0,1.0,510.41,0,0,0
MRC002346,Utility,Small,LOC0053,AGT00739,1238,1,1,24,0.0,0.0,0.0,0.0,2.0,4430.74,2.0,1.0,8.0,13277.460000000001,8.0,7.0,2215.37,0,0,0
MRC002347,General Retail,Micro,LOC0008,AGT00634,291,1,1,3,2.0,578.19,2.0,2.0,8.0,9706.11,8.0,7.0,27.0,63236.21000000001,27.0,24.0,1213.26375,0,0,0
MRC002348,Grocery,Micro,LOC0093,AGT00749,1419,1,1,13,0.0,0.0,0.0,0.0,4.0,2698.15,4.0,4.0,15.0,17225.94,15.0,13.0,674.5375,0,0,0
MRC002349,Fashion,Medium,LOC0109,AGT00242,1162,1,1,0,2.0,1793.4,2.0,2.0,4.0,2248.39,4.0,4.0,12.0,8433.17,12.0,12.0,562.0975,0,0,0
MRC002350,Grocery,Medium,LOC0091,AGT00158,850,1,1,107,0.0,0.0,0.0,0.0,0.0,0.0,0.0,0.0,0.0,0.0,0.0,0.0,0.0,1,1,1
MRC002351,Restaurant,Micro,LOC0113,AGT00322,1578,1,1,2,1.0,588.08,1.0,1.0,1.0,588.08,1.0,1.0,4.0,2891.0,4.0,4.0,588.08,0,0,0
MRC002352,Grocery,Small,LOC0052,AGT00740,1771,1,1,7,0.0,0.0,0.0,0.0,1.0,1412.53,1.0,1.0,7.0,12096.02,7.0,6.0,1412.53,0,0,0
MRC002353,Pharmacy,Small,LOC0007,AGT00153,373,0,1,43,0.0,0.0,0.0,0.0,0.0,0.0,0.0,0.0,5.0,4961.74,5.0,5.0,0.0,1,0,0
MRC002354,General Retail,Small,LOC0033,AGT00751,1327,1,1,2,4.0,3514.67,4.0,2.0,9.0,10398.01,9.0,7.0,27.0,31141.43,27.0,24.0,1155.3344444444444,0,0,0
MRC002355,Grocery,Small,LOC0103,AGT00030,2340,0,1,1,2.0,4310.53,2.0,1.0,2.0,4310.53,2.0,1.0,5.0,6102.79,5.0,4.0,2155.265,0,0,0
MRC002356,General Retail,Small,LOC0017,AGT00384,937,1,1,17,0.0,0.0,0.0,0.0,1.0,207.88,1.0,1.0,2.0,958.1899999999999,2.0,2.0,207.88,0,0,0
MRC002357,Grocery,Micro,LOC0066,AGT00517,1993,1,1,15,0.0,0.0,0.0,0.0,1.0,221.92,1.0,1.0,3.0,1047.07,3.0,3.0,221.92,0,0,0
MRC002358,Electronics,Micro,LOC0001,AGT00123,1023,1,1,2,1.0,85.62,1.0,1.0,1.0,85.62,1.0,1.0,6.0,17672.989999999998,6.0,6.0,85.62,0,0,0
MRC002359,Fashion,Small,LOC0039,AGT00304,880,1,1,12,0.0,0.0,0.0,0.0,2.0,2299.7599999999998,2.0,2.0,8.0,13860.789999999999,8.0,7.0,1149.8799999999999,0,0,0
MRC002360,General Retail,Small,LOC0014,AGT00680,2158,1,1,3,3.0,835.78,3.0,3.0,9.0,6871.53,9.0,8.0,38.0,48363.18,38.0,31.0,763.5033333333333,0,0,0
MRC002361,Grocery,Micro,LOC0014,AGT00388,1065,0,1,0,1.0,9036.5,1.0,1.0,7.0,19215.79,7.0,6.0,18.0,26651.27,18.0,17.0,2745.112857142857,0,0,0
MRC002362,Grocery,Micro,LOC0020,AGT00269,2179,1,1,27,0.0,0.0,0.0,0.0,1.0,1521.44,1.0,1.0,3.0,7567.07,3.0,3.0,1521.44,0,0,0
MRC002363,Healthcare,Small,LOC0065,AGT00075,1717,1,1,12,0.0,0.0,0.0,0.0,3.0,11362.830000000002,3.0,3.0,4.0,15758.32,4.0,4.0,3787.6100000000006,0,0,0
MRC002364,Healthcare,Small,LOC0083,AGT00441,2062,1,1,33,0.0,0.0,0.0,0.0,0.0,0.0,0.0,0.0,2.0,1834.48,2.0,2.0,0.0,1,0,0
MRC002365,Transport,Micro,LOC0035,AGT00393,2067,0,1,13,0.0,0.0,0.0,0.0,3.0,7461.13,3.0,3.0,6.0,13551.31,6.0,6.0,2487.0433333333335,0,0,0
MRC002366,Grocery,Small,LOC0099,AGT00508,2283,1,0,1,3.0,10315.800000000001,3.0,3.0,6.0,12552.020000000002,6.0,6.0,21.0,28372.9,21.0,18.0,2092.0033333333336,0,0,0
MRC002367,Pharmacy,Medium,LOC0048,AGT00558,1499,0,1,1,2.0,1104.3,2.0,2.0,15.0,10417.380000000001,15.0,11.0,41.0,36422.51,41.0,31.0,694.4920000000001,0,0,0
MRC002368,General Retail,Micro,LOC0089,AGT00231,2367,0,1,0,2.0,4553.27,2.0,2.0,19.0,45373.5,19.0,14.0,52.0,96628.5,52.0,38.0,2388.0789473684213,0,0,0
MRC002369,Education,Medium,LOC0064,AGT00692,417,0,1,21,0.0,0.0,0.0,0.0,2.0,1897.98,2.0,2.0,8.0,7998.7699999999995,8.0,8.0,948.99,0,0,0
MRC002370,Education,Micro,LOC0087,AGT00238,1361,0,1,7,0.0,0.0,0.0,0.0,9.0,7690.85,9.0,7.0,23.0,19866.36,23.0,20.0,854.5388888888889,0,0,0
MRC002371,Restaurant,Small,LOC0118,AGT00710,1153,1,1,12,0.0,0.0,0.0,0.0,2.0,4723.46,2.0,2.0,9.0,23507.85,9.0,9.0,2361.73,0,0,0
MRC002372,Pharmacy,Micro,LOC0120,AGT00434,498,1,1,66,0.0,0.0,0.0,0.0,0.0,0.0,0.0,0.0,3.0,963.8900000000001,3.0,3.0,0.0,1,1,0
MRC002373,General Retail,Micro,LOC0071,AGT00211,2195,1,0,6,1.0,1832.37,1.0,1.0,2.0,1981.2099999999998,2.0,2.0,4.0,3155.13,4.0,4.0,990.6049999999999,0,0,0
MRC002374,Healthcare,Micro,LOC0116,AGT00687,2035,1,1,15,0.0,0.0,0.0,0.0,2.0,2306.0,2.0,2.0,12.0,18104.12,12.0,11.0,1153.0,0,0,0
MRC002375,Grocery,Micro,LOC0085,AGT00294,1922,0,1,65,0.0,0.0,0.0,0.0,0.0,0.0,0.0,0.0,1.0,1785.57,1.0,1.0,0.0,1,1,0
MRC002376,General Retail,Medium,LOC0033,AGT00751,1671,1,0,48,0.0,0.0,0.0,0.0,0.0,0.0,0.0,0.0,3.0,1751.65,3.0,3.0,0.0,1,0,0
MRC002377,Education,Small,LOC0113,AGT00632,1602,1,0,1,2.0,3077.73,2.0,2.0,2.0,3077.73,2.0,2.0,5.0,4238.78,5.0,5.0,1538.865,0,0,0
MRC002378,Restaurant,Medium,LOC0018,AGT00476,1118,0,1,3,1.0,883.01,1.0,1.0,4.0,7715.5199999999995,4.0,4.0,14.0,17912.62,14.0,12.0,1928.8799999999999,0,0,0
MRC002379,Restaurant,Small,LOC0057,AGT00628,1780,1,1,0,8.0,27211.239999999998,8.0,5.0,16.0,32548.12,16.0,12.0,34.0,55976.16,34.0,27.0,2034.2575,0,0,0
MRC002380,Healthcare,Small,LOC0019,AGT00182,2418,0,1,0,4.0,3841.2,4.0,4.0,8.0,8154.1,8.0,7.0,17.0,17254.64,17.0,16.0,1019.2625,0,0,0
MRC002381,Restaurant,Micro,LOC0095,AGT00458,835,1,1,17,0.0,0.0,0.0,0.0,1.0,182.29,1.0,1.0,3.0,2625.96,3.0,3.0,182.29,0,0,0
MRC002382,Education,Small,LOC0108,AGT00216,1027,1,1,146,0.0,0.0,0.0,0.0,0.0,0.0,0.0,0.0,0.0,0.0,0.0,0.0,0.0,1,1,1
MRC002383,Healthcare,Small,LOC0099,AGT00508,525,0,0,1,2.0,1270.3200000000002,2.0,2.0,6.0,3453.61,6.0,6.0,19.0,26499.93,19.0,17.0,575.6016666666667,0,0,0
MRC002384,Grocery,Medium,LOC0013,AGT00730,2270,1,1,8,0.0,0.0,0.0,0.0,3.0,4633.52,3.0,3.0,11.0,14100.380000000001,11.0,10.0,1544.506666666667,0,0,0
MRC002385,General Retail,Medium,LOC0033,AGT00412,1445,1,0,22,0.0,0.0,0.0,0.0,1.0,276.69,1.0,1.0,8.0,8411.32,8.0,8.0,276.69,0,0,0
MRC002386,Restaurant,Micro,LOC0041,AGT00148,1581,1,1,1,6.0,6011.84,6.0,4.0,15.0,25922.09,15.0,11.0,41.0,93023.42,41.0,29.0,1728.1393333333333,0,0,0
MRC002387,Restaurant,Small,LOC0014,AGT00680,869,1,1,34,0.0,0.0,0.0,0.0,0.0,0.0,0.0,0.0,3.0,3293.37,3.0,3.0,0.0,1,0,0
MRC002388,Transport,Small,LOC0064,AGT00783,367,1,1,15,0.0,0.0,0.0,0.0,1.0,778.23,1.0,1.0,3.0,2841.96,3.0,3.0,778.23,0,0,0
MRC002389,Education,Small,LOC0005,AGT00212,2045,1,1,19,0.0,0.0,0.0,0.0,3.0,8690.73,3.0,3.0,7.0,16845.77,7.0,7.0,2896.91,0,0,0
MRC002390,Fashion,Micro,LOC0074,AGT00201,2166,1,1,5,1.0,808.42,1.0,1.0,4.0,13464.630000000001,4.0,4.0,8.0,18493.170000000002,8.0,8.0,3366.1575000000003,0,0,0
MRC002391,Transport,Small,LOC0069,AGT00477,1032,1,1,0,2.0,4569.18,2.0,2.0,3.0,5243.29,3.0,3.0,15.0,32888.590000000004,15.0,13.0,1747.7633333333333,0,0,0
MRC002392,General Retail,Small,LOC0072,AGT00619,1952,1,0,1,1.0,248.47,1.0,1.0,4.0,4834.49,4.0,4.0,16.0,25831.51,16.0,15.0,1208.6225,0,0,0
MRC002393,Utility,Micro,LOC0110,AGT00275,1536,1,1,2,1.0,15248.1,1.0,1.0,4.0,18071.8,4.0,4.0,18.0,57531.11,18.0,15.0,4517.95,0,0,0
MRC002394,General Retail,Small,LOC0095,AGT00183,1690,1,1,16,0.0,0.0,0.0,0.0,5.0,2685.38,5.0,5.0,19.0,19413.53,19.0,18.0,537.076,0,0,0
MRC002395,Pharmacy,Micro,LOC0032,AGT00592,664,1,1,9,0.0,0.0,0.0,0.0,1.0,871.82,1.0,1.0,3.0,3210.17,3.0,3.0,871.82,0,0,0
MRC002396,Restaurant,Medium,LOC0069,AGT00373,1629,1,1,13,0.0,0.0,0.0,0.0,2.0,1537.6799999999998,2.0,2.0,8.0,6072.26,8.0,7.0,768.8399999999999,0,0,0
MRC002397,Electronics,Micro,LOC0097,AGT00709,639,1,1,7,0.0,0.0,0.0,0.0,3.0,3969.13,3.0,3.0,16.0,28503.26,16.0,14.0,1323.0433333333333,0,0,0
MRC002398,Grocery,Micro,LOC0103,AGT00493,765,0,1,0,1.0,937.1,1.0,1.0,2.0,1121.65,2.0,2.0,6.0,4561.76,6.0,6.0,560.825,0,0,0
MRC002399,Utility,Micro,LOC0078,AGT00246,1066,0,1,2,1.0,517.94,1.0,1.0,2.0,2122.12,2.0,2.0,11.0,23275.84,11.0,11.0,1061.06,0,0,0
MRC002400,Restaurant,Medium,LOC0011,AGT00491,755,0,1,8,0.0,0.0,0.0,0.0,3.0,1962.5600000000002,3.0,3.0,17.0,26753.12,17.0,16.0,654.1866666666667,0,0,0
MRC002401,Pharmacy,Small,LOC0053,AGT00739,2273,1,0,1,2.0,1353.79,2.0,2.0,7.0,5829.37,7.0,7.0,11.0,12069.34,11.0,11.0,832.7671428571429,0,0,0
MRC002402,Pharmacy,Micro,LOC0104,AGT00656,350,1,1,16,0.0,0.0,0.0,0.0,4.0,11582.66,4.0,4.0,10.0,16871.53,10.0,10.0,2895.665,0,0,0
MRC002403,Pharmacy,Micro,LOC0009,AGT00008,2262,1,1,3,1.0,829.73,1.0,1.0,2.0,2675.1,2.0,2.0,3.0,2852.47,3.0,3.0,1337.55,0,0,0
MRC002404,Restaurant,Small,LOC0071,AGT00638,623,1,0,1,4.0,6456.110000000001,4.0,3.0,11.0,21266.6,11.0,10.0,35.0,62600.55,35.0,33.0,1933.3272727272727,0,0,0
MRC002405,Education,Small,LOC0065,AGT00313,2188,1,0,9,0.0,0.0,0.0,0.0,2.0,658.6800000000001,2.0,2.0,4.0,2667.05,4.0,4.0,329.34000000000003,0,0,0
MRC002406,Education,Micro,LOC0027,AGT00568,1022,0,1,0,2.0,1416.6899999999998,2.0,2.0,6.0,5847.72,6.0,6.0,16.0,30870.940000000002,16.0,14.0,974.62,0,0,0
MRC002407,Pharmacy,Large,LOC0042,AGT00152,2299,1,1,26,0.0,0.0,0.0,0.0,2.0,611.39,2.0,2.0,10.0,7091.81,10.0,9.0,305.695,0,0,0
MRC002408,Pharmacy,Micro,LOC0118,AGT00562,1468,1,1,1,4.0,1633.29,4.0,3.0,12.0,23862.25,12.0,11.0,22.0,43862.27,22.0,21.0,1988.5208333333333,0,0,0
MRC002409,General Retail,Small,LOC0072,AGT00788,1356,1,1,4,1.0,1992.62,1.0,1.0,7.0,16276.97,7.0,5.0,22.0,41143.44,22.0,17.0,2325.2814285714285,0,0,0
MRC002410,Grocery,Micro,LOC0113,AGT00011,572,1,1,16,0.0,0.0,0.0,0.0,2.0,5919.5,2.0,2.0,6.0,17613.269999999997,6.0,6.0,2959.75,0,0,0
MRC002411,Electronics,Small,LOC0057,AGT00628,1234,1,1,11,0.0,0.0,0.0,0.0,13.0,14869.25,13.0,11.0,38.0,55991.810000000005,38.0,30.0,1143.7884615384614,0,0,0
MRC002412,Electronics,Small,LOC0102,AGT00210,1505,1,1,35,0.0,0.0,0.0,0.0,0.0,0.0,0.0,0.0,5.0,4452.61,5.0,5.0,0.0,1,0,0
MRC002413,Education,Small,LOC0075,AGT00400,2435,1,1,2,4.0,3654.8300000000004,4.0,2.0,9.0,7181.740000000001,9.0,6.0,18.0,16658.8,18.0,15.0,797.9711111111112,0,0,0
MRC002414,General Retail,Small,LOC0110,AGT00338,862,1,0,8,0.0,0.0,0.0,0.0,3.0,2861.83,3.0,3.0,5.0,10703.39,5.0,5.0,953.9433333333333,0,0,0
MRC002415,Education,Medium,LOC0040,AGT00521,467,1,1,1,3.0,16463.39,3.0,3.0,8.0,22114.690000000002,8.0,7.0,23.0,36434.86,23.0,21.0,2764.3362500000003,0,0,0
MRC002416,General Retail,Medium,LOC0046,AGT00766,841,1,1,53,0.0,0.0,0.0,0.0,0.0,0.0,0.0,0.0,2.0,1000.3,2.0,2.0,0.0,1,0,0
MRC002417,General Retail,Small,LOC0005,AGT00496,818,0,1,4,2.0,3871.31,2.0,2.0,5.0,10769.93,5.0,5.0,9.0,15006.039999999999,9.0,9.0,2153.986,0,0,0
MRC002418,Pharmacy,Small,LOC0028,AGT00051,2358,1,1,8,0.0,0.0,0.0,0.0,2.0,14104.1,2.0,2.0,8.0,17708.85,8.0,8.0,7052.05,0,0,0
MRC002419,Pharmacy,Medium,LOC0017,AGT00654,615,1,1,6,1.0,190.14,1.0,1.0,8.0,6308.69,8.0,7.0,20.0,22599.899999999998,20.0,17.0,788.58625,0,0,0
MRC002420,Restaurant,Micro,LOC0022,AGT00449,2455,1,1,30,0.0,0.0,0.0,0.0,0.0,0.0,0.0,0.0,7.0,4668.0,7.0,7.0,0.0,1,0,0
MRC002421,Restaurant,Micro,LOC0038,AGT00608,534,1,0,1,14.0,16834.5,14.0,5.0,78.0,122300.59,78.0,26.0,251.0,364090.66,250.0,83.0,1567.956282051282,0,0,0
MRC002422,Electronics,Micro,LOC0105,AGT00117,2059,1,1,17,0.0,0.0,0.0,0.0,1.0,5237.04,1.0,1.0,6.0,19059.77,6.0,6.0,5237.04,0,0,0
MRC002423,Pharmacy,Medium,LOC0046,AGT00718,1192,1,1,0,2.0,2492.24,2.0,2.0,4.0,14360.25,4.0,4.0,12.0,23279.719999999998,12.0,10.0,3590.0625,0,0,0
MRC002424,Pharmacy,Micro,LOC0100,AGT00598,405,1,1,4,1.0,6479.28,1.0,1.0,2.0,6667.509999999999,2.0,2.0,15.0,40125.18,15.0,14.0,3333.7549999999997,0,0,0
MRC002425,Restaurant,Micro,LOC0098,AGT00335,1628,1,1,10,0.0,0.0,0.0,0.0,3.0,13097.57,3.0,3.0,13.0,18349.26,13.0,12.0,4365.856666666667,0,0,0
MRC002426,Transport,Small,LOC0118,AGT00004,1879,1,0,1,1.0,382.16,1.0,1.0,1.0,382.16,1.0,1.0,5.0,5595.4,5.0,4.0,382.16,0,0,0
MRC002427,Transport,Micro,LOC0062,AGT00240,2119,1,1,3,1.0,2057.11,1.0,1.0,3.0,6469.23,3.0,3.0,10.0,17527.68,10.0,9.0,2156.41,0,0,0
MRC002428,General Retail,Micro,LOC0102,AGT00613,676,1,1,25,0.0,0.0,0.0,0.0,1.0,1154.1,1.0,1.0,6.0,4979.2,6.0,6.0,1154.1,0,0,0
MRC002429,Pharmacy,Small,LOC0051,AGT00398,1635,0,1,0,7.0,8951.98,7.0,5.0,28.0,47292.2,28.0,18.0,67.0,91506.22,67.0,49.0,1689.0071428571428,0,0,0
MRC002430,Restaurant,Micro,LOC0076,AGT00353,1530,1,0,3,1.0,1053.19,1.0,1.0,3.0,6203.47,3.0,3.0,6.0,10646.89,6.0,6.0,2067.8233333333333,0,0,0
MRC002431,General Retail,Large,LOC0098,AGT00333,1253,1,1,19,0.0,0.0,0.0,0.0,3.0,2576.49,3.0,3.0,9.0,15626.17,9.0,8.0,858.8299999999999,0,0,0
MRC002432,Transport,Micro,LOC0018,AGT00237,2239,1,1,34,0.0,0.0,0.0,0.0,0.0,0.0,0.0,0.0,3.0,1397.31,3.0,3.0,0.0,1,0,0
MRC002433,Education,Medium,LOC0007,AGT00452,1211,1,1,5,1.0,86.96,1.0,1.0,1.0,86.96,1.0,1.0,2.0,1491.8500000000001,2.0,2.0,86.96,0,0,0
MRC002434,Electronics,Small,LOC0020,AGT00770,1117,1,1,5,1.0,1587.88,1.0,1.0,1.0,1587.88,1.0,1.0,1.0,1587.88,1.0,1.0,1587.88,0,0,0
MRC002435,Grocery,Micro,LOC0087,AGT00238,1434,1,0,0,1.0,702.78,1.0,1.0,9.0,9832.87,9.0,8.0,13.0,20391.19,13.0,12.0,1092.5411111111111,0,0,0
MRC002436,General Retail,Micro,LOC0057,AGT00701,2316,1,0,8,0.0,0.0,0.0,0.0,3.0,965.4300000000001,3.0,3.0,4.0,3006.97,4.0,4.0,321.81,0,0,0
MRC002437,Education,Small,LOC0034,AGT00219,2182,0,1,4,1.0,699.05,1.0,1.0,2.0,879.04,2.0,2.0,4.0,1520.54,4.0,4.0,439.52,0,0,0
MRC002438,Education,Micro,LOC0093,AGT00386,1834,1,1,35,0.0,0.0,0.0,0.0,0.0,0.0,0.0,0.0,2.0,950.76,2.0,2.0,0.0,1,0,0
MRC002439,Electronics,Micro,LOC0002,AGT00617,463,1,1,21,0.0,0.0,0.0,0.0,3.0,5514.67,3.0,3.0,9.0,20393.5,9.0,9.0,1838.2233333333334,0,0,0
MRC002440,Restaurant,Medium,LOC0021,AGT00502,944,1,1,2,1.0,459.38,1.0,1.0,6.0,6903.26,6.0,6.0,14.0,16376.099999999999,14.0,14.0,1150.5433333333333,0,0,0
MRC002441,Pharmacy,Small,LOC0057,AGT00200,320,1,1,11,0.0,0.0,0.0,0.0,1.0,988.14,1.0,1.0,12.0,25687.96,12.0,11.0,988.14,0,0,0
MRC002442,Healthcare,Medium,LOC0110,AGT00705,494,1,1,27,0.0,0.0,0.0,0.0,1.0,1944.39,1.0,1.0,5.0,4952.83,5.0,5.0,1944.39,0,0,0
MRC002443,Electronics,Micro,LOC0090,AGT00577,2104,1,1,2,1.0,1584.22,1.0,1.0,6.0,5030.28,6.0,6.0,12.0,17626.02,12.0,11.0,838.38,0,0,0
MRC002444,Grocery,Micro,LOC0083,AGT00310,2068,1,1,3,1.0,2986.69,1.0,1.0,2.0,3901.92,2.0,2.0,4.0,6125.8099999999995,4.0,4.0,1950.96,0,0,0
MRC002445,Restaurant,Small,LOC0086,AGT00068,511,1,1,4,2.0,888.5600000000001,2.0,2.0,3.0,2101.09,3.0,3.0,8.0,6293.91,8.0,8.0,700.3633333333333,0,0,0
MRC002446,General Retail,Micro,LOC0038,AGT00529,1287,1,1,10,0.0,0.0,0.0,0.0,4.0,4979.240000000001,4.0,4.0,9.0,11054.51,9.0,9.0,1244.8100000000002,0,0,0
MRC002447,Restaurant,Micro,LOC0054,AGT00214,897,0,1,190,0.0,0.0,0.0,0.0,0.0,0.0,0.0,0.0,0.0,0.0,0.0,0.0,0.0,1,1,1
MRC002448,Restaurant,Micro,LOC0107,AGT00086,445,1,1,0,7.0,20754.14,7.0,5.0,22.0,59840.3,22.0,18.0,75.0,132205.07,75.0,54.0,2720.0136363636366,0,0,0
MRC002449,Education,Micro,LOC0088,AGT00442,1120,1,1,2,2.0,10744.220000000001,2.0,2.0,11.0,15345.980000000001,11.0,10.0,19.0,27805.829999999998,19.0,18.0,1395.089090909091,0,0,0
MRC002450,Utility,Small,LOC0072,AGT00198,512,1,1,5,1.0,14903.2,1.0,1.0,5.0,18367.4,5.0,5.0,8.0,20432.760000000002,8.0,8.0,3673.4800000000005,0,0,0
MRC002451,Transport,Micro,LOC0010,AGT00025,1895,1,1,8,0.0,0.0,0.0,0.0,4.0,5710.45,4.0,4.0,14.0,22721.53,14.0,14.0,1427.6125,0,0,0
MRC002452,General Retail,Large,LOC0088,AGT00747,2399,1,1,3,4.0,4507.35,4.0,3.0,21.0,25617.969999999998,21.0,16.0,85.0,155565.61000000002,85.0,53.0,1219.9033333333332,0,0,0
MRC002453,Grocery,Micro,LOC0044,AGT00230,1210,1,1,0,3.0,6353.5599999999995,3.0,2.0,14.0,18308.54,14.0,9.0,33.0,49717.909999999996,33.0,25.0,1307.7528571428572,0,0,0
MRC002454,General Retail,Micro,LOC0047,AGT00055,817,1,1,4,1.0,1009.31,1.0,1.0,6.0,4057.5499999999997,6.0,5.0,15.0,16678.17,15.0,14.0,676.2583333333333,0,0,0
MRC002455,General Retail,Micro,LOC0081,AGT00276,1378,1,1,53,0.0,0.0,0.0,0.0,0.0,0.0,0.0,0.0,1.0,378.78,1.0,1.0,0.0,1,0,0
MRC002456,Electronics,Small,LOC0048,AGT00186,2399,0,0,15,0.0,0.0,0.0,0.0,2.0,908.62,2.0,2.0,4.0,6825.83,4.0,4.0,454.31,0,0,0
MRC002457,Education,Medium,LOC0069,AGT00477,635,1,1,65,0.0,0.0,0.0,0.0,0.0,0.0,0.0,0.0,1.0,2991.17,1.0,1.0,0.0,1,1,0
MRC002458,Pharmacy,Medium,LOC0002,AGT00617,1775,0,1,7,0.0,0.0,0.0,0.0,2.0,1055.5,2.0,2.0,6.0,12007.999999999998,6.0,6.0,527.75,0,0,0
MRC002459,Fashion,Micro,LOC0023,AGT00134,490,1,1,1,1.0,59.97,1.0,1.0,9.0,15949.28,9.0,8.0,23.0,37123.54,23.0,22.0,1772.1422222222222,0,0,0
MRC002460,Pharmacy,Small,LOC0065,AGT00075,943,1,1,22,0.0,0.0,0.0,0.0,2.0,482.15999999999997,2.0,2.0,18.0,22660.41,18.0,16.0,241.07999999999998,0,0,0
MRC002461,Grocery,Medium,LOC0115,AGT00108,1246,1,1,5,2.0,1034.15,2.0,1.0,7.0,5156.38,7.0,6.0,21.0,17323.350000000002,21.0,18.0,736.6257142857143,0,0,0
MRC002462,General Retail,Micro,LOC0092,AGT00348,1125,1,0,50,0.0,0.0,0.0,0.0,0.0,0.0,0.0,0.0,5.0,11104.2,5.0,5.0,0.0,1,0,0
MRC002463,Pharmacy,Small,LOC0051,AGT00515,677,0,1,8,0.0,0.0,0.0,0.0,6.0,4513.09,6.0,5.0,14.0,19188.58,14.0,13.0,752.1816666666667,0,0,0
MRC002464,Education,Micro,LOC0117,AGT00753,1984,1,0,0,1.0,403.85,1.0,1.0,7.0,2597.44,7.0,6.0,20.0,25644.32,20.0,18.0,371.0628571428571,0,0,0
MRC002465,Restaurant,Small,LOC0034,AGT00485,1757,1,1,108,0.0,0.0,0.0,0.0,0.0,0.0,0.0,0.0,0.0,0.0,0.0,0.0,0.0,1,1,1
MRC002466,Restaurant,Small,LOC0108,AGT00235,1238,1,1,6,1.0,8076.71,1.0,1.0,3.0,9033.0,3.0,3.0,13.0,25117.18,13.0,12.0,3011.0,0,0,0
MRC002467,Restaurant,Small,LOC0049,AGT00337,1201,1,1,0,5.0,10087.36,5.0,3.0,23.0,34881.810000000005,23.0,15.0,79.0,93562.16,79.0,53.0,1516.600434782609,0,0,0
MRC002468,Restaurant,Medium,LOC0011,AGT00491,450,1,1,17,0.0,0.0,0.0,0.0,3.0,7109.44,3.0,3.0,6.0,21565.76,6.0,6.0,2369.813333333333,0,0,0
MRC002469,Transport,Small,LOC0001,AGT00376,1730,1,1,66,0.0,0.0,0.0,0.0,0.0,0.0,0.0,0.0,1.0,4590.4,1.0,1.0,0.0,1,1,0
MRC002470,General Retail,Medium,LOC0118,AGT00004,789,1,1,13,0.0,0.0,0.0,0.0,3.0,627.61,3.0,2.0,6.0,8544.34,6.0,5.0,209.20333333333335,0,0,0
MRC002471,Fashion,Small,LOC0078,AGT00535,944,1,1,114,0.0,0.0,0.0,0.0,0.0,0.0,0.0,0.0,0.0,0.0,0.0,0.0,0.0,1,1,1
MRC002472,General Retail,Micro,LOC0018,AGT00693,2166,1,0,76,0.0,0.0,0.0,0.0,0.0,0.0,0.0,0.0,2.0,2487.14,2.0,2.0,0.0,1,1,0
MRC002473,Transport,Small,LOC0120,AGT00694,1690,1,1,17,0.0,0.0,0.0,0.0,2.0,4201.85,2.0,2.0,4.0,8250.93,4.0,4.0,2100.925,0,0,0
MRC002474,Education,Small,LOC0005,AGT00496,1808,1,1,1,2.0,939.73,2.0,2.0,11.0,9053.49,11.0,9.0,28.0,24613.559999999998,28.0,24.0,823.0445454545454,0,0,0
MRC002475,Pharmacy,Medium,LOC0041,AGT00148,865,1,1,1,2.0,1234.0900000000001,2.0,2.0,4.0,2156.3,4.0,4.0,15.0,15591.71,15.0,14.0,539.075,0,0,0
MRC002476,Grocery,Micro,LOC0090,AGT00299,1381,1,1,21,0.0,0.0,0.0,0.0,2.0,1997.02,2.0,2.0,8.0,22106.81,8.0,8.0,998.51,0,0,0
MRC002477,General Retail,Medium,LOC0007,AGT00662,316,1,1,0,3.0,1463.54,3.0,3.0,7.0,18331.28,7.0,7.0,35.0,46626.25,35.0,29.0,2618.7542857142857,0,0,0
MRC002478,Education,Small,LOC0109,AGT00461,823,1,1,20,0.0,0.0,0.0,0.0,2.0,824.6700000000001,2.0,2.0,8.0,9659.4,8.0,8.0,412.33500000000004,0,0,0
MRC002479,Restaurant,Small,LOC0082,AGT00612,2035,1,1,16,0.0,0.0,0.0,0.0,2.0,2742.19,2.0,2.0,7.0,6198.86,7.0,7.0,1371.095,0,0,0
MRC002480,Utility,Small,LOC0114,AGT00228,1323,1,1,0,9.0,8515.15,9.0,5.0,35.0,48254.77,35.0,21.0,94.0,170474.38,94.0,57.0,1378.7077142857142,0,0,0
MRC002481,Restaurant,Small,LOC0101,AGT00625,1674,0,1,1,2.0,2283.02,2.0,2.0,9.0,16047.480000000001,9.0,9.0,23.0,43796.25,23.0,23.0,1783.0533333333335,0,0,0
MRC002482,Utility,Small,LOC0099,AGT00508,2010,1,1,7,0.0,0.0,0.0,0.0,5.0,4289.73,5.0,5.0,16.0,16501.87,16.0,16.0,857.9459999999999,0,0,0
MRC002483,Restaurant,Small,LOC0028,AGT00051,2334,0,1,1,1.0,271.79,1.0,1.0,2.0,870.1700000000001,2.0,2.0,4.0,2351.7,4.0,4.0,435.08500000000004,0,0,0
MRC002484,General Retail,Micro,LOC0025,AGT00523,465,1,1,43,0.0,0.0,0.0,0.0,0.0,0.0,0.0,0.0,4.0,3350.91,4.0,4.0,0.0,1,0,0
MRC002485,Pharmacy,Small,LOC0030,AGT00411,1556,0,0,4,1.0,5850.59,1.0,1.0,2.0,6986.6,2.0,2.0,4.0,11172.98,4.0,4.0,3493.3,0,0,0
MRC002486,Grocery,Micro,LOC0019,AGT00601,2460,1,1,0,3.0,4228.7699999999995,3.0,2.0,17.0,29835.39,17.0,12.0,52.0,71830.52,52.0,35.0,1755.0229411764706,0,0,0
MRC002487,Transport,Small,LOC0080,AGT00416,723,1,1,92,0.0,0.0,0.0,0.0,0.0,0.0,0.0,0.0,0.0,0.0,0.0,0.0,0.0,1,1,1
MRC002488,Grocery,Small,LOC0008,AGT00303,2165,1,1,0,4.0,11565.44,4.0,4.0,12.0,32484.34,12.0,9.0,29.0,54056.64,29.0,23.0,2707.028333333333,0,0,0
MRC002489,General Retail,Micro,LOC0052,AGT00740,1554,1,1,1,2.0,1406.24,2.0,2.0,8.0,6684.52,8.0,7.0,16.0,12454.08,16.0,14.0,835.565,0,0,0
MRC002490,Transport,Small,LOC0070,AGT00735,981,0,1,165,0.0,0.0,0.0,0.0,0.0,0.0,0.0,0.0,0.0,0.0,0.0,0.0,0.0,1,1,1
MRC002491,Pharmacy,Small,LOC0065,AGT00096,1998,0,1,0,1.0,1354.91,1.0,1.0,14.0,25440.98,14.0,11.0,35.0,52542.87,35.0,26.0,1817.212857142857,0,0,0
MRC002492,Pharmacy,Small,LOC0059,AGT00590,2189,1,1,5,1.0,173.37,1.0,1.0,2.0,581.28,2.0,2.0,9.0,16325.2,9.0,9.0,290.64,0,0,0
MRC002493,General Retail,Small,LOC0027,AGT00368,598,1,1,97,0.0,0.0,0.0,0.0,0.0,0.0,0.0,0.0,0.0,0.0,0.0,0.0,0.0,1,1,1
MRC002494,Education,Small,LOC0014,AGT00418,1776,1,1,9,0.0,0.0,0.0,0.0,1.0,2186.61,1.0,1.0,13.0,21311.57,13.0,13.0,2186.61,0,0,0
MRC002495,General Retail,Small,LOC0119,AGT00550,2333,1,1,42,0.0,0.0,0.0,0.0,0.0,0.0,0.0,0.0,1.0,344.36,1.0,1.0,0.0,1,0,0
MRC002496,Grocery,Micro,LOC0056,AGT00756,1742,0,1,4,1.0,1727.74,1.0,1.0,3.0,3883.41,3.0,3.0,5.0,16389.15,5.0,5.0,1294.47,0,0,0
MRC002497,General Retail,Micro,LOC0072,AGT00619,1482,1,1,4,1.0,865.34,1.0,1.0,4.0,7129.4,4.0,4.0,8.0,11593.42,8.0,8.0,1782.35,0,0,0
MRC002498,Electronics,Small,LOC0069,AGT00071,592,1,1,46,0.0,0.0,0.0,0.0,0.0,0.0,0.0,0.0,7.0,6116.1,7.0,6.0,0.0,1,0,0
MRC002499,Transport,Micro,LOC0045,AGT00761,1270,1,1,8,0.0,0.0,0.0,0.0,2.0,4682.21,2.0,2.0,2.0,4682.21,2.0,2.0,2341.105,0,0,0
MRC002500,Restaurant,Micro,LOC0087,AGT00193,2266,1,1,0,4.0,4932.7,4.0,3.0,6.0,6508.71,6.0,5.0,22.0,37000.05,22.0,20.0,1084.785,0,0,0
MRC002501,Grocery,Micro,LOC0046,AGT00718,2033,1,1,3,1.0,640.94,1.0,1.0,3.0,1866.18,3.0,3.0,14.0,23582.66,14.0,14.0,622.0600000000001,0,0,0
MRC002502,General Retail,Micro,LOC0050,AGT00647,1270,1,0,23,0.0,0.0,0.0,0.0,1.0,2358.46,1.0,1.0,10.0,18914.31,10.0,9.0,2358.46,0,0,0
MRC002503,General Retail,Large,LOC0097,AGT00470,961,1,1,6,1.0,1371.72,1.0,1.0,2.0,3985.67,2.0,2.0,6.0,7711.9,6.0,6.0,1992.835,0,0,0
MRC002504,Restaurant,Micro,LOC0039,AGT00466,2042,1,1,3,1.0,1307.07,1.0,1.0,7.0,5062.639999999999,7.0,7.0,10.0,11213.35,10.0,10.0,723.2342857142856,0,0,0
MRC002505,General Retail,Micro,LOC0084,AGT00675,2401,1,1,17,0.0,0.0,0.0,0.0,1.0,325.25,1.0,1.0,5.0,14550.48,5.0,5.0,325.25,0,0,0
MRC002506,Grocery,Medium,LOC0080,AGT00262,941,1,1,22,0.0,0.0,0.0,0.0,1.0,1585.03,1.0,1.0,2.0,1697.61,2.0,2.0,1585.03,0,0,0
MRC002507,Grocery,Large,LOC0004,AGT00643,2058,1,1,0,5.0,3820.54,5.0,4.0,19.0,34891.32,19.0,14.0,53.0,100523.68000000001,53.0,43.0,1836.3852631578948,0,0,0
MRC002508,Grocery,Micro,LOC0083,AGT00441,959,1,1,3,4.0,3963.51,4.0,4.0,6.0,4789.219999999999,6.0,6.0,18.0,17664.96,18.0,16.0,798.2033333333333,0,0,0
MRC002509,Restaurant,Medium,LOC0097,AGT00709,2094,1,1,0,1.0,10328.98,1.0,1.0,2.0,10727.34,2.0,2.0,5.0,12795.369999999999,5.0,5.0,5363.67,0,0,0
MRC002510,Grocery,Micro,LOC0033,AGT00412,2394,1,0,0,1.0,4696.9,1.0,1.0,1.0,4696.9,1.0,1.0,2.0,5678.709999999999,2.0,2.0,4696.9,0,0,0
MRC002511,Restaurant,Small,LOC0110,AGT00479,1736,1,1,16,0.0,0.0,0.0,0.0,1.0,2820.29,1.0,1.0,1.0,2820.29,1.0,1.0,2820.29,0,0,0
MRC002512,Grocery,Micro,LOC0003,AGT00435,1372,1,1,9,0.0,0.0,0.0,0.0,2.0,5822.74,2.0,2.0,4.0,8015.629999999999,4.0,4.0,2911.37,0,0,0
MRC002513,Healthcare,Small,LOC0022,AGT00321,973,0,1,11,0.0,0.0,0.0,0.0,2.0,5249.01,2.0,2.0,13.0,16248.29,13.0,12.0,2624.505,0,0,0
MRC002514,General Retail,Micro,LOC0114,AGT00794,417,1,1,13,0.0,0.0,0.0,0.0,1.0,1708.43,1.0,1.0,11.0,15153.6,11.0,10.0,1708.43,0,0,0
MRC002515,Transport,Small,LOC0103,AGT00070,401,0,1,6,1.0,579.64,1.0,1.0,5.0,6858.62,5.0,5.0,12.0,12395.59,12.0,12.0,1371.724,0,0,0
MRC002516,Pharmacy,Micro,LOC0091,AGT00223,2113,1,1,3,1.0,717.73,1.0,1.0,7.0,8046.459999999999,7.0,5.0,12.0,11860.71,12.0,10.0,1149.4942857142855,0,0,0
MRC002517,Utility,Small,LOC0073,AGT00047,1732,1,1,35,0.0,0.0,0.0,0.0,0.0,0.0,0.0,0.0,1.0,239.18,1.0,1.0,0.0,1,0,0
MRC002518,Pharmacy,Small,LOC0025,AGT00523,783,1,1,0,4.0,5318.8,4.0,3.0,13.0,13493.34,13.0,12.0,43.0,52101.61,43.0,40.0,1037.9492307692308,0,0,0
MRC002519,Healthcare,Micro,LOC0059,AGT00330,1493,1,1,27,0.0,0.0,0.0,0.0,2.0,10300.949999999999,2.0,1.0,7.0,17490.32,7.0,6.0,5150.474999999999,0,0,0
MRC002520,Education,Medium,LOC0068,AGT00610,2207,1,1,2,2.0,861.8199999999999,2.0,2.0,7.0,7049.77,7.0,7.0,19.0,20651.12,19.0,19.0,1007.11,0,0,0
MRC002521,Restaurant,Micro,LOC0011,AGT00540,1702,1,1,15,0.0,0.0,0.0,0.0,2.0,788.6199999999999,2.0,2.0,3.0,1179.29,3.0,3.0,394.30999999999995,0,0,0
MRC002522,Grocery,Micro,LOC0072,AGT00619,2289,1,1,3,2.0,2185.12,2.0,2.0,8.0,11389.58,8.0,8.0,20.0,20854.85,20.0,20.0,1423.6975,0,0,0
MRC002523,General Retail,Micro,LOC0011,AGT00207,543,1,1,2,7.0,5503.33,7.0,3.0,24.0,21739.079999999998,24.0,15.0,72.0,100378.44,72.0,46.0,905.795,0,0,0
MRC002524,General Retail,Micro,LOC0016,AGT00724,445,1,1,10,0.0,0.0,0.0,0.0,3.0,5918.93,3.0,3.0,5.0,7032.24,5.0,5.0,1972.9766666666667,0,0,0
MRC002525,Transport,Micro,LOC0021,AGT00708,1743,0,0,53,0.0,0.0,0.0,0.0,0.0,0.0,0.0,0.0,2.0,2313.37,2.0,2.0,0.0,1,0,0
MRC002526,General Retail,Small,LOC0023,AGT00134,1559,0,1,18,0.0,0.0,0.0,0.0,1.0,654.58,1.0,1.0,3.0,1936.68,3.0,3.0,654.58,0,0,0
MRC002527,General Retail,Small,LOC0010,AGT00025,1790,1,0,97,0.0,0.0,0.0,0.0,0.0,0.0,0.0,0.0,0.0,0.0,0.0,0.0,0.0,1,1,1
MRC002528,Grocery,Small,LOC0115,AGT00563,2431,1,0,30,0.0,0.0,0.0,0.0,0.0,0.0,0.0,0.0,5.0,6116.06,5.0,5.0,0.0,1,0,0
MRC002529,Healthcare,Small,LOC0097,AGT00719,524,1,1,22,0.0,0.0,0.0,0.0,1.0,5609.34,1.0,1.0,2.0,8779.880000000001,2.0,2.0,5609.34,0,0,0
MRC002530,Restaurant,Small,LOC0061,AGT00428,2321,1,1,8,0.0,0.0,0.0,0.0,6.0,7524.72,6.0,6.0,17.0,32582.95,17.0,16.0,1254.1200000000001,0,0,0
MRC002531,Fashion,Micro,LOC0045,AGT00453,419,0,1,2,7.0,9118.61,7.0,4.0,21.0,20250.57,21.0,11.0,64.0,84767.42,64.0,41.0,964.3128571428572,0,0,0
MRC002532,Grocery,Small,LOC0023,AGT00245,1434,1,1,9,0.0,0.0,0.0,0.0,4.0,3190.86,4.0,4.0,6.0,5670.7,6.0,6.0,797.715,0,0,0
MRC002533,General Retail,Medium,LOC0114,AGT00395,2104,1,1,9,0.0,0.0,0.0,0.0,3.0,5357.029999999999,3.0,3.0,12.0,18318.18,12.0,12.0,1785.6766666666663,0,0,0
MRC002534,Healthcare,Micro,LOC0096,AGT00731,1773,1,1,5,1.0,2797.93,1.0,1.0,3.0,39046.04,3.0,3.0,11.0,47293.44,11.0,11.0,13015.346666666666,0,0,0
MRC002535,Pharmacy,Small,LOC0091,AGT00596,773,1,1,10,0.0,0.0,0.0,0.0,4.0,4033.48,4.0,4.0,14.0,14829.33,14.0,14.0,1008.37,0,0,0
MRC002536,Restaurant,Medium,LOC0057,AGT00200,1607,0,1,2,2.0,1293.3899999999999,2.0,2.0,9.0,4021.79,9.0,9.0,41.0,59009.09,41.0,34.0,446.86555555555555,0,0,0
MRC002537,Fashion,Small,LOC0004,AGT00733,2258,1,1,3,3.0,1148.35,3.0,3.0,8.0,2408.37,8.0,8.0,15.0,23783.93,15.0,14.0,301.04625,0,0,0
MRC002538,Healthcare,Large,LOC0077,AGT00611,731,1,1,18,0.0,0.0,0.0,0.0,1.0,444.71,1.0,1.0,9.0,7694.05,9.0,9.0,444.71,0,0,0
MRC002539,General Retail,Micro,LOC0059,AGT00590,2335,1,1,33,0.0,0.0,0.0,0.0,0.0,0.0,0.0,0.0,2.0,1037.91,2.0,2.0,0.0,1,0,0
MRC002540,Restaurant,Small,LOC0036,AGT00429,1713,1,1,4,1.0,1002.32,1.0,1.0,6.0,11129.8,6.0,6.0,27.0,39013.57,27.0,23.0,1854.9666666666665,0,0,0
MRC002541,Fashion,Micro,LOC0038,AGT00341,476,1,1,4,2.0,2447.49,2.0,2.0,4.0,30014.510000000002,4.0,4.0,4.0,30014.510000000002,4.0,4.0,7503.6275000000005,0,0,0
MRC002542,Education,Micro,LOC0007,AGT00488,1014,1,0,18,0.0,0.0,0.0,0.0,3.0,3246.79,3.0,3.0,6.0,8918.41,6.0,6.0,1082.2633333333333,0,0,0
MRC002543,Restaurant,Large,LOC0105,AGT00279,2170,1,1,1,1.0,467.57,1.0,1.0,3.0,2046.8,3.0,3.0,13.0,10782.460000000001,13.0,13.0,682.2666666666667,0,0,0
MRC002544,Electronics,Micro,LOC0020,AGT00115,1025,1,1,1,3.0,7540.49,3.0,3.0,16.0,25184.21,16.0,12.0,61.0,83323.25,61.0,45.0,1574.013125,0,0,0
MRC002545,Grocery,Large,LOC0098,AGT00017,2355,0,1,2,2.0,17955.95,2.0,1.0,6.0,25049.42,6.0,5.0,17.0,36166.5,17.0,15.0,4174.903333333333,0,0,0
MRC002546,Grocery,Small,LOC0117,AGT00716,1204,0,1,8,0.0,0.0,0.0,0.0,1.0,1029.12,1.0,1.0,6.0,9623.24,6.0,6.0,1029.12,0,0,0
MRC002547,Restaurant,Medium,LOC0006,AGT00545,1035,0,1,17,0.0,0.0,0.0,0.0,2.0,2261.47,2.0,2.0,3.0,3811.67,3.0,3.0,1130.735,0,0,0
MRC002548,General Retail,Large,LOC0075,AGT00400,2149,0,1,0,3.0,1995.6,3.0,3.0,15.0,13558.29,15.0,11.0,44.0,45622.79,44.0,34.0,903.8860000000001,0,0,0
MRC002549,Restaurant,Small,LOC0009,AGT00127,2003,1,1,5,2.0,2736.14,2.0,2.0,8.0,7174.0599999999995,8.0,8.0,13.0,18916.02,13.0,13.0,896.7574999999999,0,0,0
MRC002550,Pharmacy,Large,LOC0100,AGT00598,807,0,1,38,0.0,0.0,0.0,0.0,0.0,0.0,0.0,0.0,4.0,7622.209999999999,4.0,4.0,0.0,1,0,0
MRC002551,Healthcare,Small,LOC0061,AGT00771,1993,1,0,2,1.0,3642.39,1.0,1.0,3.0,7464.75,3.0,3.0,9.0,12530.77,9.0,8.0,2488.25,0,0,0
MRC002552,General Retail,Small,LOC0003,AGT00312,834,1,0,0,1.0,174.69,1.0,1.0,1.0,174.69,1.0,1.0,5.0,4840.92,5.0,5.0,174.69,0,0,0
MRC002553,Fashion,Small,LOC0093,AGT00494,2243,1,1,18,0.0,0.0,0.0,0.0,2.0,939.26,2.0,2.0,6.0,6563.1900000000005,6.0,6.0,469.63,0,0,0
MRC002554,Grocery,Micro,LOC0092,AGT00281,303,1,1,17,0.0,0.0,0.0,0.0,1.0,3396.72,1.0,1.0,2.0,3893.33,2.0,2.0,3396.72,0,0,0
MRC002555,Transport,Micro,LOC0111,AGT00146,1733,0,1,4,1.0,3486.58,1.0,1.0,1.0,3486.58,1.0,1.0,2.0,8503.16,2.0,2.0,3486.58,0,0,0
MRC002556,Restaurant,Micro,LOC0059,AGT00092,625,1,1,33,0.0,0.0,0.0,0.0,0.0,0.0,0.0,0.0,1.0,208.25,1.0,1.0,0.0,1,0,0
MRC002557,Transport,Small,LOC0112,AGT00786,1765,1,1,5,1.0,1340.68,1.0,1.0,1.0,1340.68,1.0,1.0,3.0,7345.030000000001,3.0,3.0,1340.68,0,0,0
MRC002558,Pharmacy,Micro,LOC0080,AGT00196,2425,1,1,0,3.0,3482.26,3.0,3.0,12.0,12974.79,12.0,11.0,16.0,23809.440000000002,16.0,15.0,1081.2325,0,0,0
MRC002559,Grocery,Small,LOC0064,AGT00692,1745,1,1,0,1.0,187.94,1.0,1.0,6.0,4123.33,6.0,4.0,12.0,11126.74,12.0,9.0,687.2216666666667,0,0,0
MRC002560,Restaurant,Small,LOC0043,AGT00664,1235,1,1,8,0.0,0.0,0.0,0.0,2.0,780.55,2.0,2.0,5.0,31741.4,5.0,5.0,390.275,0,0,0
MRC002561,Transport,Small,LOC0036,AGT00036,2085,1,1,8,0.0,0.0,0.0,0.0,5.0,2172.92,5.0,4.0,21.0,19954.6,21.0,19.0,434.584,0,0,0
MRC002562,Restaurant,Medium,LOC0075,AGT00059,713,1,0,1,1.0,705.09,1.0,1.0,8.0,20910.699999999997,8.0,8.0,15.0,28029.82,15.0,14.0,2613.8374999999996,0,0,0
MRC002563,Pharmacy,Large,LOC0089,AGT00518,1473,1,1,0,1.0,598.99,1.0,1.0,2.0,657.21,2.0,2.0,8.0,5639.35,8.0,7.0,328.605,0,0,0
MRC002564,Fashion,Medium,LOC0005,AGT00496,2397,0,0,9,0.0,0.0,0.0,0.0,1.0,469.17,1.0,1.0,3.0,1986.87,3.0,3.0,469.17,0,0,0
MRC002565,Healthcare,Small,LOC0050,AGT00464,1064,0,1,8,0.0,0.0,0.0,0.0,5.0,7591.29,5.0,5.0,10.0,15792.06,10.0,10.0,1518.258,0,0,0
MRC002566,Grocery,Micro,LOC0006,AGT00513,346,1,1,0,11.0,26396.36,11.0,6.0,19.0,41169.19,19.0,12.0,57.0,118469.96,57.0,45.0,2166.7994736842106,0,0,0
MRC002567,Transport,Medium,LOC0048,AGT00308,1251,1,1,1,1.0,801.1,1.0,1.0,2.0,3650.04,2.0,2.0,11.0,12540.130000000001,11.0,10.0,1825.02,0,0,0
MRC002568,Transport,Micro,LOC0096,AGT00721,1344,1,1,2,3.0,6834.91,3.0,2.0,8.0,11568.79,8.0,7.0,29.0,35465.39,29.0,25.0,1446.09875,0,0,0
MRC002569,Restaurant,Micro,LOC0083,AGT00310,2061,1,0,0,1.0,280.84,1.0,1.0,4.0,4447.62,4.0,4.0,9.0,13452.04,9.0,9.0,1111.905,0,0,0
MRC002570,General Retail,Micro,LOC0015,AGT00050,2045,1,1,1,1.0,1196.26,1.0,1.0,6.0,13006.74,6.0,6.0,28.0,46197.64,28.0,23.0,2167.79,0,0,0
MRC002571,General Retail,Small,LOC0087,AGT00193,1030,0,1,25,0.0,0.0,0.0,0.0,1.0,1584.45,1.0,1.0,3.0,5147.77,3.0,3.0,1584.45,0,0,0
MRC002572,Restaurant,Small,LOC0002,AGT00617,1975,1,1,256,0.0,0.0,0.0,0.0,0.0,0.0,0.0,0.0,0.0,0.0,0.0,0.0,0.0,1,1,1
MRC002573,Grocery,Micro,LOC0002,AGT00617,599,0,1,5,2.0,1234.47,2.0,1.0,5.0,2600.4,5.0,4.0,11.0,7563.03,11.0,10.0,520.08,0,0,0
MRC002574,Restaurant,Small,LOC0110,AGT00275,700,1,1,23,0.0,0.0,0.0,0.0,1.0,1372.61,1.0,1.0,8.0,8936.23,8.0,8.0,1372.61,0,0,0
MRC002575,Pharmacy,Micro,LOC0004,AGT00118,1606,1,1,5,1.0,340.57,1.0,1.0,7.0,7250.83,7.0,7.0,25.0,28652.559999999998,25.0,25.0,1035.8328571428572,0,0,0
MRC002576,Electronics,Micro,LOC0032,AGT00592,1833,1,0,13,0.0,0.0,0.0,0.0,2.0,616.93,2.0,1.0,3.0,1692.28,3.0,2.0,308.465,0,0,0
MRC002577,General Retail,Micro,LOC0016,AGT00605,2050,1,1,4,1.0,3499.88,1.0,1.0,4.0,5954.34,4.0,4.0,9.0,23149.14,9.0,9.0,1488.585,0,0,0
MRC002578,General Retail,Micro,LOC0070,AGT00735,1646,1,1,7,0.0,0.0,0.0,0.0,3.0,3825.9799999999996,3.0,3.0,7.0,12401.48,7.0,7.0,1275.3266666666666,0,0,0
MRC002579,Restaurant,Small,LOC0063,AGT00033,566,0,1,0,4.0,5588.92,4.0,3.0,9.0,17040.14,9.0,7.0,46.0,68478.89,46.0,35.0,1893.3488888888887,0,0,0
MRC002580,Fashion,Micro,LOC0101,AGT00135,1762,1,1,1,4.0,4731.639999999999,4.0,3.0,14.0,14191.130000000001,14.0,12.0,43.0,58532.32,43.0,35.0,1013.652142857143,0,0,0
MRC002581,Grocery,Micro,LOC0119,AGT00209,1224,1,1,3,1.0,2679.6,1.0,1.0,3.0,7203.7699999999995,3.0,3.0,8.0,11787.47,8.0,8.0,2401.2566666666667,0,0,0
MRC002582,Electronics,Micro,LOC0090,AGT00218,868,1,1,31,0.0,0.0,0.0,0.0,0.0,0.0,0.0,0.0,3.0,1976.58,3.0,3.0,0.0,1,0,0
MRC002583,Grocery,Small,LOC0057,AGT00723,1027,0,0,169,0.0,0.0,0.0,0.0,0.0,0.0,0.0,0.0,0.0,0.0,0.0,0.0,0.0,1,1,1
MRC002584,General Retail,Large,LOC0006,AGT00696,2058,1,1,0,2.0,1674.43,2.0,2.0,4.0,2289.12,4.0,4.0,12.0,13631.64,12.0,12.0,572.28,0,0,0
MRC002585,General Retail,Small,LOC0111,AGT00799,674,1,1,2,1.0,1361.84,1.0,1.0,5.0,6202.51,5.0,5.0,8.0,7269.289999999999,8.0,8.0,1240.502,0,0,0
MRC002586,Pharmacy,Small,LOC0068,AGT00576,1508,1,1,2,1.0,604.49,1.0,1.0,1.0,604.49,1.0,1.0,2.0,912.85,2.0,2.0,604.49,0,0,0
MRC002587,Transport,Medium,LOC0027,AGT00568,468,1,1,8,0.0,0.0,0.0,0.0,8.0,12263.29,8.0,8.0,14.0,20048.46,14.0,14.0,1532.91125,0,0,0
MRC002588,Education,Micro,LOC0066,AGT00328,1871,0,1,12,0.0,0.0,0.0,0.0,1.0,433.45,1.0,1.0,1.0,433.45,1.0,1.0,433.45,0,0,0
MRC002589,Utility,Micro,LOC0048,AGT00558,614,0,1,4,1.0,2575.58,1.0,1.0,3.0,4271.92,3.0,3.0,16.0,21609.36,16.0,14.0,1423.9733333333334,0,0,0
MRC002590,Fashion,Small,LOC0043,AGT00005,2339,1,1,10,0.0,0.0,0.0,0.0,4.0,4327.139999999999,4.0,4.0,7.0,7309.74,7.0,7.0,1081.7849999999999,0,0,0
MRC002591,Grocery,Micro,LOC0055,AGT00752,2214,0,1,16,0.0,0.0,0.0,0.0,1.0,1867.76,1.0,1.0,1.0,1867.76,1.0,1.0,1867.76,0,0,0
MRC002592,Transport,Small,LOC0091,AGT00780,2156,1,1,1,1.0,811.08,1.0,1.0,2.0,5216.89,2.0,2.0,6.0,12423.140000000001,6.0,6.0,2608.445,0,0,0
MRC002593,Grocery,Small,LOC0020,AGT00607,1048,1,1,6,1.0,160.75,1.0,1.0,2.0,1844.68,2.0,2.0,3.0,2558.04,3.0,3.0,922.34,0,0,0
MRC002594,Education,Micro,LOC0116,AGT00317,1996,1,1,31,0.0,0.0,0.0,0.0,0.0,0.0,0.0,0.0,10.0,10548.68,10.0,10.0,0.0,1,0,0
MRC002595,Pharmacy,Small,LOC0008,AGT00505,581,1,1,2,2.0,1207.47,2.0,2.0,7.0,6456.17,7.0,6.0,27.0,30101.53,27.0,23.0,922.3100000000001,0,0,0
MRC002596,Transport,Small,LOC0018,AGT00137,919,1,1,2,2.0,2005.21,2.0,2.0,10.0,19195.57,10.0,9.0,30.0,44686.49,30.0,26.0,1919.557,0,0,0
MRC002597,General Retail,Micro,LOC0082,AGT00147,576,1,1,1,1.0,1624.45,1.0,1.0,4.0,5960.0,4.0,4.0,14.0,26725.85,14.0,13.0,1490.0,0,0,0
MRC002598,Grocery,Medium,LOC0018,AGT00693,405,0,1,10,0.0,0.0,0.0,0.0,2.0,1486.96,2.0,2.0,10.0,8810.869999999999,10.0,10.0,743.48,0,0,0
MRC002599,Restaurant,Small,LOC0094,AGT00088,1088,1,0,15,0.0,0.0,0.0,0.0,1.0,5855.52,1.0,1.0,3.0,10985.400000000001,3.0,3.0,5855.52,0,0,0
MRC002600,Healthcare,Micro,LOC0089,AGT00140,1542,1,1,57,0.0,0.0,0.0,0.0,0.0,0.0,0.0,0.0,1.0,779.1,1.0,1.0,0.0,1,0,0
MRC002601,Grocery,Micro,LOC0052,AGT00015,2171,1,1,17,0.0,0.0,0.0,0.0,1.0,3472.43,1.0,1.0,10.0,21220.4,10.0,10.0,3472.43,0,0,0
MRC002602,Education,Micro,LOC0055,AGT00511,362,0,1,10,0.0,0.0,0.0,0.0,1.0,564.03,1.0,1.0,4.0,1640.21,4.0,4.0,564.03,0,0,0
MRC002603,Transport,Micro,LOC0120,AGT00347,1176,1,1,2,2.0,3021.7799999999997,2.0,2.0,8.0,12106.46,8.0,8.0,27.0,54188.11,27.0,25.0,1513.3075,0,0,0
MRC002604,Restaurant,Micro,LOC0096,AGT00160,1847,1,1,12,0.0,0.0,0.0,0.0,2.0,1195.5,2.0,2.0,5.0,5517.34,5.0,5.0,597.75,0,0,0
MRC002605,General Retail,Micro,LOC0076,AGT00332,727,0,0,13,0.0,0.0,0.0,0.0,6.0,11215.14,6.0,4.0,17.0,30611.41,17.0,15.0,1869.1899999999998,0,0,0
MRC002606,Electronics,Medium,LOC0017,AGT00282,1896,1,1,9,0.0,0.0,0.0,0.0,3.0,1212.1599999999999,3.0,3.0,4.0,1606.62,4.0,4.0,404.0533333333333,0,0,0
MRC002607,Education,Medium,LOC0071,AGT00007,1532,0,0,5,1.0,273.18,1.0,1.0,4.0,2355.52,4.0,4.0,11.0,6529.16,11.0,11.0,588.88,0,0,0
MRC002608,Grocery,Small,LOC0005,AGT00212,1516,1,1,0,4.0,3817.73,4.0,3.0,9.0,8787.08,9.0,7.0,20.0,37596.73,20.0,17.0,976.3422222222222,0,0,0
MRC002609,Grocery,Small,LOC0031,AGT00362,559,0,1,2,1.0,448.51,1.0,1.0,3.0,2915.99,3.0,3.0,10.0,11393.31,10.0,10.0,971.9966666666666,0,0,0
MRC002610,Grocery,Small,LOC0084,AGT00385,654,1,1,11,0.0,0.0,0.0,0.0,6.0,12535.7,6.0,4.0,14.0,25259.77,14.0,11.0,2089.2833333333333,0,0,0
MRC002611,General Retail,Small,LOC0049,AGT00234,2204,1,1,53,0.0,0.0,0.0,0.0,0.0,0.0,0.0,0.0,3.0,4909.67,3.0,3.0,0.0,1,0,0
MRC002612,General Retail,Medium,LOC0120,AGT00791,2200,0,1,7,0.0,0.0,0.0,0.0,8.0,20485.78,8.0,7.0,24.0,36028.82,24.0,21.0,2560.7225,0,0,0
MRC002613,Utility,Small,LOC0113,AGT00084,1275,0,1,9,0.0,0.0,0.0,0.0,4.0,5125.52,4.0,4.0,7.0,9609.130000000001,7.0,7.0,1281.38,0,0,0
MRC002614,Grocery,Small,LOC0012,AGT00676,1589,0,1,1,2.0,700.46,2.0,2.0,4.0,1780.54,4.0,4.0,4.0,1780.54,4.0,4.0,445.135,0,0,0
MRC002615,Electronics,Medium,LOC0107,AGT00626,1471,1,0,1,1.0,492.79,1.0,1.0,6.0,8529.93,6.0,6.0,9.0,12205.83,9.0,9.0,1421.655,0,0,0
MRC002616,Utility,Small,LOC0104,AGT00656,1412,0,1,9,0.0,0.0,0.0,0.0,5.0,7606.45,5.0,5.0,21.0,26636.92,21.0,20.0,1521.29,0,0,0
MRC002617,Transport,Micro,LOC0013,AGT00351,1843,1,0,42,0.0,0.0,0.0,0.0,0.0,0.0,0.0,0.0,2.0,2353.71,2.0,2.0,0.0,1,0,0
MRC002618,Grocery,Micro,LOC0047,AGT00774,1527,1,0,119,0.0,0.0,0.0,0.0,0.0,0.0,0.0,0.0,0.0,0.0,0.0,0.0,0.0,1,1,1
MRC002619,General Retail,Small,LOC0114,AGT00571,560,1,1,15,0.0,0.0,0.0,0.0,1.0,1114.63,1.0,1.0,3.0,2135.69,3.0,3.0,1114.63,0,0,0
MRC002620,Grocery,Micro,LOC0003,AGT00345,468,1,1,6,1.0,358.92,1.0,1.0,6.0,5469.54,6.0,6.0,11.0,7562.08,11.0,11.0,911.59,0,0,0
MRC002621,Grocery,Micro,LOC0008,AGT00176,2144,1,1,6,1.0,1866.13,1.0,1.0,2.0,2263.79,2.0,2.0,7.0,7036.91,7.0,7.0,1131.895,0,0,0
MRC002622,General Retail,Micro,LOC0062,AGT00438,1904,1,1,0,3.0,10651.91,3.0,3.0,15.0,27306.6,15.0,13.0,35.0,62000.55,35.0,29.0,1820.4399999999998,0,0,0
MRC002623,Fashion,Micro,LOC0115,AGT00561,721,1,1,0,6.0,21600.31,6.0,5.0,24.0,50279.770000000004,24.0,20.0,64.0,118064.15,64.0,50.0,2094.990416666667,0,0,0
MRC002624,Restaurant,Large,LOC0034,AGT00485,419,1,0,50,0.0,0.0,0.0,0.0,0.0,0.0,0.0,0.0,1.0,200.83,1.0,1.0,0.0,1,0,0
MRC002625,Electronics,Micro,LOC0093,AGT00749,766,1,1,6,1.0,956.71,1.0,1.0,4.0,3069.0,4.0,4.0,8.0,6538.62,8.0,7.0,767.25,0,0,0
MRC002626,General Retail,Micro,LOC0084,AGT00249,1550,1,1,130,0.0,0.0,0.0,0.0,0.0,0.0,0.0,0.0,0.0,0.0,0.0,0.0,0.0,1,1,1
MRC002627,Grocery,Small,LOC0018,AGT00109,1562,1,1,0,3.0,1943.1100000000001,3.0,3.0,10.0,12853.880000000001,10.0,10.0,23.0,26047.72,23.0,22.0,1285.3880000000001,0,0,0
MRC002628,Healthcare,Micro,LOC0035,AGT00757,656,1,1,16,0.0,0.0,0.0,0.0,2.0,763.1099999999999,2.0,2.0,6.0,3432.74,6.0,6.0,381.55499999999995,0,0,0
MRC002629,Restaurant,Small,LOC0075,AGT00591,671,1,1,12,0.0,0.0,0.0,0.0,3.0,6079.64,3.0,3.0,7.0,7464.26,7.0,7.0,2026.5466666666669,0,0,0
MRC002630,Grocery,Small,LOC0058,AGT00106,740,0,1,6,1.0,516.33,1.0,1.0,5.0,22802.280000000002,5.0,5.0,29.0,59713.57,29.0,27.0,4560.456,0,0,0
MRC002631,Fashion,Micro,LOC0029,AGT00467,1255,0,1,11,0.0,0.0,0.0,0.0,1.0,116.47,1.0,1.0,3.0,1352.04,3.0,3.0,116.47,0,0,0
MRC002632,Electronics,Small,LOC0025,AGT00648,796,1,1,10,0.0,0.0,0.0,0.0,1.0,1990.24,1.0,1.0,2.0,3143.74,2.0,2.0,1990.24,0,0,0
MRC002633,Pharmacy,Micro,LOC0067,AGT00760,1284,1,1,26,0.0,0.0,0.0,0.0,1.0,839.73,1.0,1.0,1.0,839.73,1.0,1.0,839.73,0,0,0
MRC002634,Restaurant,Small,LOC0100,AGT00145,318,1,1,1,2.0,150.07999999999998,2.0,1.0,8.0,8267.44,8.0,7.0,41.0,67282.17,41.0,36.0,1033.43,0,0,0
MRC002635,Transport,Medium,LOC0050,AGT00647,2332,1,1,7,0.0,0.0,0.0,0.0,4.0,6848.35,4.0,4.0,23.0,31668.61,23.0,19.0,1712.0875,0,0,0
MRC002636,Education,Medium,LOC0112,AGT00587,2235,1,1,3,1.0,115.54,1.0,1.0,2.0,933.39,2.0,2.0,9.0,30944.069999999996,9.0,9.0,466.695,0,0,0
MRC002637,Healthcare,Micro,LOC0081,AGT00454,1026,1,1,18,0.0,0.0,0.0,0.0,2.0,1433.1399999999999,2.0,2.0,4.0,3218.75,4.0,4.0,716.5699999999999,0,0,0
MRC002638,General Retail,Small,LOC0049,AGT00130,2044,1,1,3,2.0,3720.14,2.0,2.0,8.0,18284.77,8.0,7.0,21.0,32839.17,21.0,19.0,2285.59625,0,0,0
MRC002639,Restaurant,Small,LOC0085,AGT00294,1456,1,1,0,11.0,13426.8,11.0,5.0,44.0,63006.979999999996,44.0,22.0,163.0,274553.95,163.0,72.0,1431.976818181818,0,0,0
MRC002640,Fashion,Medium,LOC0054,AGT00556,355,1,1,62,0.0,0.0,0.0,0.0,0.0,0.0,0.0,0.0,2.0,982.7299999999999,2.0,2.0,0.0,1,1,0
MRC002641,Fashion,Micro,LOC0091,AGT00158,909,1,1,7,0.0,0.0,0.0,0.0,1.0,1384.59,1.0,1.0,4.0,3180.99,4.0,4.0,1384.59,0,0,0
MRC002642,Education,Small,LOC0118,AGT00404,411,1,1,2,2.0,869.13,2.0,2.0,5.0,2993.26,5.0,5.0,24.0,51705.22,24.0,22.0,598.652,0,0,0
MRC002643,Grocery,Micro,LOC0095,AGT00183,1833,1,1,2,1.0,2580.33,1.0,1.0,1.0,2580.33,1.0,1.0,5.0,6462.18,5.0,5.0,2580.33,0,0,0
MRC002644,Restaurant,Micro,LOC0018,AGT00693,1997,0,1,49,0.0,0.0,0.0,0.0,0.0,0.0,0.0,0.0,3.0,3178.0,3.0,3.0,0.0,1,0,0
MRC002645,Grocery,Small,LOC0009,AGT00199,1635,1,1,201,0.0,0.0,0.0,0.0,0.0,0.0,0.0,0.0,0.0,0.0,0.0,0.0,0.0,1,1,1
MRC002646,Restaurant,Small,LOC0098,AGT00017,301,0,1,13,0.0,0.0,0.0,0.0,3.0,3433.44,3.0,3.0,7.0,12790.82,7.0,7.0,1144.48,0,0,0
MRC002647,General Retail,Micro,LOC0102,AGT00795,802,1,0,27,0.0,0.0,0.0,0.0,2.0,2399.72,2.0,2.0,5.0,5606.0599999999995,5.0,5.0,1199.86,0,0,0
MRC002648,Education,Medium,LOC0069,AGT00477,1311,1,1,0,4.0,3597.88,4.0,4.0,7.0,13036.68,7.0,7.0,32.0,54565.66,32.0,30.0,1862.3828571428571,0,0,0
MRC002649,Fashion,Small,LOC0030,AGT00078,603,1,1,10,0.0,0.0,0.0,0.0,3.0,5704.04,3.0,3.0,5.0,9279.67,5.0,5.0,1901.3466666666666,0,0,0
MRC002650,Education,Large,LOC0106,AGT00316,521,1,1,3,1.0,2608.5,1.0,1.0,8.0,14668.65,8.0,8.0,25.0,39403.31,25.0,22.0,1833.58125,0,0,0
MRC002651,Transport,Small,LOC0054,AGT00331,952,1,1,31,0.0,0.0,0.0,0.0,0.0,0.0,0.0,0.0,4.0,1338.53,4.0,4.0,0.0,1,0,0
MRC002652,Fashion,Medium,LOC0036,AGT00447,1579,0,1,0,1.0,137.83,1.0,1.0,3.0,2073.93,3.0,3.0,9.0,10134.7,9.0,9.0,691.31,0,0,0
MRC002653,Fashion,Small,LOC0044,AGT00736,480,1,1,1,3.0,2840.87,3.0,3.0,9.0,12112.619999999999,9.0,9.0,23.0,46139.17,23.0,23.0,1345.8466666666666,0,0,0
MRC002654,Transport,Micro,LOC0036,AGT00447,2468,0,1,14,0.0,0.0,0.0,0.0,3.0,3605.4700000000003,3.0,3.0,10.0,10020.59,10.0,10.0,1201.8233333333335,0,0,0
MRC002655,Grocery,Micro,LOC0034,AGT00091,1289,1,1,71,0.0,0.0,0.0,0.0,0.0,0.0,0.0,0.0,2.0,1397.71,2.0,2.0,0.0,1,1,0
MRC002656,Electronics,Medium,LOC0040,AGT00325,662,1,1,18,0.0,0.0,0.0,0.0,1.0,1267.71,1.0,1.0,3.0,4337.35,3.0,3.0,1267.71,0,0,0
MRC002657,Electronics,Micro,LOC0081,AGT00258,330,1,0,10,0.0,0.0,0.0,0.0,7.0,3663.48,7.0,7.0,12.0,16793.71,12.0,12.0,523.3542857142858,0,0,0
MRC002658,Healthcare,Small,LOC0002,AGT00617,2377,1,1,34,0.0,0.0,0.0,0.0,0.0,0.0,0.0,0.0,2.0,861.75,2.0,2.0,0.0,1,0,0
MRC002659,General Retail,Small,LOC0044,AGT00230,1586,1,1,0,4.0,3434.26,4.0,3.0,15.0,16689.88,15.0,12.0,45.0,74322.43000000001,45.0,35.0,1112.6586666666667,0,0,0
MRC002660,Utility,Micro,LOC0021,AGT00277,2178,1,1,7,0.0,0.0,0.0,0.0,4.0,6371.030000000001,4.0,4.0,11.0,21492.42,11.0,11.0,1592.7575000000002,0,0,0
MRC002661,Electronics,Micro,LOC0078,AGT00246,1984,1,1,2,2.0,1206.84,2.0,2.0,2.0,1206.84,2.0,2.0,5.0,6715.1,5.0,5.0,603.42,0,0,0
MRC002662,Grocery,Small,LOC0120,AGT00220,2441,1,1,12,0.0,0.0,0.0,0.0,4.0,3430.53,4.0,3.0,13.0,20412.69,13.0,12.0,857.6325,0,0,0
MRC002663,Education,Micro,LOC0095,AGT00410,2231,0,1,2,1.0,2306.0,1.0,1.0,3.0,6660.19,3.0,3.0,5.0,9172.369999999999,5.0,4.0,2220.063333333333,0,0,0
MRC002664,General Retail,Small,LOC0030,AGT00274,1961,1,1,0,2.0,3026.9100000000003,2.0,2.0,6.0,10551.66,6.0,5.0,7.0,12092.17,7.0,6.0,1758.61,0,0,0
MRC002665,General Retail,Micro,LOC0062,AGT00487,2146,1,1,30,0.0,0.0,0.0,0.0,0.0,0.0,0.0,0.0,2.0,4624.48,2.0,2.0,0.0,1,0,0
MRC002666,General Retail,Small,LOC0003,AGT00312,2159,1,1,9,0.0,0.0,0.0,0.0,4.0,6637.429999999999,4.0,4.0,12.0,19830.51,12.0,12.0,1659.3574999999998,0,0,0
MRC002667,Grocery,Micro,LOC0050,AGT00009,843,1,1,14,0.0,0.0,0.0,0.0,2.0,1283.0,2.0,2.0,5.0,8350.02,5.0,5.0,641.5,0,0,0
MRC002668,Healthcare,Small,LOC0034,AGT00280,1586,1,1,5,1.0,3532.66,1.0,1.0,5.0,8903.5,5.0,5.0,10.0,16738.37,10.0,10.0,1780.7,0,0,0
MRC002669,General Retail,Micro,LOC0061,AGT00428,2441,1,1,0,5.0,3260.3,5.0,5.0,16.0,14890.9,16.0,15.0,56.0,89913.66,56.0,42.0,930.68125,0,0,0
MRC002670,Transport,Micro,LOC0050,AGT00049,2182,1,1,40,0.0,0.0,0.0,0.0,0.0,0.0,0.0,0.0,1.0,2960.04,1.0,1.0,0.0,1,0,0
MRC002671,Transport,Medium,LOC0082,AGT00612,516,1,1,1,3.0,1514.79,3.0,3.0,5.0,4010.08,5.0,5.0,8.0,5713.16,8.0,8.0,802.016,0,0,0
MRC002672,Electronics,Micro,LOC0066,AGT00328,530,1,1,5,1.0,426.17,1.0,1.0,2.0,1540.3100000000002,2.0,2.0,2.0,1540.3100000000002,2.0,2.0,770.1550000000001,0,0,0
MRC002673,Transport,Small,LOC0113,AGT00271,724,1,0,7,0.0,0.0,0.0,0.0,5.0,3211.3,5.0,5.0,8.0,5750.28,8.0,8.0,642.26,0,0,0
MRC002674,Restaurant,Micro,LOC0009,AGT00085,1907,1,1,4,1.0,851.26,1.0,1.0,9.0,18787.93,9.0,7.0,12.0,27243.809999999998,12.0,10.0,2087.547777777778,0,0,0
MRC002675,Grocery,Micro,LOC0114,AGT00571,1147,1,1,21,0.0,0.0,0.0,0.0,1.0,203.47,1.0,1.0,6.0,12793.929999999998,6.0,6.0,203.47,0,0,0
MRC002676,General Retail,Micro,LOC0095,AGT00410,1660,0,0,0,1.0,7422.08,1.0,1.0,6.0,11435.99,6.0,6.0,8.0,12625.630000000001,8.0,8.0,1905.9983333333332,0,0,0
MRC002677,General Retail,Medium,LOC0086,AGT00582,592,0,1,37,0.0,0.0,0.0,0.0,0.0,0.0,0.0,0.0,6.0,10438.75,6.0,5.0,0.0,1,0,0
MRC002678,General Retail,Small,LOC0100,AGT00097,417,1,0,3,6.0,3746.38,6.0,3.0,34.0,56481.56,34.0,22.0,114.0,176337.05,113.0,63.0,1661.2223529411765,0,0,0
MRC002679,Restaurant,Micro,LOC0007,AGT00153,1971,0,1,7,0.0,0.0,0.0,0.0,7.0,9596.26,7.0,7.0,11.0,12947.86,11.0,11.0,1370.8942857142858,0,0,0
MRC002680,Grocery,Small,LOC0026,AGT00697,924,1,1,26,0.0,0.0,0.0,0.0,1.0,608.21,1.0,1.0,6.0,3330.51,6.0,6.0,608.21,0,0,0
MRC002681,Pharmacy,Small,LOC0001,AGT00616,381,0,1,41,0.0,0.0,0.0,0.0,0.0,0.0,0.0,0.0,1.0,910.58,1.0,1.0,0.0,1,0,0
MRC002682,General Retail,Small,LOC0096,AGT00431,759,0,1,8,0.0,0.0,0.0,0.0,7.0,9343.269999999999,7.0,6.0,23.0,27695.39,23.0,20.0,1334.752857142857,0,0,0
MRC002683,Transport,Large,LOC0043,AGT00456,993,1,1,6,1.0,221.63,1.0,1.0,2.0,4046.4,2.0,2.0,9.0,21663.11,9.0,8.0,2023.2,0,0,0
MRC002684,General Retail,Small,LOC0044,AGT00227,1172,1,1,2,1.0,2246.86,1.0,1.0,3.0,4028.91,3.0,3.0,7.0,6205.950000000001,7.0,7.0,1342.97,0,0,0
MRC002685,Restaurant,Small,LOC0074,AGT00668,2246,1,1,1,1.0,6965.63,1.0,1.0,4.0,10232.56,4.0,4.0,20.0,31020.09,20.0,19.0,2558.14,0,0,0
MRC002686,Electronics,Micro,LOC0051,AGT00515,720,1,1,15,0.0,0.0,0.0,0.0,1.0,664.3,1.0,1.0,5.0,6529.89,5.0,4.0,664.3,0,0,0
MRC002687,Utility,Large,LOC0077,AGT00168,1606,0,1,17,0.0,0.0,0.0,0.0,2.0,3247.7400000000002,2.0,2.0,6.0,5497.84,6.0,6.0,1623.8700000000001,0,0,0
MRC002688,Pharmacy,Small,LOC0113,AGT00271,887,0,1,81,0.0,0.0,0.0,0.0,0.0,0.0,0.0,0.0,1.0,1145.33,1.0,1.0,0.0,1,1,0
MRC002689,General Retail,Micro,LOC0040,AGT00089,1376,1,1,0,1.0,589.0,1.0,1.0,2.0,1359.3600000000001,2.0,2.0,7.0,4843.55,7.0,7.0,679.6800000000001,0,0,0
MRC002690,Education,Large,LOC0108,AGT00620,933,0,1,19,0.0,0.0,0.0,0.0,1.0,686.17,1.0,1.0,3.0,4587.27,3.0,3.0,686.17,0,0,0
MRC002691,Grocery,Large,LOC0064,AGT00076,1039,1,1,2,1.0,516.19,1.0,1.0,1.0,516.19,1.0,1.0,2.0,2079.15,2.0,2.0,516.19,0,0,0
MRC002692,Grocery,Small,LOC0046,AGT00766,1597,0,1,0,2.0,5964.8,2.0,2.0,13.0,19132.56,13.0,11.0,31.0,40189.43,31.0,27.0,1471.7353846153846,0,0,0
MRC002693,General Retail,Micro,LOC0111,AGT00146,1575,1,1,0,5.0,4445.83,5.0,4.0,11.0,9536.76,11.0,8.0,25.0,46992.46,25.0,20.0,866.9781818181818,0,0,0
MRC002694,Transport,Small,LOC0059,AGT00092,581,1,1,9,0.0,0.0,0.0,0.0,2.0,1211.15,2.0,2.0,2.0,1211.15,2.0,2.0,605.575,0,0,0
MRC002695,Utility,Medium,LOC0016,AGT00100,629,1,0,7,0.0,0.0,0.0,0.0,1.0,480.06,1.0,1.0,5.0,8282.59,5.0,5.0,480.06,0,0,0
MRC002696,Utility,Small,LOC0035,AGT00371,813,0,1,42,0.0,0.0,0.0,0.0,0.0,0.0,0.0,0.0,2.0,407.49,2.0,2.0,0.0,1,0,0
MRC002697,Fashion,Micro,LOC0102,AGT00018,2252,0,1,4,1.0,557.52,1.0,1.0,5.0,2397.09,5.0,5.0,17.0,19291.61,17.0,17.0,479.418,0,0,0
MRC002698,Utility,Micro,LOC0062,AGT00240,979,1,0,12,0.0,0.0,0.0,0.0,2.0,775.94,2.0,1.0,8.0,7106.58,8.0,7.0,387.97,0,0,0
MRC002699,General Retail,Micro,LOC0068,AGT00610,1549,1,1,15,0.0,0.0,0.0,0.0,3.0,1119.74,3.0,2.0,9.0,12224.06,9.0,7.0,373.24666666666667,0,0,0
MRC002700,Grocery,Micro,LOC0082,AGT00612,1268,1,1,3,1.0,5492.02,1.0,1.0,5.0,13322.16,5.0,4.0,20.0,37006.71,20.0,18.0,2664.432,0,0,0
MRC002701,Utility,Small,LOC0024,AGT00566,1060,1,1,8,0.0,0.0,0.0,0.0,4.0,3029.47,4.0,4.0,21.0,45227.35,21.0,20.0,757.3675,0,0,0
MRC002702,Restaurant,Micro,LOC0012,AGT00016,370,1,1,3,2.0,2440.8399999999997,2.0,2.0,14.0,31606.59,14.0,12.0,43.0,73059.97,43.0,34.0,2257.6135714285715,0,0,0
MRC002703,Restaurant,Small,LOC0053,AGT00166,1250,1,1,13,0.0,0.0,0.0,0.0,2.0,1367.17,2.0,2.0,7.0,6190.34,7.0,7.0,683.585,0,0,0
MRC002704,Restaurant,Medium,LOC0111,AGT00340,2470,1,1,6,1.0,10531.72,1.0,1.0,1.0,10531.72,1.0,1.0,1.0,10531.72,1.0,1.0,10531.72,0,0,0
MRC002705,General Retail,Small,LOC0016,AGT00254,2342,0,1,0,1.0,748.64,1.0,1.0,11.0,15836.769999999999,11.0,10.0,31.0,34320.65,31.0,26.0,1439.7063636363634,0,0,0
MRC002706,Grocery,Micro,LOC0087,AGT00772,943,1,1,5,1.0,287.26,1.0,1.0,6.0,2441.57,6.0,5.0,17.0,12662.84,17.0,16.0,406.92833333333334,0,0,0
MRC002707,Fashion,Medium,LOC0118,AGT00404,1451,1,0,1,2.0,641.62,2.0,2.0,6.0,2203.48,6.0,6.0,18.0,25458.72,18.0,17.0,367.24666666666667,0,0,0
MRC002708,Transport,Micro,LOC0012,AGT00480,914,1,1,58,0.0,0.0,0.0,0.0,0.0,0.0,0.0,0.0,2.0,1336.3,2.0,2.0,0.0,1,0,0
MRC002709,Grocery,Medium,LOC0016,AGT00278,2300,1,1,48,0.0,0.0,0.0,0.0,0.0,0.0,0.0,0.0,3.0,1809.9699999999998,3.0,3.0,0.0,1,0,0
MRC002710,Utility,Micro,LOC0105,AGT00564,1499,1,1,3,1.0,864.17,1.0,1.0,4.0,4355.089999999999,4.0,4.0,11.0,8339.98,11.0,11.0,1088.7724999999998,0,0,0
MRC002711,General Retail,Small,LOC0014,AGT00680,2297,1,1,37,0.0,0.0,0.0,0.0,0.0,0.0,0.0,0.0,2.0,3788.3599999999997,2.0,2.0,0.0,1,0,0
MRC002712,Grocery,Small,LOC0090,AGT00073,2153,0,1,4,1.0,341.03,1.0,1.0,1.0,341.03,1.0,1.0,8.0,25358.31,8.0,7.0,341.03,0,0,0
MRC002713,Grocery,Micro,LOC0096,AGT00179,1002,0,1,0,23.0,37151.29,23.0,7.0,77.0,138363.35,77.0,29.0,198.0,321701.83,198.0,81.0,1796.9266233766234,0,0,0
MRC002714,General Retail,Small,LOC0038,AGT00608,1285,1,1,4,3.0,1137.92,3.0,2.0,32.0,52825.67,32.0,19.0,107.0,214025.09,107.0,66.0,1650.8021875,0,0,0
MRC002715,Grocery,Micro,LOC0035,AGT00593,1531,0,0,0,1.0,367.69,1.0,1.0,7.0,9056.11,7.0,5.0,17.0,19931.68,17.0,14.0,1293.73,0,0,0
MRC002716,Grocery,Small,LOC0063,AGT00606,830,1,1,4,3.0,4045.81,3.0,2.0,4.0,4109.36,4.0,3.0,6.0,9657.32,6.0,5.0,1027.34,0,0,0
MRC002717,General Retail,Micro,LOC0061,AGT00425,2104,1,1,4,1.0,140.18,1.0,1.0,4.0,5105.150000000001,4.0,4.0,11.0,20384.72,11.0,11.0,1276.2875000000001,0,0,0
MRC002718,General Retail,Small,LOC0104,AGT00506,1523,1,1,19,0.0,0.0,0.0,0.0,3.0,1788.1,3.0,3.0,18.0,40434.85,18.0,16.0,596.0333333333333,0,0,0
MRC002719,Transport,Small,LOC0072,AGT00788,740,0,1,2,3.0,2630.82,3.0,2.0,12.0,9445.8,12.0,9.0,44.0,46225.64,44.0,34.0,787.15,0,0,0
MRC002720,Electronics,Small,LOC0117,AGT00129,1342,1,1,31,0.0,0.0,0.0,0.0,0.0,0.0,0.0,0.0,2.0,4014.3799999999997,2.0,2.0,0.0,1,0,0
MRC002721,General Retail,Micro,LOC0029,AGT00467,2082,1,1,2,1.0,343.07,1.0,1.0,3.0,4343.4,3.0,3.0,4.0,5064.4,4.0,4.0,1447.8,0,0,0
MRC002722,Transport,Small,LOC0034,AGT00280,1211,1,1,24,0.0,0.0,0.0,0.0,1.0,169.96,1.0,1.0,7.0,4194.14,7.0,7.0,169.96,0,0,0
MRC002723,Transport,Small,LOC0029,AGT00467,1838,1,0,192,0.0,0.0,0.0,0.0,0.0,0.0,0.0,0.0,0.0,0.0,0.0,0.0,0.0,1,1,1
MRC002724,General Retail,Micro,LOC0079,AGT00570,2436,1,1,18,0.0,0.0,0.0,0.0,1.0,3446.77,1.0,1.0,2.0,3491.19,2.0,2.0,3446.77,0,0,0
MRC002725,Transport,Small,LOC0005,AGT00083,1019,1,1,76,0.0,0.0,0.0,0.0,0.0,0.0,0.0,0.0,1.0,3501.25,1.0,1.0,0.0,1,1,0
MRC002726,Electronics,Micro,LOC0104,AGT00272,2463,1,1,26,0.0,0.0,0.0,0.0,1.0,73.0,1.0,1.0,10.0,9954.24,10.0,10.0,73.0,0,0,0
MRC002727,Restaurant,Micro,LOC0093,AGT00386,1192,1,1,0,2.0,2266.79,2.0,2.0,6.0,3484.72,6.0,6.0,11.0,25673.210000000003,11.0,11.0,580.7866666666666,0,0,0
MRC002728,Electronics,Small,LOC0119,AGT00553,1514,1,1,7,0.0,0.0,0.0,0.0,10.0,9897.2,10.0,8.0,23.0,18087.28,23.0,21.0,989.72,0,0,0
MRC002729,Electronics,Micro,LOC0116,AGT00687,1975,1,1,16,0.0,0.0,0.0,0.0,1.0,758.52,1.0,1.0,2.0,1526.8600000000001,2.0,2.0,758.52,0,0,0
MRC002730,Restaurant,Micro,LOC0009,AGT00486,435,1,0,62,0.0,0.0,0.0,0.0,0.0,0.0,0.0,0.0,2.0,1043.58,2.0,2.0,0.0,1,1,0
MRC002731,Fashion,Small,LOC0090,AGT00217,1819,1,1,1,1.0,634.23,1.0,1.0,5.0,3393.7700000000004,5.0,4.0,14.0,25902.34,14.0,12.0,678.7540000000001,0,0,0
MRC002732,Utility,Small,LOC0061,AGT00771,1525,1,1,32,0.0,0.0,0.0,0.0,0.0,0.0,0.0,0.0,2.0,5769.599999999999,2.0,2.0,0.0,1,0,0
MRC002733,Restaurant,Micro,LOC0089,AGT00289,1718,1,1,12,0.0,0.0,0.0,0.0,1.0,432.36,1.0,1.0,3.0,1619.55,3.0,3.0,432.36,0,0,0
MRC002734,Grocery,Micro,LOC0105,AGT00117,2368,1,0,3,1.0,5090.05,1.0,1.0,13.0,22986.99,13.0,11.0,36.0,68581.48,36.0,28.0,1768.23,0,0,0
MRC002735,Pharmacy,Small,LOC0070,AGT00735,1347,0,1,8,0.0,0.0,0.0,0.0,3.0,3882.7400000000002,3.0,2.0,9.0,14730.73,9.0,8.0,1294.2466666666667,0,0,0
MRC002736,Pharmacy,Small,LOC0001,AGT00376,2309,0,1,10,0.0,0.0,0.0,0.0,2.0,3433.16,2.0,2.0,4.0,4142.7,4.0,4.0,1716.58,0,0,0
MRC002737,Utility,Small,LOC0104,AGT00506,1527,0,1,5,1.0,515.08,1.0,1.0,5.0,7202.8,5.0,5.0,11.0,18283.37,11.0,10.0,1440.56,0,0,0
MRC002738,Fashion,Small,LOC0053,AGT00166,757,0,0,12,0.0,0.0,0.0,0.0,4.0,1388.75,4.0,4.0,9.0,5957.43,9.0,9.0,347.1875,0,0,0
MRC002739,Pharmacy,Small,LOC0056,AGT00583,1712,1,1,13,0.0,0.0,0.0,0.0,6.0,11816.609999999999,6.0,6.0,14.0,23675.66,14.0,14.0,1969.4349999999997,0,0,0
MRC002740,Utility,Medium,LOC0071,AGT00211,702,1,1,37,0.0,0.0,0.0,0.0,0.0,0.0,0.0,0.0,2.0,750.4100000000001,2.0,2.0,0.0,1,0,0
MRC002741,Grocery,Micro,LOC0110,AGT00705,2251,0,1,2,1.0,43.75,1.0,1.0,5.0,4671.33,5.0,5.0,8.0,13657.93,8.0,8.0,934.266,0,0,0
MRC002742,Grocery,Micro,LOC0064,AGT00131,619,1,1,0,3.0,714.53,3.0,3.0,7.0,3622.59,7.0,7.0,29.0,39286.74,29.0,26.0,517.5128571428571,0,0,0
MRC002743,General Retail,Micro,LOC0025,AGT00114,1376,1,1,0,12.0,23977.94,12.0,6.0,34.0,57983.869999999995,34.0,20.0,88.0,134992.79,88.0,61.0,1705.4079411764706,0,0,0
MRC002744,Electronics,Micro,LOC0088,AGT00053,2078,1,1,10,0.0,0.0,0.0,0.0,1.0,3268.34,1.0,1.0,2.0,3442.23,2.0,2.0,3268.34,0,0,0
MRC002745,Utility,Small,LOC0076,AGT00302,307,1,1,8,0.0,0.0,0.0,0.0,4.0,15909.43,4.0,4.0,12.0,28632.019999999997,12.0,11.0,3977.3575,0,0,0
MRC002746,General Retail,Medium,LOC0008,AGT00614,1357,1,1,19,0.0,0.0,0.0,0.0,2.0,3721.09,2.0,2.0,5.0,8846.880000000001,5.0,5.0,1860.545,0,0,0
MRC002747,General Retail,Micro,LOC0064,AGT00783,1393,0,1,15,0.0,0.0,0.0,0.0,2.0,4530.34,2.0,2.0,5.0,6854.33,5.0,5.0,2265.17,0,0,0
MRC002748,Grocery,Micro,LOC0095,AGT00183,1025,1,1,2,1.0,5626.48,1.0,1.0,2.0,5944.11,2.0,2.0,6.0,8947.11,6.0,6.0,2972.055,0,0,0
MRC002749,Utility,Small,LOC0107,AGT00265,1757,1,1,7,0.0,0.0,0.0,0.0,8.0,16780.43,8.0,8.0,23.0,40974.79,23.0,22.0,2097.55375,0,0,0
MRC002750,Transport,Large,LOC0034,AGT00173,996,0,1,1,1.0,559.28,1.0,1.0,12.0,20046.4,12.0,9.0,24.0,44997.98,24.0,21.0,1670.5333333333335,0,0,0
MRC002751,Pharmacy,Micro,LOC0063,AGT00606,1105,1,1,0,15.0,35138.95,15.0,6.0,52.0,118232.73,52.0,23.0,157.0,266859.78,157.0,73.0,2273.706346153846,0,0,0
MRC002752,General Retail,Small,LOC0099,AGT00508,888,1,1,16,0.0,0.0,0.0,0.0,2.0,1131.26,2.0,2.0,4.0,3766.27,4.0,4.0,565.63,0,0,0
MRC002753,Restaurant,Medium,LOC0071,AGT00239,1651,0,0,6,1.0,4144.4,1.0,1.0,1.0,4144.4,1.0,1.0,1.0,4144.4,1.0,1.0,4144.4,0,0,0
MRC002754,General Retail,Small,LOC0051,AGT00594,2215,1,1,3,5.0,9391.07,5.0,3.0,29.0,49658.01,29.0,20.0,80.0,150968.13,80.0,54.0,1712.345172413793,0,0,0
MRC002755,Education,Small,LOC0023,AGT00065,675,0,0,9,0.0,0.0,0.0,0.0,4.0,2356.84,4.0,4.0,10.0,13888.8,10.0,10.0,589.21,0,0,0
MRC002756,Electronics,Small,LOC0006,AGT00586,1182,0,1,48,0.0,0.0,0.0,0.0,0.0,0.0,0.0,0.0,5.0,9524.95,5.0,5.0,0.0,1,0,0
MRC002757,Grocery,Micro,LOC0083,AGT00310,780,1,1,8,0.0,0.0,0.0,0.0,6.0,2981.95,6.0,6.0,15.0,15539.91,15.0,14.0,496.9916666666666,0,0,0
MRC002758,General Retail,Small,LOC0116,AGT00317,820,1,1,50,0.0,0.0,0.0,0.0,0.0,0.0,0.0,0.0,1.0,1443.43,1.0,1.0,0.0,1,0,0
MRC002759,Electronics,Micro,LOC0073,AGT00047,2409,1,0,2,2.0,7510.58,2.0,2.0,6.0,14313.68,6.0,6.0,11.0,16410.6,11.0,11.0,2385.6133333333332,0,0,0
MRC002760,Grocery,Small,LOC0094,AGT00088,1839,1,1,0,1.0,1335.9,1.0,1.0,3.0,4018.08,3.0,3.0,12.0,13475.73,12.0,11.0,1339.36,0,0,0
MRC002761,Grocery,Medium,LOC0082,AGT00612,2350,1,0,3,1.0,625.46,1.0,1.0,9.0,9165.359999999999,9.0,8.0,30.0,46509.21,30.0,26.0,1018.3733333333332,0,0,0
MRC002762,Utility,Micro,LOC0042,AGT00599,1675,1,1,0,3.0,15151.04,3.0,3.0,9.0,19109.01,9.0,9.0,21.0,35759.99,21.0,19.0,2123.2233333333334,0,0,0
MRC002763,Grocery,Small,LOC0063,AGT00090,1743,0,1,0,2.0,12640.18,2.0,2.0,8.0,21240.809999999998,8.0,8.0,25.0,60104.77,25.0,23.0,2655.1012499999997,0,0,0
MRC002764,Education,Micro,LOC0033,AGT00604,1850,1,1,2,2.0,1017.47,2.0,2.0,5.0,8944.02,5.0,5.0,12.0,16496.93,12.0,11.0,1788.804,0,0,0
MRC002765,Transport,Micro,LOC0027,AGT00568,1713,1,0,0,6.0,9073.960000000001,6.0,4.0,23.0,54738.25,23.0,17.0,55.0,112400.58,55.0,42.0,2379.9239130434785,0,0,0
MRC002766,Pharmacy,Small,LOC0071,AGT00211,2082,1,1,1,1.0,2683.11,1.0,1.0,6.0,9702.439999999999,6.0,6.0,23.0,30183.96,23.0,19.0,1617.073333333333,0,0,0
MRC002767,Education,Micro,LOC0078,AGT00622,999,1,1,5,1.0,307.6,1.0,1.0,1.0,307.6,1.0,1.0,7.0,15568.84,7.0,7.0,307.6,0,0,0
MRC002768,Pharmacy,Small,LOC0119,AGT00002,508,1,1,41,0.0,0.0,0.0,0.0,0.0,0.0,0.0,0.0,2.0,625.7,2.0,2.0,0.0,1,0,0
MRC002769,General Retail,Micro,LOC0029,AGT00467,1354,1,1,68,0.0,0.0,0.0,0.0,0.0,0.0,0.0,0.0,1.0,351.98,1.0,1.0,0.0,1,1,0
MRC002770,General Retail,Medium,LOC0035,AGT00757,291,1,0,3,1.0,8000.58,1.0,1.0,3.0,8882.76,3.0,3.0,13.0,23821.08,13.0,12.0,2960.92,0,0,0
MRC002771,Pharmacy,Micro,LOC0020,AGT00110,390,1,1,50,0.0,0.0,0.0,0.0,0.0,0.0,0.0,0.0,3.0,2065.9,3.0,3.0,0.0,1,0,0
MRC002772,Electronics,Micro,LOC0114,AGT00228,397,1,1,3,1.0,382.54,1.0,1.0,3.0,5343.99,3.0,3.0,11.0,15952.19,11.0,10.0,1781.33,0,0,0
MRC002773,Electronics,Small,LOC0094,AGT00270,456,1,1,1,2.0,1495.3500000000001,2.0,2.0,3.0,6657.25,3.0,3.0,6.0,13339.52,6.0,6.0,2219.0833333333335,0,0,0
MRC002774,General Retail,Small,LOC0040,AGT00243,1831,0,1,43,0.0,0.0,0.0,0.0,0.0,0.0,0.0,0.0,3.0,3459.11,3.0,3.0,0.0,1,0,0
MRC002775,Restaurant,Micro,LOC0117,AGT00763,1592,0,1,28,0.0,0.0,0.0,0.0,1.0,393.61,1.0,1.0,2.0,2922.04,2.0,2.0,393.61,0,0,0
MRC002776,Education,Medium,LOC0085,AGT00294,2328,0,1,8,0.0,0.0,0.0,0.0,3.0,4807.11,3.0,3.0,9.0,9684.01,9.0,9.0,1602.37,0,0,0
MRC002777,General Retail,Micro,LOC0058,AGT00106,920,1,1,0,1.0,273.04,1.0,1.0,4.0,7236.6,4.0,3.0,11.0,18405.960000000003,11.0,10.0,1809.15,0,0,0
MRC002778,Grocery,Micro,LOC0046,AGT00766,1010,0,1,2,2.0,578.39,2.0,2.0,5.0,8476.769999999999,5.0,4.0,7.0,9275.64,7.0,6.0,1695.3539999999998,0,0,0
MRC002779,Electronics,Small,LOC0069,AGT00754,1357,1,1,9,0.0,0.0,0.0,0.0,1.0,380.16,1.0,1.0,2.0,3552.5899999999997,2.0,2.0,380.16,0,0,0
MRC002780,Grocery,Small,LOC0011,AGT00491,1993,1,1,0,21.0,20875.829999999998,21.0,6.0,93.0,169848.01,93.0,28.0,247.0,384278.64,246.0,81.0,1826.3226881720432,0,0,0
MRC002781,Education,Small,LOC0021,AGT00624,2320,1,1,3,1.0,1467.15,1.0,1.0,5.0,5458.200000000001,5.0,5.0,26.0,49031.12,26.0,23.0,1091.64,0,0,0
MRC002782,Restaurant,Medium,LOC0113,AGT00632,1880,1,1,0,4.0,3610.4,4.0,2.0,12.0,11274.55,12.0,7.0,30.0,44165.17,30.0,22.0,939.5458333333332,0,0,0
MRC002783,General Retail,Small,LOC0025,AGT00670,1395,1,0,0,5.0,5617.33,5.0,4.0,14.0,20885.25,14.0,13.0,42.0,44844.75,42.0,33.0,1491.8035714285713,0,0,0
MRC002784,Restaurant,Micro,LOC0020,AGT00607,2424,1,1,0,1.0,360.5,1.0,1.0,4.0,2401.51,4.0,4.0,11.0,15202.62,11.0,10.0,600.3775,0,0,0
MRC002785,Grocery,Micro,LOC0104,AGT00272,683,1,1,0,1.0,877.66,1.0,1.0,2.0,3900.45,2.0,2.0,6.0,8346.6,6.0,6.0,1950.225,0,0,0
MRC002786,General Retail,Micro,LOC0114,AGT00702,1315,1,1,8,0.0,0.0,0.0,0.0,8.0,9633.26,8.0,6.0,32.0,42168.4,32.0,26.0,1204.1575,0,0,0
MRC002787,General Retail,Small,LOC0099,AGT00690,826,1,0,1,3.0,7076.03,3.0,3.0,15.0,41507.840000000004,15.0,12.0,37.0,63993.04,37.0,31.0,2767.1893333333337,0,0,0
MRC002788,Transport,Micro,LOC0013,AGT00054,649,1,1,8,0.0,0.0,0.0,0.0,5.0,12533.810000000001,5.0,5.0,14.0,24577.3,14.0,14.0,2506.762,0,0,0
MRC002789,Healthcare,Small,LOC0101,AGT00039,1153,1,1,0,3.0,2008.06,3.0,2.0,5.0,3799.6099999999997,5.0,4.0,20.0,16845.35,20.0,17.0,759.9219999999999,0,0,0
MRC002790,Pharmacy,Small,LOC0033,AGT00475,1959,1,1,56,0.0,0.0,0.0,0.0,0.0,0.0,0.0,0.0,1.0,712.36,1.0,1.0,0.0,1,0,0
MRC002791,Transport,Small,LOC0002,AGT00617,986,1,1,11,0.0,0.0,0.0,0.0,2.0,2658.0499999999997,2.0,2.0,10.0,14529.779999999999,10.0,9.0,1329.0249999999999,0,0,0
MRC002792,Grocery,Micro,LOC0111,AGT00798,2076,1,1,0,6.0,3990.04,6.0,4.0,22.0,27013.82,22.0,16.0,64.0,99564.83,64.0,44.0,1227.9009090909092,0,0,0
MRC002793,Grocery,Micro,LOC0033,AGT00751,1621,1,1,13,0.0,0.0,0.0,0.0,4.0,12257.73,4.0,4.0,21.0,26579.75,21.0,19.0,3064.4325,0,0,0
MRC002794,General Retail,Medium,LOC0080,AGT00262,1832,1,1,83,0.0,0.0,0.0,0.0,0.0,0.0,0.0,0.0,1.0,475.67,1.0,1.0,0.0,1,1,0
MRC002795,Healthcare,Small,LOC0009,AGT00765,818,1,1,32,0.0,0.0,0.0,0.0,0.0,0.0,0.0,0.0,6.0,31229.769999999997,6.0,5.0,0.0,1,0,0
MRC002796,Pharmacy,Small,LOC0023,AGT00065,2173,1,1,2,3.0,5727.370000000001,3.0,3.0,16.0,51525.79,16.0,12.0,43.0,99907.12,43.0,35.0,3220.361875,0,0,0
MRC002797,Grocery,Small,LOC0106,AGT00560,732,0,1,0,1.0,3768.05,1.0,1.0,8.0,9309.45,8.0,7.0,23.0,24746.01,23.0,19.0,1163.68125,0,0,0
MRC002798,General Retail,Medium,LOC0072,AGT00788,1098,0,1,27,0.0,0.0,0.0,0.0,1.0,288.0,1.0,1.0,9.0,9438.24,9.0,9.0,288.0,0,0,0
MRC002799,Grocery,Micro,LOC0120,AGT00791,1998,1,1,3,3.0,2184.48,3.0,3.0,3.0,2184.48,3.0,3.0,7.0,5264.24,7.0,7.0,728.16,0,0,0
MRC002800,Pharmacy,Medium,LOC0022,AGT00206,1795,1,1,17,0.0,0.0,0.0,0.0,2.0,1541.08,2.0,2.0,7.0,6836.7300000000005,7.0,7.0,770.54,0,0,0
MRC002801,Grocery,Micro,LOC0107,AGT00626,941,1,0,22,0.0,0.0,0.0,0.0,1.0,2346.85,1.0,1.0,3.0,8995.78,3.0,3.0,2346.85,0,0,0
MRC002802,Grocery,Large,LOC0105,AGT00117,863,1,0,3,1.0,204.22,1.0,1.0,3.0,2541.55,3.0,3.0,5.0,3441.19,5.0,5.0,847.1833333333334,0,0,0
MRC002803,Restaurant,Micro,LOC0111,AGT00340,1233,1,1,3,2.0,2099.58,2.0,2.0,6.0,6413.25,6.0,6.0,22.0,30661.71,22.0,20.0,1068.875,0,0,0
MRC002804,General Retail,Micro,LOC0006,AGT00696,1262,1,1,17,0.0,0.0,0.0,0.0,1.0,1711.03,1.0,1.0,8.0,8319.24,8.0,8.0,1711.03,0,0,0
MRC002805,Restaurant,Micro,LOC0013,AGT00649,416,1,1,1,1.0,232.21,1.0,1.0,5.0,6393.37,5.0,5.0,19.0,21669.6,19.0,18.0,1278.674,0,0,0
MRC002806,Electronics,Medium,LOC0064,AGT00713,816,1,1,11,0.0,0.0,0.0,0.0,6.0,7338.34,6.0,6.0,20.0,35250.83,20.0,19.0,1223.0566666666666,0,0,0
MRC002807,Healthcare,Large,LOC0014,AGT00389,624,0,1,0,4.0,4036.67,4.0,3.0,15.0,20641.7,15.0,11.0,45.0,57588.54,45.0,34.0,1376.1133333333335,0,0,0
MRC002808,Electronics,Micro,LOC0008,AGT00063,624,1,1,6,2.0,5427.0199999999995,2.0,1.0,7.0,11206.22,7.0,5.0,23.0,40063.1,23.0,19.0,1600.8885714285714,0,0,0
MRC002809,Healthcare,Micro,LOC0098,AGT00017,1059,1,1,12,0.0,0.0,0.0,0.0,3.0,6907.21,3.0,3.0,18.0,54435.08,18.0,16.0,2302.403333333333,0,0,0
MRC002810,Transport,Micro,LOC0084,AGT00675,365,1,1,12,0.0,0.0,0.0,0.0,4.0,3151.8399999999997,4.0,4.0,14.0,11324.83,14.0,14.0,787.9599999999999,0,0,0
MRC002811,Education,Micro,LOC0102,AGT00058,1766,0,1,4,1.0,76.23,1.0,1.0,1.0,76.23,1.0,1.0,5.0,5944.200000000001,5.0,5.0,76.23,0,0,0
MRC002812,Transport,Small,LOC0113,AGT00084,1754,1,0,18,0.0,0.0,0.0,0.0,2.0,1058.42,2.0,2.0,7.0,15336.09,7.0,7.0,529.21,0,0,0
MRC002813,Utility,Micro,LOC0018,AGT00109,768,0,1,1,2.0,1156.32,2.0,2.0,6.0,13693.929999999998,6.0,6.0,14.0,25459.85,14.0,14.0,2282.3216666666663,0,0,0
MRC002814,Healthcare,Large,LOC0100,AGT00629,2199,1,1,1,5.0,8023.01,5.0,4.0,7.0,9778.24,7.0,6.0,22.0,46135.28,22.0,18.0,1396.8914285714286,0,0,0
MRC002815,Utility,Medium,LOC0006,AGT00045,1584,1,1,1,3.0,1620.49,3.0,3.0,12.0,22546.85,12.0,10.0,45.0,83216.65,45.0,35.0,1878.9041666666665,0,0,0
MRC002816,Grocery,Micro,LOC0045,AGT00453,974,1,1,18,0.0,0.0,0.0,0.0,2.0,1454.8400000000001,2.0,2.0,4.0,1779.3899999999999,4.0,4.0,727.4200000000001,0,0,0
MRC002817,Transport,Small,LOC0036,AGT00081,710,1,1,2,2.0,2889.6,2.0,2.0,4.0,5961.59,4.0,4.0,9.0,13326.539999999999,9.0,8.0,1490.3975,0,0,0
MRC002818,Healthcare,Large,LOC0029,AGT00467,1224,1,1,10,0.0,0.0,0.0,0.0,2.0,1941.99,2.0,2.0,7.0,12938.08,7.0,7.0,970.995,0,0,0
MRC002819,Restaurant,Medium,LOC0087,AGT00305,2384,0,1,1,6.0,11445.13,6.0,4.0,20.0,29269.03,20.0,15.0,56.0,78987.36,56.0,41.0,1463.4515,0,0,0
MRC002820,General Retail,Small,LOC0015,AGT00050,294,1,1,15,0.0,0.0,0.0,0.0,2.0,3365.24,2.0,2.0,7.0,12477.29,7.0,7.0,1682.62,0,0,0
MRC002821,Restaurant,Micro,LOC0098,AGT00335,330,1,1,24,0.0,0.0,0.0,0.0,2.0,2362.2599999999998,2.0,2.0,8.0,8546.3,8.0,8.0,1181.1299999999999,0,0,0
MRC002822,Pharmacy,Micro,LOC0105,AGT00072,1189,1,1,9,0.0,0.0,0.0,0.0,3.0,1227.66,3.0,3.0,10.0,11755.51,10.0,10.0,409.22,0,0,0
MRC002823,General Retail,Small,LOC0080,AGT00262,2295,1,1,31,0.0,0.0,0.0,0.0,0.0,0.0,0.0,0.0,5.0,5935.400000000001,5.0,5.0,0.0,1,0,0
MRC002824,Pharmacy,Micro,LOC0010,AGT00025,901,0,0,52,0.0,0.0,0.0,0.0,0.0,0.0,0.0,0.0,1.0,420.49,1.0,1.0,0.0,1,0,0
MRC002825,Restaurant,Small,LOC0072,AGT00788,1920,1,1,26,0.0,0.0,0.0,0.0,1.0,589.12,1.0,1.0,1.0,589.12,1.0,1.0,589.12,0,0,0
MRC002826,Restaurant,Small,LOC0076,AGT00353,1541,0,1,34,0.0,0.0,0.0,0.0,0.0,0.0,0.0,0.0,7.0,12797.94,7.0,7.0,0.0,1,0,0
MRC002827,General Retail,Small,LOC0045,AGT00141,722,0,1,2,2.0,2056.8199999999997,2.0,2.0,6.0,4496.52,6.0,6.0,15.0,13593.970000000001,15.0,15.0,749.4200000000001,0,0,0
MRC002828,Fashion,Micro,LOC0045,AGT00589,2272,1,1,2,1.0,1009.76,1.0,1.0,2.0,1309.84,2.0,2.0,6.0,3739.49,6.0,6.0,654.92,0,0,0
MRC002829,Transport,Small,LOC0057,AGT00628,643,0,0,3,2.0,960.52,2.0,1.0,10.0,21832.63,10.0,9.0,26.0,53410.25,26.0,23.0,2183.263,0,0,0
MRC002830,Utility,Medium,LOC0120,AGT00220,1392,0,1,6,1.0,178.8,1.0,1.0,4.0,11702.65,4.0,4.0,8.0,17847.87,8.0,8.0,2925.6625,0,0,0
MRC002831,Education,Micro,LOC0001,AGT00433,1734,1,1,18,0.0,0.0,0.0,0.0,1.0,363.19,1.0,1.0,7.0,19986.75,7.0,6.0,363.19,0,0,0
MRC002832,General Retail,Micro,LOC0062,AGT00487,1763,1,0,4,1.0,1100.46,1.0,1.0,2.0,1372.3400000000001,2.0,2.0,4.0,6266.1900000000005,4.0,4.0,686.1700000000001,0,0,0
MRC002833,Utility,Medium,LOC0039,AGT00124,2153,1,1,3,3.0,1199.96,3.0,1.0,10.0,8934.2,10.0,6.0,19.0,22221.47,19.0,14.0,893.4200000000001,0,0,0
MRC002834,Restaurant,Small,LOC0066,AGT00292,1828,1,1,7,0.0,0.0,0.0,0.0,1.0,643.5,1.0,1.0,6.0,7428.32,6.0,6.0,643.5,0,0,0
MRC002835,General Retail,Small,LOC0001,AGT00433,1723,0,1,1,2.0,3810.9,2.0,2.0,6.0,8005.48,6.0,6.0,27.0,26453.55,27.0,24.0,1334.2466666666667,0,0,0
MRC002836,Electronics,Medium,LOC0111,AGT00164,620,1,1,4,3.0,415.63,3.0,3.0,5.0,3173.06,5.0,5.0,11.0,14737.82,11.0,10.0,634.612,0,0,0
MRC002837,Grocery,Small,LOC0055,AGT00565,956,1,1,2,1.0,845.32,1.0,1.0,4.0,4843.610000000001,4.0,4.0,17.0,24756.38,17.0,16.0,1210.9025000000001,0,0,0
MRC002838,Pharmacy,Large,LOC0117,AGT00129,1044,0,1,10,0.0,0.0,0.0,0.0,1.0,340.69,1.0,1.0,3.0,1011.75,3.0,3.0,340.69,0,0,0
MRC002839,Education,Medium,LOC0019,AGT00182,1097,1,1,1,3.0,4086.8100000000004,3.0,3.0,11.0,12452.34,11.0,9.0,33.0,75281.18000000001,33.0,30.0,1132.030909090909,0,0,0
MRC002840,Grocery,Micro,LOC0071,AGT00409,534,1,1,4,1.0,3638.65,1.0,1.0,9.0,9182.380000000001,9.0,8.0,32.0,38998.94,32.0,27.0,1020.2644444444445,0,0,0
MRC002841,Education,Micro,LOC0082,AGT00642,494,0,1,35,0.0,0.0,0.0,0.0,0.0,0.0,0.0,0.0,3.0,2924.88,3.0,3.0,0.0,1,0,0
MRC002842,Restaurant,Micro,LOC0096,AGT00179,1250,1,1,27,0.0,0.0,0.0,0.0,1.0,999.78,1.0,1.0,10.0,17512.83,10.0,9.0,999.78,0,0,0
MRC002843,Electronics,Small,LOC0002,AGT00617,1866,1,1,5,1.0,134.68,1.0,1.0,1.0,134.68,1.0,1.0,6.0,6792.21,6.0,6.0,134.68,0,0,0
MRC002844,Grocery,Small,LOC0077,AGT00168,2225,1,1,8,0.0,0.0,0.0,0.0,2.0,333.97999999999996,2.0,2.0,11.0,11232.99,11.0,10.0,166.98999999999998,0,0,0
MRC002845,General Retail,Small,LOC0018,AGT00693,2341,0,1,0,3.0,3890.45,3.0,3.0,3.0,3890.45,3.0,3.0,10.0,15972.57,10.0,10.0,1296.8166666666666,0,0,0
MRC002846,Restaurant,Large,LOC0052,AGT00740,1337,1,1,7,0.0,0.0,0.0,0.0,1.0,1216.71,1.0,1.0,1.0,1216.71,1.0,1.0,1216.71,0,0,0
MRC002847,Grocery,Small,LOC0007,AGT00153,2249,0,1,15,0.0,0.0,0.0,0.0,1.0,164.1,1.0,1.0,8.0,4027.6,8.0,7.0,164.1,0,0,0
MRC002848,Fashion,Small,LOC0007,AGT00679,1283,1,1,1,4.0,4997.110000000001,4.0,3.0,11.0,8447.77,11.0,9.0,23.0,30444.86,23.0,21.0,767.9790909090909,0,0,0
MRC002849,Fashion,Small,LOC0092,AGT00042,1321,1,1,0,2.0,333.94,2.0,2.0,8.0,12970.42,8.0,7.0,26.0,35576.56,26.0,24.0,1621.3025,0,0,0
MRC002850,Transport,Small,LOC0087,AGT00305,744,1,1,19,0.0,0.0,0.0,0.0,4.0,6616.889999999999,4.0,4.0,4.0,6616.889999999999,4.0,4.0,1654.2224999999999,0,0,0
MRC002851,Electronics,Micro,LOC0108,AGT00645,1659,1,1,4,1.0,1587.1,1.0,1.0,1.0,1587.1,1.0,1.0,5.0,6893.54,5.0,5.0,1587.1,0,0,0
MRC002852,Grocery,Small,LOC0085,AGT00315,964,1,1,6,1.0,659.8,1.0,1.0,1.0,659.8,1.0,1.0,4.0,5531.87,4.0,4.0,659.8,0,0,0
MRC002853,General Retail,Small,LOC0072,AGT00788,1346,0,1,269,0.0,0.0,0.0,0.0,0.0,0.0,0.0,0.0,0.0,0.0,0.0,0.0,0.0,1,1,1
MRC002854,Fashion,Micro,LOC0015,AGT00538,2333,1,1,28,0.0,0.0,0.0,0.0,1.0,2800.91,1.0,1.0,4.0,7673.98,4.0,4.0,2800.91,0,0,0
MRC002855,Grocery,Small,LOC0092,AGT00350,1480,1,1,19,0.0,0.0,0.0,0.0,3.0,19833.309999999998,3.0,3.0,7.0,24979.57,7.0,7.0,6611.103333333333,0,0,0
MRC002856,Utility,Small,LOC0028,AGT00051,949,0,1,8,0.0,0.0,0.0,0.0,5.0,6450.4,5.0,4.0,12.0,14320.65,12.0,11.0,1290.08,0,0,0
MRC002857,Transport,Micro,LOC0013,AGT00054,1751,1,1,116,0.0,0.0,0.0,0.0,0.0,0.0,0.0,0.0,0.0,0.0,0.0,0.0,0.0,1,1,1
MRC002858,Transport,Medium,LOC0088,AGT00442,1885,1,1,17,0.0,0.0,0.0,0.0,1.0,2515.27,1.0,1.0,3.0,2915.89,3.0,3.0,2515.27,0,0,0
MRC002859,Fashion,Micro,LOC0071,AGT00519,1612,1,1,31,0.0,0.0,0.0,0.0,0.0,0.0,0.0,0.0,6.0,13896.21,6.0,6.0,0.0,1,0,0
MRC002860,Restaurant,Small,LOC0018,AGT00476,379,1,1,3,1.0,1015.27,1.0,1.0,3.0,2581.34,3.0,3.0,18.0,53300.87,18.0,15.0,860.4466666666667,0,0,0
MRC002861,Electronics,Small,LOC0066,AGT00292,781,1,0,1,11.0,15627.07,11.0,6.0,48.0,55377.340000000004,48.0,23.0,169.0,232405.07,169.0,76.0,1153.6945833333334,0,0,0
MRC002862,Grocery,Micro,LOC0083,AGT00310,567,1,1,0,1.0,3962.73,1.0,1.0,3.0,6557.73,3.0,3.0,8.0,20747.13,8.0,7.0,2185.91,0,0,0
MRC002863,Restaurant,Small,LOC0060,AGT00185,2375,1,1,21,0.0,0.0,0.0,0.0,1.0,452.61,1.0,1.0,1.0,452.61,1.0,1.0,452.61,0,0,0
MRC002864,General Retail,Micro,LOC0087,AGT00077,967,1,0,0,1.0,927.28,1.0,1.0,1.0,927.28,1.0,1.0,2.0,1113.12,2.0,2.0,927.28,0,0,0
MRC002865,Transport,Micro,LOC0061,AGT00425,1323,1,1,1,3.0,3093.4399999999996,3.0,3.0,9.0,13985.39,9.0,9.0,15.0,29680.559999999998,15.0,15.0,1553.9322222222222,0,0,0
MRC002866,Restaurant,Small,LOC0043,AGT00759,2256,0,1,15,0.0,0.0,0.0,0.0,1.0,285.43,1.0,1.0,1.0,285.43,1.0,1.0,285.43,0,0,0
MRC002867,Pharmacy,Micro,LOC0027,AGT00568,2452,1,1,0,1.0,640.37,1.0,1.0,9.0,11356.01,9.0,9.0,39.0,65732.88,39.0,32.0,1261.778888888889,0,0,0
MRC002868,Healthcare,Large,LOC0031,AGT00116,766,1,1,0,2.0,1625.21,2.0,2.0,8.0,13260.689999999999,8.0,6.0,14.0,20151.3,14.0,12.0,1657.5862499999998,0,0,0
MRC002869,Pharmacy,Small,LOC0098,AGT00333,2164,1,1,0,2.0,3563.13,2.0,2.0,4.0,10692.21,4.0,4.0,8.0,12745.68,8.0,7.0,2673.0525,0,0,0
MRC002870,Grocery,Micro,LOC0045,AGT00761,1874,1,1,36,0.0,0.0,0.0,0.0,0.0,0.0,0.0,0.0,1.0,2118.25,1.0,1.0,0.0,1,0,0
MRC002871,Grocery,Medium,LOC0086,AGT00419,1628,1,0,7,0.0,0.0,0.0,0.0,5.0,3278.6099999999997,5.0,4.0,27.0,51522.08,27.0,23.0,655.722,0,0,0
MRC002872,Healthcare,Small,LOC0044,AGT00227,653,1,1,41,0.0,0.0,0.0,0.0,0.0,0.0,0.0,0.0,2.0,4912.0,2.0,2.0,0.0,1,0,0
MRC002873,Transport,Small,LOC0064,AGT00165,1797,1,1,16,0.0,0.0,0.0,0.0,2.0,509.30999999999995,2.0,2.0,10.0,19821.37,10.0,9.0,254.65499999999997,0,0,0
MRC002874,Grocery,Small,LOC0073,AGT00126,1626,1,1,4,1.0,689.41,1.0,1.0,4.0,7712.81,4.0,4.0,7.0,13857.65,7.0,7.0,1928.2025,0,0,0
MRC002875,Grocery,Medium,LOC0058,AGT00413,1262,1,1,80,0.0,0.0,0.0,0.0,0.0,0.0,0.0,0.0,1.0,370.48,1.0,1.0,0.0,1,1,0
MRC002876,Transport,Micro,LOC0090,AGT00299,1569,1,1,18,0.0,0.0,0.0,0.0,1.0,13997.17,1.0,1.0,7.0,18731.16,7.0,7.0,13997.17,0,0,0
MRC002877,Education,Micro,LOC0111,AGT00340,747,1,1,50,0.0,0.0,0.0,0.0,0.0,0.0,0.0,0.0,3.0,12396.380000000001,3.0,3.0,0.0,1,0,0
MRC002878,Transport,Large,LOC0104,AGT00656,1645,1,0,105,0.0,0.0,0.0,0.0,0.0,0.0,0.0,0.0,0.0,0.0,0.0,0.0,0.0,1,1,1
MRC002879,Grocery,Micro,LOC0111,AGT00164,621,1,1,20,0.0,0.0,0.0,0.0,3.0,6797.61,3.0,3.0,12.0,37328.51,12.0,12.0,2265.87,0,0,0
MRC002880,Healthcare,Small,LOC0004,AGT00503,912,1,1,5,1.0,968.73,1.0,1.0,7.0,7353.28,7.0,7.0,18.0,24114.96,18.0,18.0,1050.4685714285713,0,0,0
MRC002881,General Retail,Small,LOC0092,AGT00455,1368,0,1,1,2.0,6060.51,2.0,2.0,2.0,6060.51,2.0,2.0,8.0,27800.4,8.0,7.0,3030.255,0,0,0
MRC002882,Education,Small,LOC0088,AGT00241,641,0,1,9,0.0,0.0,0.0,0.0,1.0,519.74,1.0,1.0,3.0,1571.1,3.0,3.0,519.74,0,0,0
MRC002883,Grocery,Small,LOC0050,AGT00738,2283,1,1,20,0.0,0.0,0.0,0.0,2.0,3987.23,2.0,2.0,7.0,7276.67,7.0,6.0,1993.615,0,0,0
MRC002884,Transport,Large,LOC0038,AGT00529,2223,1,0,7,0.0,0.0,0.0,0.0,3.0,3813.29,3.0,2.0,6.0,15272.59,6.0,5.0,1271.0966666666666,0,0,0
MRC002885,Restaurant,Micro,LOC0007,AGT00452,1323,1,1,62,0.0,0.0,0.0,0.0,0.0,0.0,0.0,0.0,1.0,536.13,1.0,1.0,0.0,1,1,0
MRC002886,Grocery,Small,LOC0101,AGT00382,1531,1,1,5,1.0,3953.21,1.0,1.0,8.0,10569.32,8.0,7.0,13.0,36360.25,13.0,12.0,1321.165,0,0,0
MRC002887,Restaurant,Small,LOC0101,AGT00135,924,0,1,16,0.0,0.0,0.0,0.0,1.0,152.27,1.0,1.0,3.0,2861.0200000000004,3.0,3.0,152.27,0,0,0
MRC002888,General Retail,Micro,LOC0010,AGT00025,750,0,1,3,1.0,1229.45,1.0,1.0,3.0,2227.09,3.0,3.0,7.0,8616.619999999999,7.0,7.0,742.3633333333333,0,0,0
MRC002889,Restaurant,Medium,LOC0070,AGT00421,2386,1,1,19,0.0,0.0,0.0,0.0,1.0,108.54,1.0,1.0,3.0,3591.91,3.0,3.0,108.54,0,0,0
MRC002890,General Retail,Small,LOC0067,AGT00426,1190,0,1,1,1.0,1789.05,1.0,1.0,2.0,2119.97,2.0,2.0,5.0,3485.34,5.0,5.0,1059.985,0,0,0
MRC002891,Electronics,Micro,LOC0021,AGT00225,2370,1,1,5,1.0,3313.21,1.0,1.0,10.0,28038.27,10.0,7.0,25.0,45324.8,25.0,19.0,2803.827,0,0,0
MRC002892,Electronics,Medium,LOC0066,AGT00293,433,1,1,2,2.0,796.54,2.0,2.0,3.0,969.3499999999999,3.0,3.0,12.0,7979.51,12.0,11.0,323.1166666666666,0,0,0
MRC002893,Grocery,Medium,LOC0098,AGT00370,520,1,1,89,0.0,0.0,0.0,0.0,0.0,0.0,0.0,0.0,1.0,19217.67,1.0,1.0,0.0,1,1,0
MRC002894,Transport,Micro,LOC0040,AGT00243,1325,0,1,20,0.0,0.0,0.0,0.0,1.0,182.59,1.0,1.0,4.0,5155.21,4.0,4.0,182.59,0,0,0
MRC002895,Grocery,Small,LOC0088,AGT00261,1995,1,1,2,1.0,119.27,1.0,1.0,4.0,3811.08,4.0,4.0,10.0,12508.19,10.0,9.0,952.77,0,0,0
MRC002896,Fashion,Micro,LOC0117,AGT00716,1213,1,1,7,0.0,0.0,0.0,0.0,2.0,932.78,2.0,2.0,7.0,9357.14,7.0,7.0,466.39,0,0,0
MRC002897,Pharmacy,Micro,LOC0055,AGT00752,2122,1,1,2,1.0,1685.13,1.0,1.0,2.0,4022.13,2.0,2.0,6.0,7883.07,6.0,6.0,2011.065,0,0,0
MRC002898,Restaurant,Micro,LOC0013,AGT00054,577,1,1,10,0.0,0.0,0.0,0.0,4.0,6188.75,4.0,3.0,13.0,17780.75,13.0,11.0,1547.1875,0,0,0
MRC002899,Electronics,Medium,LOC0036,AGT00447,2157,1,0,0,2.0,1188.35,2.0,2.0,4.0,2113.87,4.0,4.0,11.0,15839.81,11.0,10.0,528.4675,0,0,0
MRC002900,Grocery,Micro,LOC0017,AGT00552,1257,1,0,24,0.0,0.0,0.0,0.0,1.0,324.66,1.0,1.0,3.0,5705.41,3.0,3.0,324.66,0,0,0
MRC002901,Pharmacy,Micro,LOC0043,AGT00456,909,0,1,0,5.0,8257.15,5.0,4.0,8.0,16983.51,8.0,7.0,12.0,38626.98,12.0,11.0,2122.93875,0,0,0
MRC002902,General Retail,Small,LOC0078,AGT00622,1684,1,1,13,0.0,0.0,0.0,0.0,3.0,3664.8100000000004,3.0,2.0,5.0,13020.22,5.0,4.0,1221.6033333333335,0,0,0
MRC002903,Grocery,Small,LOC0025,AGT00670,1988,1,1,3,4.0,1443.8899999999999,4.0,3.0,17.0,22220.620000000003,17.0,14.0,54.0,107247.44,54.0,43.0,1307.0952941176472,0,0,0
MRC002904,Restaurant,Micro,LOC0062,AGT00240,2315,0,1,13,0.0,0.0,0.0,0.0,2.0,15470.92,2.0,2.0,6.0,20189.83,6.0,6.0,7735.46,0,0,0
MRC002905,Restaurant,Micro,LOC0120,AGT00434,478,1,0,1,1.0,710.77,1.0,1.0,3.0,2330.82,3.0,3.0,9.0,6989.6900000000005,9.0,9.0,776.94,0,0,0
MRC002906,Restaurant,Small,LOC0032,AGT00056,1823,1,1,0,2.0,942.13,2.0,2.0,9.0,27425.39,9.0,9.0,23.0,69922.9,23.0,21.0,3047.2655555555557,0,0,0
MRC002907,Transport,Small,LOC0106,AGT00560,974,1,1,23,0.0,0.0,0.0,0.0,2.0,2340.1800000000003,2.0,2.0,7.0,7307.9400000000005,7.0,7.0,1170.0900000000001,0,0,0
MRC002908,Pharmacy,Small,LOC0037,AGT00769,1384,1,1,3,1.0,6367.68,1.0,1.0,3.0,9969.27,3.0,3.0,3.0,9969.27,3.0,3.0,3323.09,0,0,0
MRC002909,Fashion,Micro,LOC0074,AGT00298,1296,0,1,0,3.0,3414.67,3.0,3.0,9.0,8201.0,9.0,8.0,18.0,13854.93,18.0,17.0,911.2222222222222,0,0,0
MRC002910,Transport,Small,LOC0019,AGT00182,1969,1,1,12,0.0,0.0,0.0,0.0,3.0,4289.94,3.0,3.0,10.0,13071.86,10.0,9.0,1429.9799999999998,0,0,0
MRC002911,Restaurant,Small,LOC0033,AGT00751,1157,0,1,1,4.0,1866.56,4.0,3.0,27.0,32796.32,27.0,16.0,89.0,128097.76,89.0,53.0,1214.6785185185186,0,0,0
MRC002912,General Retail,Micro,LOC0105,AGT00117,898,1,1,3,1.0,48.19,1.0,1.0,9.0,7491.09,9.0,9.0,21.0,22628.29,21.0,21.0,832.3433333333334,0,0,0
MRC002913,General Retail,Micro,LOC0071,AGT00638,1351,1,1,2,1.0,317.98,1.0,1.0,5.0,12579.130000000001,5.0,5.0,20.0,32076.0,20.0,19.0,2515.826,0,0,0
MRC002914,Grocery,Small,LOC0069,AGT00477,1748,1,0,2,1.0,253.11,1.0,1.0,7.0,7826.12,7.0,6.0,20.0,26171.7,20.0,18.0,1118.0171428571427,0,0,0
MRC002915,Restaurant,Micro,LOC0062,AGT00240,2136,1,1,1,2.0,718.63,2.0,2.0,2.0,718.63,2.0,2.0,5.0,10388.99,5.0,5.0,359.315,0,0,0
MRC002916,Pharmacy,Micro,LOC0030,AGT00080,298,0,0,13,0.0,0.0,0.0,0.0,3.0,1625.04,3.0,3.0,3.0,1625.04,3.0,3.0,541.68,0,0,0
MRC002917,Grocery,Medium,LOC0112,AGT00786,1529,1,1,35,0.0,0.0,0.0,0.0,0.0,0.0,0.0,0.0,2.0,860.5999999999999,2.0,2.0,0.0,1,0,0
MRC002918,Fashion,Small,LOC0048,AGT00465,445,1,1,1,4.0,2439.35,4.0,3.0,10.0,7714.21,10.0,8.0,23.0,21809.52,23.0,21.0,771.421,0,0,0
MRC002919,Education,Small,LOC0002,AGT00617,1641,1,1,1,1.0,364.13,1.0,1.0,4.0,2978.6099999999997,4.0,4.0,34.0,59615.07,34.0,29.0,744.6524999999999,0,0,0
MRC002920,Fashion,Micro,LOC0109,AGT00242,1651,1,1,4,2.0,2017.74,2.0,2.0,7.0,8967.18,7.0,7.0,22.0,32814.92,22.0,19.0,1281.0257142857142,0,0,0
MRC002921,Pharmacy,Small,LOC0006,AGT00696,2155,1,1,3,2.0,1167.36,2.0,1.0,3.0,10340.09,3.0,2.0,14.0,36621.26,14.0,13.0,3446.6966666666667,0,0,0
MRC002922,Pharmacy,Small,LOC0107,AGT00414,707,1,1,1,9.0,18528.95,9.0,4.0,18.0,27971.7,18.0,11.0,60.0,80385.49,60.0,40.0,1553.9833333333333,0,0,0
MRC002923,General Retail,Medium,LOC0032,AGT00592,2023,1,1,1,1.0,553.64,1.0,1.0,2.0,1821.0,2.0,2.0,4.0,3088.34,4.0,4.0,910.5,0,0,0
MRC002924,General Retail,Small,LOC0009,AGT00127,1791,1,1,50,0.0,0.0,0.0,0.0,0.0,0.0,0.0,0.0,2.0,2955.67,2.0,2.0,0.0,1,0,0
MRC002925,Grocery,Small,LOC0027,AGT00532,1740,0,1,6,1.0,754.68,1.0,1.0,6.0,4161.44,6.0,6.0,15.0,11782.23,15.0,15.0,693.5733333333333,0,0,0
MRC002926,Transport,Micro,LOC0079,AGT00061,1678,1,1,1,3.0,2073.2200000000003,3.0,2.0,14.0,13224.27,14.0,12.0,40.0,63302.159999999996,40.0,36.0,944.5907142857143,0,0,0
MRC002927,Fashion,Small,LOC0066,AGT00292,1488,1,1,52,0.0,0.0,0.0,0.0,0.0,0.0,0.0,0.0,2.0,1092.3700000000001,2.0,2.0,0.0,1,0,0
MRC002928,Transport,Medium,LOC0019,AGT00482,426,1,1,136,0.0,0.0,0.0,0.0,0.0,0.0,0.0,0.0,0.0,0.0,0.0,0.0,0.0,1,1,1
MRC002929,Education,Small,LOC0037,AGT00226,2063,1,1,3,2.0,2374.2400000000002,2.0,2.0,5.0,12031.599999999999,5.0,5.0,13.0,26809.88,13.0,12.0,2406.3199999999997,0,0,0
MRC002930,General Retail,Small,LOC0026,AGT00776,1144,1,1,8,0.0,0.0,0.0,0.0,4.0,5273.38,4.0,4.0,16.0,23009.46,16.0,13.0,1318.345,0,0,0
MRC002931,Grocery,Medium,LOC0079,AGT00725,515,1,0,205,0.0,0.0,0.0,0.0,0.0,0.0,0.0,0.0,0.0,0.0,0.0,0.0,0.0,1,1,1
MRC002932,Restaurant,Medium,LOC0104,AGT00506,1626,0,1,3,2.0,1622.5,2.0,2.0,8.0,4236.93,8.0,6.0,21.0,16641.03,21.0,16.0,529.61625,0,0,0
MRC002933,General Retail,Micro,LOC0031,AGT00782,2356,1,1,70,0.0,0.0,0.0,0.0,0.0,0.0,0.0,0.0,4.0,1488.43,4.0,4.0,0.0,1,1,0
MRC002934,Grocery,Micro,LOC0108,AGT00620,1845,1,1,3,3.0,4043.0600000000004,3.0,1.0,8.0,11142.949999999999,8.0,6.0,21.0,26885.61,21.0,17.0,1392.8687499999999,0,0,0
MRC002935,Grocery,Small,LOC0049,AGT00399,824,1,1,16,0.0,0.0,0.0,0.0,1.0,2065.38,1.0,1.0,3.0,2940.16,3.0,3.0,2065.38,0,0,0
MRC002936,Healthcare,Large,LOC0010,AGT00025,2070,1,1,110,0.0,0.0,0.0,0.0,0.0,0.0,0.0,0.0,0.0,0.0,0.0,0.0,0.0,1,1,1
MRC002937,Utility,Small,LOC0039,AGT00190,2136,1,1,4,2.0,2283.92,2.0,2.0,3.0,2817.16,3.0,3.0,13.0,20205.57,13.0,11.0,939.0533333333333,0,0,0
MRC002938,Transport,Micro,LOC0105,AGT00279,1009,0,0,3,2.0,3051.61,2.0,2.0,9.0,13334.429999999998,9.0,7.0,29.0,33489.82,29.0,21.0,1481.6033333333332,0,0,0
MRC002939,Utility,Small,LOC0098,AGT00370,1429,0,1,8,0.0,0.0,0.0,0.0,5.0,4841.42,5.0,5.0,19.0,24661.77,19.0,18.0,968.284,0,0,0
MRC002940,Transport,Micro,LOC0088,AGT00053,2115,0,1,2,5.0,6262.34,5.0,4.0,42.0,51885.45,42.0,21.0,106.0,124575.07,106.0,60.0,1235.367857142857,0,0,0
MRC002941,Grocery,Micro,LOC0048,AGT00095,631,1,1,28,0.0,0.0,0.0,0.0,1.0,495.39,1.0,1.0,3.0,1411.9,3.0,3.0,495.39,0,0,0
MRC002942,Education,Micro,LOC0094,AGT00777,1061,0,1,54,0.0,0.0,0.0,0.0,0.0,0.0,0.0,0.0,4.0,2942.39,4.0,4.0,0.0,1,0,0
MRC002943,Utility,Micro,LOC0086,AGT00469,1284,1,0,36,0.0,0.0,0.0,0.0,0.0,0.0,0.0,0.0,3.0,3184.78,3.0,2.0,0.0,1,0,0
MRC002944,General Retail,Small,LOC0096,AGT00380,302,1,1,21,0.0,0.0,0.0,0.0,1.0,1035.55,1.0,1.0,4.0,6609.13,4.0,4.0,1035.55,0,0,0
MRC002945,Pharmacy,Micro,LOC0067,AGT00509,651,1,1,4,1.0,752.02,1.0,1.0,4.0,3238.95,4.0,4.0,11.0,13198.5,11.0,10.0,809.7375,0,0,0
MRC002946,Grocery,Micro,LOC0061,AGT00524,1619,1,0,37,0.0,0.0,0.0,0.0,0.0,0.0,0.0,0.0,4.0,7965.3099999999995,4.0,4.0,0.0,1,0,0
MRC002947,Utility,Small,LOC0117,AGT00753,862,1,1,2,2.0,3607.63,2.0,2.0,7.0,40828.25,7.0,7.0,21.0,63610.92,21.0,20.0,5832.607142857143,0,0,0
MRC002948,Pharmacy,Micro,LOC0114,AGT00702,815,1,1,6,1.0,750.85,1.0,1.0,4.0,3269.0400000000004,4.0,4.0,14.0,28829.96,14.0,14.0,817.2600000000001,0,0,0
MRC002949,Grocery,Small,LOC0065,AGT00313,933,1,0,1,3.0,6158.09,3.0,3.0,20.0,23246.58,20.0,12.0,55.0,75980.2,55.0,36.0,1162.3290000000002,0,0,0
MRC002950,General Retail,Micro,LOC0025,AGT00114,558,1,1,3,1.0,748.23,1.0,1.0,3.0,2954.83,3.0,3.0,4.0,5517.0599999999995,4.0,4.0,984.9433333333333,0,0,0
MRC002951,Electronics,Micro,LOC0050,AGT00531,1678,1,1,3,2.0,9000.759999999998,2.0,2.0,6.0,24869.72,6.0,6.0,12.0,34680.450000000004,12.0,12.0,4144.953333333334,0,0,0
MRC002952,Restaurant,Small,LOC0061,AGT00428,851,1,1,4,2.0,8054.47,2.0,2.0,9.0,19995.62,9.0,9.0,20.0,36121.65,20.0,19.0,2221.7355555555555,0,0,0
MRC002953,Grocery,Micro,LOC0082,AGT00642,1710,1,0,2,1.0,221.63,1.0,1.0,3.0,9718.039999999999,3.0,3.0,9.0,15877.289999999999,9.0,9.0,3239.3466666666664,0,0,0
MRC002954,Grocery,Micro,LOC0039,AGT00445,2095,0,0,13,0.0,0.0,0.0,0.0,1.0,577.96,1.0,1.0,3.0,1488.8000000000002,3.0,3.0,577.96,0,0,0
MRC002955,Utility,Micro,LOC0006,AGT00045,1332,1,1,19,0.0,0.0,0.0,0.0,2.0,2486.54,2.0,2.0,5.0,3357.25,5.0,5.0,1243.27,0,0,0
MRC002956,Fashion,Micro,LOC0099,AGT00546,2284,1,1,13,0.0,0.0,0.0,0.0,3.0,2331.65,3.0,3.0,9.0,8930.42,9.0,9.0,777.2166666666667,0,0,0
MRC002957,Grocery,Micro,LOC0114,AGT00228,715,1,1,19,0.0,0.0,0.0,0.0,4.0,3206.01,4.0,3.0,15.0,13778.75,15.0,13.0,801.5025,0,0,0
MRC002958,Restaurant,Micro,LOC0010,AGT00653,2388,1,1,13,0.0,0.0,0.0,0.0,3.0,3758.6099999999997,3.0,3.0,9.0,16114.98,9.0,9.0,1252.87,0,0,0
MRC002959,Grocery,Micro,LOC0039,AGT00466,990,1,0,16,0.0,0.0,0.0,0.0,1.0,466.37,1.0,1.0,5.0,6303.54,5.0,5.0,466.37,0,0,0
MRC002960,Grocery,Micro,LOC0053,AGT00252,948,1,0,5,1.0,1386.33,1.0,1.0,1.0,1386.33,1.0,1.0,2.0,2068.37,2.0,2.0,1386.33,0,0,0
MRC002961,Pharmacy,Medium,LOC0092,AGT00281,2427,1,1,0,1.0,8290.91,1.0,1.0,3.0,8726.039999999999,3.0,3.0,15.0,33877.59,15.0,15.0,2908.68,0,0,0
MRC002962,Electronics,Micro,LOC0093,AGT00295,1283,1,1,5,1.0,335.39,1.0,1.0,6.0,10088.619999999999,6.0,6.0,15.0,24459.41,15.0,15.0,1681.4366666666665,0,0,0
MRC002963,Pharmacy,Micro,LOC0042,AGT00204,1920,1,1,3,4.0,8604.57,4.0,2.0,16.0,19913.100000000002,16.0,10.0,44.0,54661.41,44.0,33.0,1244.5687500000001,0,0,0
MRC002964,Restaurant,Small,LOC0038,AGT00608,2040,1,1,0,1.0,3707.23,1.0,1.0,2.0,3975.75,2.0,2.0,3.0,4172.36,3.0,3.0,1987.875,0,0,0
MRC002965,Fashion,Micro,LOC0049,AGT00130,1266,0,1,0,1.0,1729.86,1.0,1.0,2.0,2346.29,2.0,2.0,7.0,13163.3,7.0,7.0,1173.145,0,0,0
MRC002966,Fashion,Small,LOC0029,AGT00356,981,1,1,6,1.0,3400.16,1.0,1.0,2.0,4536.84,2.0,2.0,3.0,4670.4,3.0,3.0,2268.42,0,0,0
MRC002967,Grocery,Micro,LOC0053,AGT00166,1360,0,1,2,2.0,1057.27,2.0,1.0,10.0,13782.73,10.0,8.0,31.0,54419.7,31.0,27.0,1378.273,0,0,0
MRC002968,Grocery,Small,LOC0032,AGT00595,1128,0,1,2,3.0,3958.5600000000004,3.0,3.0,14.0,19890.010000000002,14.0,13.0,30.0,34173.03,30.0,26.0,1420.7150000000001,0,0,0
MRC002969,Grocery,Medium,LOC0008,AGT00505,1196,1,1,0,5.0,5641.67,5.0,4.0,19.0,38416.52,19.0,15.0,66.0,111881.45999999999,66.0,45.0,2021.9221052631576,0,0,0
MRC002970,Restaurant,Micro,LOC0086,AGT00419,805,1,1,2,1.0,1332.1,1.0,1.0,4.0,3839.5499999999997,4.0,4.0,14.0,12793.86,14.0,12.0,959.8874999999999,0,0,0
MRC002971,Healthcare,Micro,LOC0095,AGT00458,2285,1,1,2,3.0,7431.610000000001,3.0,3.0,6.0,13975.52,6.0,6.0,23.0,32405.03,23.0,22.0,2329.2533333333336,0,0,0
MRC002972,Grocery,Small,LOC0035,AGT00367,1537,1,0,5,2.0,699.89,2.0,2.0,6.0,6253.4,6.0,6.0,11.0,13800.15,11.0,11.0,1042.2333333333333,0,0,0
MRC002973,Utility,Large,LOC0049,AGT00683,2027,1,1,1,2.0,933.47,2.0,2.0,6.0,11801.7,6.0,6.0,18.0,43158.32,18.0,16.0,1966.95,0,0,0
MRC002974,Healthcare,Small,LOC0049,AGT00040,1727,1,1,28,0.0,0.0,0.0,0.0,1.0,256.61,1.0,1.0,6.0,11926.28,6.0,6.0,256.61,0,0,0
MRC002975,Grocery,Small,LOC0003,AGT00345,1058,1,1,4,1.0,3529.89,1.0,1.0,4.0,4906.84,4.0,4.0,13.0,11530.73,13.0,11.0,1226.71,0,0,0
MRC002976,Grocery,Micro,LOC0066,AGT00022,982,0,1,0,7.0,3436.8799999999997,7.0,6.0,32.0,56473.19,32.0,20.0,86.0,149929.59,86.0,55.0,1764.7871875,0,0,0
MRC002977,Grocery,Small,LOC0056,AGT00128,2433,0,1,6,1.0,382.21,1.0,1.0,7.0,8486.02,7.0,7.0,12.0,11214.11,12.0,12.0,1212.2885714285715,0,0,0
MRC002978,Grocery,Micro,LOC0113,AGT00407,339,1,1,0,1.0,3133.67,1.0,1.0,1.0,3133.67,1.0,1.0,3.0,5888.71,3.0,3.0,3133.67,0,0,0
MRC002979,Electronics,Small,LOC0045,AGT00581,931,1,1,64,0.0,0.0,0.0,0.0,0.0,0.0,0.0,0.0,7.0,11089.060000000001,7.0,7.0,0.0,1,1,0
MRC002980,Grocery,Micro,LOC0096,AGT00431,1894,1,1,1,1.0,819.03,1.0,1.0,3.0,2275.12,3.0,3.0,10.0,14369.4,10.0,9.0,758.3733333333333,0,0,0
MRC002981,Utility,Small,LOC0047,AGT00602,1479,1,1,3,1.0,1394.22,1.0,1.0,4.0,7523.12,4.0,4.0,9.0,10959.59,9.0,9.0,1880.78,0,0,0
MRC002982,Fashion,Micro,LOC0023,AGT00134,1634,1,0,4,1.0,607.53,1.0,1.0,1.0,607.53,1.0,1.0,9.0,5289.25,9.0,9.0,607.53,0,0,0
MRC002983,Healthcare,Small,LOC0042,AGT00665,334,1,1,1,1.0,811.43,1.0,1.0,12.0,20206.24,12.0,7.0,27.0,40637.99,27.0,20.0,1683.8533333333335,0,0,0
MRC002984,Healthcare,Small,LOC0106,AGT00175,765,1,1,7,0.0,0.0,0.0,0.0,4.0,4105.71,4.0,4.0,24.0,54643.57,24.0,21.0,1026.4275,0,0,0
MRC002985,Electronics,Medium,LOC0031,AGT00362,1596,1,0,0,7.0,28540.28,7.0,6.0,27.0,45786.81,27.0,19.0,102.0,138548.21,102.0,66.0,1695.8077777777778,0,0,0
MRC002986,General Retail,Large,LOC0102,AGT00795,974,0,1,5,1.0,3342.6,1.0,1.0,4.0,6956.51,4.0,3.0,8.0,9471.25,8.0,7.0,1739.1275,0,0,0
MRC002987,General Retail,Small,LOC0080,AGT00416,1314,1,0,9,0.0,0.0,0.0,0.0,8.0,5066.83,8.0,8.0,20.0,43168.65,20.0,19.0,633.35375,0,0,0
MRC002988,Restaurant,Small,LOC0090,AGT00499,2378,0,1,9,0.0,0.0,0.0,0.0,4.0,7796.4400000000005,4.0,4.0,12.0,13801.86,12.0,12.0,1949.1100000000001,0,0,0
MRC002989,Grocery,Micro,LOC0091,AGT00223,1681,1,1,11,0.0,0.0,0.0,0.0,4.0,19968.5,4.0,4.0,9.0,25915.85,9.0,9.0,4992.125,0,0,0
MRC002990,Restaurant,Medium,LOC0063,AGT00023,1663,0,1,0,4.0,7441.9,4.0,3.0,7.0,9963.88,7.0,6.0,19.0,30608.87,19.0,17.0,1423.4114285714284,0,0,0
MRC002991,Pharmacy,Small,LOC0073,AGT00588,716,1,0,72,0.0,0.0,0.0,0.0,0.0,0.0,0.0,0.0,1.0,15558.8,1.0,1.0,0.0,1,1,0
MRC002992,Electronics,Small,LOC0009,AGT00199,1588,0,1,14,0.0,0.0,0.0,0.0,4.0,3729.9,4.0,4.0,16.0,18931.85,16.0,16.0,932.475,0,0,0
MRC002993,Restaurant,Small,LOC0084,AGT00675,2384,1,0,0,4.0,2836.16,4.0,3.0,26.0,28447.28,26.0,18.0,72.0,86140.74,72.0,51.0,1094.1261538461538,0,0,0
MRC002994,Fashion,Small,LOC0086,AGT00582,1684,1,1,0,3.0,4784.76,3.0,3.0,15.0,32752.72,15.0,14.0,35.0,66212.39,35.0,31.0,2183.514666666667,0,0,0
MRC002995,Utility,Medium,LOC0013,AGT00439,2002,1,1,1,6.0,6893.1900000000005,6.0,4.0,10.0,10402.6,10.0,8.0,38.0,73216.65,38.0,32.0,1040.26,0,0,0
MRC002996,Pharmacy,Medium,LOC0063,AGT00023,2372,1,1,3,1.0,2610.91,1.0,1.0,2.0,3175.31,2.0,2.0,14.0,23477.88,14.0,13.0,1587.655,0,0,0
MRC002997,Electronics,Small,LOC0062,AGT00487,2256,1,1,10,0.0,0.0,0.0,0.0,1.0,2500.54,1.0,1.0,4.0,15483.73,4.0,4.0,2500.54,0,0,0
MRC002998,Restaurant,Micro,LOC0038,AGT00341,1029,1,1,0,1.0,178.73,1.0,1.0,1.0,178.73,1.0,1.0,4.0,16017.95,4.0,4.0,178.73,0,0,0
MRC002999,Utility,Medium,LOC0008,AGT00176,932,0,1,26,0.0,0.0,0.0,0.0,1.0,1002.6,1.0,1.0,4.0,3915.88,4.0,4.0,1002.6,0,0,0
MRC003000,Transport,Small,LOC0002,AGT00617,900,0,0,114,0.0,0.0,0.0,0.0,0.0,0.0,0.0,0.0,0.0,0.0,0.0,0.0,0.0,1,1,1
MRC003001,Grocery,Small,LOC0026,AGT00636,1969,1,1,6,1.0,3394.82,1.0,1.0,4.0,25542.65,4.0,4.0,20.0,41975.82000000001,20.0,17.0,6385.6625,0,0,0
MRC003002,Transport,Small,LOC0028,AGT00051,1110,1,0,1,3.0,1848.0900000000001,3.0,3.0,18.0,19466.52,18.0,14.0,46.0,49262.14,46.0,31.0,1081.4733333333334,0,0,0
MRC003003,Grocery,Small,LOC0026,AGT00162,2084,1,0,2,1.0,1175.19,1.0,1.0,5.0,9736.54,5.0,5.0,16.0,40330.770000000004,16.0,16.0,1947.3080000000002,0,0,0
MRC003004,Healthcare,Small,LOC0073,AGT00387,2037,0,1,4,3.0,4674.41,3.0,2.0,7.0,7632.35,7.0,6.0,19.0,36107.53,19.0,16.0,1090.3357142857144,0,0,0
MRC003005,Education,Small,LOC0051,AGT00244,1742,1,1,2,1.0,607.86,1.0,1.0,3.0,3783.68,3.0,3.0,10.0,20444.94,10.0,10.0,1261.2266666666667,0,0,0
MRC003006,Restaurant,Medium,LOC0014,AGT00418,551,1,0,4,1.0,2355.9,1.0,1.0,5.0,4424.1900000000005,5.0,5.0,10.0,16476.03,10.0,10.0,884.8380000000001,0,0,0
MRC003007,Transport,Medium,LOC0011,AGT00491,1842,1,1,80,0.0,0.0,0.0,0.0,0.0,0.0,0.0,0.0,1.0,266.82,1.0,1.0,0.0,1,1,0
MRC003008,General Retail,Small,LOC0079,AGT00155,738,0,1,0,1.0,839.07,1.0,1.0,5.0,8886.68,5.0,5.0,12.0,24245.16,12.0,11.0,1777.336,0,0,0
MRC003009,Utility,Micro,LOC0113,AGT00632,1494,1,1,15,0.0,0.0,0.0,0.0,3.0,615.04,3.0,3.0,9.0,6306.47,9.0,9.0,205.01333333333332,0,0,0
MRC003010,Electronics,Small,LOC0099,AGT00139,785,1,1,13,0.0,0.0,0.0,0.0,1.0,337.73,1.0,1.0,8.0,12287.9,8.0,8.0,337.73,0,0,0
MRC003011,Healthcare,Small,LOC0091,AGT00603,422,1,1,4,1.0,249.89,1.0,1.0,4.0,11373.78,4.0,4.0,11.0,27322.43,11.0,11.0,2843.445,0,0,0
MRC003012,Restaurant,Small,LOC0039,AGT00190,1677,0,1,16,0.0,0.0,0.0,0.0,2.0,2219.7799999999997,2.0,2.0,5.0,5552.17,5.0,5.0,1109.8899999999999,0,0,0
MRC003013,Utility,Medium,LOC0085,AGT00315,1273,1,1,4,1.0,7560.01,1.0,1.0,3.0,9506.06,3.0,3.0,6.0,11544.57,6.0,5.0,3168.6866666666665,0,0,0
MRC003014,General Retail,Micro,LOC0010,AGT00025,1688,1,1,29,0.0,0.0,0.0,0.0,1.0,937.17,1.0,1.0,6.0,18412.1,6.0,6.0,937.17,0,0,0
MRC003015,Grocery,Micro,LOC0021,AGT00708,1358,1,1,4,1.0,728.04,1.0,1.0,1.0,728.04,1.0,1.0,2.0,2257.66,2.0,2.0,728.04,0,0,0
MRC003016,Pharmacy,Medium,LOC0017,AGT00381,1099,1,1,15,0.0,0.0,0.0,0.0,1.0,63.41,1.0,1.0,1.0,63.41,1.0,1.0,63.41,0,0,0
MRC003017,Pharmacy,Medium,LOC0023,AGT00065,321,1,1,11,0.0,0.0,0.0,0.0,1.0,111.9,1.0,1.0,4.0,9510.08,4.0,4.0,111.9,0,0,0
MRC003018,Grocery,Small,LOC0043,AGT00005,890,0,0,90,0.0,0.0,0.0,0.0,0.0,0.0,0.0,0.0,0.0,0.0,0.0,0.0,0.0,1,1,1
MRC003019,Restaurant,Micro,LOC0006,AGT00545,2211,1,1,3,1.0,1407.31,1.0,1.0,5.0,3928.56,5.0,5.0,14.0,16533.41,14.0,13.0,785.712,0,0,0
MRC003020,Grocery,Small,LOC0098,AGT00335,1935,1,1,13,0.0,0.0,0.0,0.0,1.0,72.79,1.0,1.0,4.0,1181.19,4.0,4.0,72.79,0,0,0
MRC003021,Education,Small,LOC0086,AGT00229,1300,1,1,60,0.0,0.0,0.0,0.0,0.0,0.0,0.0,0.0,2.0,2996.3999999999996,2.0,2.0,0.0,1,1,0
MRC003022,Grocery,Small,LOC0077,AGT00359,356,1,1,46,0.0,0.0,0.0,0.0,0.0,0.0,0.0,0.0,3.0,3789.3199999999997,3.0,3.0,0.0,1,0,0
MRC003023,Pharmacy,Micro,LOC0022,AGT00652,2439,1,1,70,0.0,0.0,0.0,0.0,0.0,0.0,0.0,0.0,3.0,6532.16,3.0,2.0,0.0,1,1,0
MRC003024,Transport,Micro,LOC0105,AGT00279,1901,1,1,0,4.0,2863.58,4.0,3.0,19.0,31101.280000000002,19.0,16.0,34.0,51354.48,34.0,30.0,1636.9094736842108,0,0,0
MRC003025,Restaurant,Small,LOC0001,AGT00490,335,1,1,14,0.0,0.0,0.0,0.0,2.0,2177.56,2.0,2.0,17.0,32030.05,17.0,16.0,1088.78,0,0,0
MRC003026,Fashion,Small,LOC0120,AGT00791,746,1,0,40,0.0,0.0,0.0,0.0,0.0,0.0,0.0,0.0,4.0,5757.82,4.0,4.0,0.0,1,0,0
MRC003027,Utility,Small,LOC0088,AGT00192,658,1,0,3,1.0,375.71,1.0,1.0,2.0,651.8599999999999,2.0,2.0,11.0,11079.61,11.0,10.0,325.92999999999995,0,0,0
MRC003028,General Retail,Micro,LOC0025,AGT00046,2259,1,1,1,2.0,10235.99,2.0,2.0,4.0,12563.71,4.0,4.0,10.0,18570.01,10.0,10.0,3140.9275,0,0,0
MRC003029,Education,Micro,LOC0024,AGT00268,2372,1,1,2,1.0,602.35,1.0,1.0,2.0,1142.31,2.0,2.0,9.0,16170.05,9.0,8.0,571.155,0,0,0
MRC003030,Grocery,Micro,LOC0084,AGT00249,1190,1,1,2,6.0,7177.78,6.0,4.0,15.0,13911.42,15.0,13.0,56.0,74485.62,56.0,41.0,927.428,0,0,0
MRC003031,Grocery,Medium,LOC0097,AGT00671,675,0,1,7,0.0,0.0,0.0,0.0,2.0,713.1999999999999,2.0,2.0,4.0,3411.29,4.0,4.0,356.59999999999997,0,0,0
MRC003032,General Retail,Small,LOC0056,AGT00194,1690,0,1,0,4.0,9547.93,4.0,3.0,8.0,14328.1,8.0,7.0,33.0,45501.36,33.0,28.0,1791.0125,0,0,0
MRC003033,Transport,Small,LOC0008,AGT00699,882,1,1,13,0.0,0.0,0.0,0.0,3.0,6341.42,3.0,3.0,6.0,7710.0,6.0,6.0,2113.806666666667,0,0,0
MRC003034,Healthcare,Small,LOC0060,AGT00712,551,0,1,22,0.0,0.0,0.0,0.0,1.0,1103.51,1.0,1.0,5.0,5653.98,5.0,5.0,1103.51,0,0,0
MRC003035,Transport,Medium,LOC0058,AGT00106,852,0,1,9,0.0,0.0,0.0,0.0,2.0,3900.5099999999998,2.0,2.0,4.0,4337.6,4.0,4.0,1950.2549999999999,0,0,0
MRC003036,Grocery,Micro,LOC0040,AGT00325,841,0,1,9,0.0,0.0,0.0,0.0,1.0,322.11,1.0,1.0,2.0,555.85,2.0,2.0,322.11,0,0,0
MRC003037,Fashion,Small,LOC0109,AGT00242,404,0,1,5,1.0,100.2,1.0,1.0,2.0,1823.4,2.0,2.0,7.0,6696.03,7.0,7.0,911.7,0,0,0
MRC003038,Utility,Medium,LOC0042,AGT00152,1817,1,1,68,0.0,0.0,0.0,0.0,0.0,0.0,0.0,0.0,2.0,1935.83,2.0,2.0,0.0,1,1,0
MRC003039,General Retail,Micro,LOC0030,AGT00661,1056,0,0,20,0.0,0.0,0.0,0.0,2.0,177.53,2.0,2.0,12.0,25706.36,12.0,12.0,88.765,0,0,0
MRC003040,Pharmacy,Small,LOC0082,AGT00612,1489,1,1,5,1.0,255.42,1.0,1.0,1.0,255.42,1.0,1.0,10.0,17106.5,10.0,9.0,255.42,0,0,0
MRC003041,Education,Small,LOC0075,AGT00591,1489,1,1,120,0.0,0.0,0.0,0.0,0.0,0.0,0.0,0.0,0.0,0.0,0.0,0.0,0.0,1,1,1
MRC003042,Grocery,Large,LOC0075,AGT00682,1970,0,1,7,0.0,0.0,0.0,0.0,10.0,11870.64,10.0,7.0,22.0,42603.75,22.0,17.0,1187.0639999999999,0,0,0
MRC003043,General Retail,Small,LOC0061,AGT00771,1952,0,1,0,6.0,4730.0,6.0,4.0,15.0,19031.32,15.0,11.0,43.0,53582.92,43.0,34.0,1268.7546666666667,0,0,0
MRC003044,Pharmacy,Micro,LOC0039,AGT00304,1518,1,1,23,0.0,0.0,0.0,0.0,1.0,204.59,1.0,1.0,5.0,5340.16,5.0,5.0,204.59,0,0,0
MRC003045,Healthcare,Medium,LOC0031,AGT00573,2118,1,1,25,0.0,0.0,0.0,0.0,1.0,1210.87,1.0,1.0,5.0,4621.0199999999995,5.0,5.0,1210.87,0,0,0
MRC003046,Pharmacy,Small,LOC0015,AGT00050,1530,1,1,1,3.0,2244.33,3.0,2.0,7.0,7255.42,7.0,6.0,33.0,43800.590000000004,33.0,29.0,1036.4885714285715,0,0,0
MRC003047,Education,Small,LOC0023,AGT00134,344,1,0,8,0.0,0.0,0.0,0.0,5.0,8767.99,5.0,4.0,15.0,17869.55,15.0,14.0,1753.598,0,0,0
MRC003048,Transport,Micro,LOC0070,AGT00735,2162,1,1,3,1.0,519.59,1.0,1.0,4.0,2203.52,4.0,4.0,12.0,13109.07,12.0,11.0,550.88,0,0,0
MRC003049,Restaurant,Micro,LOC0049,AGT00337,1968,0,1,0,2.0,1893.0500000000002,2.0,1.0,8.0,13740.29,8.0,7.0,20.0,43054.34,20.0,18.0,1717.53625,0,0,0
MRC003050,Utility,Small,LOC0089,AGT00518,1214,0,0,12,0.0,0.0,0.0,0.0,2.0,3095.68,2.0,2.0,10.0,10440.4,10.0,9.0,1547.84,0,0,0
MRC003051,General Retail,Small,LOC0097,AGT00741,1131,1,1,4,2.0,1660.03,2.0,2.0,15.0,23230.100000000002,15.0,14.0,38.0,59901.94,38.0,30.0,1548.6733333333334,0,0,0
MRC003052,General Retail,Medium,LOC0068,AGT00149,2242,0,1,1,1.0,348.72,1.0,1.0,1.0,348.72,1.0,1.0,9.0,4726.05,9.0,8.0,348.72,0,0,0
MRC003053,Restaurant,Micro,LOC0013,AGT00649,1217,1,1,27,0.0,0.0,0.0,0.0,1.0,590.31,1.0,1.0,15.0,34740.46,15.0,14.0,590.31,0,0,0
MRC003054,Healthcare,Small,LOC0001,AGT00433,1100,0,1,5,1.0,696.69,1.0,1.0,8.0,5007.4,8.0,7.0,27.0,25967.99,27.0,24.0,625.925,0,0,0
MRC003055,Electronics,Micro,LOC0028,AGT00051,1887,1,1,999,0.0,0.0,0.0,0.0,0.0,0.0,0.0,0.0,0.0,0.0,0.0,0.0,0.0,1,1,1
MRC003056,Education,Small,LOC0034,AGT00173,1004,1,1,3,2.0,9956.24,2.0,2.0,8.0,17635.72,8.0,8.0,26.0,39293.020000000004,26.0,25.0,2204.465,0,0,0
MRC003057,Fashion,Micro,LOC0009,AGT00199,1169,1,1,8,0.0,0.0,0.0,0.0,4.0,3046.61,4.0,4.0,7.0,4849.0,7.0,7.0,761.6525,0,0,0
MRC003058,Education,Small,LOC0094,AGT00623,1990,1,1,0,1.0,92.99,1.0,1.0,4.0,2661.18,4.0,4.0,16.0,33228.29,16.0,16.0,665.295,0,0,0
MRC003059,Grocery,Micro,LOC0045,AGT00589,774,0,1,5,1.0,4110.34,1.0,1.0,12.0,30486.51,12.0,8.0,41.0,77212.55,41.0,32.0,2540.5425,0,0,0
MRC003060,Restaurant,Small,LOC0090,AGT00468,312,1,1,11,0.0,0.0,0.0,0.0,2.0,5557.72,2.0,2.0,5.0,7591.89,5.0,5.0,2778.86,0,0,0
MRC003061,Grocery,Micro,LOC0026,AGT00776,1022,1,1,14,0.0,0.0,0.0,0.0,1.0,757.92,1.0,1.0,5.0,11253.63,5.0,5.0,757.92,0,0,0
MRC003062,Pharmacy,Small,LOC0002,AGT00617,663,0,1,1,1.0,1183.46,1.0,1.0,5.0,8793.85,5.0,5.0,17.0,37866.439999999995,17.0,17.0,1758.77,0,0,0
MRC003063,Grocery,Micro,LOC0017,AGT00069,1077,1,0,40,0.0,0.0,0.0,0.0,0.0,0.0,0.0,0.0,2.0,1520.3799999999999,2.0,2.0,0.0,1,0,0
MRC003064,Pharmacy,Small,LOC0057,AGT00628,443,1,1,0,6.0,6379.28,6.0,4.0,31.0,43191.53,31.0,21.0,94.0,113866.26,94.0,60.0,1393.2751612903226,0,0,0
MRC003065,Utility,Small,LOC0058,AGT00352,1574,1,0,6,1.0,1030.05,1.0,1.0,5.0,10372.44,5.0,5.0,10.0,21028.78,10.0,10.0,2074.4880000000003,0,0,0
MRC003066,Electronics,Micro,LOC0053,AGT00739,1405,1,1,0,2.0,3800.1,2.0,2.0,17.0,36314.08,17.0,15.0,50.0,83177.72,50.0,40.0,2136.1223529411764,0,0,0
MRC003067,Grocery,Micro,LOC0116,AGT00537,881,1,0,6,1.0,3338.26,1.0,1.0,1.0,3338.26,1.0,1.0,4.0,9918.490000000002,4.0,4.0,3338.26,0,0,0
MRC003068,Utility,Micro,LOC0079,AGT00498,1659,1,1,11,0.0,0.0,0.0,0.0,2.0,2471.64,2.0,2.0,10.0,23121.260000000002,10.0,9.0,1235.82,0,0,0
MRC003069,General Retail,Small,LOC0088,AGT00261,602,0,1,3,4.0,8408.400000000001,4.0,3.0,11.0,17848.52,11.0,8.0,31.0,53947.98,31.0,26.0,1622.5927272727274,0,0,0
MRC003070,General Retail,Large,LOC0015,AGT00120,309,1,1,8,0.0,0.0,0.0,0.0,2.0,4093.98,2.0,2.0,4.0,4359.97,4.0,4.0,2046.99,0,0,0
MRC003071,General Retail,Micro,LOC0056,AGT00681,1328,0,1,1,1.0,1409.66,1.0,1.0,3.0,2396.55,3.0,3.0,5.0,3784.38,5.0,5.0,798.85,0,0,0
MRC003072,General Retail,Small,LOC0075,AGT00567,639,1,0,2,2.0,4401.52,2.0,1.0,15.0,26664.420000000002,15.0,12.0,26.0,41469.13,26.0,23.0,1777.6280000000002,0,0,0
MRC003073,Education,Small,LOC0071,AGT00409,2157,0,0,14,0.0,0.0,0.0,0.0,2.0,4098.89,2.0,2.0,7.0,14347.640000000001,7.0,7.0,2049.445,0,0,0
MRC003074,General Retail,Small,LOC0114,AGT00702,948,1,1,17,0.0,0.0,0.0,0.0,3.0,11379.46,3.0,2.0,5.0,13096.97,5.0,4.0,3793.153333333333,0,0,0
MRC003075,General Retail,Small,LOC0058,AGT00630,1223,1,1,2,1.0,1380.95,1.0,1.0,8.0,6981.51,8.0,7.0,34.0,88209.18,34.0,29.0,872.68875,0,0,0
MRC003076,Restaurant,Large,LOC0045,AGT00141,929,0,1,5,4.0,3840.49,4.0,2.0,16.0,35405.16,16.0,11.0,57.0,82376.84,57.0,39.0,2212.8225,0,0,0
MRC003077,General Retail,Small,LOC0114,AGT00702,1234,1,1,0,5.0,4739.200000000001,5.0,5.0,18.0,16781.41,18.0,17.0,46.0,75971.6,45.0,41.0,932.3005555555555,0,0,0
MRC003078,Utility,Medium,LOC0041,AGT00541,499,1,1,5,1.0,132.77,1.0,1.0,1.0,132.77,1.0,1.0,2.0,839.09,2.0,2.0,132.77,0,0,0
MRC003079,Utility,Micro,LOC0069,AGT00477,2327,1,1,33,0.0,0.0,0.0,0.0,0.0,0.0,0.0,0.0,4.0,7539.87,4.0,4.0,0.0,1,0,0
MRC003080,General Retail,Medium,LOC0004,AGT00118,664,1,1,3,3.0,1671.48,3.0,2.0,5.0,6292.099999999999,5.0,4.0,7.0,14357.1,7.0,6.0,1258.4199999999998,0,0,0
MRC003081,Restaurant,Large,LOC0020,AGT00028,1151,1,1,2,1.0,862.28,1.0,1.0,6.0,3212.46,6.0,6.0,17.0,16639.19,17.0,16.0,535.41,0,0,0
MRC003082,Restaurant,Medium,LOC0007,AGT00150,2137,1,1,144,0.0,0.0,0.0,0.0,0.0,0.0,0.0,0.0,0.0,0.0,0.0,0.0,0.0,1,1,1
MRC003083,Transport,Micro,LOC0051,AGT00424,1218,1,1,2,1.0,285.74,1.0,1.0,2.0,476.48,2.0,2.0,5.0,4845.94,5.0,4.0,238.24,0,0,0
MRC003084,Healthcare,Medium,LOC0112,AGT00402,1817,0,1,20,0.0,0.0,0.0,0.0,1.0,646.29,1.0,1.0,6.0,10579.07,6.0,6.0,646.29,0,0,0
MRC003085,General Retail,Micro,LOC0009,AGT00199,436,1,1,17,0.0,0.0,0.0,0.0,1.0,241.89,1.0,1.0,2.0,453.95,2.0,2.0,241.89,0,0,0
MRC003086,General Retail,Small,LOC0118,AGT00729,933,1,1,3,1.0,3939.34,1.0,1.0,7.0,21372.1,7.0,6.0,24.0,48604.07,24.0,21.0,3053.157142857143,0,0,0
MRC003087,Healthcare,Micro,LOC0105,AGT00072,1947,1,1,2,2.0,1758.69,2.0,2.0,7.0,6291.5,7.0,7.0,24.0,25138.2,24.0,22.0,898.7857142857143,0,0,0
MRC003088,General Retail,Small,LOC0001,AGT00170,862,1,1,20,0.0,0.0,0.0,0.0,1.0,1913.92,1.0,1.0,4.0,4485.75,4.0,4.0,1913.92,0,0,0
MRC003089,Grocery,Small,LOC0002,AGT00617,1191,1,1,21,0.0,0.0,0.0,0.0,1.0,194.92,1.0,1.0,6.0,4254.19,6.0,6.0,194.92,0,0,0
MRC003090,General Retail,Micro,LOC0109,AGT00242,462,0,1,129,0.0,0.0,0.0,0.0,0.0,0.0,0.0,0.0,0.0,0.0,0.0,0.0,0.0,1,1,1
MRC003091,Grocery,Micro,LOC0071,AGT00007,1389,0,1,22,0.0,0.0,0.0,0.0,1.0,167.82,1.0,1.0,7.0,8933.78,7.0,6.0,167.82,0,0,0
MRC003092,Electronics,Micro,LOC0021,AGT00225,1049,1,1,4,1.0,121.58,1.0,1.0,10.0,16300.78,10.0,10.0,34.0,97213.23,34.0,30.0,1630.078,0,0,0
MRC003093,Grocery,Small,LOC0115,AGT00339,2166,1,0,43,0.0,0.0,0.0,0.0,0.0,0.0,0.0,0.0,4.0,15455.2,4.0,4.0,0.0,1,0,0
MRC003094,Education,Medium,LOC0068,AGT00778,1156,0,0,44,0.0,0.0,0.0,0.0,0.0,0.0,0.0,0.0,2.0,1686.26,2.0,2.0,0.0,1,0,0
MRC003095,Restaurant,Small,LOC0077,AGT00359,2094,1,1,0,4.0,2264.52,4.0,3.0,17.0,16193.72,17.0,14.0,40.0,47769.46,40.0,33.0,952.5717647058823,0,0,0
MRC003096,Grocery,Small,LOC0082,AGT00612,2262,1,1,17,0.0,0.0,0.0,0.0,1.0,781.36,1.0,1.0,6.0,5356.11,6.0,6.0,781.36,0,0,0
MRC003097,Transport,Medium,LOC0025,AGT00046,2120,1,1,6,1.0,484.05,1.0,1.0,11.0,17023.350000000002,11.0,10.0,46.0,76800.17,46.0,35.0,1547.5772727272729,0,0,0
MRC003098,Healthcare,Micro,LOC0044,AGT00660,1910,1,0,1,17.0,25979.73,17.0,6.0,75.0,144654.38,75.0,28.0,203.0,325381.29,202.0,82.0,1928.7250666666666,0,0,0
MRC003099,Grocery,Small,LOC0016,AGT00259,1562,1,1,10,0.0,0.0,0.0,0.0,5.0,2762.9,5.0,5.0,11.0,14642.22,11.0,10.0,552.58,0,0,0
MRC003100,Transport,Small,LOC0064,AGT00783,1333,0,1,0,4.0,2575.76,4.0,4.0,7.0,5823.29,7.0,7.0,33.0,41815.9,33.0,29.0,831.8985714285715,0,0,0
MRC003101,Grocery,Micro,LOC0119,AGT00209,464,1,1,59,0.0,0.0,0.0,0.0,0.0,0.0,0.0,0.0,3.0,7262.2699999999995,3.0,3.0,0.0,1,0,0
MRC003102,Grocery,Small,LOC0076,AGT00405,581,1,1,155,0.0,0.0,0.0,0.0,0.0,0.0,0.0,0.0,0.0,0.0,0.0,0.0,0.0,1,1,1
MRC003103,Grocery,Small,LOC0084,AGT00385,1117,1,0,26,0.0,0.0,0.0,0.0,1.0,641.46,1.0,1.0,1.0,641.46,1.0,1.0,641.46,0,0,0
MRC003104,Education,Small,LOC0024,AGT00640,1720,1,1,2,1.0,194.61,1.0,1.0,8.0,9287.24,8.0,8.0,29.0,29826.29,29.0,29.0,1160.905,0,0,0
MRC003105,Utility,Small,LOC0066,AGT00022,297,0,1,0,1.0,5715.86,1.0,1.0,2.0,5864.17,2.0,2.0,9.0,52267.13,9.0,9.0,2932.085,0,0,0
MRC003106,Education,Micro,LOC0120,AGT00392,2332,1,1,7,0.0,0.0,0.0,0.0,2.0,5601.78,2.0,2.0,6.0,11908.14,6.0,6.0,2800.89,0,0,0
MRC003107,Utility,Small,LOC0011,AGT00105,2456,1,1,23,0.0,0.0,0.0,0.0,1.0,345.15,1.0,1.0,2.0,1172.0900000000001,2.0,2.0,345.15,0,0,0
MRC003108,Education,Micro,LOC0025,AGT00648,457,0,1,8,0.0,0.0,0.0,0.0,2.0,3092.8199999999997,2.0,2.0,6.0,7734.68,6.0,6.0,1546.4099999999999,0,0,0
MRC003109,Utility,Medium,LOC0087,AGT00305,497,1,1,12,0.0,0.0,0.0,0.0,1.0,23954.07,1.0,1.0,4.0,28901.05,4.0,4.0,23954.07,0,0,0
MRC003110,General Retail,Micro,LOC0002,AGT00617,2141,1,1,2,1.0,513.57,1.0,1.0,4.0,2628.28,4.0,4.0,6.0,3767.11,6.0,6.0,657.07,0,0,0
MRC003111,Restaurant,Small,LOC0025,AGT00670,723,0,0,24,0.0,0.0,0.0,0.0,2.0,4180.87,2.0,2.0,6.0,10786.539999999999,6.0,6.0,2090.435,0,0,0
MRC003112,Grocery,Small,LOC0114,AGT00571,680,1,1,7,0.0,0.0,0.0,0.0,2.0,5523.06,2.0,2.0,10.0,16082.58,10.0,10.0,2761.53,0,0,0
MRC003113,Grocery,Micro,LOC0003,AGT00435,696,1,0,48,0.0,0.0,0.0,0.0,0.0,0.0,0.0,0.0,3.0,11923.3,3.0,3.0,0.0,1,0,0
MRC003114,Education,Micro,LOC0052,AGT00740,1819,1,1,20,0.0,0.0,0.0,0.0,3.0,12104.550000000001,3.0,3.0,7.0,14977.93,7.0,7.0,4034.8500000000004,0,0,0
MRC003115,Electronics,Micro,LOC0040,AGT00325,576,0,1,31,0.0,0.0,0.0,0.0,0.0,0.0,0.0,0.0,3.0,1355.22,3.0,3.0,0.0,1,0,0
MRC003116,Grocery,Small,LOC0048,AGT00796,688,1,1,0,1.0,290.31,1.0,1.0,3.0,1715.67,3.0,3.0,11.0,11446.72,11.0,11.0,571.89,0,0,0
MRC003117,General Retail,Medium,LOC0031,AGT00573,1155,1,1,1,2.0,492.15,2.0,2.0,3.0,2082.81,3.0,3.0,16.0,17005.52,16.0,14.0,694.27,0,0,0
MRC003118,General Retail,Micro,LOC0034,AGT00174,1598,1,1,18,0.0,0.0,0.0,0.0,2.0,2604.87,2.0,1.0,6.0,5269.05,6.0,5.0,1302.435,0,0,0
MRC003119,Pharmacy,Small,LOC0092,AGT00348,2450,1,1,19,0.0,0.0,0.0,0.0,2.0,3166.97,2.0,2.0,7.0,7290.33,7.0,7.0,1583.485,0,0,0
MRC003120,Pharmacy,Medium,LOC0004,AGT00043,806,1,1,0,5.0,11676.18,5.0,3.0,11.0,25443.1,11.0,9.0,24.0,46272.68,24.0,20.0,2313.009090909091,0,0,0
MRC003121,Pharmacy,Small,LOC0016,AGT00254,843,0,1,5,1.0,230.3,1.0,1.0,1.0,230.3,1.0,1.0,3.0,6506.160000000001,3.0,3.0,230.3,0,0,0
MRC003122,Restaurant,Medium,LOC0032,AGT00253,1470,1,1,26,0.0,0.0,0.0,0.0,2.0,1073.84,2.0,2.0,9.0,10598.09,9.0,9.0,536.92,0,0,0
MRC003123,General Retail,Small,LOC0100,AGT00161,1199,1,1,238,0.0,0.0,0.0,0.0,0.0,0.0,0.0,0.0,0.0,0.0,0.0,0.0,0.0,1,1,1
MRC003124,Education,Small,LOC0048,AGT00233,1598,1,1,2,1.0,267.7,1.0,1.0,6.0,4226.86,6.0,5.0,12.0,10640.82,12.0,11.0,704.4766666666666,0,0,0
MRC003125,Grocery,Micro,LOC0005,AGT00083,825,1,1,26,0.0,0.0,0.0,0.0,1.0,504.83,1.0,1.0,9.0,11532.53,9.0,9.0,504.83,0,0,0
MRC003126,Fashion,Micro,LOC0063,AGT00090,1638,1,1,10,0.0,0.0,0.0,0.0,3.0,1101.1100000000001,3.0,3.0,9.0,5938.429999999999,9.0,7.0,367.0366666666667,0,0,0
MRC003127,Grocery,Small,LOC0076,AGT00302,2309,1,1,1,4.0,2571.7599999999998,4.0,3.0,8.0,25785.96,8.0,5.0,24.0,44425.14,24.0,17.0,3223.245,0,0,0
MRC003128,Restaurant,Medium,LOC0055,AGT00178,1778,0,1,8,0.0,0.0,0.0,0.0,7.0,7069.6900000000005,7.0,6.0,21.0,29449.78,21.0,18.0,1009.9557142857144,0,0,0
MRC003129,Restaurant,Micro,LOC0011,AGT00540,1893,1,0,5,1.0,1552.43,1.0,1.0,7.0,6434.45,7.0,7.0,26.0,26300.36,26.0,22.0,919.2071428571428,0,0,0
MRC003130,Transport,Medium,LOC0106,AGT00560,437,1,0,10,0.0,0.0,0.0,0.0,2.0,5251.71,2.0,2.0,7.0,9939.35,7.0,7.0,2625.855,0,0,0
MRC003131,Electronics,Micro,LOC0103,AGT00070,2258,1,1,2,2.0,4155.09,2.0,1.0,4.0,9168.99,4.0,3.0,14.0,36092.24,14.0,13.0,2292.2475,0,0,0
MRC003132,General Retail,Small,LOC0110,AGT00288,1823,1,1,6,1.0,9878.96,1.0,1.0,2.0,9917.06,2.0,2.0,8.0,22503.86,8.0,7.0,4958.53,0,0,0
MRC003133,Grocery,Medium,LOC0116,AGT00687,1657,1,1,14,0.0,0.0,0.0,0.0,1.0,348.15,1.0,1.0,6.0,7155.13,6.0,6.0,348.15,0,0,0
MRC003134,Utility,Medium,LOC0039,AGT00457,624,0,1,11,0.0,0.0,0.0,0.0,6.0,6541.38,6.0,6.0,15.0,25631.99,15.0,14.0,1090.23,0,0,0
MRC003135,Grocery,Small,LOC0051,AGT00244,1496,1,0,24,0.0,0.0,0.0,0.0,2.0,895.8,2.0,2.0,10.0,10571.27,10.0,10.0,447.9,0,0,0
MRC003136,Restaurant,Micro,LOC0116,AGT00537,1766,1,1,1,4.0,4845.57,4.0,3.0,12.0,10355.27,12.0,10.0,41.0,55166.43,41.0,35.0,862.9391666666667,0,0,0
MRC003137,General Retail,Micro,LOC0054,AGT00064,1649,1,1,2,4.0,5730.18,4.0,3.0,9.0,11382.39,9.0,7.0,21.0,52959.06,21.0,18.0,1264.71,0,0,0
MRC003138,Transport,Micro,LOC0104,AGT00656,558,1,1,1,1.0,352.19,1.0,1.0,4.0,8288.77,4.0,4.0,6.0,9065.25,6.0,6.0,2072.1925,0,0,0
MRC003139,Grocery,Small,LOC0078,AGT00358,376,1,1,11,0.0,0.0,0.0,0.0,2.0,2807.83,2.0,2.0,7.0,10531.92,7.0,7.0,1403.915,0,0,0
MRC003140,Fashion,Micro,LOC0112,AGT00674,1334,1,1,9,0.0,0.0,0.0,0.0,6.0,9239.09,6.0,5.0,28.0,47835.98,28.0,22.0,1539.8483333333334,0,0,0
MRC003141,Healthcare,Small,LOC0002,AGT00617,1854,1,1,1,7.0,12121.039999999999,7.0,4.0,15.0,21948.97,15.0,11.0,50.0,60957.19,50.0,39.0,1463.2646666666667,0,0,0
MRC003142,General Retail,Micro,LOC0085,AGT00294,1132,0,1,9,0.0,0.0,0.0,0.0,3.0,2776.87,3.0,3.0,11.0,39054.97,11.0,11.0,925.6233333333333,0,0,0
MRC003143,Transport,Small,LOC0097,AGT00745,1789,0,1,0,1.0,1517.83,1.0,1.0,5.0,29476.239999999998,5.0,5.0,17.0,41300.59,17.0,14.0,5895.248,0,0,0
MRC003144,Grocery,Micro,LOC0024,AGT00268,2400,1,1,1,5.0,6838.23,5.0,2.0,17.0,21659.99,17.0,14.0,42.0,81638.81,42.0,33.0,1274.1170588235295,0,0,0
MRC003145,Fashion,Small,LOC0089,AGT00574,2230,1,1,4,2.0,3721.4900000000002,2.0,2.0,7.0,10002.59,7.0,7.0,11.0,23706.65,11.0,11.0,1428.9414285714286,0,0,0
MRC003146,Grocery,Small,LOC0024,AGT00268,1665,1,1,7,0.0,0.0,0.0,0.0,2.0,2603.63,2.0,2.0,9.0,8819.720000000001,9.0,9.0,1301.815,0,0,0
MRC003147,Grocery,Large,LOC0109,AGT00242,1878,1,1,1,2.0,2804.36,2.0,2.0,9.0,6029.4400000000005,9.0,9.0,24.0,38913.38,24.0,20.0,669.9377777777778,0,0,0
MRC003148,Education,Medium,LOC0110,AGT00288,479,1,0,12,0.0,0.0,0.0,0.0,2.0,751.1600000000001,2.0,2.0,10.0,12275.35,10.0,10.0,375.58000000000004,0,0,0
MRC003149,Utility,Small,LOC0001,AGT00433,473,1,1,1,8.0,5886.2300000000005,8.0,5.0,23.0,35817.880000000005,23.0,16.0,60.0,80074.82,60.0,43.0,1557.299130434783,0,0,0
MRC003150,Grocery,Micro,LOC0061,AGT00428,1818,0,1,12,0.0,0.0,0.0,0.0,2.0,1107.1699999999998,2.0,2.0,5.0,14577.24,5.0,5.0,553.5849999999999,0,0,0
MRC003151,Utility,Medium,LOC0046,AGT00718,2037,1,1,5,2.0,1461.03,2.0,2.0,2.0,1461.03,2.0,2.0,7.0,7659.79,7.0,7.0,730.515,0,0,0
MRC003152,Transport,Medium,LOC0107,AGT00414,711,0,1,1,5.0,15952.15,5.0,4.0,27.0,55114.14,27.0,17.0,58.0,86877.78,58.0,43.0,2041.2644444444445,0,0,0
MRC003153,Healthcare,Medium,LOC0039,AGT00124,1581,1,0,47,0.0,0.0,0.0,0.0,0.0,0.0,0.0,0.0,2.0,1390.34,2.0,2.0,0.0,1,0,0
MRC003154,Pharmacy,Small,LOC0087,AGT00077,912,1,1,6,1.0,697.46,1.0,1.0,4.0,8752.6,4.0,4.0,9.0,37661.76,9.0,9.0,2188.15,0,0,0
MRC003155,Restaurant,Micro,LOC0015,AGT00120,524,1,1,33,0.0,0.0,0.0,0.0,0.0,0.0,0.0,0.0,6.0,2752.9700000000003,6.0,6.0,0.0,1,0,0
MRC003156,Grocery,Small,LOC0026,AGT00162,1113,1,1,2,1.0,2997.67,1.0,1.0,2.0,3139.05,2.0,2.0,7.0,13136.32,7.0,7.0,1569.525,0,0,0
MRC003157,Pharmacy,Small,LOC0119,AGT00002,1265,1,1,49,0.0,0.0,0.0,0.0,0.0,0.0,0.0,0.0,2.0,5119.42,2.0,2.0,0.0,1,0,0
MRC003158,Restaurant,Micro,LOC0047,AGT00055,1983,1,0,10,0.0,0.0,0.0,0.0,1.0,34.4,1.0,1.0,7.0,5937.429999999999,7.0,7.0,34.4,0,0,0
MRC003159,Restaurant,Small,LOC0092,AGT00455,2175,1,1,13,0.0,0.0,0.0,0.0,5.0,10262.33,5.0,5.0,14.0,18188.739999999998,14.0,14.0,2052.466,0,0,0
MRC003160,Grocery,Small,LOC0117,AGT00129,2349,0,1,36,0.0,0.0,0.0,0.0,0.0,0.0,0.0,0.0,10.0,29469.170000000002,10.0,8.0,0.0,1,0,0
MRC003161,Grocery,Micro,LOC0116,AGT00113,515,0,1,0,2.0,1261.15,2.0,2.0,9.0,6286.62,9.0,7.0,32.0,30698.96,32.0,27.0,698.5133333333333,0,0,0
MRC003162,General Retail,Small,LOC0003,AGT00435,2306,0,1,127,0.0,0.0,0.0,0.0,0.0,0.0,0.0,0.0,0.0,0.0,0.0,0.0,0.0,1,1,1
MRC003163,Utility,Small,LOC0028,AGT00349,1418,1,1,1,1.0,884.79,1.0,1.0,5.0,5065.71,5.0,5.0,12.0,19029.78,12.0,11.0,1013.142,0,0,0
MRC003164,Restaurant,Small,LOC0086,AGT00419,659,1,1,2,2.0,1580.19,2.0,2.0,7.0,35617.99,7.0,7.0,9.0,36753.1,9.0,9.0,5088.284285714285,0,0,0
MRC003165,General Retail,Micro,LOC0112,AGT00744,1701,1,1,14,0.0,0.0,0.0,0.0,2.0,3252.26,2.0,2.0,5.0,9159.54,5.0,5.0,1626.13,0,0,0
MRC003166,Pharmacy,Medium,LOC0118,AGT00444,419,1,1,5,1.0,2222.64,1.0,1.0,4.0,6679.66,4.0,4.0,8.0,11599.779999999999,8.0,8.0,1669.915,0,0,0
MRC003167,Restaurant,Small,LOC0087,AGT00238,1295,1,1,18,0.0,0.0,0.0,0.0,1.0,828.24,1.0,1.0,5.0,4767.91,5.0,5.0,828.24,0,0,0
MRC003168,Utility,Small,LOC0013,AGT00789,2097,1,1,9,0.0,0.0,0.0,0.0,3.0,7507.43,3.0,2.0,7.0,10587.26,7.0,6.0,2502.476666666667,0,0,0
MRC003169,Fashion,Small,LOC0090,AGT00217,2409,1,1,20,0.0,0.0,0.0,0.0,3.0,5416.66,3.0,3.0,12.0,10581.16,12.0,11.0,1805.5533333333333,0,0,0
MRC003170,Pharmacy,Micro,LOC0033,AGT00475,916,1,0,162,0.0,0.0,0.0,0.0,0.0,0.0,0.0,0.0,0.0,0.0,0.0,0.0,0.0,1,1,1
MRC003171,Restaurant,Small,LOC0098,AGT00335,668,1,0,5,1.0,1250.36,1.0,1.0,3.0,3258.66,3.0,3.0,8.0,9228.8,8.0,8.0,1086.22,0,0,0
MRC003172,Electronics,Micro,LOC0066,AGT00517,1560,1,0,33,0.0,0.0,0.0,0.0,0.0,0.0,0.0,0.0,5.0,5304.58,5.0,5.0,0.0,1,0,0
MRC003173,Education,Medium,LOC0023,AGT00559,630,1,1,2,2.0,1614.75,2.0,2.0,11.0,14166.13,11.0,10.0,25.0,25411.64,25.0,23.0,1287.83,0,0,0
MRC003174,Restaurant,Micro,LOC0102,AGT00342,2425,1,0,1,2.0,1049.6599999999999,2.0,1.0,6.0,5792.83,6.0,5.0,8.0,9646.56,8.0,7.0,965.4716666666667,0,0,0
MRC003175,Fashion,Large,LOC0119,AGT00002,1003,1,0,18,0.0,0.0,0.0,0.0,2.0,3333.12,2.0,2.0,8.0,9425.88,8.0,8.0,1666.56,0,0,0
MRC003176,Pharmacy,Small,LOC0061,AGT00524,694,1,0,20,0.0,0.0,0.0,0.0,2.0,592.05,2.0,2.0,7.0,6700.12,7.0,7.0,296.025,0,0,0
MRC003177,Electronics,Micro,LOC0098,AGT00017,807,1,0,5,1.0,3288.81,1.0,1.0,3.0,4393.18,3.0,3.0,5.0,6728.1,5.0,5.0,1464.3933333333334,0,0,0
MRC003178,Pharmacy,Small,LOC0008,AGT00634,1106,1,1,7,0.0,0.0,0.0,0.0,4.0,4672.98,4.0,3.0,8.0,7368.79,8.0,7.0,1168.245,0,0,0
MRC003179,General Retail,Micro,LOC0033,AGT00412,1907,1,1,2,2.0,1192.37,2.0,2.0,14.0,19521.02,14.0,12.0,36.0,71498.08,36.0,29.0,1394.3585714285714,0,0,0
MRC003180,Healthcare,Medium,LOC0016,AGT00102,2182,1,1,33,0.0,0.0,0.0,0.0,0.0,0.0,0.0,0.0,1.0,46.21,1.0,1.0,0.0,1,0,0
MRC003181,Restaurant,Small,LOC0035,AGT00393,1895,0,0,8,0.0,0.0,0.0,0.0,2.0,1064.37,2.0,2.0,7.0,14076.47,7.0,7.0,532.185,0,0,0
MRC003182,Healthcare,Small,LOC0046,AGT00743,1707,1,1,3,2.0,840.6600000000001,2.0,2.0,4.0,1302.04,4.0,4.0,23.0,27960.34,23.0,23.0,325.51,0,0,0
MRC003183,Grocery,Small,LOC0052,AGT00015,877,1,1,4,1.0,748.5,1.0,1.0,11.0,6741.03,11.0,8.0,27.0,37013.6,27.0,23.0,612.820909090909,0,0,0
MRC003184,Restaurant,Large,LOC0039,AGT00446,2335,1,1,1,4.0,4300.99,4.0,4.0,11.0,12129.39,11.0,11.0,31.0,103830.72,31.0,28.0,1102.671818181818,0,0,0
MRC003185,Fashion,Small,LOC0066,AGT00328,2471,1,1,8,0.0,0.0,0.0,0.0,1.0,1612.32,1.0,1.0,6.0,20424.23,6.0,6.0,1612.32,0,0,0
MRC003186,Fashion,Small,LOC0027,AGT00532,1667,1,1,29,0.0,0.0,0.0,0.0,1.0,3480.37,1.0,1.0,2.0,5575.82,2.0,2.0,3480.37,0,0,0
MRC003187,Healthcare,Small,LOC0042,AGT00659,1998,1,1,75,0.0,0.0,0.0,0.0,0.0,0.0,0.0,0.0,1.0,1060.94,1.0,1.0,0.0,1,1,0
MRC003188,General Retail,Micro,LOC0101,AGT00107,950,1,1,5,1.0,150.35,1.0,1.0,5.0,4691.2,5.0,5.0,9.0,6640.97,9.0,9.0,938.24,0,0,0
MRC003189,Restaurant,Small,LOC0068,AGT00600,1264,1,1,5,1.0,114.96,1.0,1.0,5.0,4788.96,5.0,5.0,22.0,34290.12,22.0,19.0,957.792,0,0,0
MRC003190,Restaurant,Small,LOC0004,AGT00118,2046,1,0,0,1.0,778.93,1.0,1.0,2.0,975.9499999999999,2.0,2.0,5.0,3341.1499999999996,5.0,5.0,487.97499999999997,0,0,0
MRC003191,Education,Medium,LOC0040,AGT00243,1213,1,0,55,0.0,0.0,0.0,0.0,0.0,0.0,0.0,0.0,3.0,1238.93,3.0,3.0,0.0,1,0,0
MRC003192,Pharmacy,Small,LOC0100,AGT00784,1945,1,1,2,1.0,402.57,1.0,1.0,2.0,4428.37,2.0,2.0,15.0,17458.29,15.0,14.0,2214.185,0,0,0
MRC003193,Grocery,Small,LOC0022,AGT00057,2165,1,1,5,1.0,5214.75,1.0,1.0,5.0,9685.52,5.0,5.0,15.0,28507.64,15.0,15.0,1937.104,0,0,0
MRC003194,General Retail,Small,LOC0111,AGT00340,2326,1,1,43,0.0,0.0,0.0,0.0,0.0,0.0,0.0,0.0,2.0,5688.76,2.0,2.0,0.0,1,0,0
MRC003195,Utility,Small,LOC0036,AGT00081,924,1,1,24,0.0,0.0,0.0,0.0,1.0,350.31,1.0,1.0,6.0,4883.2,6.0,6.0,350.31,0,0,0
MRC003196,General Retail,Small,LOC0076,AGT00302,1327,1,1,1,3.0,3628.62,3.0,3.0,16.0,23563.56,16.0,10.0,32.0,41980.91,32.0,23.0,1472.7225,0,0,0
MRC003197,Pharmacy,Medium,LOC0058,AGT00106,1130,1,0,13,0.0,0.0,0.0,0.0,7.0,5734.98,7.0,6.0,25.0,38898.03,25.0,23.0,819.2828571428571,0,0,0
MRC003198,Grocery,Micro,LOC0076,AGT00184,1385,1,1,52,0.0,0.0,0.0,0.0,0.0,0.0,0.0,0.0,4.0,3688.48,4.0,4.0,0.0,1,0,0
MRC003199,Fashion,Small,LOC0096,AGT00721,1909,1,1,1,1.0,1791.07,1.0,1.0,4.0,5407.77,4.0,3.0,7.0,7909.8,7.0,6.0,1351.9425,0,0,0
MRC003200,General Retail,Medium,LOC0018,AGT00476,994,1,1,1,1.0,3618.39,1.0,1.0,9.0,12794.85,9.0,7.0,21.0,29310.95,21.0,19.0,1421.65,0,0,0
MRC003201,Grocery,Small,LOC0043,AGT00664,796,1,1,5,1.0,5820.29,1.0,1.0,1.0,5820.29,1.0,1.0,1.0,5820.29,1.0,1.0,5820.29,0,0,0
MRC003202,Grocery,Micro,LOC0069,AGT00071,874,1,0,15,0.0,0.0,0.0,0.0,6.0,9295.880000000001,6.0,5.0,11.0,16818.3,11.0,10.0,1549.3133333333335,0,0,0
MRC003203,Grocery,Small,LOC0032,AGT00592,1960,0,0,0,2.0,1565.27,2.0,2.0,5.0,4047.1000000000004,5.0,5.0,8.0,8791.88,8.0,8.0,809.4200000000001,0,0,0
MRC003204,Utility,Micro,LOC0046,AGT00119,2464,1,1,13,0.0,0.0,0.0,0.0,1.0,1453.74,1.0,1.0,2.0,2112.56,2.0,2.0,1453.74,0,0,0
MRC003205,Utility,Micro,LOC0107,AGT00265,512,1,1,2,3.0,691.53,3.0,2.0,14.0,12719.98,14.0,11.0,42.0,63479.38,42.0,34.0,908.5699999999999,0,0,0
MRC003206,Transport,Small,LOC0028,AGT00489,2422,0,1,16,0.0,0.0,0.0,0.0,1.0,733.18,1.0,1.0,4.0,3693.72,4.0,4.0,733.18,0,0,0
MRC003207,Grocery,Medium,LOC0023,AGT00134,357,0,0,0,2.0,696.88,2.0,2.0,4.0,7999.54,4.0,4.0,13.0,24628.719999999998,13.0,13.0,1999.885,0,0,0
MRC003208,Healthcare,Micro,LOC0070,AGT00297,1444,1,1,53,0.0,0.0,0.0,0.0,0.0,0.0,0.0,0.0,1.0,693.92,1.0,1.0,0.0,1,0,0
MRC003209,Fashion,Medium,LOC0012,AGT00514,579,0,1,1,1.0,327.62,1.0,1.0,12.0,19374.61,12.0,8.0,42.0,75603.03,42.0,33.0,1614.5508333333335,0,0,0
MRC003210,Grocery,Small,LOC0001,AGT00123,2373,1,1,1,9.0,10351.94,9.0,6.0,25.0,32263.21,25.0,17.0,78.0,87471.13,78.0,57.0,1290.5284,0,0,0
MRC003211,Restaurant,Medium,LOC0105,AGT00072,1951,0,1,14,0.0,0.0,0.0,0.0,1.0,2243.62,1.0,1.0,2.0,3308.16,2.0,2.0,2243.62,0,0,0
MRC003212,Electronics,Small,LOC0034,AGT00283,1065,0,1,0,1.0,734.45,1.0,1.0,3.0,1141.9,3.0,3.0,12.0,21782.719999999998,12.0,12.0,380.6333333333334,0,0,0
MRC003213,Restaurant,Medium,LOC0015,AGT00538,1786,1,1,1,4.0,10916.1,4.0,4.0,11.0,28232.99,11.0,11.0,34.0,68052.8,34.0,30.0,2566.6354545454546,0,0,0
MRC003214,General Retail,Medium,LOC0079,AGT00197,2144,1,1,18,0.0,0.0,0.0,0.0,1.0,560.57,1.0,1.0,4.0,1351.18,4.0,4.0,560.57,0,0,0
MRC003215,Fashion,Large,LOC0058,AGT00413,762,1,0,8,0.0,0.0,0.0,0.0,4.0,3520.98,4.0,4.0,14.0,16648.510000000002,14.0,14.0,880.245,0,0,0
MRC003216,Restaurant,Small,LOC0055,AGT00178,1674,1,0,73,0.0,0.0,0.0,0.0,0.0,0.0,0.0,0.0,1.0,511.2,1.0,1.0,0.0,1,1,0
MRC003217,Transport,Micro,LOC0053,AGT00252,941,1,1,1,1.0,979.13,1.0,1.0,4.0,4385.88,4.0,4.0,8.0,8137.96,8.0,8.0,1096.47,0,0,0
MRC003218,Transport,Small,LOC0018,AGT00476,1853,1,1,18,0.0,0.0,0.0,0.0,6.0,6146.59,6.0,5.0,9.0,13602.58,9.0,8.0,1024.4316666666666,0,0,0
MRC003219,Grocery,Small,LOC0104,AGT00272,1527,1,0,3,1.0,3806.23,1.0,1.0,2.0,5915.9400000000005,2.0,2.0,7.0,9815.25,7.0,7.0,2957.9700000000003,0,0,0
MRC003220,Education,Micro,LOC0001,AGT00490,1856,1,1,9,0.0,0.0,0.0,0.0,5.0,8557.57,5.0,5.0,8.0,10704.92,8.0,8.0,1711.514,0,0,0
MRC003221,Pharmacy,Medium,LOC0058,AGT00413,1678,0,1,18,0.0,0.0,0.0,0.0,1.0,409.65,1.0,1.0,1.0,409.65,1.0,1.0,409.65,0,0,0
MRC003222,Restaurant,Micro,LOC0033,AGT00507,1676,1,1,4,1.0,1047.83,1.0,1.0,6.0,7185.950000000001,6.0,4.0,20.0,32429.83,20.0,17.0,1197.6583333333335,0,0,0
MRC003223,Transport,Medium,LOC0078,AGT00535,471,1,1,16,0.0,0.0,0.0,0.0,1.0,936.64,1.0,1.0,1.0,936.64,1.0,1.0,936.64,0,0,0
MRC003224,Electronics,Small,LOC0066,AGT00328,2149,1,1,0,5.0,11448.88,5.0,3.0,17.0,25721.199999999997,17.0,14.0,53.0,70350.87,53.0,41.0,1513.0117647058821,0,0,0
MRC003225,Restaurant,Medium,LOC0047,AGT00602,661,1,1,24,0.0,0.0,0.0,0.0,1.0,2015.75,1.0,1.0,3.0,3689.0,3.0,3.0,2015.75,0,0,0
MRC003226,Grocery,Medium,LOC0065,AGT00510,1143,1,1,1,4.0,10578.58,4.0,4.0,9.0,17376.269999999997,9.0,9.0,19.0,30437.469999999998,19.0,18.0,1930.6966666666663,0,0,0
MRC003227,Electronics,Small,LOC0028,AGT00051,1403,1,1,3,2.0,2592.81,2.0,2.0,6.0,7519.599999999999,6.0,6.0,20.0,29187.07,20.0,19.0,1253.2666666666667,0,0,0
MRC003228,Restaurant,Small,LOC0016,AGT00259,2142,1,1,36,0.0,0.0,0.0,0.0,0.0,0.0,0.0,0.0,2.0,775.94,2.0,2.0,0.0,1,0,0
MRC003229,General Retail,Micro,LOC0109,AGT00242,1661,1,1,8,0.0,0.0,0.0,0.0,1.0,587.64,1.0,1.0,4.0,2897.32,4.0,4.0,587.64,0,0,0
MRC003230,Electronics,Medium,LOC0074,AGT00298,687,1,1,21,0.0,0.0,0.0,0.0,1.0,1191.32,1.0,1.0,10.0,9706.23,10.0,10.0,1191.32,0,0,0
MRC003231,General Retail,Medium,LOC0079,AGT00554,912,1,1,27,0.0,0.0,0.0,0.0,1.0,93.36,1.0,1.0,4.0,12197.06,4.0,4.0,93.36,0,0,0
MRC003232,Restaurant,Micro,LOC0120,AGT00694,723,1,1,55,0.0,0.0,0.0,0.0,0.0,0.0,0.0,0.0,2.0,2690.51,2.0,2.0,0.0,1,0,0
MRC003233,General Retail,Micro,LOC0109,AGT00461,1578,1,1,0,1.0,1082.27,1.0,1.0,4.0,13786.24,4.0,4.0,15.0,23923.690000000002,15.0,15.0,3446.56,0,0,0
MRC003234,Grocery,Small,LOC0071,AGT00007,1854,1,1,6,1.0,320.36,1.0,1.0,2.0,437.79,2.0,2.0,4.0,2044.1100000000001,4.0,4.0,218.895,0,0,0
MRC003235,Restaurant,Micro,LOC0096,AGT00731,1836,1,1,4,1.0,2700.42,1.0,1.0,1.0,2700.42,1.0,1.0,5.0,14410.95,5.0,4.0,2700.42,0,0,0
MRC003236,Grocery,Medium,LOC0064,AGT00585,1926,0,1,2,1.0,930.9,1.0,1.0,5.0,6585.709999999999,5.0,5.0,22.0,43504.18,22.0,20.0,1317.1419999999998,0,0,0
MRC003237,Grocery,Micro,LOC0029,AGT00356,1820,1,1,3,2.0,2256.58,2.0,2.0,7.0,6295.13,7.0,6.0,17.0,19595.71,17.0,14.0,899.3042857142857,0,0,0
MRC003238,General Retail,Medium,LOC0075,AGT00020,2258,0,0,11,0.0,0.0,0.0,0.0,1.0,1507.54,1.0,1.0,4.0,7553.31,4.0,4.0,1507.54,0,0,0
MRC003239,Healthcare,Large,LOC0110,AGT00125,2267,0,1,5,1.0,874.42,1.0,1.0,17.0,22625.6,17.0,14.0,32.0,42356.73,32.0,28.0,1330.9176470588234,0,0,0
MRC003240,Education,Medium,LOC0106,AGT00175,887,1,1,0,3.0,1879.76,3.0,3.0,10.0,16106.55,10.0,10.0,23.0,32764.17,23.0,23.0,1610.655,0,0,0
MRC003241,Electronics,Small,LOC0061,AGT00428,952,1,1,13,0.0,0.0,0.0,0.0,1.0,394.39,1.0,1.0,4.0,1942.1799999999998,4.0,4.0,394.39,0,0,0
MRC003242,Education,Micro,LOC0114,AGT00794,409,1,1,10,0.0,0.0,0.0,0.0,3.0,3344.81,3.0,3.0,7.0,7970.83,7.0,7.0,1114.9366666666667,0,0,0
MRC003243,Transport,Medium,LOC0024,AGT00685,871,1,1,1,4.0,5737.860000000001,4.0,4.0,11.0,30349.22,11.0,11.0,36.0,65231.43,36.0,31.0,2759.02,0,0,0
MRC003244,General Retail,Small,LOC0005,AGT00083,1395,1,1,1,2.0,1312.3400000000001,2.0,2.0,8.0,12217.710000000001,8.0,8.0,20.0,39027.01,20.0,15.0,1527.2137500000001,0,0,0
MRC003245,Education,Large,LOC0049,AGT00234,1726,1,1,9,0.0,0.0,0.0,0.0,1.0,1255.24,1.0,1.0,3.0,3530.9300000000003,3.0,3.0,1255.24,0,0,0
MRC003246,Healthcare,Micro,LOC0025,AGT00114,2199,1,1,1,1.0,4063.18,1.0,1.0,1.0,4063.18,1.0,1.0,5.0,21659.38,5.0,5.0,4063.18,0,0,0
MRC003247,Pharmacy,Micro,LOC0115,AGT00296,1584,1,1,6,1.0,251.73,1.0,1.0,5.0,12487.369999999999,5.0,4.0,22.0,48556.3,22.0,18.0,2497.4739999999997,0,0,0
MRC003248,General Retail,Large,LOC0014,AGT00041,2409,1,0,4,2.0,2057.43,2.0,2.0,2.0,2057.43,2.0,2.0,3.0,2371.72,3.0,3.0,1028.715,0,0,0
MRC003249,Grocery,Medium,LOC0065,AGT00096,1495,1,0,4,2.0,4016.66,2.0,1.0,10.0,11373.84,10.0,6.0,25.0,39376.75,25.0,16.0,1137.384,0,0,0
MRC003250,Restaurant,Micro,LOC0093,AGT00494,2161,1,1,1,7.0,10455.4,7.0,6.0,23.0,30638.9,23.0,16.0,62.0,82989.86,62.0,41.0,1332.1260869565217,0,0,0
MRC003251,General Retail,Small,LOC0014,AGT00389,2052,1,1,14,0.0,0.0,0.0,0.0,4.0,4430.110000000001,4.0,4.0,14.0,33140.33,14.0,14.0,1107.5275000000001,0,0,0
MRC003252,Grocery,Micro,LOC0006,AGT00696,1357,1,1,5,1.0,149.04,1.0,1.0,2.0,308.35,2.0,2.0,5.0,2577.19,5.0,5.0,154.175,0,0,0
MRC003253,Grocery,Small,LOC0067,AGT00760,2193,1,1,7,0.0,0.0,0.0,0.0,2.0,2495.75,2.0,2.0,6.0,6791.34,6.0,6.0,1247.875,0,0,0
MRC003254,Restaurant,Micro,LOC0109,AGT00242,2173,1,1,0,1.0,168.75,1.0,1.0,10.0,8155.01,10.0,8.0,32.0,50117.13,32.0,26.0,815.501,0,0,0
MRC003255,Fashion,Small,LOC0002,AGT00617,969,1,0,6,1.0,508.59,1.0,1.0,4.0,4932.19,4.0,4.0,11.0,11737.45,11.0,11.0,1233.0475,0,0,0
MRC003256,General Retail,Micro,LOC0003,AGT00435,754,0,1,1,2.0,4751.4,2.0,2.0,4.0,6574.139999999999,4.0,4.0,12.0,14157.23,12.0,11.0,1643.5349999999999,0,0,0
MRC003257,General Retail,Micro,LOC0112,AGT00746,552,1,0,48,0.0,0.0,0.0,0.0,0.0,0.0,0.0,0.0,3.0,2217.83,3.0,3.0,0.0,1,0,0
MRC003258,Fashion,Small,LOC0073,AGT00126,2299,1,1,3,1.0,1231.42,1.0,1.0,1.0,1231.42,1.0,1.0,4.0,3528.27,4.0,4.0,1231.42,0,0,0
MRC003259,General Retail,Micro,LOC0085,AGT00315,1253,1,1,6,1.0,167.4,1.0,1.0,2.0,857.11,2.0,2.0,18.0,19758.56,18.0,16.0,428.555,0,0,0
MRC003260,Transport,Small,LOC0034,AGT00283,1525,1,1,35,0.0,0.0,0.0,0.0,0.0,0.0,0.0,0.0,1.0,90.06,1.0,1.0,0.0,1,0,0
MRC003261,General Retail,Small,LOC0038,AGT00608,884,1,1,999,0.0,0.0,0.0,0.0,0.0,0.0,0.0,0.0,0.0,0.0,0.0,0.0,0.0,1,1,1
MRC003262,Pharmacy,Small,LOC0057,AGT00701,1137,1,1,11,0.0,0.0,0.0,0.0,1.0,500.19,1.0,1.0,2.0,1234.04,2.0,2.0,500.19,0,0,0
MRC003263,Fashion,Small,LOC0026,AGT00697,1166,0,1,7,0.0,0.0,0.0,0.0,5.0,9979.119999999999,5.0,5.0,12.0,13569.3,12.0,11.0,1995.8239999999998,0,0,0
MRC003264,Grocery,Micro,LOC0054,AGT00556,1557,0,0,0,3.0,2578.42,3.0,3.0,9.0,22844.49,9.0,8.0,31.0,51059.270000000004,31.0,26.0,2538.2766666666666,0,0,0
MRC003265,Grocery,Micro,LOC0115,AGT00104,669,1,1,1,3.0,3172.21,3.0,3.0,23.0,40444.71,23.0,17.0,49.0,74455.45,49.0,36.0,1758.465652173913,0,0,0
MRC003266,Transport,Medium,LOC0090,AGT00073,2000,1,1,4,1.0,2128.3,1.0,1.0,5.0,7519.360000000001,5.0,4.0,11.0,15732.970000000001,11.0,9.0,1503.872,0,0,0
MRC003267,Grocery,Medium,LOC0105,AGT00564,1140,0,1,4,1.0,175.46,1.0,1.0,5.0,3303.95,5.0,5.0,16.0,46841.7,16.0,14.0,660.79,0,0,0
MRC003268,Electronics,Large,LOC0060,AGT00712,811,1,1,7,0.0,0.0,0.0,0.0,1.0,1212.13,1.0,1.0,8.0,4530.15,8.0,8.0,1212.13,0,0,0
MRC003269,Transport,Medium,LOC0095,AGT00183,319,1,1,3,3.0,9816.43,3.0,3.0,8.0,14218.71,8.0,8.0,11.0,18447.02,11.0,11.0,1777.33875,0,0,0
MRC003270,Grocery,Small,LOC0051,AGT00424,509,1,1,13,0.0,0.0,0.0,0.0,1.0,370.57,1.0,1.0,4.0,3963.6400000000003,4.0,4.0,370.57,0,0,0
MRC003271,Fashion,Medium,LOC0075,AGT00400,875,1,1,19,0.0,0.0,0.0,0.0,7.0,6000.19,7.0,6.0,17.0,22619.309999999998,17.0,16.0,857.17,0,0,0
MRC003272,Transport,Small,LOC0088,AGT00261,1888,1,0,7,0.0,0.0,0.0,0.0,4.0,2589.9700000000003,4.0,4.0,8.0,6431.84,8.0,8.0,647.4925000000001,0,0,0
MRC003273,General Retail,Small,LOC0099,AGT00139,2154,1,1,2,4.0,3593.6800000000003,4.0,4.0,28.0,43487.99,28.0,19.0,83.0,111123.67,83.0,54.0,1553.1425,0,0,0
MRC003274,Restaurant,Medium,LOC0112,AGT00587,2368,0,1,999,0.0,0.0,0.0,0.0,0.0,0.0,0.0,0.0,0.0,0.0,0.0,0.0,0.0,1,1,1
MRC003275,General Retail,Small,LOC0013,AGT00439,937,1,1,0,3.0,5309.44,3.0,2.0,6.0,8672.130000000001,6.0,5.0,13.0,14405.050000000001,13.0,12.0,1445.3550000000002,0,0,0
MRC003276,General Retail,Small,LOC0096,AGT00160,1678,1,1,25,0.0,0.0,0.0,0.0,1.0,1628.47,1.0,1.0,9.0,36723.81,9.0,9.0,1628.47,0,0,0
MRC003277,Transport,Micro,LOC0086,AGT00582,873,1,1,8,0.0,0.0,0.0,0.0,5.0,11666.27,5.0,5.0,16.0,20589.16,16.0,16.0,2333.254,0,0,0
MRC003278,Restaurant,Micro,LOC0089,AGT00034,598,1,1,4,1.0,745.84,1.0,1.0,2.0,1403.63,2.0,2.0,3.0,1887.67,3.0,3.0,701.815,0,0,0
MRC003279,Healthcare,Micro,LOC0002,AGT00617,1473,1,1,36,0.0,0.0,0.0,0.0,0.0,0.0,0.0,0.0,3.0,2820.92,3.0,3.0,0.0,1,0,0
MRC003280,Utility,Medium,LOC0059,AGT00590,1692,1,1,9,0.0,0.0,0.0,0.0,5.0,12661.15,5.0,4.0,15.0,18846.89,15.0,14.0,2532.23,0,0,0
MRC003281,Restaurant,Small,LOC0116,AGT00291,1949,1,1,0,2.0,657.3000000000001,2.0,2.0,9.0,10135.14,9.0,7.0,28.0,27000.84,28.0,23.0,1126.1266666666666,0,0,0
MRC003282,General Retail,Micro,LOC0109,AGT00461,541,1,1,3,1.0,1423.87,1.0,1.0,4.0,5574.41,4.0,4.0,15.0,20729.239999999998,15.0,14.0,1393.6025,0,0,0
MRC003283,General Retail,Small,LOC0028,AGT00051,1919,1,1,11,0.0,0.0,0.0,0.0,6.0,5676.9400000000005,6.0,6.0,15.0,15480.76,15.0,15.0,946.1566666666668,0,0,0
MRC003284,Fashion,Micro,LOC0059,AGT00590,950,1,1,54,0.0,0.0,0.0,0.0,0.0,0.0,0.0,0.0,3.0,1925.5,3.0,3.0,0.0,1,0,0
MRC003285,Healthcare,Small,LOC0104,AGT00775,895,1,0,5,2.0,250.42000000000002,2.0,1.0,4.0,5936.9,4.0,3.0,16.0,23419.82,16.0,15.0,1484.225,0,0,0
MRC003286,Electronics,Micro,LOC0112,AGT00587,356,1,1,1,3.0,923.03,3.0,3.0,15.0,27342.82,15.0,12.0,37.0,60048.36,37.0,30.0,1822.8546666666666,0,0,0
MRC003287,Utility,Small,LOC0040,AGT00079,733,1,1,3,2.0,851.9499999999999,2.0,2.0,4.0,2142.62,4.0,4.0,7.0,6767.7,7.0,7.0,535.655,0,0,0
MRC003288,General Retail,Small,LOC0097,AGT00470,1352,1,1,0,6.0,3403.52,6.0,6.0,17.0,21445.09,17.0,12.0,37.0,49211.01,37.0,28.0,1261.4758823529412,0,0,0
MRC003289,Grocery,Small,LOC0101,AGT00625,700,1,1,8,0.0,0.0,0.0,0.0,1.0,2984.8,1.0,1.0,2.0,4484.700000000001,2.0,2.0,2984.8,0,0,0
MRC003290,Grocery,Small,LOC0019,AGT00482,989,1,1,2,1.0,1566.26,1.0,1.0,2.0,2597.1,2.0,2.0,6.0,6437.6,6.0,6.0,1298.55,0,0,0
MRC003291,Restaurant,Small,LOC0004,AGT00043,1445,1,1,0,4.0,15557.78,4.0,4.0,12.0,23761.75,12.0,12.0,24.0,44291.39,24.0,23.0,1980.1458333333333,0,0,0
MRC003292,General Retail,Small,LOC0006,AGT00045,500,1,1,0,2.0,1181.1799999999998,2.0,2.0,16.0,39465.11,16.0,12.0,65.0,109665.94,65.0,44.0,2466.569375,0,0,0
MRC003293,Restaurant,Micro,LOC0018,AGT00237,2199,1,1,14,0.0,0.0,0.0,0.0,2.0,2280.98,2.0,2.0,7.0,10598.39,7.0,7.0,1140.49,0,0,0
MRC003294,General Retail,Small,LOC0089,AGT00518,962,1,1,3,1.0,4790.14,1.0,1.0,1.0,4790.14,1.0,1.0,3.0,5383.360000000001,3.0,3.0,4790.14,0,0,0
MRC003295,Fashion,Small,LOC0047,AGT00755,1945,1,1,0,8.0,9827.130000000001,8.0,4.0,19.0,27612.52,19.0,12.0,64.0,111516.32,64.0,44.0,1453.2905263157895,0,0,0
MRC003296,Pharmacy,Small,LOC0083,AGT00310,1701,0,1,1,1.0,81.85,1.0,1.0,3.0,2687.0099999999998,3.0,3.0,6.0,6265.19,6.0,6.0,895.67,0,0,0
MRC003297,General Retail,Medium,LOC0011,AGT00703,1928,0,1,5,1.0,474.59,1.0,1.0,5.0,5177.48,5.0,5.0,17.0,22061.4,17.0,17.0,1035.4959999999999,0,0,0
MRC003298,Education,Micro,LOC0073,AGT00126,918,1,1,12,0.0,0.0,0.0,0.0,2.0,1360.43,2.0,2.0,6.0,5681.94,6.0,6.0,680.215,0,0,0
MRC003299,Restaurant,Medium,LOC0090,AGT00217,663,1,0,16,0.0,0.0,0.0,0.0,2.0,1507.68,2.0,2.0,8.0,5899.44,8.0,8.0,753.84,0,0,0
MRC003300,Grocery,Micro,LOC0118,AGT00344,599,1,1,20,0.0,0.0,0.0,0.0,3.0,4581.63,3.0,3.0,8.0,9799.3,8.0,8.0,1527.21,0,0,0
MRC003301,Grocery,Small,LOC0039,AGT00658,788,1,1,2,3.0,6105.79,3.0,2.0,29.0,49672.88,29.0,19.0,80.0,119641.6,80.0,51.0,1712.8579310344826,0,0,0
MRC003302,Grocery,Medium,LOC0066,AGT00292,1477,1,1,1,3.0,1929.6,3.0,3.0,16.0,29436.36,16.0,12.0,33.0,49757.38,33.0,27.0,1839.7725,0,0,0
MRC003303,Restaurant,Small,LOC0058,AGT00413,1651,1,1,0,6.0,15492.220000000001,6.0,2.0,24.0,36624.79,24.0,13.0,69.0,106324.12,69.0,42.0,1526.0329166666668,0,0,0
MRC003304,Education,Medium,LOC0042,AGT00204,1932,0,1,10,0.0,0.0,0.0,0.0,1.0,2818.87,1.0,1.0,3.0,4456.18,3.0,3.0,2818.87,0,0,0
MRC003305,Restaurant,Medium,LOC0077,AGT00159,2392,1,1,33,0.0,0.0,0.0,0.0,0.0,0.0,0.0,0.0,1.0,188.19,1.0,1.0,0.0,1,0,0
MRC003306,Grocery,Micro,LOC0068,AGT00149,2100,0,1,8,0.0,0.0,0.0,0.0,2.0,751.7,2.0,2.0,9.0,7867.03,9.0,9.0,375.85,0,0,0
MRC003307,Pharmacy,Large,LOC0100,AGT00420,1066,1,1,0,12.0,53695.65,12.0,6.0,51.0,118144.14,50.0,26.0,148.0,283642.83,147.0,74.0,2316.5517647058823,0,0,0
MRC003308,Restaurant,Medium,LOC0004,AGT00043,1318,0,1,15,0.0,0.0,0.0,0.0,2.0,2702.58,2.0,2.0,10.0,9784.130000000001,10.0,10.0,1351.29,0,0,0
MRC003309,General Retail,Small,LOC0027,AGT00473,2373,1,1,2,2.0,6524.26,2.0,1.0,10.0,22962.66,10.0,5.0,26.0,66985.64,26.0,20.0,2296.266,0,0,0
MRC003310,Restaurant,Micro,LOC0070,AGT00735,1840,1,1,7,0.0,0.0,0.0,0.0,2.0,1554.8600000000001,2.0,2.0,2.0,1554.8600000000001,2.0,2.0,777.4300000000001,0,0,0
MRC003311,Grocery,Micro,LOC0069,AGT00477,1197,1,1,2,2.0,101.60000000000001,2.0,2.0,2.0,101.60000000000001,2.0,2.0,2.0,101.60000000000001,2.0,2.0,50.800000000000004,0,0,0
MRC003312,Education,Medium,LOC0109,AGT00242,2107,1,1,5,2.0,2368.56,2.0,1.0,3.0,3460.98,3.0,2.0,10.0,20784.95,10.0,9.0,1153.66,0,0,0
MRC003313,General Retail,Medium,LOC0081,AGT00276,584,1,0,0,5.0,5868.18,5.0,5.0,26.0,33034.38,26.0,21.0,81.0,109433.55,81.0,60.0,1270.5530769230768,0,0,0
MRC003314,Utility,Medium,LOC0001,AGT00123,1757,0,1,3,3.0,2357.26,3.0,3.0,8.0,8015.55,8.0,8.0,27.0,36064.25,27.0,24.0,1001.94375,0,0,0
MRC003315,General Retail,Small,LOC0059,AGT00092,2360,1,1,168,0.0,0.0,0.0,0.0,0.0,0.0,0.0,0.0,0.0,0.0,0.0,0.0,0.0,1,1,1
MRC003316,General Retail,Micro,LOC0102,AGT00018,1439,1,1,3,1.0,807.48,1.0,1.0,7.0,12037.16,7.0,6.0,17.0,18802.62,17.0,14.0,1719.5942857142857,0,0,0
MRC003317,Transport,Small,LOC0105,AGT00279,1626,0,1,59,0.0,0.0,0.0,0.0,0.0,0.0,0.0,0.0,2.0,319.1,2.0,2.0,0.0,1,0,0
MRC003318,General Retail,Micro,LOC0097,AGT00671,417,0,1,3,1.0,2929.86,1.0,1.0,5.0,5062.610000000001,5.0,5.0,10.0,16591.83,10.0,10.0,1012.5220000000002,0,0,0
MRC003319,Grocery,Micro,LOC0058,AGT00413,1608,1,0,0,3.0,7588.92,3.0,3.0,3.0,7588.92,3.0,3.0,15.0,19704.44,15.0,14.0,2529.64,0,0,0
MRC003320,General Retail,Micro,LOC0013,AGT00439,920,1,0,3,1.0,2017.53,1.0,1.0,11.0,16618.16,11.0,9.0,38.0,45289.44,38.0,31.0,1510.7418181818182,0,0,0
MRC003321,General Retail,Micro,LOC0026,AGT00451,2459,0,1,0,3.0,4400.79,3.0,3.0,12.0,9215.02,12.0,11.0,42.0,53697.3,42.0,35.0,767.9183333333334,0,0,0
MRC003322,General Retail,Micro,LOC0102,AGT00210,985,1,1,9,0.0,0.0,0.0,0.0,6.0,17822.62,6.0,6.0,14.0,28494.079999999998,14.0,14.0,2970.4366666666665,0,0,0
MRC003323,Fashion,Small,LOC0041,AGT00334,972,1,0,3,2.0,2630.16,2.0,2.0,3.0,2815.2799999999997,3.0,3.0,11.0,8758.64,11.0,11.0,938.4266666666666,0,0,0
MRC003324,Utility,Small,LOC0092,AGT00042,1150,0,1,2,1.0,1855.3,1.0,1.0,16.0,30823.07,16.0,12.0,36.0,97285.61,36.0,29.0,1926.441875,0,0,0
MRC003325,Grocery,Small,LOC0005,AGT00083,1810,1,1,58,0.0,0.0,0.0,0.0,0.0,0.0,0.0,0.0,1.0,615.62,1.0,1.0,0.0,1,0,0
MRC003326,Education,Small,LOC0059,AGT00590,2364,1,1,0,5.0,2409.91,5.0,4.0,18.0,27672.98,18.0,14.0,63.0,113319.67,63.0,49.0,1537.3877777777777,0,0,0
MRC003327,Restaurant,Large,LOC0115,AGT00006,1043,1,1,19,0.0,0.0,0.0,0.0,1.0,721.82,1.0,1.0,6.0,6899.24,6.0,6.0,721.82,0,0,0
MRC003328,Education,Small,LOC0030,AGT00080,743,0,1,20,0.0,0.0,0.0,0.0,2.0,833.9000000000001,2.0,2.0,9.0,25530.08,9.0,8.0,416.95000000000005,0,0,0
MRC003329,Transport,Small,LOC0004,AGT00437,1957,0,1,10,0.0,0.0,0.0,0.0,1.0,923.23,1.0,1.0,3.0,5062.34,3.0,3.0,923.23,0,0,0
MRC003330,Restaurant,Small,LOC0035,AGT00371,1470,1,1,41,0.0,0.0,0.0,0.0,0.0,0.0,0.0,0.0,2.0,3823.31,2.0,2.0,0.0,1,0,0
MRC003331,Pharmacy,Small,LOC0008,AGT00614,1280,1,1,0,2.0,4097.91,2.0,2.0,4.0,9509.95,4.0,4.0,12.0,19121.3,12.0,12.0,2377.4875,0,0,0
MRC003332,Restaurant,Small,LOC0074,AGT00318,2452,1,1,6,1.0,477.84,1.0,1.0,2.0,3748.6200000000003,2.0,2.0,9.0,14118.59,9.0,9.0,1874.3100000000002,0,0,0
MRC003333,Transport,Small,LOC0024,AGT00640,1369,0,1,3,1.0,820.15,1.0,1.0,2.0,1746.97,2.0,2.0,7.0,15379.24,7.0,7.0,873.485,0,0,0
MRC003334,Transport,Small,LOC0030,AGT00080,1639,1,0,0,2.0,1972.81,2.0,2.0,5.0,4033.82,5.0,5.0,12.0,16396.52,12.0,11.0,806.764,0,0,0
MRC003335,Healthcare,Small,LOC0071,AGT00734,2431,0,1,3,3.0,7648.2300000000005,3.0,3.0,20.0,50883.37,20.0,15.0,53.0,93600.48,53.0,39.0,2544.1685,0,0,0
MRC003336,Grocery,Small,LOC0040,AGT00079,743,1,1,1,9.0,12370.880000000001,9.0,5.0,30.0,45776.57,30.0,21.0,89.0,147383.01,89.0,59.0,1525.8856666666666,0,0,0
MRC003337,Utility,Micro,LOC0079,AGT00260,2259,1,0,0,2.0,5624.79,2.0,2.0,11.0,14610.619999999999,11.0,11.0,31.0,46063.270000000004,31.0,28.0,1328.2381818181818,0,0,0
MRC003338,Transport,Micro,LOC0112,AGT00667,2385,1,1,16,0.0,0.0,0.0,0.0,4.0,3933.87,4.0,4.0,7.0,8256.18,7.0,7.0,983.4675,0,0,0
MRC003339,Grocery,Small,LOC0112,AGT00587,1315,1,1,96,0.0,0.0,0.0,0.0,0.0,0.0,0.0,0.0,0.0,0.0,0.0,0.0,0.0,1,1,1
MRC003340,Restaurant,Small,LOC0088,AGT00261,1021,1,1,11,0.0,0.0,0.0,0.0,2.0,778.8,2.0,2.0,9.0,13548.48,9.0,9.0,389.4,0,0,0
MRC003341,Fashion,Small,LOC0117,AGT00129,641,1,1,0,2.0,1698.07,2.0,2.0,6.0,3491.25,6.0,6.0,18.0,17826.59,18.0,18.0,581.875,0,0,0
MRC003342,Restaurant,Micro,LOC0089,AGT00518,391,1,1,12,0.0,0.0,0.0,0.0,8.0,17307.88,8.0,7.0,20.0,37427.08,20.0,19.0,2163.485,0,0,0
MRC003343,Grocery,Micro,LOC0009,AGT00085,2437,1,0,14,0.0,0.0,0.0,0.0,1.0,727.94,1.0,1.0,2.0,1317.12,2.0,2.0,727.94,0,0,0
MRC003344,Pharmacy,Micro,LOC0115,AGT00202,1229,0,1,8,0.0,0.0,0.0,0.0,5.0,11412.67,5.0,5.0,18.0,25815.07,18.0,16.0,2282.534,0,0,0
MRC003345,Grocery,Small,LOC0069,AGT00477,1746,1,0,0,2.0,3108.99,2.0,2.0,9.0,12094.0,9.0,8.0,38.0,65149.22,38.0,30.0,1343.7777777777778,0,0,0
MRC003346,Grocery,Micro,LOC0001,AGT00616,812,1,1,0,1.0,1382.14,1.0,1.0,2.0,4465.66,2.0,2.0,8.0,21468.64,8.0,8.0,2232.83,0,0,0
MRC003347,Pharmacy,Micro,LOC0075,AGT00400,994,1,1,5,2.0,2468.8900000000003,2.0,2.0,6.0,6977.4400000000005,6.0,6.0,10.0,11988.130000000001,10.0,9.0,1162.9066666666668,0,0,0
MRC003348,Utility,Micro,LOC0030,AGT00336,2076,1,0,10,0.0,0.0,0.0,0.0,3.0,7605.610000000001,3.0,3.0,5.0,11059.539999999999,5.0,5.0,2535.2033333333334,0,0,0
MRC003349,Electronics,Small,LOC0065,AGT00096,1721,0,1,1,2.0,1365.52,2.0,2.0,5.0,6498.92,5.0,5.0,9.0,19121.15,9.0,9.0,1299.784,0,0,0
MRC003350,Fashion,Micro,LOC0079,AGT00570,767,0,1,55,0.0,0.0,0.0,0.0,0.0,0.0,0.0,0.0,2.0,1931.1599999999999,2.0,2.0,0.0,1,0,0
MRC003351,Transport,Small,LOC0004,AGT00584,298,1,1,23,0.0,0.0,0.0,0.0,1.0,2026.08,1.0,1.0,3.0,4206.58,3.0,3.0,2026.08,0,0,0
MRC003352,Electronics,Small,LOC0053,AGT00098,2078,1,0,10,0.0,0.0,0.0,0.0,1.0,975.52,1.0,1.0,11.0,15922.869999999999,11.0,10.0,975.52,0,0,0
MRC003353,Grocery,Medium,LOC0007,AGT00452,461,1,1,5,1.0,1446.78,1.0,1.0,7.0,9354.87,7.0,6.0,14.0,25528.46,14.0,13.0,1336.41,0,0,0
MRC003354,Pharmacy,Small,LOC0014,AGT00680,366,1,1,5,1.0,2427.27,1.0,1.0,9.0,14439.39,9.0,7.0,22.0,26900.58,22.0,18.0,1604.3766666666666,0,0,0
MRC003355,Pharmacy,Micro,LOC0026,AGT00697,943,1,1,0,3.0,4553.58,3.0,3.0,12.0,15960.640000000001,12.0,12.0,36.0,69114.5,36.0,31.0,1330.0533333333335,0,0,0
MRC003356,Education,Small,LOC0094,AGT00088,2317,1,1,5,1.0,868.05,1.0,1.0,3.0,2505.0600000000004,3.0,3.0,4.0,5930.68,4.0,4.0,835.0200000000001,0,0,0
MRC003357,Fashion,Small,LOC0050,AGT00531,1695,1,0,4,2.0,1486.46,2.0,1.0,4.0,2547.7200000000003,4.0,3.0,15.0,24513.56,15.0,14.0,636.9300000000001,0,0,0
MRC003358,Restaurant,Micro,LOC0006,AGT00513,379,1,1,39,0.0,0.0,0.0,0.0,0.0,0.0,0.0,0.0,2.0,3435.7200000000003,2.0,2.0,0.0,1,0,0
MRC003359,Electronics,Medium,LOC0090,AGT00468,2290,1,1,2,1.0,2988.29,1.0,1.0,1.0,2988.29,1.0,1.0,5.0,6227.39,5.0,5.0,2988.29,0,0,0
MRC003360,General Retail,Small,LOC0066,AGT00311,2337,1,1,7,0.0,0.0,0.0,0.0,1.0,2752.82,1.0,1.0,11.0,13994.27,11.0,11.0,2752.82,0,0,0
MRC003361,Restaurant,Micro,LOC0017,AGT00282,1809,1,1,3,1.0,755.79,1.0,1.0,2.0,1054.92,2.0,2.0,3.0,1612.1,3.0,3.0,527.46,0,0,0
MRC003362,Electronics,Micro,LOC0068,AGT00778,448,1,0,6,1.0,832.83,1.0,1.0,7.0,7064.12,7.0,6.0,17.0,15626.34,17.0,16.0,1009.16,0,0,0
MRC003363,Fashion,Medium,LOC0030,AGT00078,318,1,1,12,0.0,0.0,0.0,0.0,2.0,1032.59,2.0,2.0,6.0,8391.19,6.0,6.0,516.295,0,0,0
MRC003364,Healthcare,Large,LOC0077,AGT00168,2193,1,1,5,1.0,4260.76,1.0,1.0,4.0,7303.81,4.0,4.0,13.0,15536.3,13.0,13.0,1825.9525,0,0,0
MRC003365,Healthcare,Medium,LOC0114,AGT00794,2084,1,1,0,4.0,9153.71,4.0,3.0,16.0,24638.95,16.0,13.0,33.0,44491.09,33.0,28.0,1539.934375,0,0,0
MRC003366,Healthcare,Micro,LOC0038,AGT00341,2103,1,1,3,1.0,479.99,1.0,1.0,4.0,9476.44,4.0,4.0,8.0,10845.62,8.0,8.0,2369.11,0,0,0
MRC003367,Pharmacy,Small,LOC0090,AGT00073,1350,0,0,4,1.0,1834.17,1.0,1.0,6.0,12375.44,6.0,5.0,21.0,30899.65,21.0,18.0,2062.5733333333333,0,0,0
MRC003368,Fashion,Micro,LOC0003,AGT00435,1585,1,1,18,0.0,0.0,0.0,0.0,5.0,9606.240000000002,5.0,5.0,26.0,33868.3,26.0,23.0,1921.2480000000003,0,0,0
MRC003369,Utility,Small,LOC0049,AGT00250,665,1,0,2,2.0,4170.32,2.0,2.0,15.0,16930.48,15.0,12.0,52.0,95045.91,52.0,39.0,1128.6986666666667,0,0,0
MRC003370,Restaurant,Small,LOC0107,AGT00672,365,0,1,18,0.0,0.0,0.0,0.0,2.0,1631.46,2.0,2.0,12.0,22870.76,12.0,11.0,815.73,0,0,0
MRC003371,General Retail,Large,LOC0009,AGT00008,770,1,1,28,0.0,0.0,0.0,0.0,1.0,2865.4,1.0,1.0,2.0,5237.12,2.0,2.0,2865.4,0,0,0
MRC003372,Restaurant,Small,LOC0112,AGT00744,1644,0,1,26,0.0,0.0,0.0,0.0,2.0,890.9300000000001,2.0,1.0,2.0,890.9300000000001,2.0,1.0,445.46500000000003,0,0,0
MRC003373,Fashion,Small,LOC0012,AGT00256,1165,1,1,108,0.0,0.0,0.0,0.0,0.0,0.0,0.0,0.0,0.0,0.0,0.0,0.0,0.0,1,1,1
MRC003374,Fashion,Micro,LOC0058,AGT00352,1636,0,0,17,0.0,0.0,0.0,0.0,4.0,3798.0699999999997,4.0,4.0,17.0,20615.5,17.0,16.0,949.5174999999999,0,0,0
MRC003375,Fashion,Small,LOC0022,AGT00103,1249,0,1,5,1.0,730.64,1.0,1.0,5.0,8499.970000000001,5.0,5.0,22.0,24749.210000000003,22.0,20.0,1699.9940000000001,0,0,0
MRC003376,General Retail,Micro,LOC0003,AGT00312,1504,1,1,5,1.0,182.11,1.0,1.0,6.0,15829.539999999999,6.0,6.0,16.0,28773.07,16.0,15.0,2638.2566666666667,0,0,0
MRC003377,Grocery,Medium,LOC0042,AGT00501,2365,0,1,28,0.0,0.0,0.0,0.0,1.0,320.53,1.0,1.0,4.0,1233.3,4.0,4.0,320.53,0,0,0
MRC003378,Education,Micro,LOC0070,AGT00800,1666,1,0,6,1.0,2352.76,1.0,1.0,2.0,11428.66,2.0,2.0,8.0,17713.4,8.0,8.0,5714.33,0,0,0
MRC003379,Education,Small,LOC0087,AGT00305,2371,1,1,1,5.0,8280.119999999999,5.0,4.0,13.0,15506.63,13.0,11.0,41.0,57027.92,41.0,34.0,1192.8176923076921,0,0,0
MRC003380,General Retail,Micro,LOC0038,AGT00341,2402,1,1,0,3.0,3267.5299999999997,3.0,3.0,8.0,13803.16,8.0,7.0,16.0,26554.95,16.0,15.0,1725.395,0,0,0
MRC003381,Education,Small,LOC0060,AGT00712,1636,0,1,1,1.0,537.66,1.0,1.0,6.0,11270.12,6.0,5.0,26.0,43642.020000000004,26.0,23.0,1878.3533333333335,0,0,0
MRC003382,General Retail,Micro,LOC0022,AGT00555,2462,0,1,0,26.0,45745.700000000004,26.0,7.0,121.0,196775.21,118.0,30.0,337.0,565061.82,332.0,88.0,1626.2414049586775,0,0,0
MRC003383,General Retail,Small,LOC0088,AGT00241,831,1,1,4,1.0,6456.95,1.0,1.0,6.0,33528.6,6.0,6.0,20.0,56162.53999999999,20.0,19.0,5588.099999999999,0,0,0
MRC003384,Restaurant,Small,LOC0021,AGT00502,1424,1,1,107,0.0,0.0,0.0,0.0,0.0,0.0,0.0,0.0,0.0,0.0,0.0,0.0,0.0,1,1,1
MRC003385,General Retail,Small,LOC0104,AGT00656,450,1,1,82,0.0,0.0,0.0,0.0,0.0,0.0,0.0,0.0,1.0,1138.26,1.0,1.0,0.0,1,1,0
MRC003386,General Retail,Medium,LOC0022,AGT00787,487,1,1,2,1.0,2426.7,1.0,1.0,1.0,2426.7,1.0,1.0,8.0,13354.53,8.0,8.0,2426.7,0,0,0
MRC003387,Pharmacy,Micro,LOC0080,AGT00262,576,0,1,1,1.0,347.36,1.0,1.0,2.0,815.1700000000001,2.0,2.0,14.0,14978.220000000001,14.0,14.0,407.58500000000004,0,0,0
MRC003388,Education,Small,LOC0040,AGT00481,579,0,1,32,0.0,0.0,0.0,0.0,0.0,0.0,0.0,0.0,5.0,3834.49,5.0,5.0,0.0,1,0,0
MRC003389,Pharmacy,Medium,LOC0120,AGT00791,1183,1,1,3,1.0,487.36,1.0,1.0,2.0,622.14,2.0,2.0,6.0,3641.77,6.0,6.0,311.07,0,0,0
MRC003390,Transport,Micro,LOC0034,AGT00174,1860,0,1,12,0.0,0.0,0.0,0.0,1.0,504.44,1.0,1.0,4.0,6985.959999999999,4.0,4.0,504.44,0,0,0
MRC003391,Grocery,Medium,LOC0114,AGT00702,2441,1,1,5,1.0,80.48,1.0,1.0,2.0,1111.5,2.0,2.0,11.0,6345.259999999999,11.0,11.0,555.75,0,0,0
MRC003392,Healthcare,Medium,LOC0101,AGT00625,2432,0,1,3,1.0,174.84,1.0,1.0,10.0,17829.86,10.0,9.0,36.0,63286.259999999995,36.0,29.0,1782.986,0,0,0
MRC003393,Restaurant,Medium,LOC0057,AGT00569,677,1,1,4,3.0,1343.43,3.0,2.0,17.0,25277.88,17.0,14.0,48.0,69969.59,48.0,40.0,1486.9341176470589,0,0,0
MRC003394,Education,Small,LOC0060,AGT00714,1239,0,1,1,4.0,10854.93,4.0,4.0,17.0,28391.45,17.0,16.0,64.0,83967.62,64.0,49.0,1670.0852941176472,0,0,0
MRC003395,Grocery,Small,LOC0043,AGT00456,1229,1,1,4,1.0,5645.14,1.0,1.0,3.0,7299.610000000001,3.0,3.0,4.0,8733.62,4.0,4.0,2433.2033333333334,0,0,0
MRC003396,Transport,Small,LOC0052,AGT00740,501,1,1,7,0.0,0.0,0.0,0.0,6.0,3464.2,6.0,5.0,12.0,11235.47,12.0,11.0,577.3666666666667,0,0,0
MRC003397,Fashion,Small,LOC0056,AGT00128,373,0,1,27,0.0,0.0,0.0,0.0,1.0,382.7,1.0,1.0,9.0,20126.58,9.0,9.0,382.7,0,0,0
MRC003398,Education,Large,LOC0018,AGT00137,1058,1,1,0,1.0,502.1,1.0,1.0,4.0,6086.81,4.0,3.0,17.0,25812.29,17.0,16.0,1521.7025,0,0,0
MRC003399,Restaurant,Micro,LOC0039,AGT00304,2158,1,1,36,0.0,0.0,0.0,0.0,0.0,0.0,0.0,0.0,4.0,5873.92,4.0,4.0,0.0,1,0,0
MRC003400,Grocery,Small,LOC0106,AGT00316,1128,1,1,7,0.0,0.0,0.0,0.0,2.0,4321.85,2.0,2.0,6.0,14468.150000000001,6.0,6.0,2160.925,0,0,0
MRC003401,Fashion,Small,LOC0118,AGT00404,1124,1,1,1,4.0,5315.67,4.0,3.0,19.0,28432.170000000002,19.0,16.0,39.0,52977.67,39.0,34.0,1496.43,0,0,0
MRC003402,General Retail,Micro,LOC0007,AGT00679,2464,1,1,7,0.0,0.0,0.0,0.0,3.0,4987.26,3.0,3.0,8.0,9742.0,8.0,8.0,1662.42,0,0,0
MRC003403,Pharmacy,Small,LOC0088,AGT00241,1111,1,1,12,0.0,0.0,0.0,0.0,3.0,12352.769999999999,3.0,3.0,8.0,17543.499999999996,8.0,8.0,4117.589999999999,0,0,0
MRC003404,Transport,Small,LOC0029,AGT00383,1787,1,1,5,3.0,16983.75,3.0,2.0,11.0,32452.510000000002,11.0,8.0,19.0,41721.6,19.0,16.0,2950.228181818182,0,0,0
MRC003405,Grocery,Small,LOC0079,AGT00155,2431,1,1,1,1.0,2267.25,1.0,1.0,6.0,4874.17,6.0,6.0,17.0,30085.29,17.0,16.0,812.3616666666667,0,0,0
MRC003406,Healthcare,Medium,LOC0075,AGT00020,544,1,1,23,0.0,0.0,0.0,0.0,2.0,1414.07,2.0,1.0,13.0,12147.41,13.0,9.0,707.035,0,0,0
MRC003407,Pharmacy,Micro,LOC0106,AGT00316,1402,1,1,1,5.0,14936.48,5.0,5.0,18.0,37351.399999999994,18.0,15.0,55.0,89178.22,55.0,42.0,2075.0777777777776,0,0,0
MRC003408,Fashion,Medium,LOC0085,AGT00294,1023,1,0,54,0.0,0.0,0.0,0.0,0.0,0.0,0.0,0.0,1.0,1269.11,1.0,1.0,0.0,1,0,0
MRC003409,Restaurant,Small,LOC0099,AGT00138,546,1,1,7,0.0,0.0,0.0,0.0,5.0,8408.91,5.0,3.0,11.0,10599.82,11.0,9.0,1681.782,0,0,0
MRC003410,Grocery,Medium,LOC0097,AGT00267,393,1,1,7,0.0,0.0,0.0,0.0,3.0,2574.63,3.0,3.0,12.0,48934.549999999996,12.0,11.0,858.21,0,0,0
MRC003411,Restaurant,Micro,LOC0078,AGT00246,1702,1,1,5,1.0,733.59,1.0,1.0,5.0,6751.09,5.0,5.0,7.0,9790.58,7.0,7.0,1350.218,0,0,0
MRC003412,Restaurant,Small,LOC0050,AGT00049,1713,0,1,10,0.0,0.0,0.0,0.0,12.0,14023.36,12.0,9.0,31.0,44896.16,31.0,26.0,1168.6133333333335,0,0,0
MRC003413,Electronics,Medium,LOC0041,AGT00148,1514,1,0,1,2.0,2712.29,2.0,2.0,12.0,13842.08,12.0,11.0,30.0,36395.63,30.0,28.0,1153.5066666666667,0,0,0
MRC003414,General Retail,Micro,LOC0042,AGT00248,1756,1,1,28,0.0,0.0,0.0,0.0,1.0,149.89,1.0,1.0,5.0,5724.52,5.0,5.0,149.89,0,0,0
MRC003415,Fashion,Small,LOC0044,AGT00227,1857,1,1,1,5.0,10023.61,5.0,4.0,17.0,60629.880000000005,17.0,13.0,52.0,114661.46,52.0,39.0,3566.463529411765,0,0,0
MRC003416,General Retail,Small,LOC0035,AGT00757,412,0,1,0,1.0,5200.51,1.0,1.0,1.0,5200.51,1.0,1.0,5.0,7911.48,5.0,5.0,5200.51,0,0,0
MRC003417,Fashion,Small,LOC0038,AGT00529,361,1,0,0,3.0,8051.65,3.0,2.0,5.0,8755.57,5.0,4.0,22.0,29782.38,22.0,20.0,1751.114,0,0,0
MRC003418,Grocery,Medium,LOC0069,AGT00477,1020,1,1,17,0.0,0.0,0.0,0.0,1.0,1086.92,1.0,1.0,6.0,4096.12,6.0,6.0,1086.92,0,0,0
MRC003419,Pharmacy,Small,LOC0033,AGT00604,1529,1,1,35,0.0,0.0,0.0,0.0,0.0,0.0,0.0,0.0,3.0,2691.25,3.0,2.0,0.0,1,0,0
MRC003420,Restaurant,Medium,LOC0042,AGT00152,2259,1,1,0,1.0,186.02,1.0,1.0,1.0,186.02,1.0,1.0,10.0,10569.89,10.0,10.0,186.02,0,0,0
MRC003421,Restaurant,Small,LOC0086,AGT00419,2427,1,1,12,0.0,0.0,0.0,0.0,1.0,263.79,1.0,1.0,7.0,7711.13,7.0,7.0,263.79,0,0,0
MRC003422,General Retail,Small,LOC0040,AGT00481,2093,1,1,106,0.0,0.0,0.0,0.0,0.0,0.0,0.0,0.0,0.0,0.0,0.0,0.0,0.0,1,1,1
MRC003423,Transport,Medium,LOC0013,AGT00797,923,0,1,3,1.0,467.21,1.0,1.0,3.0,6223.21,3.0,3.0,14.0,15237.88,14.0,13.0,2074.403333333333,0,0,0
MRC003424,Education,Small,LOC0003,AGT00312,1541,1,1,0,3.0,4087.71,3.0,3.0,7.0,7039.38,7.0,7.0,24.0,46716.35,24.0,24.0,1005.6257142857143,0,0,0
MRC003425,Fashion,Micro,LOC0092,AGT00281,540,1,0,6,1.0,645.39,1.0,1.0,5.0,22473.82,5.0,5.0,9.0,36121.41,9.0,9.0,4494.764,0,0,0
MRC003426,Restaurant,Micro,LOC0114,AGT00702,1345,0,1,3,1.0,1072.1,1.0,1.0,1.0,1072.1,1.0,1.0,3.0,5663.4,3.0,3.0,1072.1,0,0,0
MRC003427,Education,Small,LOC0082,AGT00147,502,1,1,16,0.0,0.0,0.0,0.0,1.0,1887.32,1.0,1.0,8.0,13819.16,8.0,8.0,1887.32,0,0,0
MRC003428,Grocery,Small,LOC0008,AGT00699,2456,1,1,999,0.0,0.0,0.0,0.0,0.0,0.0,0.0,0.0,0.0,0.0,0.0,0.0,0.0,1,1,1
MRC003429,Grocery,Small,LOC0068,AGT00576,1272,0,1,25,0.0,0.0,0.0,0.0,1.0,679.8,1.0,1.0,1.0,679.8,1.0,1.0,679.8,0,0,0
MRC003430,Restaurant,Small,LOC0033,AGT00412,1864,1,1,4,3.0,654.03,3.0,2.0,5.0,8202.81,5.0,4.0,27.0,31827.78,27.0,23.0,1640.562,0,0,0
MRC003431,Grocery,Medium,LOC0039,AGT00326,514,1,1,6,1.0,1718.09,1.0,1.0,7.0,5873.35,7.0,7.0,29.0,37657.74,29.0,26.0,839.0500000000001,0,0,0
MRC003432,Transport,Micro,LOC0111,AGT00799,2368,1,0,1,2.0,1362.53,2.0,2.0,7.0,4269.88,7.0,7.0,13.0,21742.63,13.0,13.0,609.9828571428571,0,0,0
MRC003433,Grocery,Small,LOC0099,AGT00500,1432,1,1,2,1.0,424.23,1.0,1.0,4.0,7238.780000000001,4.0,4.0,14.0,21036.37,14.0,13.0,1809.6950000000002,0,0,0
MRC003434,Grocery,Small,LOC0089,AGT00034,443,0,0,4,1.0,936.28,1.0,1.0,5.0,4210.72,5.0,5.0,19.0,29094.940000000002,19.0,18.0,842.144,0,0,0
MRC003435,General Retail,Micro,LOC0061,AGT00428,1092,0,1,0,2.0,3622.2400000000002,2.0,2.0,8.0,17792.93,8.0,8.0,18.0,27032.0,18.0,18.0,2224.11625,0,0,0
MRC003436,General Retail,Small,LOC0070,AGT00735,750,0,1,35,0.0,0.0,0.0,0.0,0.0,0.0,0.0,0.0,2.0,3663.53,2.0,2.0,0.0,1,0,0
MRC003437,Fashion,Small,LOC0110,AGT00125,437,0,1,4,1.0,319.49,1.0,1.0,6.0,5631.93,6.0,6.0,12.0,22763.4,12.0,10.0,938.6550000000001,0,0,0
MRC003438,Fashion,Medium,LOC0080,AGT00758,354,1,1,7,0.0,0.0,0.0,0.0,3.0,1946.5300000000002,3.0,3.0,7.0,8059.21,7.0,7.0,648.8433333333334,0,0,0
MRC003439,Utility,Small,LOC0070,AGT00735,1843,1,1,54,0.0,0.0,0.0,0.0,0.0,0.0,0.0,0.0,5.0,11982.94,5.0,5.0,0.0,1,0,0
MRC003440,Grocery,Micro,LOC0012,AGT00646,2183,1,1,2,2.0,1438.65,2.0,2.0,9.0,7040.23,9.0,6.0,29.0,27799.54,29.0,24.0,782.2477777777777,0,0,0
MRC003441,Fashion,Small,LOC0120,AGT00694,1729,1,0,2,4.0,4312.75,4.0,2.0,16.0,16727.49,16.0,11.0,55.0,106957.92,55.0,40.0,1045.468125,0,0,0
MRC003442,Grocery,Medium,LOC0098,AGT00017,1803,1,1,73,0.0,0.0,0.0,0.0,0.0,0.0,0.0,0.0,1.0,4741.64,1.0,1.0,0.0,1,1,0
MRC003443,Restaurant,Small,LOC0044,AGT00660,368,1,0,4,1.0,118.07,1.0,1.0,4.0,4448.58,4.0,4.0,11.0,7148.21,11.0,11.0,1112.145,0,0,0
MRC003444,General Retail,Micro,LOC0031,AGT00116,675,1,1,0,3.0,1746.88,3.0,2.0,5.0,2939.82,5.0,4.0,10.0,5243.12,10.0,9.0,587.964,0,0,0
MRC003445,Healthcare,Medium,LOC0117,AGT00129,361,0,1,0,3.0,7727.43,3.0,3.0,19.0,27240.89,19.0,14.0,40.0,51112.21,40.0,34.0,1433.731052631579,0,0,0
MRC003446,General Retail,Micro,LOC0115,AGT00006,2415,0,1,11,0.0,0.0,0.0,0.0,1.0,261.48,1.0,1.0,2.0,353.59000000000003,2.0,2.0,261.48,0,0,0
MRC003447,Healthcare,Micro,LOC0051,AGT00398,1899,1,1,999,0.0,0.0,0.0,0.0,0.0,0.0,0.0,0.0,0.0,0.0,0.0,0.0,0.0,1,1,1
MRC003448,Education,Small,LOC0028,AGT00051,2375,1,0,2,4.0,4471.08,4.0,2.0,10.0,14404.3,10.0,7.0,26.0,44707.21,26.0,23.0,1440.4299999999998,0,0,0
MRC003449,Healthcare,Small,LOC0096,AGT00731,2264,1,1,7,0.0,0.0,0.0,0.0,10.0,9896.210000000001,10.0,10.0,27.0,50288.159999999996,27.0,26.0,989.6210000000001,0,0,0
MRC003450,Transport,Medium,LOC0076,AGT00184,777,0,1,109,0.0,0.0,0.0,0.0,0.0,0.0,0.0,0.0,0.0,0.0,0.0,0.0,0.0,1,1,1
MRC003451,Fashion,Micro,LOC0109,AGT00461,1404,1,1,11,0.0,0.0,0.0,0.0,2.0,2165.11,2.0,2.0,5.0,3197.1800000000003,5.0,5.0,1082.555,0,0,0
MRC003452,Restaurant,Small,LOC0066,AGT00022,1700,1,0,0,8.0,6610.4,8.0,5.0,22.0,28415.510000000002,22.0,17.0,56.0,66725.31,56.0,44.0,1291.614090909091,0,0,0
MRC003453,Electronics,Small,LOC0067,AGT00760,1907,1,1,18,0.0,0.0,0.0,0.0,2.0,2993.38,2.0,2.0,6.0,7820.89,6.0,6.0,1496.69,0,0,0
MRC003454,Pharmacy,Medium,LOC0018,AGT00476,1746,1,1,4,1.0,138.11,1.0,1.0,2.0,4363.69,2.0,2.0,9.0,9695.74,9.0,9.0,2181.845,0,0,0
MRC003455,Fashion,Medium,LOC0073,AGT00357,1277,1,1,8,0.0,0.0,0.0,0.0,6.0,7132.25,6.0,6.0,23.0,28476.32,23.0,20.0,1188.7083333333333,0,0,0
MRC003456,Grocery,Small,LOC0044,AGT00099,295,1,1,33,0.0,0.0,0.0,0.0,0.0,0.0,0.0,0.0,4.0,5393.26,4.0,4.0,0.0,1,0,0
MRC003457,Education,Micro,LOC0025,AGT00670,2338,1,1,12,0.0,0.0,0.0,0.0,2.0,1250.08,2.0,2.0,6.0,5351.58,6.0,6.0,625.04,0,0,0
MRC003458,Pharmacy,Micro,LOC0094,AGT00270,1791,1,1,98,0.0,0.0,0.0,0.0,0.0,0.0,0.0,0.0,0.0,0.0,0.0,0.0,0.0,1,1,1
MRC003459,Restaurant,Medium,LOC0042,AGT00204,2114,0,1,38,0.0,0.0,0.0,0.0,0.0,0.0,0.0,0.0,5.0,1788.75,5.0,5.0,0.0,1,0,0
MRC003460,Fashion,Small,LOC0026,AGT00644,770,0,1,28,0.0,0.0,0.0,0.0,1.0,1522.85,1.0,1.0,5.0,4400.639999999999,5.0,5.0,1522.85,0,0,0
MRC003461,Grocery,Small,LOC0116,AGT00687,519,1,1,0,4.0,6683.68,4.0,4.0,6.0,25912.21,6.0,6.0,15.0,65531.560000000005,15.0,14.0,4318.701666666667,0,0,0
MRC003462,General Retail,Medium,LOC0116,AGT00113,2256,1,1,1,3.0,7299.6900000000005,3.0,2.0,7.0,10133.18,7.0,6.0,20.0,30499.6,20.0,19.0,1447.597142857143,0,0,0
MRC003463,Fashion,Medium,LOC0060,AGT00185,2047,1,1,0,5.0,13744.99,5.0,3.0,9.0,16593.78,9.0,7.0,40.0,53541.69,40.0,31.0,1843.753333333333,0,0,0
MRC003464,Restaurant,Small,LOC0036,AGT00429,2119,0,1,0,14.0,27981.03,14.0,7.0,37.0,62514.88,37.0,23.0,95.0,144583.15,95.0,60.0,1689.5913513513512,0,0,0
MRC003465,Grocery,Medium,LOC0020,AGT00024,1249,0,1,2,1.0,272.58,1.0,1.0,4.0,4844.21,4.0,3.0,14.0,22992.55,14.0,13.0,1211.0525,0,0,0
MRC003466,General Retail,Micro,LOC0076,AGT00533,2265,1,1,9,0.0,0.0,0.0,0.0,1.0,3760.28,1.0,1.0,5.0,16756.38,5.0,5.0,3760.28,0,0,0
MRC003467,Education,Small,LOC0074,AGT00318,776,1,1,4,1.0,11609.26,1.0,1.0,3.0,13498.26,3.0,3.0,3.0,13498.26,3.0,3.0,4499.42,0,0,0
MRC003468,Restaurant,Large,LOC0075,AGT00400,1942,1,1,25,0.0,0.0,0.0,0.0,1.0,56.35,1.0,1.0,3.0,4493.3,3.0,3.0,56.35,0,0,0
MRC003469,Pharmacy,Micro,LOC0093,AGT00295,1367,1,1,10,0.0,0.0,0.0,0.0,2.0,681.82,2.0,2.0,12.0,13694.43,12.0,11.0,340.91,0,0,0
MRC003470,Healthcare,Micro,LOC0057,AGT00628,647,1,1,31,0.0,0.0,0.0,0.0,0.0,0.0,0.0,0.0,9.0,3788.66,9.0,9.0,0.0,1,0,0
MRC003471,General Retail,Small,LOC0082,AGT00147,1854,1,0,25,0.0,0.0,0.0,0.0,3.0,4437.57,3.0,3.0,9.0,16748.01,9.0,9.0,1479.1899999999998,0,0,0
MRC003472,Restaurant,Small,LOC0079,AGT00570,1074,1,1,1,1.0,3512.66,1.0,1.0,2.0,3819.5099999999998,2.0,2.0,5.0,7039.5,5.0,5.0,1909.7549999999999,0,0,0
MRC003473,Grocery,Micro,LOC0096,AGT00431,633,1,1,1,1.0,375.22,1.0,1.0,1.0,375.22,1.0,1.0,4.0,4305.030000000001,4.0,4.0,375.22,0,0,0
MRC003474,Grocery,Micro,LOC0090,AGT00299,1836,1,1,3,1.0,369.36,1.0,1.0,6.0,4018.25,6.0,5.0,15.0,11102.16,15.0,14.0,669.7083333333334,0,0,0
MRC003475,Grocery,Micro,LOC0005,AGT00496,1973,1,0,7,0.0,0.0,0.0,0.0,3.0,2030.32,3.0,3.0,8.0,6009.1,8.0,8.0,676.7733333333333,0,0,0
MRC003476,Healthcare,Micro,LOC0075,AGT00400,993,0,1,184,0.0,0.0,0.0,0.0,0.0,0.0,0.0,0.0,0.0,0.0,0.0,0.0,0.0,1,1,1
MRC003477,General Retail,Medium,LOC0118,AGT00404,2399,1,1,5,1.0,242.18,1.0,1.0,1.0,242.18,1.0,1.0,7.0,11221.49,7.0,7.0,242.18,0,0,0
MRC003478,General Retail,Small,LOC0068,AGT00610,1838,1,0,16,0.0,0.0,0.0,0.0,1.0,2554.69,1.0,1.0,3.0,3589.2799999999997,3.0,3.0,2554.69,0,0,0
MRC003479,Utility,Small,LOC0064,AGT00783,335,0,1,0,3.0,4101.88,3.0,3.0,13.0,17459.97,13.0,9.0,30.0,40041.7,30.0,24.0,1343.0746153846155,0,0,0
MRC003480,Grocery,Micro,LOC0073,AGT00588,1021,1,1,0,3.0,7001.65,3.0,3.0,10.0,11306.07,10.0,8.0,30.0,36361.93,30.0,26.0,1130.607,0,0,0
MRC003481,General Retail,Small,LOC0068,AGT00600,2415,0,0,56,0.0,0.0,0.0,0.0,0.0,0.0,0.0,0.0,2.0,2968.15,2.0,2.0,0.0,1,0,0
MRC003482,Restaurant,Micro,LOC0049,AGT00247,675,1,1,3,1.0,585.87,1.0,1.0,7.0,4216.53,7.0,7.0,18.0,18679.75,18.0,18.0,602.3614285714285,0,0,0
MRC003483,Restaurant,Medium,LOC0120,AGT00220,2370,1,0,18,0.0,0.0,0.0,0.0,3.0,7382.04,3.0,3.0,7.0,13200.650000000001,7.0,7.0,2460.68,0,0,0
MRC003484,Transport,Medium,LOC0009,AGT00127,1419,1,1,37,0.0,0.0,0.0,0.0,0.0,0.0,0.0,0.0,1.0,4820.93,1.0,1.0,0.0,1,0,0
MRC003485,Grocery,Small,LOC0098,AGT00370,1762,1,1,0,4.0,4152.9,4.0,3.0,12.0,11991.57,12.0,11.0,27.0,40086.66,27.0,24.0,999.2975,0,0,0
MRC003486,General Retail,Large,LOC0020,AGT00607,1786,1,1,9,0.0,0.0,0.0,0.0,1.0,1932.18,1.0,1.0,2.0,9921.73,2.0,2.0,1932.18,0,0,0
MRC003487,General Retail,Micro,LOC0025,AGT00046,1405,1,1,2,1.0,474.35,1.0,1.0,5.0,4393.61,5.0,5.0,25.0,36560.84,25.0,22.0,878.722,0,0,0
MRC003488,Utility,Micro,LOC0073,AGT00357,1417,1,1,16,0.0,0.0,0.0,0.0,2.0,2847.68,2.0,2.0,2.0,2847.68,2.0,2.0,1423.84,0,0,0
MRC003489,Utility,Small,LOC0077,AGT00359,1526,0,1,72,0.0,0.0,0.0,0.0,0.0,0.0,0.0,0.0,1.0,548.47,1.0,1.0,0.0,1,1,0
MRC003490,Restaurant,Micro,LOC0112,AGT00744,1689,1,1,1,7.0,7465.650000000001,7.0,5.0,31.0,36527.89,31.0,22.0,79.0,107166.2,79.0,54.0,1178.3190322580645,0,0,0
MRC003491,Grocery,Medium,LOC0036,AGT00447,1898,0,1,116,0.0,0.0,0.0,0.0,0.0,0.0,0.0,0.0,0.0,0.0,0.0,0.0,0.0,1,1,1
MRC003492,Utility,Micro,LOC0004,AGT00043,1244,1,1,44,0.0,0.0,0.0,0.0,0.0,0.0,0.0,0.0,2.0,8305.07,2.0,2.0,0.0,1,0,0
MRC003493,Education,Small,LOC0031,AGT00362,1238,1,1,14,0.0,0.0,0.0,0.0,1.0,1358.86,1.0,1.0,4.0,4460.129999999999,4.0,4.0,1358.86,0,0,0
MRC003494,General Retail,Micro,LOC0066,AGT00022,1987,1,0,19,0.0,0.0,0.0,0.0,4.0,6178.85,4.0,4.0,6.0,7200.08,6.0,6.0,1544.7125,0,0,0
MRC003495,Grocery,Micro,LOC0043,AGT00664,1941,1,0,2,2.0,2106.93,2.0,2.0,5.0,25563.989999999998,5.0,5.0,18.0,36016.08,18.0,18.0,5112.798,0,0,0
MRC003496,Restaurant,Small,LOC0031,AGT00362,1707,1,1,2,2.0,3187.9799999999996,2.0,2.0,5.0,8995.66,5.0,5.0,5.0,8995.66,5.0,5.0,1799.132,0,0,0
MRC003497,Restaurant,Medium,LOC0110,AGT00288,1294,1,1,0,2.0,372.47,2.0,2.0,5.0,4540.22,5.0,5.0,13.0,19118.05,13.0,12.0,908.0440000000001,0,0,0
MRC003498,Transport,Small,LOC0068,AGT00610,1542,1,1,0,2.0,18495.96,2.0,2.0,3.0,36646.85,3.0,3.0,18.0,53943.5,18.0,16.0,12215.616666666667,0,0,0
MRC003499,Utility,Small,LOC0081,AGT00790,1534,1,1,5,1.0,899.94,1.0,1.0,1.0,899.94,1.0,1.0,3.0,4703.280000000001,3.0,3.0,899.94,0,0,0
MRC003500,General Retail,Micro,LOC0090,AGT00217,1238,1,1,1,1.0,2733.77,1.0,1.0,8.0,8345.64,8.0,7.0,19.0,27379.15,19.0,18.0,1043.205,0,0,0
MRC003501,Restaurant,Micro,LOC0050,AGT00647,677,1,0,21,0.0,0.0,0.0,0.0,2.0,2674.67,2.0,2.0,8.0,6907.48,8.0,8.0,1337.335,0,0,0
MRC003502,Fashion,Micro,LOC0089,AGT00574,1457,0,1,16,0.0,0.0,0.0,0.0,3.0,8935.66,3.0,3.0,6.0,15647.060000000001,6.0,6.0,2978.5533333333333,0,0,0
MRC003503,Grocery,Medium,LOC0116,AGT00113,1254,1,0,0,6.0,12258.0,6.0,5.0,29.0,37052.48,29.0,19.0,93.0,162203.12,93.0,58.0,1277.671724137931,0,0,0
MRC003504,Pharmacy,Micro,LOC0087,AGT00305,398,0,0,1,1.0,1864.53,1.0,1.0,7.0,9245.03,7.0,7.0,24.0,52484.06,24.0,20.0,1320.7185714285715,0,0,0
MRC003505,Restaurant,Micro,LOC0036,AGT00036,2374,1,1,5,3.0,2633.6899999999996,3.0,2.0,12.0,35118.07,12.0,10.0,26.0,76335.36,26.0,22.0,2926.505833333333,0,0,0
MRC003506,Education,Small,LOC0094,AGT00777,1743,1,0,5,1.0,5907.81,1.0,1.0,7.0,10345.990000000002,7.0,7.0,24.0,36679.95,24.0,22.0,1477.9985714285717,0,0,0
MRC003507,Fashion,Small,LOC0029,AGT00467,535,1,1,2,1.0,308.16,1.0,1.0,3.0,1622.71,3.0,3.0,5.0,2531.29,5.0,5.0,540.9033333333333,0,0,0
MRC003508,Restaurant,Small,LOC0009,AGT00486,733,1,1,2,3.0,4172.66,3.0,2.0,9.0,14940.84,9.0,6.0,20.0,30770.579999999998,20.0,17.0,1660.0933333333332,0,0,0
MRC003509,Education,Micro,LOC0054,AGT00331,1535,1,1,12,0.0,0.0,0.0,0.0,3.0,9966.28,3.0,3.0,11.0,18799.09,11.0,10.0,3322.0933333333337,0,0,0
MRC003510,General Retail,Small,LOC0062,AGT00240,2166,1,0,6,1.0,2343.28,1.0,1.0,1.0,2343.28,1.0,1.0,4.0,7490.99,4.0,4.0,2343.28,0,0,0
MRC003511,Pharmacy,Small,LOC0057,AGT00637,1347,1,1,1,1.0,2156.47,1.0,1.0,3.0,3372.6899999999996,3.0,3.0,6.0,4231.7,6.0,6.0,1124.2299999999998,0,0,0
MRC003512,Restaurant,Micro,LOC0032,AGT00253,2061,1,1,11,0.0,0.0,0.0,0.0,4.0,1948.96,4.0,4.0,12.0,17991.19,12.0,12.0,487.24,0,0,0
MRC003513,Transport,Small,LOC0033,AGT00412,567,1,1,5,1.0,199.01,1.0,1.0,7.0,9055.74,7.0,7.0,15.0,23466.15,15.0,15.0,1293.6771428571428,0,0,0
MRC003514,Utility,Micro,LOC0111,AGT00146,1440,1,1,6,1.0,1778.81,1.0,1.0,2.0,2663.38,2.0,2.0,9.0,9888.61,9.0,9.0,1331.69,0,0,0
MRC003515,General Retail,Medium,LOC0035,AGT00715,2094,1,1,0,2.0,721.8599999999999,2.0,2.0,6.0,10032.36,6.0,6.0,8.0,11971.54,8.0,8.0,1672.0600000000002,0,0,0
MRC003516,Pharmacy,Medium,LOC0094,AGT00270,2137,1,1,12,0.0,0.0,0.0,0.0,2.0,2737.71,2.0,2.0,9.0,18593.36,9.0,8.0,1368.855,0,0,0
MRC003517,Electronics,Micro,LOC0031,AGT00116,811,1,1,5,1.0,967.73,1.0,1.0,2.0,1322.79,2.0,2.0,7.0,7257.43,7.0,7.0,661.395,0,0,0
MRC003518,General Retail,Small,LOC0013,AGT00001,1752,1,1,0,3.0,1445.46,3.0,2.0,13.0,13876.78,13.0,8.0,43.0,68581.42,43.0,31.0,1067.4446153846154,0,0,0
MRC003519,Restaurant,Small,LOC0008,AGT00063,373,0,1,6,1.0,435.76,1.0,1.0,5.0,6875.34,5.0,4.0,14.0,28485.94,14.0,11.0,1375.068,0,0,0
MRC003520,Fashion,Medium,LOC0030,AGT00427,595,0,0,24,0.0,0.0,0.0,0.0,1.0,3804.93,1.0,1.0,12.0,20471.29,12.0,10.0,3804.93,0,0,0
MRC003521,General Retail,Small,LOC0101,AGT00039,2253,1,0,22,0.0,0.0,0.0,0.0,1.0,1179.88,1.0,1.0,3.0,3536.7000000000003,3.0,3.0,1179.88,0,0,0
MRC003522,Grocery,Small,LOC0055,AGT00565,1905,1,1,20,0.0,0.0,0.0,0.0,1.0,1805.04,1.0,1.0,2.0,6275.06,2.0,2.0,1805.04,0,0,0
MRC003523,Transport,Micro,LOC0084,AGT00549,739,1,1,23,0.0,0.0,0.0,0.0,1.0,198.82,1.0,1.0,4.0,9762.22,4.0,4.0,198.82,0,0,0
MRC003524,General Retail,Micro,LOC0116,AGT00291,2462,1,1,15,0.0,0.0,0.0,0.0,1.0,3347.03,1.0,1.0,7.0,14032.990000000002,7.0,7.0,3347.03,0,0,0
MRC003525,Grocery,Small,LOC0006,AGT00696,2455,1,1,0,2.0,4282.1900000000005,2.0,2.0,7.0,11326.84,7.0,7.0,28.0,69517.36,28.0,27.0,1618.1200000000001,0,0,0
MRC003526,Healthcare,Small,LOC0014,AGT00389,376,1,1,43,0.0,0.0,0.0,0.0,0.0,0.0,0.0,0.0,7.0,10109.619999999999,7.0,6.0,0.0,1,0,0
MRC003527,Fashion,Medium,LOC0111,AGT00188,343,1,1,26,0.0,0.0,0.0,0.0,1.0,6336.67,1.0,1.0,3.0,7645.87,3.0,3.0,6336.67,0,0,0
MRC003528,General Retail,Medium,LOC0069,AGT00477,822,1,1,2,3.0,5141.080000000001,3.0,3.0,7.0,9198.05,7.0,7.0,21.0,32129.62,21.0,20.0,1314.0071428571428,0,0,0
MRC003529,General Retail,Small,LOC0075,AGT00567,2021,1,1,17,0.0,0.0,0.0,0.0,1.0,379.79,1.0,1.0,6.0,5930.17,6.0,6.0,379.79,0,0,0
MRC003530,General Retail,Small,LOC0041,AGT00541,1593,1,1,18,0.0,0.0,0.0,0.0,3.0,2426.73,3.0,2.0,13.0,23600.91,13.0,12.0,808.91,0,0,0
MRC003531,Grocery,Medium,LOC0100,AGT00580,1407,1,1,21,0.0,0.0,0.0,0.0,1.0,431.02,1.0,1.0,5.0,10270.75,5.0,5.0,431.02,0,0,0
MRC003532,Healthcare,Medium,LOC0078,AGT00622,1194,1,1,9,0.0,0.0,0.0,0.0,3.0,4145.95,3.0,3.0,13.0,14844.31,13.0,11.0,1381.9833333333333,0,0,0
MRC003533,General Retail,Medium,LOC0031,AGT00300,1335,0,0,2,1.0,622.31,1.0,1.0,4.0,3507.48,4.0,3.0,8.0,5484.92,8.0,7.0,876.87,0,0,0
MRC003534,Education,Large,LOC0078,AGT00246,1680,1,1,16,0.0,0.0,0.0,0.0,3.0,10866.900000000001,3.0,3.0,5.0,11560.68,5.0,5.0,3622.3000000000006,0,0,0
MRC003535,Education,Small,LOC0001,AGT00123,426,1,1,15,0.0,0.0,0.0,0.0,6.0,9060.25,6.0,5.0,12.0,18342.51,12.0,11.0,1510.0416666666667,0,0,0
MRC003536,Grocery,Small,LOC0029,AGT00356,1568,1,1,5,1.0,471.86,1.0,1.0,3.0,1512.06,3.0,3.0,7.0,4037.8999999999996,7.0,7.0,504.02,0,0,0
MRC003537,General Retail,Small,LOC0025,AGT00648,769,1,1,0,8.0,15406.279999999999,8.0,5.0,25.0,32315.45,25.0,17.0,73.0,125005.65,73.0,51.0,1292.618,0,0,0
MRC003538,Grocery,Micro,LOC0095,AGT00458,2008,1,1,22,0.0,0.0,0.0,0.0,2.0,3828.05,2.0,2.0,9.0,11129.369999999999,9.0,9.0,1914.025,0,0,0
MRC003539,Restaurant,Small,LOC0089,AGT00140,713,1,1,0,2.0,713.27,2.0,2.0,7.0,6976.13,7.0,6.0,13.0,22436.61,13.0,11.0,996.59,0,0,0
MRC003540,General Retail,Small,LOC0011,AGT00105,441,1,1,22,0.0,0.0,0.0,0.0,1.0,694.97,1.0,1.0,4.0,6343.18,4.0,4.0,694.97,0,0,0
MRC003541,General Retail,Small,LOC0109,AGT00461,1236,0,0,1,1.0,1126.21,1.0,1.0,2.0,2083.28,2.0,2.0,11.0,12954.14,11.0,11.0,1041.64,0,0,0
MRC003542,General Retail,Micro,LOC0099,AGT00546,1249,1,1,34,0.0,0.0,0.0,0.0,0.0,0.0,0.0,0.0,2.0,2622.69,2.0,2.0,0.0,1,0,0
MRC003543,Fashion,Small,LOC0053,AGT00098,1420,1,1,0,3.0,6583.65,3.0,3.0,13.0,28520.26,13.0,9.0,32.0,71108.76,32.0,26.0,2193.866153846154,0,0,0
MRC003544,Grocery,Small,LOC0026,AGT00163,2166,0,1,113,0.0,0.0,0.0,0.0,0.0,0.0,0.0,0.0,0.0,0.0,0.0,0.0,0.0,1,1,1
MRC003545,Fashion,Small,LOC0051,AGT00424,1816,0,1,9,0.0,0.0,0.0,0.0,5.0,6930.24,5.0,5.0,7.0,12202.82,7.0,7.0,1386.048,0,0,0
MRC003546,Grocery,Micro,LOC0071,AGT00364,1079,1,1,2,1.0,814.27,1.0,1.0,1.0,814.27,1.0,1.0,2.0,2007.1399999999999,2.0,2.0,814.27,0,0,0
MRC003547,General Retail,Small,LOC0076,AGT00184,1874,1,1,3,1.0,2882.02,1.0,1.0,4.0,5033.26,4.0,4.0,19.0,35923.91,19.0,16.0,1258.315,0,0,0
MRC003548,Education,Micro,LOC0042,AGT00599,1387,1,1,4,1.0,534.61,1.0,1.0,3.0,851.88,3.0,3.0,6.0,6365.66,6.0,6.0,283.96,0,0,0
MRC003549,Restaurant,Micro,LOC0013,AGT00597,775,1,1,0,2.0,4572.52,2.0,2.0,10.0,12930.380000000001,10.0,10.0,35.0,43369.7,35.0,33.0,1293.038,0,0,0
MRC003550,Grocery,Micro,LOC0074,AGT00318,334,0,1,4,1.0,122.7,1.0,1.0,2.0,3748.27,2.0,2.0,5.0,6502.53,5.0,5.0,1874.135,0,0,0
MRC003551,Restaurant,Medium,LOC0085,AGT00329,295,1,1,2,3.0,2488.39,3.0,3.0,8.0,12046.89,8.0,7.0,18.0,18490.7,18.0,16.0,1505.86125,0,0,0
MRC003552,General Retail,Small,LOC0033,AGT00412,776,0,0,1,3.0,6018.4400000000005,3.0,3.0,6.0,8636.7,6.0,6.0,13.0,20644.75,13.0,13.0,1439.45,0,0,0
MRC003553,Transport,Small,LOC0077,AGT00168,2076,1,1,2,1.0,876.89,1.0,1.0,5.0,5935.92,5.0,5.0,12.0,19768.95,12.0,12.0,1187.184,0,0,0
MRC003554,Grocery,Medium,LOC0069,AGT00754,1300,1,0,0,1.0,533.12,1.0,1.0,5.0,2796.88,5.0,5.0,13.0,7537.12,13.0,13.0,559.376,0,0,0
MRC003555,Grocery,Small,LOC0061,AGT00425,1274,1,1,7,0.0,0.0,0.0,0.0,4.0,8355.58,4.0,4.0,13.0,20498.95,13.0,13.0,2088.895,0,0,0
MRC003556,Restaurant,Medium,LOC0001,AGT00575,1158,1,0,1,1.0,201.27,1.0,1.0,4.0,4390.35,4.0,4.0,7.0,6350.2300000000005,7.0,7.0,1097.5875,0,0,0
MRC003557,Grocery,Micro,LOC0037,AGT00263,846,1,1,3,1.0,721.33,1.0,1.0,2.0,2764.66,2.0,2.0,3.0,6034.67,3.0,3.0,1382.33,0,0,0
MRC003558,General Retail,Micro,LOC0045,AGT00589,1848,1,1,0,2.0,3623.81,2.0,2.0,5.0,4974.16,5.0,5.0,10.0,14376.26,10.0,10.0,994.832,0,0,0
MRC003559,Transport,Micro,LOC0101,AGT00382,314,0,1,65,0.0,0.0,0.0,0.0,0.0,0.0,0.0,0.0,3.0,2887.9,3.0,3.0,0.0,1,1,0
MRC003560,Grocery,Small,LOC0100,AGT00784,1623,1,1,2,2.0,1002.6199999999999,2.0,1.0,4.0,3540.4300000000003,4.0,3.0,14.0,12297.88,14.0,13.0,885.1075000000001,0,0,0
MRC003561,Utility,Medium,LOC0105,AGT00072,2334,1,0,0,4.0,3194.58,4.0,3.0,13.0,20191.48,13.0,11.0,37.0,47796.71,37.0,28.0,1553.190769230769,0,0,0
MRC003562,Restaurant,Small,LOC0056,AGT00681,2210,0,0,61,0.0,0.0,0.0,0.0,0.0,0.0,0.0,0.0,1.0,1712.58,1.0,1.0,0.0,1,1,0
MRC003563,Pharmacy,Small,LOC0040,AGT00481,1093,1,1,16,0.0,0.0,0.0,0.0,1.0,119.06,1.0,1.0,3.0,1691.77,3.0,3.0,119.06,0,0,0
MRC003564,Education,Micro,LOC0060,AGT00714,2154,0,0,15,0.0,0.0,0.0,0.0,7.0,7127.32,7.0,6.0,9.0,8422.08,9.0,8.0,1018.1885714285714,0,0,0
MRC003565,Grocery,Medium,LOC0096,AGT00721,806,0,0,1,2.0,5044.21,2.0,2.0,4.0,5800.47,4.0,4.0,7.0,7810.17,7.0,7.0,1450.1175,0,0,0
MRC003566,Fashion,Small,LOC0075,AGT00567,814,1,1,0,3.0,2664.5699999999997,3.0,3.0,9.0,20407.96,9.0,8.0,23.0,35434.58,23.0,20.0,2267.551111111111,0,0,0
MRC003567,General Retail,Micro,LOC0073,AGT00357,1037,1,1,5,2.0,2406.0099999999998,2.0,2.0,2.0,2406.0099999999998,2.0,2.0,11.0,34754.03,11.0,11.0,1203.0049999999999,0,0,0
MRC003568,General Retail,Large,LOC0053,AGT00492,325,1,0,0,9.0,13836.27,9.0,6.0,25.0,34447.83,25.0,19.0,80.0,133827.63,80.0,53.0,1377.9132,0,0,0
MRC003569,Restaurant,Small,LOC0084,AGT00549,867,1,1,0,2.0,1636.14,2.0,2.0,7.0,6961.04,7.0,6.0,16.0,16731.46,16.0,15.0,994.4342857142857,0,0,0
MRC003570,Transport,Micro,LOC0105,AGT00564,2154,1,1,6,1.0,499.22,1.0,1.0,5.0,3917.1800000000003,5.0,5.0,28.0,55667.95,28.0,27.0,783.436,0,0,0
MRC003571,Pharmacy,Micro,LOC0081,AGT00737,1952,1,1,2,1.0,616.91,1.0,1.0,4.0,5004.62,4.0,4.0,9.0,20235.55,9.0,9.0,1251.155,0,0,0
MRC003572,Education,Micro,LOC0049,AGT00337,1006,1,0,2,4.0,2020.03,4.0,3.0,12.0,9617.44,12.0,11.0,25.0,30196.57,25.0,23.0,801.4533333333334,0,0,0
MRC003573,Pharmacy,Medium,LOC0101,AGT00382,969,1,1,52,0.0,0.0,0.0,0.0,0.0,0.0,0.0,0.0,3.0,2222.65,3.0,2.0,0.0,1,0,0
MRC003574,Education,Small,LOC0114,AGT00395,1045,1,1,34,0.0,0.0,0.0,0.0,0.0,0.0,0.0,0.0,3.0,15148.21,3.0,3.0,0.0,1,0,0
MRC003575,Grocery,Medium,LOC0096,AGT00721,546,1,1,6,1.0,311.72,1.0,1.0,7.0,6811.09,7.0,5.0,26.0,32867.06,26.0,22.0,973.0128571428571,0,0,0
MRC003576,General Retail,Micro,LOC0106,AGT00175,633,1,0,2,1.0,510.6,1.0,1.0,2.0,1018.7,2.0,2.0,9.0,11059.49,9.0,9.0,509.35,0,0,0
MRC003577,General Retail,Small,LOC0032,AGT00595,2456,1,1,2,2.0,1316.29,2.0,2.0,4.0,2497.26,4.0,4.0,14.0,15853.42,14.0,13.0,624.315,0,0,0
MRC003578,Restaurant,Small,LOC0051,AGT00650,1801,0,1,4,2.0,2251.13,2.0,1.0,6.0,5059.71,6.0,5.0,26.0,30079.61,26.0,23.0,843.285,0,0,0
MRC003579,Utility,Small,LOC0030,AGT00274,1767,1,1,8,0.0,0.0,0.0,0.0,6.0,16906.39,6.0,5.0,13.0,25611.85,13.0,11.0,2817.7316666666666,0,0,0
MRC003580,Grocery,Small,LOC0044,AGT00736,899,1,1,13,0.0,0.0,0.0,0.0,3.0,1146.11,3.0,3.0,6.0,3715.0,6.0,6.0,382.03666666666663,0,0,0
MRC003581,Healthcare,Small,LOC0089,AGT00035,2157,1,1,1,2.0,7067.67,2.0,1.0,2.0,7067.67,2.0,1.0,5.0,16485.52,5.0,4.0,3533.835,0,0,0
MRC003582,Pharmacy,Small,LOC0082,AGT00208,673,1,1,6,1.0,1914.13,1.0,1.0,12.0,23472.79,12.0,12.0,36.0,64250.71,36.0,29.0,1956.0658333333333,0,0,0
MRC003583,Grocery,Medium,LOC0001,AGT00170,2403,1,1,45,0.0,0.0,0.0,0.0,0.0,0.0,0.0,0.0,5.0,6426.0,5.0,5.0,0.0,1,0,0
MRC003584,Transport,Micro,LOC0091,AGT00780,1386,0,1,9,0.0,0.0,0.0,0.0,2.0,1623.45,2.0,2.0,11.0,8910.98,11.0,11.0,811.725,0,0,0
MRC003585,Fashion,Small,LOC0024,AGT00640,1009,1,1,6,1.0,1048.79,1.0,1.0,5.0,6259.42,5.0,5.0,11.0,8915.61,11.0,11.0,1251.884,0,0,0
MRC003586,Electronics,Small,LOC0023,AGT00134,1926,1,1,8,0.0,0.0,0.0,0.0,6.0,12013.279999999999,6.0,6.0,12.0,19859.37,12.0,11.0,2002.2133333333331,0,0,0
MRC003587,Electronics,Micro,LOC0066,AGT00517,1198,0,1,9,0.0,0.0,0.0,0.0,8.0,7165.389999999999,8.0,7.0,29.0,31570.64,29.0,24.0,895.6737499999999,0,0,0
MRC003588,Grocery,Micro,LOC0029,AGT00383,876,1,1,5,1.0,117.9,1.0,1.0,5.0,7866.83,5.0,5.0,13.0,16602.77,13.0,13.0,1573.366,0,0,0
MRC003589,Grocery,Large,LOC0116,AGT00291,1780,1,1,1,4.0,6825.030000000001,4.0,4.0,16.0,24874.79,16.0,14.0,42.0,65497.97,42.0,36.0,1554.674375,0,0,0
MRC003590,Education,Micro,LOC0018,AGT00693,1864,1,1,70,0.0,0.0,0.0,0.0,0.0,0.0,0.0,0.0,2.0,5356.92,2.0,2.0,0.0,1,1,0
MRC003591,Education,Micro,LOC0019,AGT00144,1605,0,1,0,1.0,855.85,1.0,1.0,4.0,7136.8,4.0,4.0,10.0,14647.98,10.0,10.0,1784.2,0,0,0
MRC003592,Grocery,Small,LOC0092,AGT00539,1296,1,1,12,0.0,0.0,0.0,0.0,2.0,2055.54,2.0,2.0,9.0,15361.189999999999,9.0,9.0,1027.77,0,0,0
MRC003593,Restaurant,Micro,LOC0035,AGT00167,1005,1,1,0,5.0,13379.949999999999,5.0,3.0,37.0,54723.62,37.0,22.0,96.0,112031.69,96.0,53.0,1479.0167567567569,0,0,0
MRC003594,Education,Micro,LOC0086,AGT00469,1169,0,1,33,0.0,0.0,0.0,0.0,0.0,0.0,0.0,0.0,4.0,4755.26,4.0,4.0,0.0,1,0,0
MRC003595,Transport,Micro,LOC0082,AGT00459,2197,1,1,8,0.0,0.0,0.0,0.0,3.0,2291.77,3.0,3.0,6.0,5764.45,6.0,6.0,763.9233333333333,0,0,0
MRC003596,General Retail,Micro,LOC0023,AGT00559,1072,1,1,17,0.0,0.0,0.0,0.0,2.0,215.27,2.0,2.0,11.0,6186.89,11.0,9.0,107.635,0,0,0
MRC003597,Fashion,Small,LOC0070,AGT00800,2400,0,0,10,0.0,0.0,0.0,0.0,4.0,3414.19,4.0,4.0,8.0,16152.720000000001,8.0,8.0,853.5475,0,0,0
MRC003598,Electronics,Medium,LOC0065,AGT00525,605,1,1,2,1.0,298.26,1.0,1.0,3.0,1356.82,3.0,3.0,6.0,6780.150000000001,6.0,6.0,452.2733333333333,0,0,0
MRC003599,Education,Micro,LOC0012,AGT00768,642,1,0,1,3.0,1468.73,3.0,3.0,13.0,21209.74,13.0,11.0,27.0,40607.23,27.0,23.0,1631.5184615384617,0,0,0
MRC003600,Restaurant,Small,LOC0092,AGT00539,1013,1,0,4,2.0,678.56,2.0,2.0,7.0,16415.82,7.0,7.0,14.0,28812.870000000003,14.0,13.0,2345.117142857143,0,0,0
MRC003601,Grocery,Small,LOC0103,AGT00327,293,1,1,6,1.0,11397.21,1.0,1.0,3.0,11985.66,3.0,3.0,10.0,18036.449999999997,10.0,9.0,3995.22,0,0,0
MRC003602,Grocery,Micro,LOC0114,AGT00794,2208,0,1,23,0.0,0.0,0.0,0.0,1.0,2117.27,1.0,1.0,5.0,4389.3,5.0,4.0,2117.27,0,0,0
MRC003603,General Retail,Small,LOC0011,AGT00540,1030,1,1,40,0.0,0.0,0.0,0.0,0.0,0.0,0.0,0.0,6.0,3854.48,6.0,6.0,0.0,1,0,0
MRC003604,Pharmacy,Small,LOC0022,AGT00422,510,1,1,6,1.0,289.96,1.0,1.0,4.0,1019.87,4.0,4.0,11.0,19674.42,11.0,11.0,254.9675,0,0,0
MRC003605,Transport,Micro,LOC0100,AGT00629,1638,0,1,3,1.0,229.1,1.0,1.0,3.0,2652.48,3.0,3.0,8.0,8269.47,8.0,8.0,884.16,0,0,0
MRC003606,Education,Small,LOC0037,AGT00012,2380,1,1,7,0.0,0.0,0.0,0.0,8.0,14786.210000000001,8.0,7.0,23.0,34714.06,23.0,19.0,1848.2762500000001,0,0,0
MRC003607,Restaurant,Micro,LOC0076,AGT00184,2458,1,1,42,0.0,0.0,0.0,0.0,0.0,0.0,0.0,0.0,2.0,1928.39,2.0,2.0,0.0,1,0,0
MRC003608,General Retail,Medium,LOC0042,AGT00204,521,1,1,3,3.0,1081.47,3.0,3.0,11.0,21731.480000000003,11.0,10.0,36.0,58655.590000000004,36.0,31.0,1975.5890909090913,0,0,0
MRC003609,Transport,Large,LOC0027,AGT00473,2019,0,1,0,1.0,515.66,1.0,1.0,3.0,1197.01,3.0,3.0,7.0,6183.78,7.0,7.0,399.00333333333333,0,0,0
MRC003610,Grocery,Medium,LOC0075,AGT00020,1078,1,1,4,1.0,5676.75,1.0,1.0,8.0,12558.029999999999,8.0,8.0,16.0,29511.77,16.0,16.0,1569.7537499999999,0,0,0
MRC003611,Utility,Micro,LOC0025,AGT00114,2114,1,1,12,0.0,0.0,0.0,0.0,1.0,577.37,1.0,1.0,3.0,2489.9,3.0,3.0,577.37,0,0,0
MRC003612,Electronics,Small,LOC0017,AGT00069,1611,1,1,7,0.0,0.0,0.0,0.0,5.0,10201.84,5.0,4.0,15.0,17485.86,15.0,13.0,2040.368,0,0,0
MRC003613,Restaurant,Small,LOC0064,AGT00132,1885,1,1,4,1.0,1506.66,1.0,1.0,2.0,3305.8100000000004,2.0,2.0,4.0,5551.27,4.0,4.0,1652.9050000000002,0,0,0
MRC003614,Healthcare,Micro,LOC0024,AGT00268,2117,1,1,6,1.0,3975.41,1.0,1.0,3.0,5079.219999999999,3.0,3.0,10.0,17702.22,10.0,10.0,1693.073333333333,0,0,0
MRC003615,Transport,Medium,LOC0024,AGT00394,2243,1,1,6,1.0,167.79,1.0,1.0,7.0,5960.009999999999,7.0,6.0,21.0,23937.76,21.0,20.0,851.43,0,0,0
MRC003616,Restaurant,Small,LOC0094,AGT00270,600,0,1,1,3.0,1158.79,3.0,2.0,3.0,1158.79,3.0,2.0,8.0,7177.37,8.0,7.0,386.2633333333333,0,0,0
MRC003617,General Retail,Micro,LOC0064,AGT00713,1868,1,1,119,0.0,0.0,0.0,0.0,0.0,0.0,0.0,0.0,0.0,0.0,0.0,0.0,0.0,1,1,1
MRC003618,Transport,Large,LOC0066,AGT00311,595,1,1,3,4.0,2433.57,4.0,3.0,19.0,24414.42,19.0,14.0,80.0,129463.37,80.0,56.0,1284.9694736842105,0,0,0
MRC003619,Education,Micro,LOC0018,AGT00137,2349,1,1,32,0.0,0.0,0.0,0.0,0.0,0.0,0.0,0.0,3.0,11290.14,3.0,3.0,0.0,1,0,0
MRC003620,Grocery,Small,LOC0020,AGT00028,1660,0,1,26,0.0,0.0,0.0,0.0,1.0,2544.91,1.0,1.0,12.0,14477.75,12.0,12.0,2544.91,0,0,0
MRC003621,Pharmacy,Micro,LOC0047,AGT00602,707,1,1,13,0.0,0.0,0.0,0.0,2.0,3074.92,2.0,2.0,3.0,3546.64,3.0,3.0,1537.46,0,0,0
MRC003622,Fashion,Micro,LOC0047,AGT00579,926,1,1,1,2.0,1288.29,2.0,2.0,9.0,12086.880000000001,9.0,8.0,34.0,69303.14,34.0,27.0,1342.9866666666667,0,0,0
MRC003623,Transport,Large,LOC0055,AGT00511,2244,1,1,17,0.0,0.0,0.0,0.0,1.0,1566.42,1.0,1.0,8.0,4698.76,8.0,8.0,1566.42,0,0,0
MRC003624,Electronics,Small,LOC0017,AGT00069,1695,0,1,4,1.0,210.11,1.0,1.0,1.0,210.11,1.0,1.0,5.0,10972.91,5.0,5.0,210.11,0,0,0
MRC003625,Utility,Micro,LOC0108,AGT00645,787,1,1,5,3.0,3013.0600000000004,3.0,1.0,8.0,4627.4800000000005,8.0,6.0,14.0,9454.87,14.0,11.0,578.4350000000001,0,0,0
MRC003626,Pharmacy,Small,LOC0044,AGT00099,2079,0,0,56,0.0,0.0,0.0,0.0,0.0,0.0,0.0,0.0,2.0,16991.74,2.0,2.0,0.0,1,0,0
MRC003627,Transport,Medium,LOC0098,AGT00370,1856,0,1,19,0.0,0.0,0.0,0.0,2.0,1076.85,2.0,2.0,4.0,13305.699999999999,4.0,4.0,538.425,0,0,0
MRC003628,Utility,Medium,LOC0049,AGT00337,454,1,0,1,1.0,818.86,1.0,1.0,6.0,3643.41,6.0,6.0,22.0,33096.78,22.0,21.0,607.235,0,0,0
MRC003629,Utility,Medium,LOC0057,AGT00637,905,1,1,2,3.0,1053.1799999999998,3.0,3.0,13.0,11068.43,13.0,11.0,43.0,61295.76,43.0,36.0,851.4176923076923,0,0,0
MRC003630,Utility,Medium,LOC0014,AGT00680,2132,1,0,18,0.0,0.0,0.0,0.0,2.0,5766.61,2.0,2.0,5.0,8711.14,5.0,5.0,2883.305,0,0,0
MRC003631,General Retail,Small,LOC0082,AGT00459,1053,0,1,24,0.0,0.0,0.0,0.0,2.0,1754.92,2.0,2.0,6.0,8222.05,6.0,6.0,877.46,0,0,0
MRC003632,Grocery,Micro,LOC0008,AGT00614,369,1,1,1,1.0,6090.84,1.0,1.0,5.0,9520.82,5.0,5.0,16.0,19129.14,16.0,15.0,1904.164,0,0,0
MRC003633,Transport,Medium,LOC0090,AGT00299,1606,1,1,143,0.0,0.0,0.0,0.0,0.0,0.0,0.0,0.0,0.0,0.0,0.0,0.0,0.0,1,1,1
MRC003634,General Retail,Micro,LOC0106,AGT00478,2250,0,1,2,2.0,3286.0,2.0,2.0,12.0,12691.0,12.0,10.0,34.0,42733.95,34.0,28.0,1057.5833333333333,0,0,0
MRC003635,Education,Micro,LOC0044,AGT00365,1502,1,1,33,0.0,0.0,0.0,0.0,0.0,0.0,0.0,0.0,2.0,2162.48,2.0,2.0,0.0,1,0,0
MRC003636,Pharmacy,Small,LOC0107,AGT00672,2418,0,1,14,0.0,0.0,0.0,0.0,2.0,1324.72,2.0,2.0,10.0,10586.84,10.0,9.0,662.36,0,0,0
MRC003637,General Retail,Micro,LOC0084,AGT00355,536,0,1,2,2.0,748.97,2.0,2.0,5.0,7374.9800000000005,5.0,5.0,9.0,17639.2,9.0,9.0,1474.996,0,0,0
MRC003638,Grocery,Small,LOC0001,AGT00490,1745,1,1,5,1.0,9275.71,1.0,1.0,4.0,14681.949999999999,4.0,4.0,8.0,28090.21,8.0,7.0,3670.4874999999997,0,0,0
MRC003639,Restaurant,Medium,LOC0025,AGT00046,1706,0,1,0,1.0,558.28,1.0,1.0,4.0,3172.9300000000003,4.0,3.0,6.0,10044.07,6.0,5.0,793.2325000000001,0,0,0
MRC003640,Grocery,Small,LOC0077,AGT00159,2437,1,1,0,5.0,19511.699999999997,5.0,3.0,22.0,36364.64,22.0,15.0,62.0,117685.20999999999,62.0,47.0,1652.9381818181819,0,0,0
MRC003641,Fashion,Small,LOC0085,AGT00329,1425,1,1,245,0.0,0.0,0.0,0.0,0.0,0.0,0.0,0.0,0.0,0.0,0.0,0.0,0.0,1,1,1
MRC003642,Restaurant,Small,LOC0012,AGT00440,2083,0,1,27,0.0,0.0,0.0,0.0,1.0,2798.79,1.0,1.0,3.0,3185.02,3.0,3.0,2798.79,0,0,0
MRC003643,Fashion,Small,LOC0083,AGT00310,604,1,1,36,0.0,0.0,0.0,0.0,0.0,0.0,0.0,0.0,3.0,3962.6099999999997,3.0,3.0,0.0,1,0,0
MRC003644,General Retail,Micro,LOC0098,AGT00335,383,1,1,17,0.0,0.0,0.0,0.0,2.0,4451.2,2.0,2.0,4.0,5851.62,4.0,4.0,2225.6,0,0,0
MRC003645,Fashion,Micro,LOC0012,AGT00627,1852,1,1,0,6.0,6290.23,6.0,4.0,18.0,24639.579999999998,18.0,14.0,42.0,74903.9,42.0,34.0,1368.8655555555554,0,0,0
MRC003646,Electronics,Small,LOC0106,AGT00401,295,0,1,13,0.0,0.0,0.0,0.0,1.0,2589.02,1.0,1.0,1.0,2589.02,1.0,1.0,2589.02,0,0,0
MRC003647,General Retail,Small,LOC0064,AGT00222,2198,1,1,0,5.0,2472.62,5.0,4.0,22.0,26949.24,22.0,16.0,50.0,65505.45,50.0,37.0,1224.9654545454546,0,0,0
MRC003648,Utility,Small,LOC0074,AGT00668,332,1,1,5,1.0,1233.8,1.0,1.0,3.0,1851.13,3.0,3.0,8.0,12363.65,8.0,8.0,617.0433333333334,0,0,0
MRC003649,Pharmacy,Micro,LOC0007,AGT00150,1791,0,1,16,0.0,0.0,0.0,0.0,1.0,417.41,1.0,1.0,2.0,488.67,2.0,2.0,417.41,0,0,0
MRC003650,Grocery,Micro,LOC0074,AGT00003,1274,0,1,24,0.0,0.0,0.0,0.0,1.0,1659.81,1.0,1.0,2.0,1774.87,2.0,2.0,1659.81,0,0,0
MRC003651,Education,Small,LOC0055,AGT00354,1697,1,1,2,1.0,1269.13,1.0,1.0,4.0,4007.46,4.0,3.0,6.0,5201.18,6.0,5.0,1001.865,0,0,0
MRC003652,General Retail,Small,LOC0045,AGT00761,1649,0,1,8,0.0,0.0,0.0,0.0,2.0,5854.33,2.0,2.0,3.0,10948.16,3.0,3.0,2927.165,0,0,0
MRC003653,Electronics,Small,LOC0094,AGT00623,1257,0,1,2,1.0,11594.5,1.0,1.0,2.0,12783.93,2.0,2.0,8.0,21330.28,8.0,8.0,6391.965,0,0,0
MRC003654,Pharmacy,Medium,LOC0030,AGT00336,1339,1,1,1,1.0,681.19,1.0,1.0,1.0,681.19,1.0,1.0,10.0,16963.69,10.0,10.0,681.19,0,0,0
MRC003655,Healthcare,Small,LOC0008,AGT00699,1386,1,1,1,2.0,12070.9,2.0,2.0,8.0,17246.36,8.0,8.0,19.0,30507.04,19.0,19.0,2155.795,0,0,0
MRC003656,Transport,Micro,LOC0060,AGT00714,1766,1,1,2,1.0,226.21,1.0,1.0,3.0,3355.33,3.0,3.0,6.0,4898.13,6.0,6.0,1118.4433333333334,0,0,0
MRC003657,Education,Small,LOC0090,AGT00019,1838,1,1,10,0.0,0.0,0.0,0.0,1.0,1048.79,1.0,1.0,5.0,6739.37,5.0,5.0,1048.79,0,0,0
MRC003658,General Retail,Micro,LOC0017,AGT00384,1269,0,1,0,3.0,1547.3600000000001,3.0,3.0,6.0,3374.55,6.0,6.0,19.0,27464.07,19.0,18.0,562.4250000000001,0,0,0
MRC003659,Utility,Micro,LOC0119,AGT00553,1057,1,1,1,1.0,1460.02,1.0,1.0,4.0,8083.87,4.0,4.0,11.0,21276.9,11.0,11.0,2020.9675,0,0,0
MRC003660,Transport,Small,LOC0081,AGT00276,380,1,1,4,1.0,3741.3,1.0,1.0,8.0,10168.54,8.0,8.0,23.0,35788.39,23.0,21.0,1271.0675,0,0,0
MRC003661,Transport,Micro,LOC0113,AGT00048,1989,1,1,10,0.0,0.0,0.0,0.0,9.0,10137.99,9.0,8.0,26.0,24050.94,26.0,22.0,1126.4433333333334,0,0,0
MRC003662,Transport,Micro,LOC0057,AGT00569,781,0,0,32,0.0,0.0,0.0,0.0,0.0,0.0,0.0,0.0,4.0,5995.64,4.0,4.0,0.0,1,0,0
MRC003663,Electronics,Medium,LOC0015,AGT00684,1235,0,1,1,1.0,634.33,1.0,1.0,4.0,5273.13,4.0,4.0,10.0,11921.85,10.0,10.0,1318.2825,0,0,0
MRC003664,Fashion,Small,LOC0022,AGT00103,2455,1,1,2,5.0,9990.58,5.0,3.0,7.0,11927.51,7.0,5.0,22.0,30611.48,22.0,18.0,1703.93,0,0,0
MRC003665,Transport,Medium,LOC0061,AGT00524,2001,1,1,148,0.0,0.0,0.0,0.0,0.0,0.0,0.0,0.0,0.0,0.0,0.0,0.0,0.0,1,1,1
MRC003666,Education,Medium,LOC0071,AGT00211,1042,0,1,5,1.0,356.59,1.0,1.0,4.0,2731.3900000000003,4.0,4.0,15.0,10553.13,15.0,14.0,682.8475000000001,0,0,0
MRC003667,Fashion,Micro,LOC0089,AGT00289,1324,1,1,18,0.0,0.0,0.0,0.0,3.0,5722.629999999999,3.0,3.0,9.0,9974.38,9.0,8.0,1907.543333333333,0,0,0
MRC003668,Grocery,Small,LOC0096,AGT00731,996,0,1,15,0.0,0.0,0.0,0.0,2.0,2547.8,2.0,2.0,9.0,25474.920000000002,9.0,9.0,1273.9,0,0,0
MRC003669,Transport,Micro,LOC0092,AGT00042,1655,1,1,2,2.0,7792.92,2.0,1.0,4.0,8450.17,4.0,3.0,5.0,8641.29,5.0,4.0,2112.5425,0,0,0
MRC003670,Transport,Small,LOC0071,AGT00239,620,1,1,0,3.0,4071.76,3.0,2.0,11.0,12560.64,11.0,8.0,32.0,91214.55,32.0,28.0,1141.8763636363635,0,0,0
MRC003671,Restaurant,Micro,LOC0003,AGT00345,2368,1,0,1,1.0,1322.16,1.0,1.0,1.0,1322.16,1.0,1.0,5.0,3364.96,5.0,5.0,1322.16,0,0,0
MRC003672,Restaurant,Micro,LOC0064,AGT00131,2443,1,1,20,0.0,0.0,0.0,0.0,2.0,1845.93,2.0,2.0,7.0,7444.25,7.0,7.0,922.965,0,0,0
MRC003673,Pharmacy,Micro,LOC0099,AGT00512,939,1,1,17,0.0,0.0,0.0,0.0,1.0,466.16,1.0,1.0,6.0,3754.2400000000002,6.0,6.0,466.16,0,0,0
MRC003674,General Retail,Small,LOC0102,AGT00058,790,1,1,1,1.0,270.75,1.0,1.0,6.0,6351.51,6.0,6.0,26.0,40395.05,26.0,21.0,1058.585,0,0,0
MRC003675,General Retail,Micro,LOC0101,AGT00039,1465,1,1,82,0.0,0.0,0.0,0.0,0.0,0.0,0.0,0.0,1.0,3378.3,1.0,1.0,0.0,1,1,0
MRC003676,Education,Small,LOC0002,AGT00617,1700,1,1,1,5.0,3435.1,5.0,4.0,19.0,23131.72,19.0,15.0,55.0,69511.72,55.0,41.0,1217.4589473684211,0,0,0
MRC003677,Restaurant,Medium,LOC0053,AGT00309,1693,1,1,7,0.0,0.0,0.0,0.0,12.0,22025.79,12.0,10.0,38.0,68849.91,38.0,32.0,1835.4825,0,0,0
MRC003678,Healthcare,Small,LOC0075,AGT00020,378,1,1,14,0.0,0.0,0.0,0.0,3.0,818.7,3.0,3.0,4.0,2353.02,4.0,4.0,272.90000000000003,0,0,0
MRC003679,Electronics,Small,LOC0030,AGT00078,1840,1,1,0,2.0,1294.82,2.0,2.0,12.0,21590.45,12.0,10.0,35.0,62546.62,35.0,29.0,1799.2041666666667,0,0,0
MRC003680,General Retail,Micro,LOC0050,AGT00049,432,1,1,5,1.0,2440.99,1.0,1.0,2.0,4327.24,2.0,2.0,10.0,10265.74,10.0,10.0,2163.62,0,0,0
MRC003681,Grocery,Medium,LOC0012,AGT00016,1034,1,1,1,7.0,8640.42,7.0,5.0,22.0,30429.68,22.0,14.0,66.0,97170.13,66.0,46.0,1383.1672727272728,0,0,0
MRC003682,Grocery,Small,LOC0024,AGT00566,1853,1,1,2,3.0,1805.94,3.0,2.0,6.0,4676.76,6.0,5.0,28.0,37840.700000000004,28.0,24.0,779.46,0,0,0
MRC003683,Education,Small,LOC0001,AGT00575,2225,1,1,1,3.0,2610.59,3.0,3.0,27.0,45874.34,27.0,16.0,87.0,133534.77,87.0,54.0,1699.0496296296294,0,0,0
MRC003684,Pharmacy,Medium,LOC0118,AGT00344,1674,1,1,49,0.0,0.0,0.0,0.0,0.0,0.0,0.0,0.0,1.0,2375.08,1.0,1.0,0.0,1,0,0
MRC003685,Education,Micro,LOC0104,AGT00372,636,1,1,2,1.0,739.51,1.0,1.0,3.0,4219.62,3.0,3.0,9.0,18622.82,9.0,8.0,1406.54,0,0,0
MRC003686,Utility,Small,LOC0049,AGT00399,1773,1,0,32,0.0,0.0,0.0,0.0,0.0,0.0,0.0,0.0,3.0,3434.75,3.0,3.0,0.0,1,0,0
MRC003687,Grocery,Micro,LOC0001,AGT00616,367,0,1,11,0.0,0.0,0.0,0.0,4.0,13421.99,4.0,3.0,6.0,17104.45,6.0,5.0,3355.4975,0,0,0
MRC003688,Fashion,Micro,LOC0041,AGT00334,791,1,1,0,10.0,21415.54,10.0,7.0,32.0,62694.57,32.0,24.0,104.0,165065.09,104.0,66.0,1959.2053125,0,0,0
MRC003689,Transport,Small,LOC0053,AGT00098,557,1,1,9,0.0,0.0,0.0,0.0,4.0,5738.86,4.0,4.0,12.0,14848.64,12.0,12.0,1434.715,0,0,0
MRC003690,General Retail,Small,LOC0021,AGT00624,2438,1,1,3,4.0,4534.3099999999995,4.0,3.0,10.0,13076.34,10.0,8.0,31.0,46697.12,31.0,25.0,1307.634,0,0,0
MRC003691,Fashion,Micro,LOC0080,AGT00262,1091,1,1,0,2.0,966.1899999999999,2.0,2.0,8.0,6242.92,8.0,8.0,19.0,18693.08,19.0,17.0,780.365,0,0,0
MRC003692,Pharmacy,Small,LOC0120,AGT00791,1507,0,1,4,1.0,937.58,1.0,1.0,7.0,23890.670000000002,7.0,7.0,23.0,61884.83,23.0,21.0,3412.9528571428573,0,0,0
MRC003693,Education,Medium,LOC0102,AGT00342,2014,1,1,0,1.0,430.43,1.0,1.0,1.0,430.43,1.0,1.0,7.0,13598.01,7.0,6.0,430.43,0,0,0
MRC003694,Fashion,Medium,LOC0103,AGT00686,2405,0,1,41,0.0,0.0,0.0,0.0,0.0,0.0,0.0,0.0,3.0,6315.6,3.0,3.0,0.0,1,0,0
MRC003695,Utility,Micro,LOC0100,AGT00145,2462,0,1,19,0.0,0.0,0.0,0.0,2.0,2005.22,2.0,2.0,9.0,16708.16,9.0,9.0,1002.61,0,0,0
MRC003696,Electronics,Small,LOC0009,AGT00085,645,1,1,55,0.0,0.0,0.0,0.0,0.0,0.0,0.0,0.0,1.0,4967.18,1.0,1.0,0.0,1,0,0
MRC003697,Pharmacy,Micro,LOC0067,AGT00509,1147,1,1,9,0.0,0.0,0.0,0.0,3.0,2214.59,3.0,3.0,9.0,6376.24,9.0,8.0,738.1966666666667,0,0,0
MRC003698,Healthcare,Small,LOC0068,AGT00610,1172,0,1,1,4.0,6340.52,4.0,2.0,8.0,9450.45,8.0,6.0,13.0,11614.93,13.0,11.0,1181.30625,0,0,0
MRC003699,Electronics,Micro,LOC0013,AGT00439,2026,1,1,11,0.0,0.0,0.0,0.0,3.0,4013.61,3.0,3.0,7.0,7508.18,7.0,7.0,1337.8700000000001,0,0,0
MRC003700,Grocery,Small,LOC0018,AGT00237,1020,0,1,7,0.0,0.0,0.0,0.0,1.0,1273.06,1.0,1.0,4.0,2799.59,4.0,4.0,1273.06,0,0,0
MRC003701,Education,Micro,LOC0068,AGT00576,792,1,1,1,2.0,797.74,2.0,2.0,6.0,8578.39,6.0,6.0,15.0,20736.18,15.0,14.0,1429.7316666666666,0,0,0
MRC003702,General Retail,Small,LOC0086,AGT00068,1936,1,1,10,0.0,0.0,0.0,0.0,7.0,18490.17,7.0,7.0,26.0,56172.07,26.0,25.0,2641.452857142857,0,0,0
MRC003703,Transport,Micro,LOC0026,AGT00697,1368,0,1,12,0.0,0.0,0.0,0.0,1.0,3899.71,1.0,1.0,3.0,4719.71,3.0,3.0,3899.71,0,0,0
MRC003704,Restaurant,Micro,LOC0059,AGT00590,1920,1,1,4,1.0,457.04,1.0,1.0,2.0,1189.19,2.0,2.0,5.0,6636.97,5.0,5.0,594.595,0,0,0
MRC003705,Healthcare,Small,LOC0010,AGT00653,1117,1,1,0,2.0,1325.23,2.0,2.0,13.0,11303.46,13.0,10.0,32.0,46427.02,32.0,29.0,869.496923076923,0,0,0
MRC003706,Pharmacy,Micro,LOC0014,AGT00389,1350,1,1,2,2.0,1315.67,2.0,1.0,8.0,8902.5,8.0,7.0,15.0,17051.11,15.0,14.0,1112.8125,0,0,0
MRC003707,Electronics,Small,LOC0070,AGT00297,306,1,1,6,1.0,4343.74,1.0,1.0,11.0,8838.11,11.0,10.0,34.0,42781.67,34.0,27.0,803.4645454545455,0,0,0
MRC003708,Electronics,Small,LOC0067,AGT00205,322,1,1,4,3.0,1456.31,3.0,2.0,10.0,9995.93,10.0,9.0,33.0,47035.98,33.0,29.0,999.5930000000001,0,0,0
MRC003709,Pharmacy,Small,LOC0091,AGT00603,287,1,1,4,7.0,14330.32,7.0,3.0,33.0,43119.1,33.0,17.0,103.0,138043.11,103.0,57.0,1306.6393939393938,0,0,0
MRC003710,Restaurant,Small,LOC0110,AGT00275,669,1,1,3,2.0,1849.49,2.0,2.0,4.0,5990.95,4.0,4.0,7.0,7749.07,7.0,7.0,1497.7375,0,0,0
MRC003711,General Retail,Small,LOC0023,AGT00065,1046,1,1,0,5.0,2876.46,5.0,5.0,16.0,17155.27,16.0,11.0,52.0,65072.59,52.0,38.0,1072.204375,0,0,0
MRC003712,Pharmacy,Medium,LOC0041,AGT00635,396,1,1,4,2.0,2680.04,2.0,2.0,5.0,4288.29,5.0,4.0,7.0,5054.29,7.0,6.0,857.658,0,0,0
MRC003713,Utility,Micro,LOC0103,AGT00030,638,1,1,0,5.0,4315.0,5.0,2.0,39.0,49771.97,39.0,20.0,105.0,149763.91,105.0,60.0,1276.204358974359,0,0,0
MRC003714,Transport,Small,LOC0007,AGT00488,2137,0,0,1,2.0,852.14,2.0,1.0,4.0,4405.2,4.0,3.0,15.0,13664.51,15.0,13.0,1101.3,0,0,0
MRC003715,Electronics,Small,LOC0100,AGT00145,2154,1,1,0,2.0,1107.27,2.0,1.0,6.0,3717.48,6.0,5.0,13.0,17837.81,13.0,12.0,619.58,0,0,0
MRC003716,Grocery,Micro,LOC0114,AGT00228,920,1,1,2,3.0,1860.8400000000001,3.0,2.0,8.0,4307.71,8.0,7.0,29.0,26038.16,29.0,22.0,538.46375,0,0,0
MRC003717,Pharmacy,Micro,LOC0012,AGT00627,2355,1,1,0,1.0,631.38,1.0,1.0,2.0,1159.02,2.0,2.0,3.0,1440.96,3.0,3.0,579.51,0,0,0
MRC003718,Grocery,Micro,LOC0018,AGT00137,544,1,1,139,0.0,0.0,0.0,0.0,0.0,0.0,0.0,0.0,0.0,0.0,0.0,0.0,0.0,1,1,1
MRC003719,Education,Small,LOC0083,AGT00441,355,1,1,14,0.0,0.0,0.0,0.0,2.0,14932.21,2.0,2.0,8.0,20051.07,8.0,8.0,7466.105,0,0,0
MRC003720,General Retail,Micro,LOC0058,AGT00630,1060,1,1,3,1.0,1584.14,1.0,1.0,2.0,4285.0,2.0,2.0,15.0,31439.850000000002,15.0,14.0,2142.5,0,0,0
MRC003721,General Retail,Small,LOC0119,AGT00213,865,1,1,0,11.0,18417.52,11.0,6.0,33.0,47277.91,33.0,20.0,79.0,106355.02,79.0,52.0,1432.6639393939395,0,0,0
MRC003722,Grocery,Small,LOC0066,AGT00292,455,0,1,7,0.0,0.0,0.0,0.0,3.0,2294.33,3.0,3.0,3.0,2294.33,3.0,3.0,764.7766666666666,0,0,0
MRC003723,Pharmacy,Small,LOC0079,AGT00793,2138,1,1,1,5.0,9758.59,5.0,3.0,18.0,28339.87,18.0,15.0,48.0,60597.28,48.0,42.0,1574.437222222222,0,0,0
MRC003724,Grocery,Micro,LOC0029,AGT00383,2425,0,0,2,1.0,1463.0,1.0,1.0,4.0,5008.21,4.0,4.0,7.0,6618.04,7.0,6.0,1252.0525,0,0,0
MRC003725,General Retail,Small,LOC0039,AGT00658,877,0,1,53,0.0,0.0,0.0,0.0,0.0,0.0,0.0,0.0,3.0,6154.53,3.0,3.0,0.0,1,0,0
MRC003726,Pharmacy,Small,LOC0022,AGT00103,975,1,1,3,1.0,143.22,1.0,1.0,2.0,329.66999999999996,2.0,2.0,7.0,6316.51,7.0,7.0,164.83499999999998,0,0,0
MRC003727,Pharmacy,Micro,LOC0018,AGT00109,1856,0,1,8,0.0,0.0,0.0,0.0,2.0,2852.31,2.0,2.0,4.0,6067.27,4.0,4.0,1426.155,0,0,0
MRC003728,Education,Micro,LOC0014,AGT00418,2325,1,1,2,1.0,1649.73,1.0,1.0,7.0,22211.28,7.0,7.0,15.0,32166.449999999997,15.0,15.0,3173.04,0,0,0
MRC003729,Electronics,Micro,LOC0108,AGT00216,913,1,1,0,2.0,1254.21,2.0,2.0,3.0,1482.5,3.0,3.0,6.0,20841.75,6.0,6.0,494.1666666666667,0,0,0
MRC003730,Pharmacy,Medium,LOC0009,AGT00199,1778,1,1,60,0.0,0.0,0.0,0.0,0.0,0.0,0.0,0.0,2.0,11290.4,2.0,2.0,0.0,1,1,0
MRC003731,Transport,Micro,LOC0062,AGT00438,337,0,1,2,1.0,1522.67,1.0,1.0,3.0,1986.04,3.0,3.0,7.0,5648.38,7.0,7.0,662.0133333333333,0,0,0
MRC003732,Grocery,Micro,LOC0061,AGT00425,1523,1,1,4,2.0,3273.42,2.0,2.0,6.0,4608.5599999999995,6.0,6.0,11.0,11315.32,11.0,11.0,768.0933333333332,0,0,0
MRC003733,Grocery,Micro,LOC0007,AGT00157,2443,1,0,20,0.0,0.0,0.0,0.0,1.0,49.6,1.0,1.0,3.0,1464.1399999999999,3.0,3.0,49.6,0,0,0
MRC003734,Grocery,Micro,LOC0102,AGT00037,1325,1,1,1,2.0,3045.15,2.0,2.0,6.0,7125.48,6.0,6.0,16.0,17666.84,16.0,15.0,1187.58,0,0,0
MRC003735,Restaurant,Small,LOC0061,AGT00425,1688,1,1,0,4.0,2467.2799999999997,4.0,3.0,10.0,6375.03,10.0,7.0,31.0,35888.99,31.0,26.0,637.5029999999999,0,0,0
MRC003736,General Retail,Small,LOC0016,AGT00724,1788,1,1,1,3.0,5642.93,3.0,3.0,13.0,26809.72,13.0,11.0,38.0,72762.99,38.0,29.0,2062.286153846154,0,0,0
MRC003737,Electronics,Small,LOC0016,AGT00100,1668,1,1,14,0.0,0.0,0.0,0.0,6.0,4964.2,6.0,6.0,16.0,14648.869999999999,16.0,16.0,827.3666666666667,0,0,0
MRC003738,Healthcare,Medium,LOC0085,AGT00329,1786,1,0,0,1.0,3421.43,1.0,1.0,2.0,4243.03,2.0,2.0,3.0,4585.37,3.0,3.0,2121.515,0,0,0
MRC003739,Restaurant,Micro,LOC0075,AGT00156,2224,1,1,0,3.0,12560.07,3.0,3.0,7.0,22982.769999999997,7.0,7.0,17.0,31980.769999999997,17.0,16.0,3283.2528571428566,0,0,0
MRC003740,Healthcare,Small,LOC0050,AGT00062,309,1,1,3,2.0,2994.54,2.0,2.0,6.0,8384.25,6.0,6.0,29.0,55700.659999999996,29.0,24.0,1397.375,0,0,0
MRC003741,General Retail,Small,LOC0049,AGT00250,2219,1,1,7,0.0,0.0,0.0,0.0,1.0,271.3,1.0,1.0,5.0,3875.98,5.0,5.0,271.3,0,0,0
MRC003742,Restaurant,Small,LOC0005,AGT00496,2270,1,1,15,0.0,0.0,0.0,0.0,1.0,986.19,1.0,1.0,5.0,28528.38,5.0,4.0,986.19,0,0,0
MRC003743,General Retail,Medium,LOC0004,AGT00584,2262,1,1,2,2.0,1171.12,2.0,2.0,4.0,3301.22,4.0,4.0,16.0,24734.559999999998,16.0,16.0,825.305,0,0,0
MRC003744,Transport,Micro,LOC0065,AGT00075,1091,1,1,1,8.0,4821.27,8.0,5.0,17.0,20907.53,17.0,12.0,49.0,65575.14,49.0,32.0,1229.8547058823528,0,0,0
MRC003745,Healthcare,Small,LOC0044,AGT00615,1560,1,1,47,0.0,0.0,0.0,0.0,0.0,0.0,0.0,0.0,4.0,2738.54,4.0,4.0,0.0,1,0,0
MRC003746,Pharmacy,Small,LOC0031,AGT00573,1058,1,1,0,3.0,2747.8199999999997,3.0,3.0,14.0,20885.56,14.0,11.0,30.0,41812.92,30.0,25.0,1491.8257142857144,0,0,0
MRC003747,Transport,Micro,LOC0046,AGT00766,2123,1,1,14,0.0,0.0,0.0,0.0,6.0,8935.79,6.0,5.0,15.0,20084.79,15.0,13.0,1489.2983333333334,0,0,0
MRC003748,Electronics,Medium,LOC0073,AGT00126,1175,1,1,7,0.0,0.0,0.0,0.0,2.0,1366.77,2.0,1.0,4.0,12176.42,4.0,3.0,683.385,0,0,0
MRC003749,General Retail,Micro,LOC0036,AGT00447,970,1,1,0,2.0,7294.37,2.0,2.0,15.0,30518.31,15.0,12.0,36.0,62901.11,36.0,30.0,2034.554,0,0,0
MRC003750,General Retail,Micro,LOC0042,AGT00248,1784,0,0,7,0.0,0.0,0.0,0.0,5.0,17285.96,5.0,5.0,7.0,18380.77,7.0,7.0,3457.192,0,0,0
MRC003751,Restaurant,Small,LOC0034,AGT00174,394,1,1,1,3.0,2609.73,3.0,2.0,6.0,23029.53,6.0,5.0,14.0,45662.41,14.0,13.0,3838.2549999999997,0,0,0
MRC003752,General Retail,Small,LOC0080,AGT00262,1108,0,0,4,2.0,1538.2,2.0,1.0,3.0,10815.220000000001,3.0,2.0,9.0,19046.64,9.0,8.0,3605.0733333333337,0,0,0
MRC003753,General Retail,Medium,LOC0007,AGT00488,737,1,1,215,0.0,0.0,0.0,0.0,0.0,0.0,0.0,0.0,0.0,0.0,0.0,0.0,0.0,1,1,1
MRC003754,Education,Medium,LOC0111,AGT00164,1103,1,1,4,2.0,1801.17,2.0,1.0,13.0,16575.01,13.0,8.0,35.0,50309.75,35.0,24.0,1275.000769230769,0,0,0
MRC003755,Grocery,Micro,LOC0067,AGT00112,1267,1,1,8,0.0,0.0,0.0,0.0,5.0,5482.320000000001,5.0,5.0,13.0,19070.030000000002,13.0,13.0,1096.4640000000002,0,0,0
MRC003756,Grocery,Small,LOC0030,AGT00411,425,1,1,7,0.0,0.0,0.0,0.0,2.0,287.21000000000004,2.0,2.0,8.0,4647.08,8.0,8.0,143.60500000000002,0,0,0
MRC003757,Grocery,Large,LOC0092,AGT00539,2176,1,0,14,0.0,0.0,0.0,0.0,1.0,727.63,1.0,1.0,5.0,6290.089999999999,5.0,5.0,727.63,0,0,0
MRC003758,Grocery,Micro,LOC0113,AGT00084,1197,0,1,17,0.0,0.0,0.0,0.0,1.0,607.24,1.0,1.0,5.0,5112.09,5.0,5.0,607.24,0,0,0
MRC003759,General Retail,Small,LOC0007,AGT00488,1070,1,0,0,1.0,317.33,1.0,1.0,7.0,15857.91,7.0,7.0,18.0,27262.35,18.0,17.0,2265.4157142857143,0,0,0
MRC003760,Pharmacy,Medium,LOC0025,AGT00114,613,1,1,1,4.0,3308.57,4.0,3.0,4.0,3308.57,4.0,3.0,12.0,11657.06,12.0,11.0,827.1425,0,0,0
MRC003761,Transport,Micro,LOC0018,AGT00137,2462,1,1,22,0.0,0.0,0.0,0.0,1.0,360.04,1.0,1.0,4.0,6410.28,4.0,4.0,360.04,0,0,0
MRC003762,Transport,Medium,LOC0009,AGT00486,2156,1,1,35,0.0,0.0,0.0,0.0,0.0,0.0,0.0,0.0,3.0,18801.91,3.0,3.0,0.0,1,0,0
MRC003763,Transport,Small,LOC0089,AGT00289,1339,1,1,8,0.0,0.0,0.0,0.0,6.0,10901.35,6.0,6.0,17.0,22288.23,17.0,17.0,1816.8916666666667,0,0,0
MRC003764,Pharmacy,Medium,LOC0024,AGT00566,1017,1,1,21,0.0,0.0,0.0,0.0,4.0,5026.96,4.0,4.0,4.0,5026.96,4.0,4.0,1256.74,0,0,0
MRC003765,Education,Small,LOC0047,AGT00602,1308,1,1,25,0.0,0.0,0.0,0.0,2.0,648.1600000000001,2.0,2.0,11.0,12452.25,11.0,9.0,324.08000000000004,0,0,0
MRC003766,Education,Small,LOC0098,AGT00333,2386,1,1,37,0.0,0.0,0.0,0.0,0.0,0.0,0.0,0.0,4.0,10674.42,4.0,4.0,0.0,1,0,0
MRC003767,Education,Small,LOC0074,AGT00668,770,1,1,47,0.0,0.0,0.0,0.0,0.0,0.0,0.0,0.0,3.0,707.56,3.0,3.0,0.0,1,0,0
MRC003768,Grocery,Micro,LOC0082,AGT00642,1782,0,1,0,17.0,20393.82,17.0,6.0,78.0,122818.63,78.0,27.0,234.0,325956.37,234.0,85.0,1574.5978205128206,0,0,0
MRC003769,Healthcare,Small,LOC0012,AGT00016,2261,1,1,0,6.0,5383.65,6.0,5.0,23.0,17849.86,23.0,17.0,66.0,92213.53,66.0,48.0,776.0808695652174,0,0,0
MRC003770,Grocery,Medium,LOC0117,AGT00773,1939,1,1,0,2.0,2181.06,2.0,2.0,6.0,20800.38,6.0,6.0,14.0,29160.260000000002,14.0,14.0,3466.73,0,0,0
MRC003771,Education,Medium,LOC0010,AGT00025,2188,1,1,0,4.0,7363.2699999999995,4.0,4.0,13.0,14941.55,13.0,11.0,27.0,36935.55,27.0,23.0,1149.35,0,0,0
MRC003772,Fashion,Large,LOC0086,AGT00469,2357,1,1,1,2.0,3513.0299999999997,2.0,2.0,8.0,11675.54,8.0,8.0,28.0,41814.32,28.0,26.0,1459.4425,0,0,0
MRC003773,Pharmacy,Small,LOC0077,AGT00611,418,1,1,1,1.0,159.55,1.0,1.0,4.0,3565.21,4.0,4.0,10.0,18574.42,10.0,10.0,891.3025,0,0,0
MRC003774,Utility,Small,LOC0050,AGT00191,809,1,1,5,1.0,1497.4,1.0,1.0,6.0,3602.87,6.0,6.0,14.0,14784.85,14.0,14.0,600.4783333333334,0,0,0
MRC003775,Grocery,Small,LOC0101,AGT00143,602,1,0,5,1.0,6089.73,1.0,1.0,2.0,7075.15,2.0,2.0,5.0,8816.02,5.0,5.0,3537.575,0,0,0
MRC003776,General Retail,Small,LOC0108,AGT00474,1526,1,1,4,1.0,1503.96,1.0,1.0,6.0,3190.62,6.0,6.0,24.0,33766.81,24.0,22.0,531.77,0,0,0
MRC003777,General Retail,Small,LOC0009,AGT00127,1177,1,1,2,4.0,3710.24,4.0,3.0,17.0,19941.309999999998,17.0,14.0,35.0,58856.19,35.0,29.0,1173.0182352941174,0,0,0
MRC003778,Restaurant,Micro,LOC0115,AGT00108,375,1,0,1,3.0,12156.09,3.0,1.0,10.0,18108.04,10.0,8.0,45.0,72321.41,45.0,33.0,1810.804,0,0,0
MRC003779,Restaurant,Micro,LOC0029,AGT00383,1505,1,0,9,0.0,0.0,0.0,0.0,4.0,9001.41,4.0,4.0,15.0,24332.5,15.0,13.0,2250.3525,0,0,0
MRC003780,Grocery,Small,LOC0095,AGT00183,507,1,1,0,7.0,8278.4,7.0,5.0,25.0,31759.64,25.0,18.0,91.0,139347.88,91.0,57.0,1270.3856,0,0,0
MRC003781,General Retail,Micro,LOC0099,AGT00512,1176,0,1,9,0.0,0.0,0.0,0.0,3.0,9702.49,3.0,3.0,8.0,15680.65,8.0,8.0,3234.1633333333334,0,0,0
MRC003782,Education,Micro,LOC0067,AGT00112,1087,1,1,0,7.0,6973.6900000000005,7.0,5.0,19.0,18445.34,19.0,16.0,71.0,108361.49,71.0,52.0,970.8073684210526,0,0,0
MRC003783,Grocery,Micro,LOC0104,AGT00272,2239,1,1,32,0.0,0.0,0.0,0.0,0.0,0.0,0.0,0.0,5.0,5719.31,5.0,5.0,0.0,1,0,0
MRC003784,Electronics,Medium,LOC0100,AGT00145,1778,1,1,11,0.0,0.0,0.0,0.0,2.0,861.23,2.0,2.0,3.0,1715.94,3.0,3.0,430.615,0,0,0
MRC003785,Grocery,Large,LOC0063,AGT00033,1650,1,1,0,7.0,19067.16,7.0,4.0,27.0,62576.0,27.0,18.0,74.0,138795.73,74.0,50.0,2317.6296296296296,0,0,0
MRC003786,Education,Small,LOC0022,AGT00060,2104,1,1,0,2.0,1301.17,2.0,2.0,7.0,3913.75,7.0,7.0,14.0,12801.17,14.0,14.0,559.1071428571429,0,0,0
MRC003787,Electronics,Medium,LOC0053,AGT00181,681,1,1,1,1.0,10758.68,1.0,1.0,4.0,13028.380000000001,4.0,3.0,12.0,52592.44,12.0,10.0,3257.0950000000003,0,0,0
MRC003788,Grocery,Medium,LOC0109,AGT00242,847,1,1,31,0.0,0.0,0.0,0.0,0.0,0.0,0.0,0.0,4.0,8616.39,4.0,4.0,0.0,1,0,0
MRC003789,Utility,Micro,LOC0025,AGT00114,1930,1,1,35,0.0,0.0,0.0,0.0,0.0,0.0,0.0,0.0,3.0,1520.46,3.0,3.0,0.0,1,0,0
MRC003790,Pharmacy,Micro,LOC0120,AGT00434,1923,1,1,8,0.0,0.0,0.0,0.0,2.0,4481.97,2.0,2.0,5.0,9494.88,5.0,5.0,2240.985,0,0,0
MRC003791,Electronics,Micro,LOC0022,AGT00321,333,1,1,4,1.0,1065.88,1.0,1.0,6.0,14820.22,6.0,6.0,13.0,26935.590000000004,13.0,13.0,2470.0366666666664,0,0,0
MRC003792,Transport,Micro,LOC0080,AGT00133,777,1,0,3,1.0,1470.69,1.0,1.0,5.0,9846.48,5.0,5.0,6.0,9981.19,6.0,6.0,1969.2959999999998,0,0,0
MRC003793,General Retail,Small,LOC0077,AGT00168,783,1,1,14,0.0,0.0,0.0,0.0,1.0,1006.65,1.0,1.0,1.0,1006.65,1.0,1.0,1006.65,0,0,0
MRC003794,Fashion,Micro,LOC0024,AGT00268,300,1,1,0,10.0,7231.68,10.0,5.0,27.0,33180.119999999995,27.0,17.0,69.0,117220.81,69.0,51.0,1228.8933333333332,0,0,0
MRC003795,General Retail,Medium,LOC0057,AGT00637,1731,1,1,24,0.0,0.0,0.0,0.0,1.0,487.02,1.0,1.0,5.0,2366.81,5.0,5.0,487.02,0,0,0
MRC003796,Restaurant,Small,LOC0018,AGT00237,405,1,1,13,0.0,0.0,0.0,0.0,5.0,9171.42,5.0,5.0,26.0,46681.87,26.0,24.0,1834.284,0,0,0
MRC003797,General Retail,Micro,LOC0044,AGT00365,2125,1,1,41,0.0,0.0,0.0,0.0,0.0,0.0,0.0,0.0,6.0,5749.1900000000005,6.0,4.0,0.0,1,0,0
MRC003798,Pharmacy,Large,LOC0116,AGT00113,1566,1,0,10,0.0,0.0,0.0,0.0,4.0,8985.9,4.0,4.0,18.0,34788.27,18.0,16.0,2246.475,0,0,0
MRC003799,Transport,Medium,LOC0007,AGT00452,1951,1,1,2,2.0,277.53999999999996,2.0,2.0,9.0,13777.710000000001,9.0,8.0,23.0,67033.87,23.0,20.0,1530.8566666666668,0,0,0
MRC003800,Grocery,Small,LOC0105,AGT00564,1373,1,1,2,1.0,234.28,1.0,1.0,7.0,5578.06,7.0,6.0,21.0,25139.24,21.0,19.0,796.8657142857144,0,0,0
MRC003801,General Retail,Small,LOC0082,AGT00208,2407,1,1,20,0.0,0.0,0.0,0.0,1.0,142.59,1.0,1.0,4.0,2777.28,4.0,4.0,142.59,0,0,0
MRC003802,General Retail,Large,LOC0090,AGT00577,877,1,1,3,1.0,106.13,1.0,1.0,4.0,2361.43,4.0,4.0,11.0,9867.23,11.0,11.0,590.3575,0,0,0
MRC003803,Fashion,Small,LOC0034,AGT00219,1506,1,1,18,0.0,0.0,0.0,0.0,4.0,2626.41,4.0,4.0,19.0,17811.57,19.0,19.0,656.6025,0,0,0
MRC003804,Electronics,Medium,LOC0114,AGT00228,301,1,1,3,1.0,6369.08,1.0,1.0,2.0,7148.18,2.0,2.0,8.0,21677.97,8.0,8.0,3574.09,0,0,0
MRC003805,Education,Micro,LOC0031,AGT00116,2106,1,1,39,0.0,0.0,0.0,0.0,0.0,0.0,0.0,0.0,4.0,11276.85,4.0,4.0,0.0,1,0,0
MRC003806,Pharmacy,Small,LOC0061,AGT00428,1528,1,1,8,0.0,0.0,0.0,0.0,5.0,14527.39,5.0,4.0,7.0,14866.67,7.0,6.0,2905.478,0,0,0
MRC003807,Transport,Small,LOC0005,AGT00496,671,0,1,5,1.0,610.03,1.0,1.0,3.0,1567.28,3.0,3.0,6.0,3606.75,6.0,6.0,522.4266666666666,0,0,0
MRC003808,Transport,Micro,LOC0107,AGT00414,2073,1,1,14,0.0,0.0,0.0,0.0,1.0,2529.67,1.0,1.0,11.0,15392.529999999999,11.0,10.0,2529.67,0,0,0
MRC003809,Electronics,Micro,LOC0085,AGT00294,2448,1,0,0,3.0,4670.74,3.0,3.0,19.0,56690.97,19.0,15.0,48.0,87451.51,48.0,37.0,2983.7352631578947,0,0,0
MRC003810,Grocery,Micro,LOC0020,AGT00110,436,1,1,1,1.0,5132.57,1.0,1.0,9.0,18893.41,9.0,8.0,30.0,71568.39,30.0,28.0,2099.2677777777776,0,0,0
MRC003811,General Retail,Micro,LOC0080,AGT00758,2134,0,1,35,0.0,0.0,0.0,0.0,0.0,0.0,0.0,0.0,2.0,2027.31,2.0,2.0,0.0,1,0,0
MRC003812,Grocery,Micro,LOC0022,AGT00787,1896,0,0,6,2.0,1024.74,2.0,1.0,13.0,12986.74,13.0,11.0,65.0,103641.86,65.0,44.0,998.98,0,0,0
MRC003813,Education,Small,LOC0054,AGT00331,1061,1,0,10,0.0,0.0,0.0,0.0,2.0,1400.99,2.0,2.0,6.0,6361.610000000001,6.0,6.0,700.495,0,0,0
MRC003814,Grocery,Medium,LOC0062,AGT00487,1673,0,1,4,2.0,451.51,2.0,2.0,3.0,684.75,3.0,3.0,13.0,14953.26,13.0,11.0,228.25,0,0,0
MRC003815,Grocery,Small,LOC0112,AGT00746,2003,1,1,49,0.0,0.0,0.0,0.0,0.0,0.0,0.0,0.0,3.0,1297.32,3.0,3.0,0.0,1,0,0
MRC003816,Grocery,Small,LOC0040,AGT00266,1334,1,1,3,2.0,8490.779999999999,2.0,2.0,3.0,10865.97,3.0,3.0,4.0,11321.41,4.0,4.0,3621.99,0,0,0
MRC003817,Restaurant,Micro,LOC0002,AGT00617,1743,0,1,5,1.0,898.1,1.0,1.0,7.0,7363.47,7.0,7.0,21.0,22194.04,21.0,20.0,1051.9242857142858,0,0,0
MRC003818,Transport,Medium,LOC0052,AGT00740,392,0,1,7,0.0,0.0,0.0,0.0,1.0,629.66,1.0,1.0,3.0,1975.08,3.0,3.0,629.66,0,0,0
MRC003819,Electronics,Micro,LOC0112,AGT00151,2308,1,1,7,0.0,0.0,0.0,0.0,2.0,1816.21,2.0,2.0,9.0,12267.91,9.0,9.0,908.105,0,0,0
MRC003820,Transport,Micro,LOC0096,AGT00721,2305,1,1,1,1.0,1252.07,1.0,1.0,6.0,5876.9400000000005,6.0,5.0,14.0,21651.23,14.0,13.0,979.4900000000001,0,0,0
MRC003821,Transport,Small,LOC0008,AGT00547,746,1,1,0,2.0,913.1800000000001,2.0,2.0,3.0,3599.2999999999997,3.0,3.0,5.0,6034.32,5.0,5.0,1199.7666666666667,0,0,0
MRC003822,Grocery,Medium,LOC0007,AGT00488,1330,1,1,74,0.0,0.0,0.0,0.0,0.0,0.0,0.0,0.0,1.0,368.98,1.0,1.0,0.0,1,1,0
MRC003823,Grocery,Large,LOC0091,AGT00780,808,1,1,0,1.0,1073.36,1.0,1.0,11.0,8359.88,11.0,9.0,36.0,43395.12,36.0,29.0,759.9890909090908,0,0,0
MRC003824,Education,Small,LOC0087,AGT00193,1160,1,1,0,12.0,17422.89,12.0,5.0,63.0,91735.91,63.0,26.0,197.0,272090.18,197.0,79.0,1456.1255555555556,0,0,0
MRC003825,Transport,Small,LOC0067,AGT00112,888,1,0,21,0.0,0.0,0.0,0.0,3.0,2744.38,3.0,2.0,7.0,10117.91,7.0,6.0,914.7933333333334,0,0,0
MRC003826,Electronics,Small,LOC0011,AGT00540,2169,0,1,4,1.0,742.9,1.0,1.0,10.0,14484.25,10.0,7.0,22.0,28713.920000000002,22.0,19.0,1448.425,0,0,0
MRC003827,Pharmacy,Small,LOC0034,AGT00283,1805,1,1,23,0.0,0.0,0.0,0.0,1.0,704.44,1.0,1.0,2.0,1350.35,2.0,2.0,704.44,0,0,0
MRC003828,Utility,Micro,LOC0102,AGT00018,2134,1,1,1,2.0,1384.4099999999999,2.0,2.0,12.0,15344.869999999999,12.0,11.0,35.0,60477.35,35.0,32.0,1278.7391666666665,0,0,0
MRC003829,Grocery,Micro,LOC0017,AGT00381,2019,0,1,16,0.0,0.0,0.0,0.0,2.0,3104.3199999999997,2.0,2.0,4.0,5285.48,4.0,4.0,1552.1599999999999,0,0,0
MRC003830,Transport,Large,LOC0025,AGT00290,1876,1,1,0,3.0,3981.6800000000003,3.0,3.0,9.0,7988.400000000001,9.0,8.0,20.0,15078.65,20.0,19.0,887.6,0,0,0
MRC003831,Grocery,Large,LOC0055,AGT00565,651,1,1,1,3.0,4320.52,3.0,3.0,5.0,5294.59,5.0,5.0,17.0,28940.96,17.0,17.0,1058.9180000000001,0,0,0
MRC003832,Transport,Micro,LOC0089,AGT00518,2099,0,1,23,0.0,0.0,0.0,0.0,1.0,1460.07,1.0,1.0,11.0,43358.35,11.0,10.0,1460.07,0,0,0
MRC003833,Restaurant,Micro,LOC0100,AGT00145,1998,1,1,2,2.0,558.98,2.0,2.0,6.0,4288.59,6.0,6.0,15.0,31834.83,15.0,15.0,714.765,0,0,0
MRC003834,Healthcare,Micro,LOC0072,AGT00619,558,1,1,10,0.0,0.0,0.0,0.0,2.0,1609.76,2.0,2.0,17.0,27998.52,17.0,15.0,804.88,0,0,0
MRC003835,Grocery,Small,LOC0060,AGT00714,478,1,1,13,0.0,0.0,0.0,0.0,3.0,1641.33,3.0,3.0,13.0,19304.68,13.0,13.0,547.11,0,0,0
MRC003836,Electronics,Micro,LOC0047,AGT00390,1949,0,1,0,3.0,3625.9399999999996,3.0,3.0,8.0,11766.23,8.0,7.0,28.0,36904.91,28.0,24.0,1470.77875,0,0,0
MRC003837,Grocery,Small,LOC0006,AGT00696,1139,1,1,13,0.0,0.0,0.0,0.0,1.0,263.2,1.0,1.0,4.0,1415.97,4.0,4.0,263.2,0,0,0
MRC003838,Transport,Micro,LOC0033,AGT00751,1003,1,1,6,1.0,685.99,1.0,1.0,4.0,5696.530000000001,4.0,4.0,9.0,14446.48,9.0,8.0,1424.1325000000002,0,0,0
MRC003839,Grocery,Micro,LOC0026,AGT00163,1153,1,0,1,4.0,1792.52,4.0,2.0,20.0,42640.49,20.0,16.0,45.0,96626.42,45.0,36.0,2132.0245,0,0,0
MRC003840,Grocery,Micro,LOC0007,AGT00150,2182,1,1,19,0.0,0.0,0.0,0.0,1.0,2835.01,1.0,1.0,6.0,5948.360000000001,6.0,6.0,2835.01,0,0,0
MRC003841,Healthcare,Small,LOC0090,AGT00346,1081,1,1,6,1.0,1133.25,1.0,1.0,4.0,3844.6499999999996,4.0,4.0,13.0,12666.97,13.0,11.0,961.1624999999999,0,0,0
MRC003842,Grocery,Micro,LOC0043,AGT00759,1095,0,1,7,0.0,0.0,0.0,0.0,9.0,11276.47,9.0,6.0,22.0,28250.260000000002,22.0,19.0,1252.941111111111,0,0,0
MRC003843,Pharmacy,Small,LOC0062,AGT00487,1159,1,1,0,1.0,4848.9,1.0,1.0,6.0,6130.209999999999,6.0,5.0,24.0,51112.369999999995,24.0,18.0,1021.7016666666665,0,0,0
MRC003844,General Retail,Small,LOC0025,AGT00648,405,1,1,24,0.0,0.0,0.0,0.0,2.0,6214.04,2.0,2.0,3.0,6650.05,3.0,3.0,3107.02,0,0,0
MRC003845,Utility,Small,LOC0071,AGT00638,368,1,1,2,3.0,4570.08,3.0,2.0,13.0,8975.0,13.0,11.0,22.0,15926.9,22.0,20.0,690.3846153846154,0,0,0
MRC003846,General Retail,Micro,LOC0017,AGT00069,1192,1,1,1,2.0,1670.23,2.0,2.0,3.0,1863.71,3.0,3.0,13.0,19320.67,13.0,12.0,621.2366666666667,0,0,0
MRC003847,Restaurant,Small,LOC0082,AGT00147,323,1,1,6,2.0,9625.109999999999,2.0,1.0,9.0,15792.81,9.0,7.0,29.0,57176.12,29.0,23.0,1754.7566666666667,0,0,0
MRC003848,Electronics,Micro,LOC0089,AGT00034,1940,0,1,14,0.0,0.0,0.0,0.0,3.0,6038.52,3.0,3.0,8.0,9752.99,8.0,8.0,2012.8400000000001,0,0,0
MRC003849,Utility,Small,LOC0038,AGT00608,1214,0,1,6,1.0,1897.63,1.0,1.0,3.0,2278.34,3.0,2.0,13.0,17135.85,13.0,10.0,759.4466666666667,0,0,0
MRC003850,Grocery,Small,LOC0026,AGT00776,1381,1,1,53,0.0,0.0,0.0,0.0,0.0,0.0,0.0,0.0,2.0,1072.06,2.0,2.0,0.0,1,0,0
MRC003851,Healthcare,Medium,LOC0094,AGT00777,1021,1,1,7,0.0,0.0,0.0,0.0,1.0,229.22,1.0,1.0,3.0,2580.3599999999997,3.0,3.0,229.22,0,0,0
MRC003852,Grocery,Large,LOC0027,AGT00013,1955,0,1,7,0.0,0.0,0.0,0.0,9.0,9342.57,9.0,8.0,21.0,25064.18,21.0,20.0,1038.0633333333333,0,0,0
MRC003853,General Retail,Small,LOC0022,AGT00657,1221,1,1,0,10.0,20091.31,10.0,5.0,51.0,63357.74,51.0,25.0,145.0,244443.44,145.0,75.0,1242.3086274509803,0,0,0
MRC003854,Transport,Medium,LOC0041,AGT00635,364,1,1,15,0.0,0.0,0.0,0.0,3.0,3430.1600000000003,3.0,3.0,9.0,13893.880000000001,9.0,9.0,1143.3866666666668,0,0,0
MRC003855,Fashion,Micro,LOC0116,AGT00537,1353,1,1,7,0.0,0.0,0.0,0.0,3.0,5536.34,3.0,3.0,6.0,6948.6,6.0,6.0,1845.4466666666667,0,0,0
MRC003856,Fashion,Small,LOC0056,AGT00448,674,1,1,7,0.0,0.0,0.0,0.0,2.0,3465.66,2.0,2.0,11.0,17868.31,11.0,11.0,1732.83,0,0,0
MRC003857,Grocery,Micro,LOC0032,AGT00056,1587,1,1,9,0.0,0.0,0.0,0.0,2.0,1310.9,2.0,2.0,2.0,1310.9,2.0,2.0,655.45,0,0,0
MRC003858,Restaurant,Micro,LOC0062,AGT00438,1518,1,1,1,4.0,10427.41,4.0,3.0,12.0,18203.25,12.0,9.0,31.0,49486.07,31.0,27.0,1516.9375,0,0,0
MRC003859,Healthcare,Small,LOC0042,AGT00204,1323,1,1,2,2.0,2868.8,2.0,2.0,3.0,6577.01,3.0,3.0,7.0,9912.83,7.0,7.0,2192.3366666666666,0,0,0
MRC003860,Electronics,Small,LOC0080,AGT00262,1128,1,1,1,1.0,981.06,1.0,1.0,10.0,22421.969999999998,10.0,6.0,19.0,31818.01,19.0,14.0,2242.1969999999997,0,0,0
MRC003861,Electronics,Small,LOC0053,AGT00739,1589,1,1,13,0.0,0.0,0.0,0.0,1.0,114.11,1.0,1.0,8.0,8355.44,8.0,8.0,114.11,0,0,0
MRC003862,Grocery,Medium,LOC0071,AGT00364,1773,0,1,2,5.0,6195.41,5.0,4.0,12.0,13986.52,12.0,10.0,28.0,34725.8,28.0,25.0,1165.5433333333333,0,0,0
MRC003863,Transport,Small,LOC0053,AGT00098,2206,1,1,14,0.0,0.0,0.0,0.0,2.0,996.87,2.0,2.0,5.0,6627.18,5.0,5.0,498.435,0,0,0
MRC003864,Restaurant,Medium,LOC0058,AGT00352,2390,1,1,3,2.0,5008.92,2.0,2.0,3.0,7283.81,3.0,3.0,9.0,11639.76,9.0,8.0,2427.936666666667,0,0,0
MRC003865,Grocery,Medium,LOC0054,AGT00556,468,0,1,0,1.0,837.16,1.0,1.0,2.0,1029.43,2.0,2.0,15.0,37581.11,15.0,12.0,514.715,0,0,0
MRC003866,General Retail,Medium,LOC0048,AGT00548,1728,1,1,28,0.0,0.0,0.0,0.0,1.0,1181.04,1.0,1.0,7.0,6455.73,7.0,7.0,1181.04,0,0,0
MRC003867,Electronics,Micro,LOC0116,AGT00113,471,1,1,16,0.0,0.0,0.0,0.0,3.0,3749.76,3.0,3.0,11.0,13438.23,11.0,11.0,1249.92,0,0,0
MRC003868,Electronics,Small,LOC0032,AGT00253,1198,1,0,21,0.0,0.0,0.0,0.0,1.0,1213.08,1.0,1.0,4.0,2824.33,4.0,4.0,1213.08,0,0,0
MRC003869,General Retail,Small,LOC0097,AGT00671,1906,1,1,3,1.0,1343.69,1.0,1.0,6.0,9345.869999999999,6.0,6.0,25.0,42426.0,25.0,21.0,1557.6449999999998,0,0,0
MRC003870,Restaurant,Large,LOC0086,AGT00068,1472,0,1,7,0.0,0.0,0.0,0.0,4.0,5019.77,4.0,4.0,19.0,75062.85,19.0,18.0,1254.9425,0,0,0
MRC003871,General Retail,Micro,LOC0064,AGT00165,2052,0,1,6,1.0,807.46,1.0,1.0,3.0,3667.76,3.0,3.0,11.0,14505.89,11.0,11.0,1222.5866666666668,0,0,0
MRC003872,Transport,Micro,LOC0039,AGT00700,2281,1,1,6,1.0,9746.36,1.0,1.0,11.0,24024.07,11.0,10.0,21.0,48820.159999999996,21.0,19.0,2184.0063636363634,0,0,0
MRC003873,Transport,Micro,LOC0059,AGT00092,2414,0,1,45,0.0,0.0,0.0,0.0,0.0,0.0,0.0,0.0,2.0,2464.6499999999996,2.0,2.0,0.0,1,0,0
MRC003874,Pharmacy,Micro,LOC0102,AGT00323,1757,1,1,12,0.0,0.0,0.0,0.0,2.0,2273.31,2.0,2.0,3.0,2741.34,3.0,3.0,1136.655,0,0,0
MRC003875,Grocery,Medium,LOC0022,AGT00544,1758,1,1,6,1.0,192.03,1.0,1.0,2.0,702.78,2.0,2.0,2.0,702.78,2.0,2.0,351.39,0,0,0
MRC003876,Fashion,Micro,LOC0071,AGT00519,2041,1,1,1,1.0,82.34,1.0,1.0,2.0,443.06000000000006,2.0,2.0,14.0,42423.64,14.0,14.0,221.53000000000003,0,0,0
MRC003877,Grocery,Micro,LOC0092,AGT00281,796,1,0,3,1.0,1071.62,1.0,1.0,4.0,7675.99,4.0,4.0,11.0,19202.7,11.0,11.0,1918.9975,0,0,0
MRC003878,Grocery,Small,LOC0077,AGT00359,945,1,1,0,2.0,3153.6099999999997,2.0,2.0,8.0,9369.86,8.0,8.0,40.0,64888.17,40.0,30.0,1171.2325,0,0,0
MRC003879,Education,Small,LOC0018,AGT00504,1032,0,1,11,0.0,0.0,0.0,0.0,1.0,340.92,1.0,1.0,9.0,7454.03,9.0,9.0,340.92,0,0,0
MRC003880,Healthcare,Micro,LOC0062,AGT00438,1913,1,1,10,0.0,0.0,0.0,0.0,3.0,4331.09,3.0,3.0,9.0,12492.89,9.0,8.0,1443.6966666666667,0,0,0
MRC003881,Grocery,Small,LOC0022,AGT00652,1054,1,1,2,2.0,2954.19,2.0,2.0,5.0,5330.95,5.0,5.0,15.0,19913.92,15.0,14.0,1066.19,0,0,0
MRC003882,Healthcare,Small,LOC0112,AGT00402,591,1,0,72,0.0,0.0,0.0,0.0,0.0,0.0,0.0,0.0,1.0,2942.46,1.0,1.0,0.0,1,1,0
MRC003883,General Retail,Large,LOC0043,AGT00005,2032,1,1,19,0.0,0.0,0.0,0.0,2.0,4980.63,2.0,2.0,4.0,8450.380000000001,4.0,4.0,2490.315,0,0,0
MRC003884,Healthcare,Small,LOC0051,AGT00669,1925,1,1,92,0.0,0.0,0.0,0.0,0.0,0.0,0.0,0.0,0.0,0.0,0.0,0.0,0.0,1,1,1
MRC003885,Utility,Large,LOC0103,AGT00551,1585,0,1,2,2.0,5721.73,2.0,2.0,10.0,21443.55,10.0,8.0,16.0,27531.22,16.0,13.0,2144.355,0,0,0
MRC003886,Transport,Micro,LOC0052,AGT00015,2213,0,0,6,1.0,716.91,1.0,1.0,3.0,1165.68,3.0,3.0,4.0,7465.05,4.0,4.0,388.56,0,0,0
MRC003887,Pharmacy,Small,LOC0024,AGT00640,2017,1,1,4,1.0,461.78,1.0,1.0,1.0,461.78,1.0,1.0,4.0,4672.8099999999995,4.0,4.0,461.78,0,0,0
MRC003888,Restaurant,Small,LOC0108,AGT00645,2254,1,0,6,1.0,155.2,1.0,1.0,3.0,2070.27,3.0,3.0,5.0,8111.13,5.0,5.0,690.09,0,0,0
MRC003889,General Retail,Small,LOC0078,AGT00622,854,1,1,4,1.0,1342.83,1.0,1.0,2.0,1545.7199999999998,2.0,2.0,4.0,2347.7799999999997,4.0,4.0,772.8599999999999,0,0,0
MRC003890,Transport,Small,LOC0073,AGT00588,541,0,1,0,3.0,3601.0600000000004,3.0,2.0,11.0,9238.86,11.0,10.0,33.0,46241.62,33.0,27.0,839.8963636363637,0,0,0
MRC003891,Utility,Micro,LOC0010,AGT00653,1033,1,1,13,0.0,0.0,0.0,0.0,2.0,688.28,2.0,2.0,4.0,7653.88,4.0,4.0,344.14,0,0,0
MRC003892,General Retail,Micro,LOC0054,AGT00556,2100,1,1,4,4.0,2875.66,4.0,3.0,6.0,8279.31,6.0,5.0,11.0,31029.54,11.0,10.0,1379.885,0,0,0
MRC003893,Pharmacy,Medium,LOC0056,AGT00528,2307,1,1,8,0.0,0.0,0.0,0.0,3.0,2116.41,3.0,3.0,5.0,2881.29,5.0,5.0,705.4699999999999,0,0,0
MRC003894,Restaurant,Medium,LOC0032,AGT00592,527,1,1,19,0.0,0.0,0.0,0.0,1.0,3485.15,1.0,1.0,1.0,3485.15,1.0,1.0,3485.15,0,0,0
MRC003895,Transport,Micro,LOC0068,AGT00610,2156,1,1,1,4.0,4249.94,4.0,3.0,14.0,28844.87,14.0,12.0,30.0,62698.5,30.0,27.0,2060.3478571428573,0,0,0
MRC003896,Grocery,Small,LOC0030,AGT00066,1332,0,1,1,3.0,2665.9900000000002,3.0,3.0,16.0,34918.95,16.0,12.0,38.0,65061.54,38.0,29.0,2182.434375,0,0,0
MRC003897,Education,Small,LOC0057,AGT00701,2074,1,1,15,0.0,0.0,0.0,0.0,2.0,1518.22,2.0,2.0,8.0,3961.15,8.0,8.0,759.11,0,0,0
MRC003898,Utility,Small,LOC0097,AGT00671,1778,1,1,52,0.0,0.0,0.0,0.0,0.0,0.0,0.0,0.0,3.0,7747.65,3.0,2.0,0.0,1,0,0
MRC003899,Education,Micro,LOC0089,AGT00232,418,1,1,1,1.0,3366.93,1.0,1.0,3.0,6918.13,3.0,3.0,13.0,30904.26,13.0,13.0,2306.0433333333335,0,0,0
MRC003900,Restaurant,Medium,LOC0034,AGT00283,1345,1,1,19,0.0,0.0,0.0,0.0,2.0,1673.27,2.0,2.0,7.0,13650.45,7.0,7.0,836.635,0,0,0
MRC003901,Healthcare,Small,LOC0025,AGT00114,481,1,1,59,0.0,0.0,0.0,0.0,0.0,0.0,0.0,0.0,2.0,1062.35,2.0,2.0,0.0,1,0,0
MRC003902,Grocery,Small,LOC0001,AGT00170,1029,1,1,7,0.0,0.0,0.0,0.0,3.0,2363.68,3.0,3.0,16.0,37620.619999999995,16.0,15.0,787.8933333333333,0,0,0
MRC003903,General Retail,Small,LOC0042,AGT00204,1942,1,1,0,12.0,20542.170000000002,12.0,7.0,29.0,56951.83,29.0,19.0,88.0,149258.52,88.0,57.0,1963.8562068965518,0,0,0
MRC003904,Grocery,Small,LOC0003,AGT00264,1781,1,1,12,0.0,0.0,0.0,0.0,1.0,1714.37,1.0,1.0,1.0,1714.37,1.0,1.0,1714.37,0,0,0
MRC003905,General Retail,Micro,LOC0016,AGT00724,1826,1,1,8,0.0,0.0,0.0,0.0,8.0,5794.95,8.0,6.0,24.0,31397.61,24.0,21.0,724.36875,0,0,0
MRC003906,Fashion,Medium,LOC0118,AGT00444,1731,1,1,12,0.0,0.0,0.0,0.0,2.0,3441.55,2.0,2.0,12.0,20337.06,12.0,11.0,1720.775,0,0,0
MRC003907,Fashion,Micro,LOC0103,AGT00493,319,0,1,132,0.0,0.0,0.0,0.0,0.0,0.0,0.0,0.0,0.0,0.0,0.0,0.0,0.0,1,1,1
MRC003908,Electronics,Medium,LOC0068,AGT00149,1560,1,1,2,1.0,2243.35,1.0,1.0,2.0,2567.13,2.0,2.0,7.0,10468.14,7.0,7.0,1283.565,0,0,0
MRC003909,Pharmacy,Medium,LOC0093,AGT00749,1346,1,0,18,0.0,0.0,0.0,0.0,3.0,2040.5099999999998,3.0,3.0,6.0,4243.97,6.0,6.0,680.17,0,0,0
MRC003910,Fashion,Small,LOC0059,AGT00330,1441,1,1,5,2.0,4217.0599999999995,2.0,1.0,14.0,27738.940000000002,14.0,8.0,42.0,49375.3,42.0,35.0,1981.3528571428574,0,0,0
MRC003911,General Retail,Small,LOC0073,AGT00357,751,1,1,0,5.0,10507.08,5.0,5.0,19.0,34208.17,19.0,15.0,51.0,98557.6,51.0,39.0,1800.4299999999998,0,0,0
MRC003912,Utility,Micro,LOC0111,AGT00340,1829,1,1,8,0.0,0.0,0.0,0.0,5.0,8210.96,5.0,5.0,10.0,13264.57,10.0,10.0,1642.1919999999998,0,0,0
MRC003913,Grocery,Small,LOC0010,AGT00653,1614,0,1,3,1.0,697.01,1.0,1.0,12.0,13743.55,12.0,9.0,32.0,37751.5,32.0,28.0,1145.2958333333333,0,0,0
MRC003914,Transport,Small,LOC0043,AGT00005,1167,1,1,9,0.0,0.0,0.0,0.0,1.0,8452.59,1.0,1.0,8.0,14267.33,8.0,8.0,8452.59,0,0,0
MRC003915,General Retail,Micro,LOC0015,AGT00684,410,1,1,2,6.0,8688.18,6.0,2.0,15.0,25505.9,15.0,7.0,30.0,42007.44,30.0,20.0,1700.3933333333334,0,0,0
MRC003916,Utility,Micro,LOC0096,AGT00154,437,1,1,9,0.0,0.0,0.0,0.0,4.0,2637.31,4.0,4.0,9.0,9236.83,9.0,9.0,659.3275,0,0,0
MRC003917,Fashion,Large,LOC0099,AGT00512,1071,1,1,10,0.0,0.0,0.0,0.0,10.0,10761.810000000001,10.0,9.0,30.0,36741.46,30.0,28.0,1076.181,0,0,0
MRC003918,Grocery,Micro,LOC0087,AGT00193,1461,1,1,1,1.0,510.71,1.0,1.0,14.0,27757.51,14.0,9.0,38.0,54350.03,38.0,29.0,1982.6792857142857,0,0,0
MRC003919,General Retail,Micro,LOC0074,AGT00668,2465,1,1,1,3.0,1643.9099999999999,3.0,3.0,6.0,6166.820000000001,6.0,5.0,15.0,16061.37,15.0,14.0,1027.8033333333335,0,0,0
MRC003920,Restaurant,Micro,LOC0058,AGT00413,1867,0,1,27,0.0,0.0,0.0,0.0,1.0,1308.76,1.0,1.0,3.0,19850.760000000002,3.0,3.0,1308.76,0,0,0
MRC003921,Restaurant,Small,LOC0003,AGT00435,1347,1,0,34,0.0,0.0,0.0,0.0,0.0,0.0,0.0,0.0,4.0,5638.71,4.0,4.0,0.0,1,0,0
MRC003922,Healthcare,Small,LOC0093,AGT00749,940,1,1,0,1.0,7318.85,1.0,1.0,8.0,22532.07,8.0,7.0,19.0,31876.92,19.0,16.0,2816.50875,0,0,0
MRC003923,Pharmacy,Small,LOC0108,AGT00216,655,1,0,0,2.0,1547.35,2.0,2.0,8.0,9933.36,8.0,7.0,21.0,25094.79,21.0,20.0,1241.67,0,0,0
MRC003924,General Retail,Small,LOC0116,AGT00291,594,0,1,23,0.0,0.0,0.0,0.0,3.0,3292.3900000000003,3.0,3.0,6.0,12931.09,6.0,6.0,1097.4633333333334,0,0,0
MRC003925,Grocery,Micro,LOC0042,AGT00152,444,1,1,19,0.0,0.0,0.0,0.0,3.0,2163.81,3.0,3.0,12.0,12507.85,12.0,11.0,721.27,0,0,0
MRC003926,Healthcare,Small,LOC0025,AGT00648,2279,0,1,0,1.0,238.15,1.0,1.0,4.0,6520.88,4.0,3.0,4.0,6520.88,4.0,3.0,1630.22,0,0,0
MRC003927,General Retail,Micro,LOC0079,AGT00061,321,1,1,4,1.0,3587.95,1.0,1.0,3.0,6478.299999999999,3.0,3.0,10.0,21320.82,10.0,10.0,2159.433333333333,0,0,0
MRC003928,General Retail,Medium,LOC0003,AGT00264,2174,1,1,3,1.0,1547.62,1.0,1.0,6.0,4039.83,6.0,5.0,12.0,36606.09,12.0,11.0,673.305,0,0,0
MRC003929,General Retail,Micro,LOC0008,AGT00699,1561,1,1,0,4.0,12670.35,4.0,3.0,26.0,48124.91,26.0,15.0,62.0,107649.15,62.0,41.0,1850.958076923077,0,0,0
MRC003930,General Retail,Micro,LOC0099,AGT00512,1638,0,1,0,1.0,320.58,1.0,1.0,2.0,878.1099999999999,2.0,2.0,12.0,28709.98,12.0,12.0,439.05499999999995,0,0,0
MRC003931,Pharmacy,Small,LOC0115,AGT00296,2381,1,1,13,0.0,0.0,0.0,0.0,3.0,5612.02,3.0,3.0,13.0,25437.88,13.0,13.0,1870.6733333333334,0,0,0
MRC003932,General Retail,Micro,LOC0049,AGT00040,2005,1,1,8,0.0,0.0,0.0,0.0,2.0,14925.47,2.0,1.0,6.0,20360.39,6.0,5.0,7462.735,0,0,0
MRC003933,General Retail,Small,LOC0061,AGT00771,608,1,1,83,0.0,0.0,0.0,0.0,0.0,0.0,0.0,0.0,1.0,826.91,1.0,1.0,0.0,1,1,0
MRC003934,Electronics,Small,LOC0066,AGT00517,2403,1,1,2,1.0,2120.54,1.0,1.0,3.0,6623.27,3.0,3.0,7.0,7959.52,7.0,7.0,2207.7566666666667,0,0,0
MRC003935,Restaurant,Medium,LOC0017,AGT00010,671,1,1,23,0.0,0.0,0.0,0.0,1.0,759.24,1.0,1.0,4.0,4855.53,4.0,4.0,759.24,0,0,0
MRC003936,Grocery,Micro,LOC0027,AGT00568,1530,0,1,106,0.0,0.0,0.0,0.0,0.0,0.0,0.0,0.0,0.0,0.0,0.0,0.0,0.0,1,1,1
MRC003937,Education,Small,LOC0036,AGT00081,1686,0,1,0,6.0,8671.25,6.0,4.0,24.0,52517.09,24.0,16.0,63.0,131603.08,63.0,44.0,2188.2120833333333,0,0,0
MRC003938,Transport,Small,LOC0102,AGT00342,820,1,1,7,0.0,0.0,0.0,0.0,3.0,4316.17,3.0,3.0,7.0,7835.85,7.0,7.0,1438.7233333333334,0,0,0
MRC003939,Restaurant,Micro,LOC0053,AGT00181,1664,0,1,43,0.0,0.0,0.0,0.0,0.0,0.0,0.0,0.0,2.0,760.6,2.0,2.0,0.0,1,0,0
MRC003940,Restaurant,Small,LOC0087,AGT00077,1682,1,1,1,3.0,2281.33,3.0,1.0,10.0,7460.79,10.0,7.0,26.0,33761.54,26.0,20.0,746.079,0,0,0
MRC003941,Education,Medium,LOC0024,AGT00685,2428,1,1,1,1.0,242.16,1.0,1.0,3.0,5222.4,3.0,3.0,8.0,21621.38,8.0,8.0,1740.8,0,0,0
MRC003942,Grocery,Small,LOC0115,AGT00563,2285,1,1,0,4.0,3870.09,4.0,4.0,12.0,11435.439999999999,12.0,11.0,25.0,38310.77,25.0,24.0,952.9533333333333,0,0,0
MRC003943,General Retail,Medium,LOC0107,AGT00626,1160,1,1,71,0.0,0.0,0.0,0.0,0.0,0.0,0.0,0.0,2.0,2593.9700000000003,2.0,2.0,0.0,1,1,0
MRC003944,Pharmacy,Small,LOC0058,AGT00106,1794,1,1,0,1.0,408.94,1.0,1.0,3.0,1099.13,3.0,3.0,13.0,12229.97,13.0,13.0,366.3766666666667,0,0,0
MRC003945,Grocery,Small,LOC0028,AGT00349,2080,1,1,2,4.0,5028.84,4.0,4.0,10.0,35648.97,10.0,10.0,29.0,57941.549999999996,29.0,27.0,3564.897,0,0,0
MRC003946,Grocery,Medium,LOC0118,AGT00444,344,1,0,3,2.0,4417.07,2.0,2.0,3.0,4825.51,3.0,3.0,7.0,11349.22,7.0,7.0,1608.5033333333333,0,0,0
MRC003947,General Retail,Micro,LOC0097,AGT00741,1783,1,0,0,3.0,4184.66,3.0,3.0,7.0,9686.59,7.0,7.0,17.0,17839.899999999998,17.0,15.0,1383.7985714285714,0,0,0
MRC003948,General Retail,Small,LOC0062,AGT00487,2290,1,1,85,0.0,0.0,0.0,0.0,0.0,0.0,0.0,0.0,1.0,259.34,1.0,1.0,0.0,1,1,0
MRC003949,Grocery,Small,LOC0033,AGT00751,549,1,1,0,2.0,5839.21,2.0,2.0,10.0,27270.15,10.0,10.0,34.0,66887.04,34.0,30.0,2727.0150000000003,0,0,0
MRC003950,Grocery,Medium,LOC0075,AGT00567,1933,1,1,4,1.0,115.69,1.0,1.0,3.0,1658.62,3.0,3.0,9.0,8118.35,9.0,7.0,552.8733333333333,0,0,0
MRC003951,Fashion,Medium,LOC0045,AGT00761,418,1,0,25,0.0,0.0,0.0,0.0,1.0,1021.23,1.0,1.0,9.0,14385.519999999999,9.0,8.0,1021.23,0,0,0
MRC003952,Grocery,Micro,LOC0081,AGT00737,1165,1,1,13,0.0,0.0,0.0,0.0,3.0,3104.54,3.0,2.0,12.0,16995.46,12.0,11.0,1034.8466666666666,0,0,0
MRC003953,Healthcare,Small,LOC0100,AGT00161,2077,0,0,0,1.0,3653.99,1.0,1.0,2.0,5705.07,2.0,2.0,2.0,5705.07,2.0,2.0,2852.535,0,0,0
MRC003954,Grocery,Micro,LOC0059,AGT00472,2444,0,0,9,0.0,0.0,0.0,0.0,2.0,706.47,2.0,2.0,5.0,4635.950000000001,5.0,5.0,353.235,0,0,0
MRC003955,Electronics,Small,LOC0006,AGT00045,1877,1,0,1,1.0,443.24,1.0,1.0,2.0,1197.02,2.0,2.0,19.0,31602.760000000002,19.0,17.0,598.51,0,0,0
MRC003956,Restaurant,Small,LOC0068,AGT00610,1863,0,1,0,2.0,3731.73,2.0,2.0,7.0,10401.92,7.0,7.0,20.0,25853.67,20.0,19.0,1485.9885714285715,0,0,0
MRC003957,Fashion,Micro,LOC0104,AGT00372,853,1,0,20,0.0,0.0,0.0,0.0,1.0,1501.77,1.0,1.0,2.0,2385.09,2.0,2.0,1501.77,0,0,0
MRC003958,Fashion,Medium,LOC0027,AGT00415,2090,1,1,6,1.0,1489.51,1.0,1.0,6.0,3407.8999999999996,6.0,6.0,16.0,15583.71,16.0,15.0,567.9833333333332,0,0,0
MRC003959,Grocery,Small,LOC0116,AGT00317,1726,0,1,9,0.0,0.0,0.0,0.0,5.0,3408.09,5.0,5.0,16.0,20957.82,16.0,15.0,681.618,0,0,0
MRC003960,Pharmacy,Small,LOC0044,AGT00230,2347,1,1,14,0.0,0.0,0.0,0.0,2.0,519.13,2.0,2.0,4.0,2320.22,4.0,4.0,259.565,0,0,0
MRC003961,Grocery,Large,LOC0083,AGT00430,1604,1,1,20,0.0,0.0,0.0,0.0,1.0,3286.26,1.0,1.0,3.0,8163.719999999999,3.0,3.0,3286.26,0,0,0
MRC003962,Grocery,Small,LOC0085,AGT00315,373,1,1,4,1.0,771.74,1.0,1.0,4.0,6136.35,4.0,4.0,6.0,7672.700000000001,6.0,6.0,1534.0875,0,0,0
MRC003963,General Retail,Small,LOC0022,AGT00544,1403,1,1,0,1.0,645.57,1.0,1.0,3.0,1115.33,3.0,3.0,18.0,22908.05,18.0,17.0,371.77666666666664,0,0,0
MRC003964,Pharmacy,Micro,LOC0005,AGT00377,1979,1,1,2,2.0,3994.95,2.0,2.0,5.0,6790.75,5.0,5.0,10.0,23145.34,10.0,10.0,1358.15,0,0,0
MRC003965,Restaurant,Micro,LOC0114,AGT00395,2008,1,1,53,0.0,0.0,0.0,0.0,0.0,0.0,0.0,0.0,3.0,987.5999999999999,3.0,3.0,0.0,1,0,0
MRC003966,Grocery,Micro,LOC0085,AGT00329,1131,0,1,4,2.0,2403.34,2.0,2.0,7.0,18424.91,7.0,6.0,14.0,26489.719999999998,14.0,12.0,2632.13,0,0,0
MRC003967,Healthcare,Micro,LOC0076,AGT00742,660,1,1,1,6.0,23198.53,6.0,5.0,16.0,36583.28,16.0,15.0,43.0,84172.84,43.0,37.0,2286.455,0,0,0
MRC003968,General Retail,Micro,LOC0037,AGT00361,2185,1,1,7,0.0,0.0,0.0,0.0,2.0,923.79,2.0,2.0,4.0,3035.8,4.0,4.0,461.895,0,0,0
MRC003969,Utility,Small,LOC0013,AGT00678,2085,1,1,5,1.0,1032.11,1.0,1.0,1.0,1032.11,1.0,1.0,7.0,11646.7,7.0,7.0,1032.11,0,0,0
MRC003970,Education,Small,LOC0033,AGT00604,2207,0,1,0,17.0,26425.98,17.0,5.0,66.0,86692.87,66.0,25.0,181.0,233951.05,181.0,75.0,1313.5283333333332,0,0,0
MRC003971,Utility,Micro,LOC0066,AGT00022,1752,1,1,12,0.0,0.0,0.0,0.0,1.0,371.01,1.0,1.0,8.0,7293.099999999999,8.0,7.0,371.01,0,0,0
MRC003972,Restaurant,Small,LOC0084,AGT00249,2097,1,1,23,0.0,0.0,0.0,0.0,1.0,315.63,1.0,1.0,3.0,2566.94,3.0,3.0,315.63,0,0,0
MRC003973,General Retail,Medium,LOC0039,AGT00457,1167,1,1,30,0.0,0.0,0.0,0.0,0.0,0.0,0.0,0.0,3.0,3660.56,3.0,3.0,0.0,1,0,0
MRC003974,Utility,Micro,LOC0026,AGT00534,1989,1,1,39,0.0,0.0,0.0,0.0,0.0,0.0,0.0,0.0,4.0,9508.789999999999,4.0,4.0,0.0,1,0,0
MRC003975,Grocery,Small,LOC0030,AGT00411,1353,1,1,8,0.0,0.0,0.0,0.0,2.0,541.75,2.0,2.0,14.0,16405.07,14.0,13.0,270.875,0,0,0
MRC003976,Fashion,Micro,LOC0116,AGT00687,2022,1,1,7,0.0,0.0,0.0,0.0,3.0,6873.92,3.0,3.0,14.0,23473.86,14.0,14.0,2291.306666666667,0,0,0
MRC003977,Pharmacy,Small,LOC0076,AGT00533,606,1,0,32,0.0,0.0,0.0,0.0,0.0,0.0,0.0,0.0,6.0,3243.1,6.0,6.0,0.0,1,0,0
MRC003978,Grocery,Small,LOC0119,AGT00136,934,1,1,0,6.0,9789.13,6.0,6.0,19.0,27163.08,19.0,16.0,58.0,87523.63,58.0,46.0,1429.6357894736843,0,0,0
MRC003979,General Retail,Micro,LOC0001,AGT00170,755,1,1,0,1.0,676.89,1.0,1.0,7.0,5948.33,7.0,6.0,17.0,28328.88,17.0,16.0,849.7614285714286,0,0,0
MRC003980,Grocery,Micro,LOC0055,AGT00093,1175,1,1,6,1.0,105.19,1.0,1.0,3.0,1640.28,3.0,3.0,9.0,7341.66,9.0,9.0,546.76,0,0,0
MRC003981,Healthcare,Medium,LOC0055,AGT00093,2066,1,1,1,1.0,1248.6,1.0,1.0,2.0,1510.6699999999998,2.0,2.0,4.0,3839.79,4.0,4.0,755.3349999999999,0,0,0
MRC003982,General Retail,Micro,LOC0049,AGT00399,538,0,1,43,0.0,0.0,0.0,0.0,0.0,0.0,0.0,0.0,2.0,1914.52,2.0,2.0,0.0,1,0,0
MRC003983,Fashion,Small,LOC0047,AGT00748,1883,1,0,153,0.0,0.0,0.0,0.0,0.0,0.0,0.0,0.0,0.0,0.0,0.0,0.0,0.0,1,1,1
MRC003984,Restaurant,Small,LOC0010,AGT00025,2101,1,1,3,2.0,942.51,2.0,2.0,5.0,7494.1900000000005,5.0,5.0,8.0,9649.79,8.0,8.0,1498.8380000000002,0,0,0
MRC003985,Education,Micro,LOC0004,AGT00643,1753,1,1,13,0.0,0.0,0.0,0.0,1.0,1812.12,1.0,1.0,4.0,5769.07,4.0,4.0,1812.12,0,0,0
MRC003986,Utility,Small,LOC0094,AGT00270,1698,1,1,8,0.0,0.0,0.0,0.0,3.0,2259.66,3.0,3.0,20.0,22100.46,20.0,16.0,753.2199999999999,0,0,0
MRC003987,Pharmacy,Small,LOC0053,AGT00739,589,0,0,11,0.0,0.0,0.0,0.0,1.0,584.43,1.0,1.0,7.0,8455.72,7.0,7.0,584.43,0,0,0
MRC003988,Pharmacy,Micro,LOC0020,AGT00543,1625,1,1,7,0.0,0.0,0.0,0.0,6.0,2009.14,6.0,5.0,21.0,32116.13,21.0,17.0,334.8566666666667,0,0,0
MRC003989,Education,Medium,LOC0042,AGT00248,781,1,1,3,4.0,8352.02,4.0,3.0,6.0,9327.64,6.0,5.0,20.0,30238.86,20.0,19.0,1554.6066666666666,0,0,0
MRC003990,General Retail,Small,LOC0112,AGT00667,824,1,1,5,1.0,371.0,1.0,1.0,5.0,4236.04,5.0,5.0,12.0,10537.099999999999,12.0,11.0,847.208,0,0,0
MRC003991,Restaurant,Small,LOC0057,AGT00200,2169,1,1,0,2.0,4123.46,2.0,2.0,10.0,34465.61,10.0,9.0,30.0,59044.23,30.0,24.0,3446.561,0,0,0
MRC003992,Restaurant,Micro,LOC0119,AGT00553,1630,1,1,3,5.0,5586.91,5.0,3.0,19.0,31468.1,19.0,14.0,52.0,78514.04,52.0,40.0,1656.215789473684,0,0,0
MRC003993,General Retail,Micro,LOC0020,AGT00115,2457,0,1,5,1.0,211.95,1.0,1.0,3.0,4009.03,3.0,3.0,5.0,8595.17,5.0,5.0,1336.3433333333335,0,0,0
MRC003994,Grocery,Small,LOC0015,AGT00684,1280,1,1,0,2.0,1291.09,2.0,2.0,12.0,14057.81,12.0,11.0,31.0,43831.7,31.0,29.0,1171.4841666666666,0,0,0
MRC003995,Grocery,Small,LOC0068,AGT00600,1068,1,0,4,2.0,1548.31,2.0,2.0,7.0,3400.17,7.0,5.0,16.0,16264.669999999998,16.0,13.0,485.73857142857145,0,0,0
MRC003996,Education,Micro,LOC0082,AGT00459,2461,1,1,2,3.0,1789.8400000000001,3.0,3.0,13.0,9944.64,13.0,11.0,31.0,59887.630000000005,31.0,26.0,764.9723076923076,0,0,0
MRC003997,Grocery,Small,LOC0118,AGT00306,1647,1,1,2,2.0,6637.129999999999,2.0,2.0,6.0,16006.22,6.0,6.0,13.0,31722.44,13.0,13.0,2667.7033333333334,0,0,0
MRC003998,Grocery,Small,LOC0056,AGT00756,2172,0,0,2,3.0,5609.900000000001,3.0,3.0,15.0,25083.01,15.0,13.0,42.0,56915.96,42.0,34.0,1672.2006666666666,0,0,0
MRC003999,Education,Micro,LOC0025,AGT00648,384,1,1,88,0.0,0.0,0.0,0.0,0.0,0.0,0.0,0.0,2.0,3823.07,2.0,2.0,0.0,1,1,0
MRC004000,Transport,Small,LOC0065,AGT00096,1436,1,1,45,0.0,0.0,0.0,0.0,0.0,0.0,0.0,0.0,4.0,7102.33,4.0,4.0,0.0,1,0,0
MRC004001,Electronics,Small,LOC0037,AGT00641,2072,1,1,33,0.0,0.0,0.0,0.0,0.0,0.0,0.0,0.0,2.0,2043.5700000000002,2.0,2.0,0.0,1,0,0
MRC004002,Restaurant,Small,LOC0022,AGT00206,2053,0,1,1,1.0,2326.74,1.0,1.0,2.0,3389.38,2.0,2.0,9.0,7321.5599999999995,9.0,9.0,1694.69,0,0,0
MRC004003,Education,Small,LOC0011,AGT00105,1849,1,1,3,1.0,624.12,1.0,1.0,3.0,10258.08,3.0,3.0,11.0,17547.27,11.0,10.0,3419.36,0,0,0
MRC004004,Transport,Small,LOC0087,AGT00305,646,1,1,4,2.0,3218.67,2.0,1.0,3.0,4448.68,3.0,2.0,5.0,6002.43,5.0,4.0,1482.8933333333334,0,0,0
MRC004005,Utility,Medium,LOC0078,AGT00535,1481,0,1,19,0.0,0.0,0.0,0.0,1.0,1030.52,1.0,1.0,4.0,2505.73,4.0,4.0,1030.52,0,0,0
MRC004006,Utility,Medium,LOC0020,AGT00269,508,1,1,16,0.0,0.0,0.0,0.0,2.0,3612.11,2.0,2.0,8.0,13192.3,8.0,8.0,1806.055,0,0,0
MRC004007,Transport,Micro,LOC0068,AGT00610,2039,0,1,14,0.0,0.0,0.0,0.0,1.0,2096.1,1.0,1.0,3.0,3590.85,3.0,3.0,2096.1,0,0,0
MRC004008,General Retail,Small,LOC0107,AGT00265,1664,1,0,10,0.0,0.0,0.0,0.0,3.0,6308.320000000001,3.0,3.0,11.0,16310.800000000001,11.0,11.0,2102.7733333333335,0,0,0
MRC004009,General Retail,Medium,LOC0099,AGT00462,710,1,1,12,0.0,0.0,0.0,0.0,1.0,1033.19,1.0,1.0,4.0,7322.09,4.0,4.0,1033.19,0,0,0
MRC004010,Grocery,Medium,LOC0055,AGT00354,1875,0,1,1,1.0,3276.51,1.0,1.0,5.0,16938.28,5.0,5.0,17.0,37559.86,17.0,14.0,3387.656,0,0,0
MRC004011,General Retail,Micro,LOC0007,AGT00153,1858,1,1,4,1.0,393.89,1.0,1.0,2.0,6404.240000000001,2.0,2.0,8.0,14736.69,8.0,8.0,3202.1200000000003,0,0,0
MRC004012,General Retail,Micro,LOC0077,AGT00159,402,0,0,0,7.0,6550.759999999999,7.0,5.0,18.0,20239.79,18.0,15.0,48.0,55822.33,48.0,37.0,1124.4327777777778,0,0,0
MRC004013,Restaurant,Micro,LOC0062,AGT00240,481,1,1,2,2.0,337.59,2.0,1.0,4.0,2363.63,4.0,3.0,22.0,21153.329999999998,22.0,18.0,590.9075,0,0,0
MRC004014,Grocery,Medium,LOC0111,AGT00164,726,1,1,4,2.0,1453.17,2.0,1.0,5.0,2700.6099999999997,5.0,4.0,18.0,28592.9,18.0,14.0,540.122,0,0,0
MRC004015,Education,Medium,LOC0067,AGT00426,440,0,1,5,2.0,3275.01,2.0,1.0,8.0,10590.95,8.0,6.0,21.0,34664.44,21.0,18.0,1323.86875,0,0,0
MRC004016,Fashion,Medium,LOC0089,AGT00140,1460,0,1,2,3.0,4573.46,3.0,3.0,6.0,7304.5599999999995,6.0,6.0,20.0,21920.059999999998,20.0,18.0,1217.4266666666665,0,0,0
MRC004017,Healthcare,Micro,LOC0064,AGT00222,2209,1,1,3,1.0,6406.05,1.0,1.0,1.0,6406.05,1.0,1.0,8.0,25927.25,8.0,8.0,6406.05,0,0,0
MRC004018,Electronics,Medium,LOC0065,AGT00525,424,0,0,4,1.0,987.56,1.0,1.0,2.0,1308.8899999999999,2.0,2.0,7.0,10295.109999999999,7.0,7.0,654.4449999999999,0,0,0
MRC004019,Grocery,Micro,LOC0039,AGT00124,1629,1,1,0,7.0,5813.66,7.0,3.0,23.0,36817.03,23.0,16.0,75.0,116189.57,75.0,53.0,1600.7404347826086,0,0,0
MRC004020,Pharmacy,Small,LOC0049,AGT00683,1213,1,1,41,0.0,0.0,0.0,0.0,0.0,0.0,0.0,0.0,4.0,2298.91,4.0,4.0,0.0,1,0,0
MRC004021,General Retail,Micro,LOC0036,AGT00036,2114,0,0,24,0.0,0.0,0.0,0.0,1.0,366.02,1.0,1.0,3.0,5851.21,3.0,3.0,366.02,0,0,0
MRC004022,Grocery,Small,LOC0056,AGT00528,1340,1,0,0,1.0,315.28,1.0,1.0,5.0,4712.84,5.0,4.0,17.0,24829.76,17.0,13.0,942.568,0,0,0
MRC004023,Healthcare,Small,LOC0115,AGT00104,1748,0,1,0,1.0,316.39,1.0,1.0,7.0,3703.62,7.0,7.0,22.0,30341.18,22.0,21.0,529.0885714285714,0,0,0
MRC004024,Restaurant,Micro,LOC0042,AGT00501,2301,1,0,3,1.0,372.96,1.0,1.0,3.0,2623.44,3.0,3.0,7.0,19557.84,7.0,6.0,874.48,0,0,0
MRC004025,Fashion,Micro,LOC0056,AGT00681,584,1,1,42,0.0,0.0,0.0,0.0,0.0,0.0,0.0,0.0,2.0,4190.17,2.0,2.0,0.0,1,0,0
MRC004026,Electronics,Medium,LOC0114,AGT00228,976,0,1,0,2.0,1676.04,2.0,2.0,18.0,26792.179999999997,18.0,14.0,45.0,58069.979999999996,45.0,38.0,1488.4544444444443,0,0,0
MRC004027,Pharmacy,Micro,LOC0019,AGT00396,876,1,1,5,2.0,1093.43,2.0,1.0,7.0,5098.0,7.0,5.0,16.0,25991.98,16.0,14.0,728.2857142857143,0,0,0
MRC004028,Transport,Small,LOC0031,AGT00362,655,1,1,22,0.0,0.0,0.0,0.0,2.0,35299.19,2.0,2.0,5.0,37055.07,5.0,5.0,17649.595,0,0,0
MRC004029,Transport,Micro,LOC0060,AGT00712,1702,1,0,2,1.0,35607.1,1.0,1.0,8.0,46960.78999999999,8.0,6.0,26.0,61519.72,26.0,22.0,5870.098749999999,0,0,0
MRC004030,Grocery,Micro,LOC0050,AGT00464,303,0,1,12,0.0,0.0,0.0,0.0,2.0,678.6299999999999,2.0,2.0,2.0,678.6299999999999,2.0,2.0,339.31499999999994,0,0,0
MRC004031,Restaurant,Micro,LOC0041,AGT00334,1130,1,1,4,1.0,219.03,1.0,1.0,4.0,1994.11,4.0,3.0,17.0,20303.329999999998,17.0,14.0,498.5275,0,0,0
MRC004032,Healthcare,Small,LOC0094,AGT00777,552,0,0,28,0.0,0.0,0.0,0.0,1.0,1581.26,1.0,1.0,5.0,4869.48,5.0,5.0,1581.26,0,0,0
MRC004033,Healthcare,Small,LOC0060,AGT00185,1631,0,1,0,4.0,38521.21,4.0,4.0,17.0,63472.64,17.0,16.0,52.0,152155.82,52.0,40.0,3733.684705882353,0,0,0
MRC004034,Electronics,Micro,LOC0044,AGT00230,1927,0,1,20,0.0,0.0,0.0,0.0,1.0,5189.33,1.0,1.0,12.0,26392.79,12.0,10.0,5189.33,0,0,0
MRC004035,Utility,Medium,LOC0058,AGT00352,1307,1,1,7,0.0,0.0,0.0,0.0,2.0,2126.59,2.0,2.0,2.0,2126.59,2.0,2.0,1063.295,0,0,0
MRC004036,Grocery,Micro,LOC0107,AGT00672,1259,0,1,5,2.0,1410.85,2.0,1.0,11.0,7280.53,11.0,9.0,27.0,36180.17,27.0,24.0,661.8663636363636,0,0,0
MRC004037,Grocery,Small,LOC0119,AGT00213,1269,0,1,207,0.0,0.0,0.0,0.0,0.0,0.0,0.0,0.0,0.0,0.0,0.0,0.0,0.0,1,1,1
MRC004038,Transport,Micro,LOC0030,AGT00427,721,1,1,17,0.0,0.0,0.0,0.0,3.0,2356.73,3.0,3.0,19.0,42708.73,19.0,19.0,785.5766666666667,0,0,0
MRC004039,Transport,Medium,LOC0005,AGT00083,1107,1,1,56,0.0,0.0,0.0,0.0,0.0,0.0,0.0,0.0,1.0,553.11,1.0,1.0,0.0,1,0,0
MRC004040,Utility,Micro,LOC0004,AGT00043,2325,1,0,1,1.0,2186.09,1.0,1.0,3.0,3171.08,3.0,3.0,6.0,5355.67,6.0,6.0,1057.0266666666666,0,0,0
MRC004041,Grocery,Small,LOC0054,AGT00331,376,1,1,1,2.0,2602.6499999999996,2.0,1.0,4.0,6425.88,4.0,3.0,9.0,14214.44,9.0,8.0,1606.47,0,0,0
MRC004042,Electronics,Small,LOC0076,AGT00742,2007,1,1,15,0.0,0.0,0.0,0.0,4.0,7806.81,4.0,3.0,13.0,30939.65,13.0,11.0,1951.7025,0,0,0
MRC004043,Transport,Small,LOC0007,AGT00153,646,1,1,0,8.0,12523.86,8.0,5.0,29.0,32800.19,29.0,19.0,102.0,155242.76,102.0,62.0,1131.0410344827587,0,0,0
MRC004044,Pharmacy,Medium,LOC0061,AGT00425,536,1,0,101,0.0,0.0,0.0,0.0,0.0,0.0,0.0,0.0,0.0,0.0,0.0,0.0,0.0,1,1,1
MRC004045,Electronics,Micro,LOC0048,AGT00177,911,1,1,11,0.0,0.0,0.0,0.0,6.0,6542.07,6.0,6.0,19.0,25687.95,19.0,19.0,1090.345,0,0,0
MRC004046,Transport,Small,LOC0112,AGT00786,874,1,1,6,1.0,473.81,1.0,1.0,21.0,27649.01,21.0,15.0,69.0,139120.39,69.0,49.0,1316.6195238095238,0,0,0
MRC004047,Pharmacy,Medium,LOC0073,AGT00047,977,1,1,35,0.0,0.0,0.0,0.0,0.0,0.0,0.0,0.0,4.0,3317.21,4.0,4.0,0.0,1,0,0
MRC004048,Restaurant,Medium,LOC0051,AGT00594,2143,0,1,10,0.0,0.0,0.0,0.0,3.0,2459.39,3.0,3.0,7.0,7540.65,7.0,7.0,819.7966666666666,0,0,0
MRC004049,Pharmacy,Small,LOC0071,AGT00239,2263,1,1,1,2.0,730.75,2.0,2.0,9.0,8120.89,9.0,9.0,15.0,19690.420000000002,15.0,15.0,902.3211111111111,0,0,0
MRC004050,General Retail,Small,LOC0017,AGT00381,1799,1,1,8,0.0,0.0,0.0,0.0,6.0,8545.82,6.0,6.0,22.0,59674.94,22.0,19.0,1424.3033333333333,0,0,0
MRC004051,Pharmacy,Small,LOC0058,AGT00413,606,1,1,8,0.0,0.0,0.0,0.0,9.0,10258.15,9.0,8.0,13.0,13019.12,13.0,12.0,1139.7944444444445,0,0,0
MRC004052,Grocery,Small,LOC0040,AGT00266,2353,1,1,12,0.0,0.0,0.0,0.0,2.0,1804.6399999999999,2.0,2.0,4.0,2959.0499999999997,4.0,4.0,902.3199999999999,0,0,0
MRC004053,Grocery,Medium,LOC0022,AGT00057,2138,1,1,52,0.0,0.0,0.0,0.0,0.0,0.0,0.0,0.0,4.0,7240.59,4.0,4.0,0.0,1,0,0
MRC004054,Grocery,Medium,LOC0048,AGT00516,453,1,1,3,3.0,5602.05,3.0,2.0,12.0,15182.369999999999,12.0,11.0,37.0,40123.05,37.0,32.0,1265.1975,0,0,0
MRC004055,Grocery,Small,LOC0077,AGT00159,1133,1,1,87,0.0,0.0,0.0,0.0,0.0,0.0,0.0,0.0,1.0,15353.37,1.0,1.0,0.0,1,1,0
MRC004056,Education,Small,LOC0070,AGT00800,1981,1,1,17,0.0,0.0,0.0,0.0,3.0,3197.26,3.0,3.0,4.0,4514.29,4.0,4.0,1065.7533333333333,0,0,0
MRC004057,Grocery,Small,LOC0116,AGT00687,481,1,1,26,0.0,0.0,0.0,0.0,1.0,623.72,1.0,1.0,3.0,2059.5,3.0,3.0,623.72,0,0,0
MRC004058,Pharmacy,Micro,LOC0033,AGT00751,453,1,1,11,0.0,0.0,0.0,0.0,2.0,4338.1,2.0,2.0,5.0,10630.27,5.0,5.0,2169.05,0,0,0
MRC004059,Grocery,Medium,LOC0084,AGT00385,1611,0,1,0,5.0,10103.4,5.0,4.0,16.0,29630.63,16.0,13.0,41.0,58132.35,41.0,34.0,1851.914375,0,0,0
MRC004060,Restaurant,Small,LOC0067,AGT00205,1022,0,1,268,0.0,0.0,0.0,0.0,0.0,0.0,0.0,0.0,0.0,0.0,0.0,0.0,0.0,1,1,1
MRC004061,Grocery,Micro,LOC0105,AGT00279,1251,1,1,2,2.0,1238.29,2.0,2.0,12.0,17390.91,12.0,10.0,48.0,84404.97,48.0,39.0,1449.2425,0,0,0
MRC004062,Education,Small,LOC0109,AGT00461,1927,1,1,0,2.0,409.23,2.0,2.0,12.0,20375.71,12.0,10.0,32.0,51398.06,32.0,30.0,1697.9758333333332,0,0,0
MRC004063,Transport,Micro,LOC0085,AGT00329,1477,1,1,3,1.0,1096.03,1.0,1.0,3.0,2590.64,3.0,3.0,10.0,15379.36,10.0,8.0,863.5466666666666,0,0,0
MRC004064,Healthcare,Micro,LOC0051,AGT00450,1840,1,1,9,0.0,0.0,0.0,0.0,1.0,937.18,1.0,1.0,1.0,937.18,1.0,1.0,937.18,0,0,0
MRC004065,Pharmacy,Small,LOC0065,AGT00510,562,0,1,20,0.0,0.0,0.0,0.0,1.0,452.36,1.0,1.0,4.0,4312.27,4.0,4.0,452.36,0,0,0
MRC004066,General Retail,Small,LOC0079,AGT00432,291,1,1,4,1.0,2024.54,1.0,1.0,1.0,2024.54,1.0,1.0,4.0,2578.4,4.0,4.0,2024.54,0,0,0
MRC004067,Transport,Small,LOC0097,AGT00741,836,1,1,0,5.0,4362.17,5.0,4.0,19.0,25568.01,19.0,14.0,55.0,89179.03,55.0,38.0,1345.6847368421052,0,0,0
MRC004068,Grocery,Micro,LOC0028,AGT00051,728,0,1,0,2.0,14729.919999999998,2.0,1.0,3.0,15428.73,3.0,2.0,4.0,20759.73,4.0,3.0,5142.91,0,0,0
MRC004069,Fashion,Small,LOC0105,AGT00117,995,1,1,9,0.0,0.0,0.0,0.0,1.0,1043.84,1.0,1.0,4.0,3821.63,4.0,4.0,1043.84,0,0,0
MRC004070,Utility,Micro,LOC0097,AGT00741,1988,0,1,12,0.0,0.0,0.0,0.0,4.0,4850.07,4.0,3.0,11.0,12981.369999999999,11.0,10.0,1212.5175,0,0,0
MRC004071,Restaurant,Medium,LOC0011,AGT00207,619,1,1,53,0.0,0.0,0.0,0.0,0.0,0.0,0.0,0.0,1.0,1662.32,1.0,1.0,0.0,1,0,0
MRC004072,Restaurant,Micro,LOC0033,AGT00604,562,1,1,19,0.0,0.0,0.0,0.0,1.0,248.65,1.0,1.0,8.0,9693.56,8.0,7.0,248.65,0,0,0
MRC004073,Education,Medium,LOC0029,AGT00356,725,1,1,7,0.0,0.0,0.0,0.0,5.0,10012.61,5.0,5.0,6.0,10159.66,6.0,6.0,2002.5220000000002,0,0,0
MRC004074,Grocery,Micro,LOC0070,AGT00704,1000,1,1,0,12.0,7962.29,12.0,6.0,53.0,79033.95,53.0,27.0,153.0,212077.16,153.0,78.0,1491.206603773585,0,0,0
MRC004075,General Retail,Micro,LOC0026,AGT00451,718,1,0,33,0.0,0.0,0.0,0.0,0.0,0.0,0.0,0.0,3.0,5383.11,3.0,3.0,0.0,1,0,0
MRC004076,Grocery,Small,LOC0037,AGT00361,688,0,1,5,1.0,2038.5,1.0,1.0,16.0,20214.52,16.0,12.0,52.0,54380.79,52.0,37.0,1263.4075,0,0,0
MRC004077,Grocery,Small,LOC0023,AGT00559,1553,1,1,11,0.0,0.0,0.0,0.0,1.0,2496.85,1.0,1.0,1.0,2496.85,1.0,1.0,2496.85,0,0,0
MRC004078,Grocery,Medium,LOC0009,AGT00765,530,1,1,3,1.0,550.27,1.0,1.0,4.0,4249.9,4.0,4.0,13.0,23913.309999999998,13.0,13.0,1062.475,0,0,0
MRC004079,Restaurant,Small,LOC0056,AGT00363,623,1,1,1,3.0,4352.0599999999995,3.0,3.0,8.0,10667.32,8.0,7.0,15.0,40273.340000000004,15.0,14.0,1333.415,0,0,0
MRC004080,General Retail,Micro,LOC0039,AGT00257,2115,1,1,5,1.0,74.7,1.0,1.0,2.0,1853.96,2.0,2.0,9.0,16513.149999999998,9.0,9.0,926.98,0,0,0
MRC004081,Utility,Micro,LOC0061,AGT00771,326,1,0,10,0.0,0.0,0.0,0.0,5.0,23757.64,5.0,4.0,10.0,31518.44,10.0,9.0,4751.528,0,0,0
MRC004082,General Retail,Small,LOC0026,AGT00534,421,1,1,5,2.0,4551.77,2.0,2.0,8.0,27299.16,8.0,8.0,20.0,49137.3,20.0,20.0,3412.395,0,0,0
MRC004083,Electronics,Small,LOC0035,AGT00403,438,1,1,9,0.0,0.0,0.0,0.0,1.0,735.21,1.0,1.0,14.0,12008.86,14.0,12.0,735.21,0,0,0
MRC004084,Fashion,Medium,LOC0108,AGT00235,1458,0,1,1,1.0,170.01,1.0,1.0,1.0,170.01,1.0,1.0,5.0,4206.93,5.0,5.0,170.01,0,0,0
MRC004085,Restaurant,Small,LOC0097,AGT00741,1805,1,1,6,1.0,208.3,1.0,1.0,3.0,2437.23,3.0,3.0,6.0,3879.91,6.0,6.0,812.41,0,0,0
MRC004086,Grocery,Small,LOC0032,AGT00056,1800,1,0,17,0.0,0.0,0.0,0.0,2.0,731.75,2.0,2.0,4.0,3564.6800000000003,4.0,4.0,365.875,0,0,0
MRC004087,General Retail,Medium,LOC0020,AGT00024,1794,0,1,1,2.0,4996.09,2.0,1.0,2.0,4996.09,2.0,1.0,8.0,6647.16,8.0,7.0,2498.045,0,0,0
MRC004088,Fashion,Micro,LOC0117,AGT00753,412,1,1,4,1.0,890.98,1.0,1.0,4.0,13825.82,4.0,4.0,11.0,21678.81,11.0,11.0,3456.455,0,0,0
MRC004089,Fashion,Small,LOC0082,AGT00459,1039,0,1,6,1.0,1843.63,1.0,1.0,4.0,8906.779999999999,4.0,4.0,10.0,13172.849999999999,10.0,10.0,2226.6949999999997,0,0,0
MRC004090,Electronics,Medium,LOC0060,AGT00714,1671,1,1,25,0.0,0.0,0.0,0.0,1.0,691.38,1.0,1.0,3.0,17263.01,3.0,3.0,691.38,0,0,0
MRC004091,Utility,Small,LOC0084,AGT00385,1777,1,0,17,0.0,0.0,0.0,0.0,1.0,3177.61,1.0,1.0,6.0,5889.65,6.0,6.0,3177.61,0,0,0
MRC004092,Pharmacy,Small,LOC0027,AGT00368,1016,0,1,3,4.0,4895.92,4.0,3.0,8.0,9799.5,8.0,7.0,21.0,23602.91,21.0,18.0,1224.9375,0,0,0
MRC004093,Transport,Medium,LOC0052,AGT00015,2137,1,1,999,0.0,0.0,0.0,0.0,0.0,0.0,0.0,0.0,0.0,0.0,0.0,0.0,0.0,1,1,1
MRC004094,Healthcare,Micro,LOC0047,AGT00755,2108,0,1,1,3.0,6673.1900000000005,3.0,3.0,7.0,13156.57,7.0,7.0,24.0,66107.39,24.0,20.0,1879.51,0,0,0
MRC004095,General Retail,Medium,LOC0087,AGT00238,1959,0,1,57,0.0,0.0,0.0,0.0,0.0,0.0,0.0,0.0,3.0,1769.68,3.0,3.0,0.0,1,0,0
MRC004096,Grocery,Small,LOC0023,AGT00559,2029,1,1,0,4.0,1258.25,4.0,3.0,11.0,9623.18,11.0,10.0,55.0,88962.71,55.0,41.0,874.8345454545455,0,0,0
MRC004097,Grocery,Small,LOC0059,AGT00330,2417,0,1,4,2.0,1650.3200000000002,2.0,2.0,11.0,47341.72,11.0,10.0,35.0,80574.71,35.0,32.0,4303.7927272727275,0,0,0
MRC004098,Fashion,Micro,LOC0101,AGT00107,2021,1,1,10,0.0,0.0,0.0,0.0,5.0,5022.79,5.0,5.0,8.0,9913.6,8.0,8.0,1004.558,0,0,0
MRC004099,General Retail,Small,LOC0024,AGT00394,1566,1,1,5,1.0,2782.35,1.0,1.0,4.0,7035.67,4.0,4.0,7.0,7642.25,7.0,7.0,1758.9175,0,0,0
MRC004100,General Retail,Micro,LOC0015,AGT00443,1158,1,1,1,1.0,903.55,1.0,1.0,16.0,10962.07,16.0,14.0,54.0,105656.77,54.0,42.0,685.129375,0,0,0
MRC004101,Education,Micro,LOC0099,AGT00139,1078,1,0,2,1.0,1420.83,1.0,1.0,10.0,20542.72,10.0,8.0,26.0,45164.54,26.0,22.0,2054.272,0,0,0
MRC004102,Pharmacy,Small,LOC0105,AGT00072,2084,1,1,0,4.0,3808.7700000000004,4.0,3.0,9.0,24257.289999999997,9.0,8.0,28.0,57650.63,28.0,25.0,2695.2544444444443,0,0,0
MRC004103,Grocery,Micro,LOC0052,AGT00740,933,1,1,0,3.0,1377.25,3.0,2.0,12.0,8633.39,12.0,9.0,31.0,51202.53,31.0,27.0,719.4491666666667,0,0,0
MRC004104,Transport,Small,LOC0006,AGT00586,1663,1,1,10,0.0,0.0,0.0,0.0,3.0,2169.0699999999997,3.0,3.0,6.0,9086.79,6.0,6.0,723.0233333333332,0,0,0
MRC004105,Pharmacy,Micro,LOC0065,AGT00484,1385,1,1,1,1.0,7888.37,1.0,1.0,3.0,8538.34,3.0,3.0,11.0,26165.28,11.0,11.0,2846.1133333333332,0,0,0
MRC004106,Electronics,Micro,LOC0036,AGT00081,1114,1,1,4,1.0,473.71,1.0,1.0,2.0,566.14,2.0,2.0,6.0,17361.11,6.0,6.0,283.07,0,0,0
MRC004107,General Retail,Micro,LOC0071,AGT00364,1271,1,1,17,0.0,0.0,0.0,0.0,2.0,1676.3500000000001,2.0,2.0,4.0,3185.88,4.0,4.0,838.1750000000001,0,0,0
MRC004108,Restaurant,Small,LOC0017,AGT00384,463,0,1,6,1.0,287.04,1.0,1.0,4.0,7069.299999999999,4.0,4.0,9.0,19099.23,9.0,9.0,1767.3249999999998,0,0,0
MRC004109,Restaurant,Micro,LOC0097,AGT00671,1837,1,0,40,0.0,0.0,0.0,0.0,0.0,0.0,0.0,0.0,5.0,3956.08,5.0,5.0,0.0,1,0,0
MRC004110,Grocery,Micro,LOC0083,AGT00441,432,0,1,4,1.0,1112.77,1.0,1.0,4.0,4817.08,4.0,4.0,9.0,7531.2,9.0,9.0,1204.27,0,0,0
MRC004111,Pharmacy,Small,LOC0078,AGT00189,448,1,1,11,0.0,0.0,0.0,0.0,1.0,99.52,1.0,1.0,4.0,2624.01,4.0,4.0,99.52,0,0,0
MRC004112,Transport,Small,LOC0062,AGT00487,836,1,1,0,2.0,13059.939999999999,2.0,2.0,2.0,13059.939999999999,2.0,2.0,5.0,21881.809999999998,5.0,5.0,6529.969999999999,0,0,0
MRC004113,Restaurant,Small,LOC0027,AGT00568,1447,0,1,0,4.0,6166.84,4.0,3.0,16.0,18183.73,16.0,15.0,53.0,74245.39,53.0,43.0,1136.483125,0,0,0
MRC004114,Grocery,Micro,LOC0113,AGT00322,941,1,1,14,0.0,0.0,0.0,0.0,4.0,3087.4,4.0,3.0,8.0,6941.299999999999,8.0,7.0,771.85,0,0,0
MRC004115,Grocery,Medium,LOC0032,AGT00253,2210,1,1,2,1.0,1429.32,1.0,1.0,3.0,7498.08,3.0,3.0,3.0,7498.08,3.0,3.0,2499.36,0,0,0
MRC004116,Grocery,Small,LOC0044,AGT00660,2313,1,1,8,0.0,0.0,0.0,0.0,2.0,4758.41,2.0,2.0,13.0,19129.0,13.0,13.0,2379.205,0,0,0
MRC004117,Transport,Small,LOC0112,AGT00746,1146,1,1,4,2.0,2290.31,2.0,2.0,15.0,14135.96,15.0,13.0,41.0,41441.61,41.0,36.0,942.3973333333332,0,0,0
MRC004118,Education,Micro,LOC0005,AGT00496,2471,1,1,0,3.0,6853.4800000000005,3.0,2.0,14.0,13957.44,14.0,11.0,28.0,44176.49,28.0,25.0,996.96,0,0,0
MRC004119,Electronics,Micro,LOC0016,AGT00100,481,1,1,7,0.0,0.0,0.0,0.0,1.0,680.17,1.0,1.0,4.0,1419.88,4.0,3.0,680.17,0,0,0
MRC004120,Electronics,Small,LOC0092,AGT00350,600,1,1,4,1.0,235.15,1.0,1.0,2.0,513.98,2.0,2.0,5.0,2883.19,5.0,5.0,256.99,0,0,0
MRC004121,Grocery,Micro,LOC0045,AGT00031,1045,1,0,22,0.0,0.0,0.0,0.0,1.0,784.28,1.0,1.0,6.0,9852.449999999999,6.0,5.0,784.28,0,0,0
MRC004122,Electronics,Small,LOC0070,AGT00297,2346,1,1,19,0.0,0.0,0.0,0.0,1.0,1318.47,1.0,1.0,7.0,13747.14,7.0,5.0,1318.47,0,0,0
MRC004123,Grocery,Micro,LOC0070,AGT00297,1387,1,1,20,0.0,0.0,0.0,0.0,1.0,1127.77,1.0,1.0,3.0,6752.610000000001,3.0,3.0,1127.77,0,0,0
MRC004124,General Retail,Micro,LOC0100,AGT00598,1830,1,1,38,0.0,0.0,0.0,0.0,0.0,0.0,0.0,0.0,1.0,584.27,1.0,1.0,0.0,1,0,0
MRC004125,Grocery,Micro,LOC0075,AGT00591,1713,1,1,13,0.0,0.0,0.0,0.0,1.0,1444.71,1.0,1.0,3.0,8887.69,3.0,3.0,1444.71,0,0,0
MRC004126,Fashion,Micro,LOC0052,AGT00740,1376,1,1,2,1.0,2187.27,1.0,1.0,5.0,3412.48,5.0,5.0,13.0,15596.83,13.0,13.0,682.496,0,0,0
MRC004127,Grocery,Small,LOC0066,AGT00311,2322,1,1,11,0.0,0.0,0.0,0.0,5.0,6384.799999999999,5.0,5.0,6.0,6688.82,6.0,6.0,1276.9599999999998,0,0,0
MRC004128,Utility,Micro,LOC0089,AGT00232,2372,0,0,7,0.0,0.0,0.0,0.0,6.0,11102.880000000001,6.0,5.0,13.0,24429.5,13.0,12.0,1850.4800000000002,0,0,0
MRC004129,Grocery,Small,LOC0046,AGT00119,1266,1,1,12,0.0,0.0,0.0,0.0,9.0,11824.75,9.0,6.0,36.0,39279.43,36.0,29.0,1313.861111111111,0,0,0
MRC004130,General Retail,Micro,LOC0021,AGT00502,1846,1,1,0,4.0,7343.33,4.0,3.0,21.0,46701.11,21.0,15.0,62.0,100978.54000000001,62.0,45.0,2223.862380952381,0,0,0
MRC004131,Grocery,Small,LOC0059,AGT00590,1650,1,1,15,0.0,0.0,0.0,0.0,1.0,789.27,1.0,1.0,6.0,5927.04,6.0,5.0,789.27,0,0,0
MRC004132,General Retail,Medium,LOC0120,AGT00347,1584,1,1,19,0.0,0.0,0.0,0.0,4.0,3079.89,4.0,4.0,21.0,17999.58,21.0,19.0,769.9725,0,0,0
MRC004133,Transport,Medium,LOC0014,AGT00418,508,1,1,10,0.0,0.0,0.0,0.0,2.0,350.40999999999997,2.0,2.0,3.0,971.52,3.0,3.0,175.20499999999998,0,0,0
MRC004134,Pharmacy,Small,LOC0021,AGT00471,744,1,1,27,0.0,0.0,0.0,0.0,1.0,4572.48,1.0,1.0,6.0,17969.1,6.0,6.0,4572.48,0,0,0
MRC004135,Pharmacy,Small,LOC0120,AGT00434,2450,1,1,6,1.0,2780.22,1.0,1.0,1.0,2780.22,1.0,1.0,5.0,20364.12,5.0,5.0,2780.22,0,0,0
MRC004136,Restaurant,Small,LOC0100,AGT00598,821,1,1,12,0.0,0.0,0.0,0.0,2.0,6741.299999999999,2.0,2.0,12.0,19172.11,12.0,12.0,3370.6499999999996,0,0,0
MRC004137,General Retail,Medium,LOC0015,AGT00120,1711,0,1,1,7.0,2804.26,7.0,4.0,15.0,9919.48,15.0,11.0,34.0,48903.53,34.0,26.0,661.2986666666667,0,0,0
MRC004138,General Retail,Small,LOC0026,AGT00697,2278,1,1,14,0.0,0.0,0.0,0.0,2.0,2046.3,2.0,2.0,6.0,5802.639999999999,6.0,6.0,1023.15,0,0,0
MRC004139,Grocery,Micro,LOC0083,AGT00441,1603,1,1,17,0.0,0.0,0.0,0.0,1.0,470.05,1.0,1.0,6.0,9028.75,6.0,6.0,470.05,0,0,0
MRC004140,Restaurant,Small,LOC0094,AGT00088,756,1,0,5,1.0,868.98,1.0,1.0,2.0,1430.5,2.0,2.0,4.0,3431.92,4.0,4.0,715.25,0,0,0
MRC004141,Pharmacy,Micro,LOC0089,AGT00232,2165,1,1,8,0.0,0.0,0.0,0.0,5.0,7291.71,5.0,5.0,20.0,20514.52,20.0,17.0,1458.342,0,0,0
MRC004142,Grocery,Small,LOC0104,AGT00272,357,1,0,3,1.0,388.83,1.0,1.0,6.0,3503.0099999999998,6.0,6.0,19.0,16175.34,19.0,19.0,583.8349999999999,0,0,0
MRC004143,Transport,Micro,LOC0061,AGT00428,1867,1,1,7,0.0,0.0,0.0,0.0,5.0,3373.3599999999997,5.0,5.0,15.0,16388.66,15.0,15.0,674.6719999999999,0,0,0
MRC004144,Restaurant,Micro,LOC0106,AGT00316,868,1,1,3,3.0,6683.06,3.0,1.0,21.0,40869.6,21.0,14.0,67.0,126034.0,67.0,48.0,1946.1714285714286,0,0,0
MRC004145,Pharmacy,Small,LOC0072,AGT00619,1686,1,1,88,0.0,0.0,0.0,0.0,0.0,0.0,0.0,0.0,1.0,3174.29,1.0,1.0,0.0,1,1,0
MRC004146,General Retail,Small,LOC0058,AGT00352,1337,0,1,42,0.0,0.0,0.0,0.0,0.0,0.0,0.0,0.0,2.0,1018.44,2.0,2.0,0.0,1,0,0
MRC004147,Healthcare,Small,LOC0077,AGT00168,1530,1,0,13,0.0,0.0,0.0,0.0,4.0,5714.87,4.0,4.0,11.0,15636.92,11.0,10.0,1428.7175,0,0,0
MRC004148,Utility,Medium,LOC0052,AGT00740,1121,1,1,2,4.0,6812.570000000001,4.0,4.0,11.0,12824.970000000001,11.0,11.0,36.0,59311.79,36.0,30.0,1165.9063636363637,0,0,0
MRC004149,Grocery,Medium,LOC0073,AGT00387,1442,1,1,101,0.0,0.0,0.0,0.0,0.0,0.0,0.0,0.0,0.0,0.0,0.0,0.0,0.0,1,1,1
MRC004150,General Retail,Small,LOC0101,AGT00039,2331,0,1,0,2.0,8212.83,2.0,2.0,4.0,8597.900000000001,4.0,4.0,9.0,18432.61,9.0,9.0,2149.4750000000004,0,0,0
MRC004151,Education,Large,LOC0115,AGT00202,2092,0,1,16,0.0,0.0,0.0,0.0,1.0,172.68,1.0,1.0,8.0,7160.12,8.0,8.0,172.68,0,0,0
MRC004152,Electronics,Micro,LOC0070,AGT00735,1201,1,1,3,2.0,3638.0499999999997,2.0,2.0,13.0,38113.96,13.0,13.0,28.0,56830.42,28.0,26.0,2931.8430769230768,0,0,0
MRC004153,Grocery,Micro,LOC0001,AGT00087,2343,1,1,10,0.0,0.0,0.0,0.0,3.0,1147.6399999999999,3.0,3.0,11.0,7013.29,11.0,11.0,382.5466666666666,0,0,0
MRC004154,General Retail,Medium,LOC0075,AGT00400,2229,1,1,4,1.0,2186.45,1.0,1.0,3.0,6098.55,3.0,2.0,11.0,14215.76,11.0,10.0,2032.8500000000001,0,0,0
MRC004155,Electronics,Small,LOC0031,AGT00362,1657,1,1,4,1.0,757.04,1.0,1.0,4.0,4897.88,4.0,4.0,14.0,38538.41,14.0,12.0,1224.47,0,0,0
MRC004156,General Retail,Medium,LOC0029,AGT00467,1586,1,1,41,0.0,0.0,0.0,0.0,0.0,0.0,0.0,0.0,1.0,264.99,1.0,1.0,0.0,1,0,0
MRC004157,Transport,Micro,LOC0106,AGT00478,364,0,1,1,3.0,864.03,3.0,3.0,5.0,16085.44,5.0,5.0,18.0,34736.37,18.0,14.0,3217.088,0,0,0
MRC004158,Utility,Micro,LOC0054,AGT00331,1432,1,1,4,2.0,822.59,2.0,2.0,15.0,35433.85,15.0,11.0,45.0,71858.56999999999,45.0,36.0,2362.2566666666667,0,0,0
MRC004159,Transport,Micro,LOC0095,AGT00410,751,1,1,0,1.0,4086.08,1.0,1.0,4.0,7686.88,4.0,3.0,6.0,13272.04,6.0,5.0,1921.72,0,0,0
MRC004160,General Retail,Small,LOC0045,AGT00589,637,1,1,0,1.0,6404.23,1.0,1.0,4.0,10493.56,4.0,4.0,7.0,11590.75,7.0,7.0,2623.39,0,0,0
MRC004161,Pharmacy,Medium,LOC0073,AGT00126,2162,1,1,9,0.0,0.0,0.0,0.0,4.0,6478.73,4.0,4.0,8.0,13488.14,8.0,8.0,1619.6825,0,0,0
MRC004162,Pharmacy,Small,LOC0080,AGT00224,879,0,1,2,2.0,2654.06,2.0,2.0,8.0,17568.93,8.0,8.0,28.0,44626.37,28.0,26.0,2196.11625,0,0,0
MRC004163,Healthcare,Micro,LOC0108,AGT00235,1631,0,1,7,0.0,0.0,0.0,0.0,7.0,12175.65,7.0,5.0,11.0,17138.36,11.0,9.0,1739.3785714285714,0,0,0
MRC004164,Electronics,Micro,LOC0024,AGT00566,2181,1,1,123,0.0,0.0,0.0,0.0,0.0,0.0,0.0,0.0,0.0,0.0,0.0,0.0,0.0,1,1,1
MRC004165,Education,Micro,LOC0068,AGT00600,1593,0,1,2,2.0,1346.72,2.0,2.0,9.0,9572.94,9.0,9.0,35.0,69706.53,35.0,30.0,1063.66,0,0,0
MRC004166,Transport,Small,LOC0049,AGT00337,1991,1,0,69,0.0,0.0,0.0,0.0,0.0,0.0,0.0,0.0,1.0,985.79,1.0,1.0,0.0,1,1,0
MRC004167,Electronics,Small,LOC0056,AGT00681,1980,1,1,1,3.0,4936.77,3.0,2.0,6.0,7307.76,6.0,5.0,18.0,27523.83,18.0,16.0,1217.96,0,0,0
MRC004168,Utility,Micro,LOC0102,AGT00210,1264,1,1,7,0.0,0.0,0.0,0.0,1.0,1748.99,1.0,1.0,1.0,1748.99,1.0,1.0,1748.99,0,0,0
MRC004169,Restaurant,Small,LOC0017,AGT00552,2301,1,0,7,0.0,0.0,0.0,0.0,2.0,2932.07,2.0,2.0,10.0,12067.65,10.0,10.0,1466.035,0,0,0
MRC004170,General Retail,Small,LOC0066,AGT00292,2273,0,1,19,0.0,0.0,0.0,0.0,1.0,1373.97,1.0,1.0,8.0,12127.539999999999,8.0,8.0,1373.97,0,0,0
MRC004171,Grocery,Micro,LOC0047,AGT00774,1024,1,1,38,0.0,0.0,0.0,0.0,0.0,0.0,0.0,0.0,2.0,3628.36,2.0,2.0,0.0,1,0,0
MRC004172,Transport,Small,LOC0108,AGT00645,2076,1,1,11,0.0,0.0,0.0,0.0,1.0,667.08,1.0,1.0,16.0,10927.72,16.0,15.0,667.08,0,0,0
MRC004173,General Retail,Small,LOC0026,AGT00636,686,1,1,10,0.0,0.0,0.0,0.0,1.0,1407.72,1.0,1.0,2.0,9270.61,2.0,2.0,1407.72,0,0,0
MRC004174,Pharmacy,Small,LOC0028,AGT00489,531,1,1,3,1.0,4589.32,1.0,1.0,3.0,5379.5599999999995,3.0,3.0,7.0,18017.15,7.0,7.0,1793.1866666666665,0,0,0
MRC004175,Restaurant,Micro,LOC0011,AGT00491,1445,1,1,12,0.0,0.0,0.0,0.0,3.0,14091.89,3.0,3.0,8.0,21794.56,8.0,8.0,4697.296666666666,0,0,0
MRC004176,Restaurant,Micro,LOC0053,AGT00166,1610,1,1,15,0.0,0.0,0.0,0.0,1.0,856.73,1.0,1.0,1.0,856.73,1.0,1.0,856.73,0,0,0
MRC004177,Education,Small,LOC0002,AGT00617,1562,1,1,1,2.0,2269.71,2.0,2.0,3.0,3972.98,3.0,3.0,6.0,5870.360000000001,6.0,6.0,1324.3266666666666,0,0,0
MRC004178,Restaurant,Micro,LOC0061,AGT00771,2032,0,1,23,0.0,0.0,0.0,0.0,1.0,1843.77,1.0,1.0,2.0,2469.84,2.0,2.0,1843.77,0,0,0
MRC004179,Grocery,Medium,LOC0027,AGT00568,1141,1,1,0,2.0,6727.29,2.0,2.0,5.0,8614.710000000001,5.0,5.0,16.0,29974.67,16.0,14.0,1722.9420000000002,0,0,0
MRC004180,General Retail,Small,LOC0049,AGT00247,2053,0,1,9,0.0,0.0,0.0,0.0,10.0,23797.829999999998,10.0,9.0,26.0,63828.5,26.0,21.0,2379.783,0,0,0
MRC004181,Pharmacy,Small,LOC0073,AGT00126,2258,0,0,2,3.0,2305.79,3.0,3.0,19.0,29075.42,19.0,14.0,64.0,102333.03,64.0,47.0,1530.2852631578946,0,0,0
MRC004182,Electronics,Small,LOC0083,AGT00441,486,0,1,23,0.0,0.0,0.0,0.0,1.0,490.16,1.0,1.0,5.0,8640.039999999999,5.0,5.0,490.16,0,0,0
MRC004183,Education,Small,LOC0008,AGT00505,1268,1,1,9,0.0,0.0,0.0,0.0,2.0,1151.8200000000002,2.0,2.0,5.0,4710.57,5.0,5.0,575.9100000000001,0,0,0
MRC004184,Grocery,Micro,LOC0018,AGT00504,777,0,1,10,0.0,0.0,0.0,0.0,3.0,2455.84,3.0,3.0,9.0,13611.58,9.0,9.0,818.6133333333333,0,0,0
MRC004185,Grocery,Micro,LOC0039,AGT00257,1721,1,1,4,2.0,1132.1599999999999,2.0,2.0,3.0,2491.6,3.0,3.0,5.0,2808.17,5.0,5.0,830.5333333333333,0,0,0
MRC004186,General Retail,Small,LOC0063,AGT00307,1189,1,1,8,0.0,0.0,0.0,0.0,1.0,189.19,1.0,1.0,7.0,3959.7400000000002,7.0,7.0,189.19,0,0,0
MRC004187,Transport,Small,LOC0107,AGT00086,902,0,0,3,1.0,560.82,1.0,1.0,3.0,1230.06,3.0,3.0,12.0,11165.04,12.0,11.0,410.02,0,0,0
MRC004188,Grocery,Medium,LOC0017,AGT00408,836,1,1,1,2.0,6370.5,2.0,2.0,4.0,8952.93,4.0,4.0,12.0,20564.3,12.0,11.0,2238.2325,0,0,0
MRC004189,Utility,Small,LOC0009,AGT00127,1062,0,1,34,0.0,0.0,0.0,0.0,0.0,0.0,0.0,0.0,1.0,527.85,1.0,1.0,0.0,1,0,0
MRC004190,Electronics,Small,LOC0076,AGT00302,525,0,1,38,0.0,0.0,0.0,0.0,0.0,0.0,0.0,0.0,3.0,3166.9900000000002,3.0,3.0,0.0,1,0,0
MRC004191,Grocery,Micro,LOC0118,AGT00444,515,1,1,74,0.0,0.0,0.0,0.0,0.0,0.0,0.0,0.0,1.0,430.06,1.0,1.0,0.0,1,1,0
MRC004192,Transport,Micro,LOC0100,AGT00460,1660,1,0,4,2.0,8868.369999999999,2.0,2.0,3.0,10810.429999999998,3.0,3.0,6.0,17096.04,6.0,6.0,3603.476666666666,0,0,0
MRC004193,Fashion,Medium,LOC0068,AGT00236,2346,0,1,7,0.0,0.0,0.0,0.0,9.0,23224.09,9.0,6.0,19.0,33532.47,19.0,16.0,2580.4544444444446,0,0,0
MRC004194,Pharmacy,Micro,LOC0003,AGT00435,1395,1,1,4,3.0,22584.55,3.0,2.0,15.0,35406.59,15.0,10.0,35.0,53406.32,35.0,25.0,2360.4393333333333,0,0,0
MRC004195,General Retail,Medium,LOC0070,AGT00297,2313,1,0,11,0.0,0.0,0.0,0.0,2.0,1889.22,2.0,2.0,7.0,8299.13,7.0,7.0,944.61,0,0,0
MRC004196,Restaurant,Micro,LOC0055,AGT00221,625,1,1,0,2.0,1143.72,2.0,2.0,4.0,1517.5700000000002,4.0,4.0,12.0,13350.47,12.0,12.0,379.39250000000004,0,0,0
MRC004197,Pharmacy,Small,LOC0054,AGT00214,2413,1,1,31,0.0,0.0,0.0,0.0,0.0,0.0,0.0,0.0,3.0,5083.27,3.0,3.0,0.0,1,0,0
MRC004198,Pharmacy,Micro,LOC0060,AGT00714,1568,1,1,19,0.0,0.0,0.0,0.0,1.0,906.96,1.0,1.0,5.0,5591.82,5.0,5.0,906.96,0,0,0
MRC004199,Utility,Small,LOC0068,AGT00236,1912,1,1,1,2.0,5589.429999999999,2.0,2.0,3.0,11002.14,3.0,3.0,16.0,30265.079999999998,16.0,15.0,3667.3799999999997,0,0,0
MRC004200,Transport,Micro,LOC0087,AGT00193,422,1,1,72,0.0,0.0,0.0,0.0,0.0,0.0,0.0,0.0,1.0,2191.53,1.0,1.0,0.0,1,1,0
MRC004201,General Retail,Small,LOC0024,AGT00640,1606,1,0,6,1.0,5872.06,1.0,1.0,12.0,15330.85,12.0,9.0,36.0,49761.86,36.0,30.0,1277.5708333333334,0,0,0
MRC004202,Pharmacy,Medium,LOC0009,AGT00085,1123,1,1,9,0.0,0.0,0.0,0.0,2.0,4023.2,2.0,2.0,12.0,9440.130000000001,12.0,10.0,2011.6,0,0,0
MRC004203,Utility,Small,LOC0007,AGT00157,2250,1,1,4,1.0,487.86,1.0,1.0,3.0,2153.35,3.0,3.0,4.0,3858.09,4.0,4.0,717.7833333333333,0,0,0
MRC004204,Education,Micro,LOC0049,AGT00130,2018,0,1,64,0.0,0.0,0.0,0.0,0.0,0.0,0.0,0.0,2.0,3605.5199999999995,2.0,2.0,0.0,1,1,0
MRC004205,Restaurant,Small,LOC0061,AGT00524,2175,1,1,27,0.0,0.0,0.0,0.0,1.0,500.42,1.0,1.0,5.0,4376.04,5.0,5.0,500.42,0,0,0
MRC004206,Grocery,Small,LOC0095,AGT00458,2231,0,1,18,0.0,0.0,0.0,0.0,1.0,441.59,1.0,1.0,3.0,2974.54,3.0,2.0,441.59,0,0,0
MRC004207,Utility,Micro,LOC0053,AGT00252,1861,0,1,70,0.0,0.0,0.0,0.0,0.0,0.0,0.0,0.0,1.0,2754.06,1.0,1.0,0.0,1,1,0
MRC004208,Pharmacy,Small,LOC0064,AGT00781,822,1,0,34,0.0,0.0,0.0,0.0,0.0,0.0,0.0,0.0,1.0,1460.71,1.0,1.0,0.0,1,0,0
MRC004209,Transport,Medium,LOC0118,AGT00344,905,1,0,35,0.0,0.0,0.0,0.0,0.0,0.0,0.0,0.0,4.0,2888.7699999999995,4.0,4.0,0.0,1,0,0
MRC004210,Electronics,Small,LOC0090,AGT00499,2165,0,1,1,1.0,153.76,1.0,1.0,8.0,6104.93,8.0,7.0,22.0,30048.53,22.0,20.0,763.11625,0,0,0
MRC004211,Grocery,Small,LOC0083,AGT00441,1601,1,1,9,0.0,0.0,0.0,0.0,2.0,902.9100000000001,2.0,2.0,3.0,1165.64,3.0,3.0,451.45500000000004,0,0,0
MRC004212,General Retail,Small,LOC0044,AGT00099,2235,1,0,6,1.0,853.39,1.0,1.0,2.0,1909.92,2.0,2.0,10.0,19316.12,10.0,10.0,954.96,0,0,0
MRC004213,Utility,Small,LOC0019,AGT00423,2024,1,0,8,0.0,0.0,0.0,0.0,5.0,5075.07,5.0,4.0,10.0,8142.38,10.0,8.0,1015.0139999999999,0,0,0
MRC004214,Fashion,Micro,LOC0111,AGT00799,1613,1,1,1,2.0,792.0899999999999,2.0,2.0,4.0,7812.530000000001,4.0,4.0,11.0,17331.05,11.0,11.0,1953.1325000000002,0,0,0
MRC004215,Transport,Small,LOC0067,AGT00509,620,1,1,38,0.0,0.0,0.0,0.0,0.0,0.0,0.0,0.0,5.0,13365.84,5.0,5.0,0.0,1,0,0
MRC004216,Fashion,Micro,LOC0010,AGT00025,2433,1,1,1,1.0,1752.66,1.0,1.0,2.0,2102.98,2.0,2.0,10.0,12207.74,10.0,10.0,1051.49,0,0,0
MRC004217,Healthcare,Micro,LOC0058,AGT00352,817,0,1,3,2.0,2543.09,2.0,2.0,7.0,7703.66,7.0,7.0,11.0,11671.99,11.0,11.0,1100.5228571428572,0,0,0
MRC004218,Grocery,Micro,LOC0011,AGT00703,824,1,1,0,6.0,4751.75,6.0,4.0,14.0,15992.32,14.0,11.0,34.0,42008.56,34.0,29.0,1142.3085714285714,0,0,0
MRC004219,Fashion,Medium,LOC0118,AGT00344,606,1,0,10,0.0,0.0,0.0,0.0,4.0,6013.75,4.0,4.0,13.0,23044.27,13.0,13.0,1503.4375,0,0,0
MRC004220,Restaurant,Micro,LOC0064,AGT00222,437,0,1,4,1.0,435.14,1.0,1.0,1.0,435.14,1.0,1.0,7.0,17266.27,7.0,6.0,435.14,0,0,0
MRC004221,Fashion,Micro,LOC0095,AGT00410,1106,0,1,54,0.0,0.0,0.0,0.0,0.0,0.0,0.0,0.0,1.0,970.34,1.0,1.0,0.0,1,0,0
MRC004222,Fashion,Micro,LOC0057,AGT00701,2129,1,1,21,0.0,0.0,0.0,0.0,2.0,578.13,2.0,2.0,5.0,6305.42,5.0,5.0,289.065,0,0,0
MRC004223,Grocery,Micro,LOC0003,AGT00435,2178,1,1,32,0.0,0.0,0.0,0.0,0.0,0.0,0.0,0.0,5.0,7066.549999999999,5.0,5.0,0.0,1,0,0
MRC004224,General Retail,Large,LOC0077,AGT00359,1359,1,0,0,1.0,192.42,1.0,1.0,4.0,3016.5099999999998,4.0,4.0,9.0,8233.98,9.0,9.0,754.1274999999999,0,0,0
MRC004225,Grocery,Small,LOC0079,AGT00432,974,1,1,16,0.0,0.0,0.0,0.0,3.0,2095.12,3.0,3.0,10.0,9162.96,10.0,10.0,698.3733333333333,0,0,0
MRC004226,Grocery,Small,LOC0028,AGT00349,1044,1,1,1,3.0,5276.25,3.0,3.0,8.0,11208.97,8.0,8.0,12.0,13284.6,12.0,12.0,1401.12125,0,0,0
MRC004227,Restaurant,Small,LOC0086,AGT00469,2294,0,1,1,3.0,2498.12,3.0,3.0,5.0,4603.700000000001,5.0,5.0,16.0,29693.120000000003,16.0,13.0,920.7400000000001,0,0,0
MRC004228,Education,Micro,LOC0028,AGT00051,407,1,1,2,5.0,4293.049999999999,5.0,3.0,15.0,17801.649999999998,15.0,11.0,38.0,56330.88,38.0,30.0,1186.7766666666664,0,0,0
MRC004229,Grocery,Small,LOC0083,AGT00430,412,1,1,10,0.0,0.0,0.0,0.0,5.0,15104.75,5.0,5.0,14.0,36961.96,14.0,14.0,3020.95,0,0,0
MRC004230,Electronics,Large,LOC0090,AGT00218,428,1,1,7,0.0,0.0,0.0,0.0,1.0,475.27,1.0,1.0,3.0,2102.09,3.0,3.0,475.27,0,0,0
MRC004231,Healthcare,Small,LOC0017,AGT00654,2227,1,1,0,3.0,3951.06,3.0,3.0,9.0,6611.799999999999,9.0,9.0,11.0,8108.54,11.0,11.0,734.6444444444444,0,0,0
MRC004232,Grocery,Small,LOC0036,AGT00447,485,1,1,10,0.0,0.0,0.0,0.0,4.0,4459.37,4.0,3.0,15.0,14522.24,15.0,12.0,1114.8425,0,0,0
MRC004233,General Retail,Small,LOC0020,AGT00082,2344,1,1,1,2.0,265.59,2.0,2.0,11.0,16507.23,11.0,10.0,28.0,62993.16,28.0,26.0,1500.6572727272726,0,0,0
MRC004234,Restaurant,Medium,LOC0088,AGT00261,688,1,1,5,1.0,495.35,1.0,1.0,3.0,1024.88,3.0,3.0,10.0,33736.94,10.0,10.0,341.6266666666667,0,0,0
MRC004235,Transport,Micro,LOC0029,AGT00383,1485,1,0,11,0.0,0.0,0.0,0.0,1.0,7106.62,1.0,1.0,7.0,13623.49,7.0,7.0,7106.62,0,0,0
MRC004236,Grocery,Small,LOC0077,AGT00611,2407,1,0,3,2.0,6437.12,2.0,2.0,10.0,17216.88,10.0,8.0,26.0,56533.97,26.0,21.0,1721.688,0,0,0
MRC004237,Transport,Micro,LOC0051,AGT00450,540,1,1,1,1.0,7945.96,1.0,1.0,6.0,11897.67,6.0,5.0,12.0,18319.87,12.0,10.0,1982.945,0,0,0
MRC004238,General Retail,Small,LOC0010,AGT00653,901,0,1,100,0.0,0.0,0.0,0.0,0.0,0.0,0.0,0.0,0.0,0.0,0.0,0.0,0.0,1,1,1
MRC004239,Grocery,Medium,LOC0106,AGT00478,1876,1,0,58,0.0,0.0,0.0,0.0,0.0,0.0,0.0,0.0,1.0,96.72,1.0,1.0,0.0,1,0,0
MRC004240,Grocery,Small,LOC0086,AGT00527,2072,1,0,0,6.0,19747.2,6.0,4.0,32.0,83502.24,32.0,18.0,78.0,142017.51,77.0,53.0,2609.445,0,0,0
MRC004241,Pharmacy,Micro,LOC0032,AGT00595,2269,1,1,103,0.0,0.0,0.0,0.0,0.0,0.0,0.0,0.0,0.0,0.0,0.0,0.0,0.0,1,1,1
MRC004242,Grocery,Small,LOC0106,AGT00175,329,1,1,10,0.0,0.0,0.0,0.0,5.0,6940.49,5.0,5.0,11.0,15043.39,11.0,11.0,1388.098,0,0,0
MRC004243,General Retail,Medium,LOC0086,AGT00527,1984,1,1,2,2.0,5077.17,2.0,2.0,8.0,12647.9,8.0,7.0,20.0,19213.85,20.0,18.0,1580.9875,0,0,0
MRC004244,Education,Small,LOC0098,AGT00333,990,1,1,45,0.0,0.0,0.0,0.0,0.0,0.0,0.0,0.0,1.0,172.52,1.0,1.0,0.0,1,0,0
MRC004245,Education,Medium,LOC0022,AGT00555,1505,1,1,16,0.0,0.0,0.0,0.0,1.0,7149.35,1.0,1.0,3.0,8109.360000000001,3.0,2.0,7149.35,0,0,0
MRC004246,General Retail,Medium,LOC0002,AGT00617,2267,1,0,30,0.0,0.0,0.0,0.0,0.0,0.0,0.0,0.0,4.0,4933.92,4.0,4.0,0.0,1,0,0
MRC004247,General Retail,Medium,LOC0008,AGT00699,2258,1,1,2,2.0,1752.6399999999999,2.0,2.0,7.0,7765.7300000000005,7.0,7.0,56.0,81125.25,56.0,37.0,1109.39,0,0,0
MRC004248,Utility,Micro,LOC0065,AGT00313,691,1,1,1,5.0,14478.51,5.0,3.0,20.0,48389.11,20.0,14.0,76.0,131104.78,76.0,51.0,2419.4555,0,0,0
MRC004249,Restaurant,Small,LOC0095,AGT00458,1315,0,1,11,0.0,0.0,0.0,0.0,1.0,2137.81,1.0,1.0,4.0,7731.89,4.0,4.0,2137.81,0,0,0
MRC004250,Restaurant,Medium,LOC0110,AGT00275,907,0,1,0,2.0,2878.7,2.0,2.0,8.0,4961.91,8.0,6.0,20.0,32681.67,20.0,18.0,620.23875,0,0,0
MRC004251,Restaurant,Medium,LOC0116,AGT00317,1630,1,1,7,0.0,0.0,0.0,0.0,6.0,4898.29,6.0,5.0,17.0,15037.789999999999,17.0,14.0,816.3816666666667,0,0,0
MRC004252,Restaurant,Micro,LOC0072,AGT00788,2092,1,1,4,1.0,338.46,1.0,1.0,3.0,801.06,3.0,2.0,9.0,3621.16,9.0,8.0,267.02,0,0,0
MRC004253,Restaurant,Micro,LOC0076,AGT00533,981,1,1,15,0.0,0.0,0.0,0.0,1.0,89.22,1.0,1.0,1.0,89.22,1.0,1.0,89.22,0,0,0
MRC004254,Grocery,Micro,LOC0035,AGT00360,552,0,1,0,10.0,19664.79,10.0,5.0,36.0,66408.26,36.0,22.0,108.0,161464.49,108.0,67.0,1844.6738888888888,0,0,0
MRC004255,Restaurant,Small,LOC0001,AGT00433,427,0,1,20,0.0,0.0,0.0,0.0,2.0,1151.74,2.0,2.0,2.0,1151.74,2.0,2.0,575.87,0,0,0
MRC004256,Fashion,Medium,LOC0024,AGT00268,403,0,1,3,1.0,7115.23,1.0,1.0,3.0,9000.16,3.0,3.0,10.0,14716.48,10.0,10.0,3000.0533333333333,0,0,0
MRC004257,Restaurant,Small,LOC0007,AGT00679,1087,1,1,32,0.0,0.0,0.0,0.0,0.0,0.0,0.0,0.0,1.0,113.96,1.0,1.0,0.0,1,0,0
MRC004258,Grocery,Micro,LOC0083,AGT00310,2397,1,1,2,4.0,8259.09,4.0,2.0,8.0,16024.55,8.0,6.0,22.0,56975.67,22.0,19.0,2003.06875,0,0,0
MRC004259,Restaurant,Micro,LOC0061,AGT00524,837,0,1,3,3.0,10414.47,3.0,2.0,7.0,21826.34,7.0,5.0,25.0,51613.01,25.0,19.0,3118.0485714285714,0,0,0
MRC004260,Fashion,Medium,LOC0093,AGT00386,1171,1,1,12,0.0,0.0,0.0,0.0,1.0,164.53,1.0,1.0,3.0,3672.66,3.0,3.0,164.53,0,0,0
MRC004261,Healthcare,Micro,LOC0018,AGT00476,1761,1,1,16,0.0,0.0,0.0,0.0,1.0,302.64,1.0,1.0,2.0,1016.56,2.0,2.0,302.64,0,0,0
MRC004262,Healthcare,Micro,LOC0110,AGT00287,1724,1,1,21,0.0,0.0,0.0,0.0,1.0,899.76,1.0,1.0,1.0,899.76,1.0,1.0,899.76,0,0,0
MRC004263,Pharmacy,Micro,LOC0087,AGT00077,877,1,1,3,2.0,3502.75,2.0,1.0,6.0,7947.21,6.0,4.0,16.0,18261.91,16.0,14.0,1324.535,0,0,0
MRC004264,Grocery,Medium,LOC0109,AGT00461,564,1,0,5,1.0,342.93,1.0,1.0,7.0,14682.12,7.0,6.0,20.0,47504.99,20.0,19.0,2097.4457142857145,0,0,0
MRC004265,Restaurant,Small,LOC0078,AGT00622,629,1,0,4,1.0,55.21,1.0,1.0,1.0,55.21,1.0,1.0,3.0,4494.82,3.0,3.0,55.21,0,0,0
MRC004266,Grocery,Micro,LOC0041,AGT00497,768,1,1,23,0.0,0.0,0.0,0.0,1.0,981.72,1.0,1.0,7.0,12299.37,7.0,7.0,981.72,0,0,0
MRC004267,Restaurant,Micro,LOC0076,AGT00184,475,0,1,0,4.0,4537.68,4.0,3.0,24.0,24308.65,24.0,16.0,68.0,90667.52,68.0,49.0,1012.8604166666668,0,0,0
MRC004268,General Retail,Medium,LOC0073,AGT00047,1292,1,1,6,2.0,1880.1299999999999,2.0,1.0,7.0,7452.77,7.0,6.0,23.0,23496.73,23.0,20.0,1064.6814285714286,0,0,0
MRC004269,Grocery,Small,LOC0022,AGT00206,1698,1,1,0,7.0,9281.56,7.0,5.0,14.0,17207.51,14.0,10.0,34.0,45685.09,34.0,27.0,1229.107857142857,0,0,0
MRC004270,Restaurant,Small,LOC0013,AGT00351,1762,1,1,78,0.0,0.0,0.0,0.0,0.0,0.0,0.0,0.0,1.0,1349.79,1.0,1.0,0.0,1,1,0
MRC004271,Healthcare,Micro,LOC0079,AGT00155,2273,1,1,6,1.0,977.31,1.0,1.0,4.0,2475.98,4.0,4.0,11.0,36115.53,11.0,11.0,618.995,0,0,0
MRC004272,Electronics,Micro,LOC0012,AGT00676,927,0,1,7,0.0,0.0,0.0,0.0,4.0,21566.41,4.0,4.0,10.0,33139.2,10.0,10.0,5391.6025,0,0,0
MRC004273,Grocery,Medium,LOC0013,AGT00689,1717,1,1,20,0.0,0.0,0.0,0.0,1.0,1194.02,1.0,1.0,2.0,1386.72,2.0,2.0,1194.02,0,0,0
MRC004274,Grocery,Small,LOC0009,AGT00486,2219,0,0,49,0.0,0.0,0.0,0.0,0.0,0.0,0.0,0.0,2.0,2394.89,2.0,2.0,0.0,1,0,0
MRC004275,General Retail,Small,LOC0075,AGT00682,349,0,1,1,4.0,9337.81,4.0,3.0,5.0,9498.28,5.0,4.0,13.0,18985.91,13.0,11.0,1899.6560000000002,0,0,0
MRC004276,Grocery,Medium,LOC0112,AGT00746,1993,1,1,7,0.0,0.0,0.0,0.0,1.0,413.77,1.0,1.0,3.0,2806.95,3.0,3.0,413.77,0,0,0
MRC004277,Transport,Small,LOC0060,AGT00185,479,1,1,9,0.0,0.0,0.0,0.0,1.0,704.62,1.0,1.0,2.0,1125.25,2.0,2.0,704.62,0,0,0
MRC004278,Utility,Medium,LOC0019,AGT00121,1492,0,0,64,0.0,0.0,0.0,0.0,0.0,0.0,0.0,0.0,5.0,2940.07,5.0,3.0,0.0,1,1,0
MRC004279,Pharmacy,Micro,LOC0062,AGT00487,2102,0,1,6,1.0,3093.03,1.0,1.0,5.0,5905.8,5.0,5.0,17.0,20393.93,17.0,16.0,1181.16,0,0,0
MRC004280,Healthcare,Micro,LOC0058,AGT00630,1290,1,1,6,1.0,104.2,1.0,1.0,3.0,3392.75,3.0,3.0,5.0,4508.82,5.0,5.0,1130.9166666666667,0,0,0
MRC004281,Grocery,Medium,LOC0072,AGT00788,1510,1,1,1,1.0,555.95,1.0,1.0,3.0,1289.04,3.0,3.0,5.0,15271.43,5.0,5.0,429.68,0,0,0
MRC004282,Pharmacy,Medium,LOC0052,AGT00740,1640,1,1,1,4.0,12659.230000000001,4.0,4.0,11.0,33459.32,11.0,10.0,28.0,54185.590000000004,28.0,25.0,3041.7563636363634,0,0,0
MRC004283,Restaurant,Small,LOC0064,AGT00663,1549,1,1,19,0.0,0.0,0.0,0.0,1.0,13371.74,1.0,1.0,3.0,20405.64,3.0,3.0,13371.74,0,0,0
MRC004284,General Retail,Small,LOC0039,AGT00445,1885,1,1,4,1.0,800.04,1.0,1.0,8.0,17493.08,8.0,7.0,24.0,45175.85,24.0,21.0,2186.635,0,0,0
MRC004285,Pharmacy,Medium,LOC0109,AGT00242,2164,1,0,1,2.0,3280.56,2.0,2.0,7.0,8268.74,7.0,7.0,19.0,37198.44,19.0,18.0,1181.2485714285715,0,0,0
MRC004286,Grocery,Small,LOC0065,AGT00510,581,1,1,4,2.0,661.75,2.0,2.0,3.0,10206.4,3.0,3.0,15.0,32701.519999999997,15.0,14.0,3402.133333333333,0,0,0
MRC004287,General Retail,Micro,LOC0038,AGT00341,1195,1,1,54,0.0,0.0,0.0,0.0,0.0,0.0,0.0,0.0,6.0,6798.93,6.0,6.0,0.0,1,0,0
MRC004288,Grocery,Small,LOC0001,AGT00170,2150,1,1,143,0.0,0.0,0.0,0.0,0.0,0.0,0.0,0.0,0.0,0.0,0.0,0.0,0.0,1,1,1
MRC004289,General Retail,Small,LOC0082,AGT00642,1120,1,1,0,7.0,7703.92,7.0,5.0,19.0,20339.34,19.0,16.0,48.0,71232.99,48.0,39.0,1070.4915789473685,0,0,0
MRC004290,Transport,Small,LOC0046,AGT00743,1356,0,1,2,2.0,369.73,2.0,2.0,3.0,2508.4,3.0,3.0,7.0,6639.780000000001,7.0,7.0,836.1333333333333,0,0,0
MRC004291,Education,Medium,LOC0030,AGT00274,1908,1,1,16,0.0,0.0,0.0,0.0,2.0,1756.1100000000001,2.0,2.0,2.0,1756.1100000000001,2.0,2.0,878.0550000000001,0,0,0
MRC004292,Healthcare,Small,LOC0058,AGT00630,2330,0,1,13,0.0,0.0,0.0,0.0,1.0,808.45,1.0,1.0,11.0,18030.73,11.0,11.0,808.45,0,0,0
MRC004293,Healthcare,Micro,LOC0059,AGT00472,836,1,1,45,0.0,0.0,0.0,0.0,0.0,0.0,0.0,0.0,2.0,2113.53,2.0,2.0,0.0,1,0,0
MRC004294,Grocery,Micro,LOC0097,AGT00706,2374,1,1,11,0.0,0.0,0.0,0.0,5.0,4051.11,5.0,4.0,23.0,20471.21,23.0,21.0,810.222,0,0,0
MRC004295,General Retail,Medium,LOC0066,AGT00517,1837,0,0,0,1.0,458.45,1.0,1.0,2.0,3704.7,2.0,2.0,6.0,14476.27,6.0,6.0,1852.35,0,0,0
MRC004296,General Retail,Micro,LOC0085,AGT00294,354,1,1,0,3.0,3210.6899999999996,3.0,2.0,9.0,13227.49,9.0,7.0,35.0,48028.32,35.0,31.0,1469.721111111111,0,0,0
MRC004297,General Retail,Medium,LOC0078,AGT00358,2169,1,0,5,1.0,6265.36,1.0,1.0,2.0,7273.07,2.0,2.0,4.0,9531.5,4.0,4.0,3636.535,0,0,0
MRC004298,Education,Micro,LOC0102,AGT00210,1127,1,1,53,0.0,0.0,0.0,0.0,0.0,0.0,0.0,0.0,4.0,4679.13,4.0,3.0,0.0,1,0,0
MRC004299,Electronics,Small,LOC0001,AGT00087,903,0,1,9,0.0,0.0,0.0,0.0,8.0,10764.32,8.0,8.0,22.0,30921.14,22.0,19.0,1345.54,0,0,0
MRC004300,Electronics,Medium,LOC0046,AGT00743,1436,0,1,14,0.0,0.0,0.0,0.0,1.0,168.28,1.0,1.0,5.0,3460.5000000000005,5.0,5.0,168.28,0,0,0
MRC004301,Grocery,Small,LOC0086,AGT00068,1546,0,1,28,0.0,0.0,0.0,0.0,1.0,894.51,1.0,1.0,7.0,10517.91,7.0,6.0,894.51,0,0,0
MRC004302,Fashion,Medium,LOC0017,AGT00408,1466,1,1,0,2.0,3850.4399999999996,2.0,2.0,6.0,22867.22,6.0,5.0,20.0,42842.04,20.0,18.0,3811.2033333333334,0,0,0
MRC004303,Education,Micro,LOC0054,AGT00556,407,1,0,2,1.0,293.91,1.0,1.0,4.0,8269.67,4.0,4.0,9.0,12420.07,9.0,9.0,2067.4175,0,0,0
MRC004304,Transport,Small,LOC0049,AGT00250,2083,1,1,10,0.0,0.0,0.0,0.0,1.0,658.41,1.0,1.0,4.0,1541.72,4.0,4.0,658.41,0,0,0
MRC004305,Restaurant,Small,LOC0097,AGT00470,1033,0,0,83,0.0,0.0,0.0,0.0,0.0,0.0,0.0,0.0,1.0,867.52,1.0,1.0,0.0,1,1,0
MRC004306,Fashion,Medium,LOC0116,AGT00687,595,1,1,19,0.0,0.0,0.0,0.0,3.0,2536.92,3.0,3.0,7.0,9070.78,7.0,7.0,845.64,0,0,0
MRC004307,Transport,Micro,LOC0013,AGT00689,1523,0,0,9,0.0,0.0,0.0,0.0,2.0,2950.31,2.0,2.0,7.0,16265.22,7.0,7.0,1475.155,0,0,0
MRC004308,Fashion,Micro,LOC0026,AGT00163,1647,1,1,0,2.0,6982.48,2.0,1.0,8.0,12243.57,8.0,6.0,14.0,17562.940000000002,14.0,12.0,1530.44625,0,0,0
MRC004309,General Retail,Small,LOC0093,AGT00621,513,1,0,8,0.0,0.0,0.0,0.0,2.0,2559.54,2.0,2.0,6.0,11401.890000000001,6.0,6.0,1279.77,0,0,0
MRC004310,Transport,Large,LOC0021,AGT00277,2346,1,1,16,0.0,0.0,0.0,0.0,4.0,3206.19,4.0,4.0,8.0,7432.11,8.0,7.0,801.5475,0,0,0
MRC004311,Grocery,Medium,LOC0060,AGT00712,1599,1,1,11,0.0,0.0,0.0,0.0,6.0,10164.77,6.0,5.0,10.0,14991.91,10.0,9.0,1694.1283333333333,0,0,0
MRC004312,Grocery,Medium,LOC0114,AGT00395,2464,1,1,4,1.0,2844.67,1.0,1.0,3.0,7499.63,3.0,3.0,6.0,11126.060000000001,6.0,6.0,2499.8766666666666,0,0,0
MRC004313,Transport,Small,LOC0118,AGT00562,1751,1,1,0,3.0,14722.57,3.0,3.0,7.0,19970.559999999998,7.0,6.0,16.0,32721.85,16.0,13.0,2852.9371428571426,0,0,0
MRC004314,Restaurant,Small,LOC0114,AGT00794,309,0,1,13,0.0,0.0,0.0,0.0,2.0,18516.76,2.0,2.0,12.0,32282.579999999998,12.0,12.0,9258.38,0,0,0
MRC004315,General Retail,Medium,LOC0017,AGT00552,742,0,1,0,9.0,46210.18,9.0,6.0,27.0,68889.95,27.0,18.0,72.0,123889.54,72.0,49.0,2551.4796296296295,0,0,0
MRC004316,Grocery,Medium,LOC0018,AGT00504,2412,1,1,23,0.0,0.0,0.0,0.0,1.0,45.94,1.0,1.0,10.0,7813.9800000000005,10.0,10.0,45.94,0,0,0
MRC004317,Grocery,Medium,LOC0022,AGT00555,1509,1,1,1,1.0,163.01,1.0,1.0,2.0,1435.5,2.0,2.0,6.0,7415.57,6.0,6.0,717.75,0,0,0
MRC004318,Restaurant,Medium,LOC0093,AGT00621,554,1,1,18,0.0,0.0,0.0,0.0,1.0,121.03,1.0,1.0,9.0,15272.8,9.0,9.0,121.03,0,0,0
MRC004319,Healthcare,Medium,LOC0022,AGT00657,449,0,1,1,3.0,6178.639999999999,3.0,3.0,11.0,38496.68,11.0,11.0,19.0,54587.04,19.0,19.0,3499.6981818181816,0,0,0
MRC004320,General Retail,Micro,LOC0052,AGT00740,1460,0,1,0,2.0,364.73,2.0,2.0,5.0,1339.31,5.0,5.0,28.0,34638.18,28.0,24.0,267.86199999999997,0,0,0
MRC004321,General Retail,Micro,LOC0099,AGT00546,1585,1,1,0,6.0,5525.360000000001,6.0,4.0,11.0,11934.560000000001,11.0,9.0,30.0,31216.47,30.0,26.0,1084.96,0,0,0
MRC004322,Fashion,Large,LOC0060,AGT00712,825,1,1,2,1.0,384.51,1.0,1.0,3.0,12255.0,3.0,3.0,5.0,16307.35,5.0,5.0,4085.0,0,0,0
MRC004323,Utility,Small,LOC0113,AGT00084,712,0,1,3,2.0,1610.4099999999999,2.0,2.0,15.0,22725.19,15.0,10.0,43.0,78539.09,43.0,30.0,1515.0126666666665,0,0,0
MRC004324,Grocery,Micro,LOC0060,AGT00185,1611,0,1,2,1.0,655.62,1.0,1.0,3.0,4835.24,3.0,3.0,13.0,18681.64,13.0,13.0,1611.7466666666667,0,0,0
MRC004325,Education,Small,LOC0046,AGT00743,1238,1,1,3,2.0,372.48,2.0,1.0,3.0,668.52,3.0,2.0,6.0,2427.7,6.0,5.0,222.84,0,0,0
MRC004326,General Retail,Small,LOC0117,AGT00763,367,1,0,6,1.0,1846.96,1.0,1.0,3.0,4891.6900000000005,3.0,3.0,8.0,24325.14,8.0,8.0,1630.5633333333335,0,0,0
MRC004327,Restaurant,Medium,LOC0066,AGT00293,412,1,1,1,2.0,468.11,2.0,2.0,12.0,16621.05,12.0,10.0,34.0,48114.95,34.0,29.0,1385.0874999999999,0,0,0
MRC004328,General Retail,Medium,LOC0023,AGT00134,807,0,1,24,0.0,0.0,0.0,0.0,3.0,11602.2,3.0,2.0,21.0,39050.31,21.0,19.0,3867.4,0,0,0
MRC004329,Pharmacy,Micro,LOC0077,AGT00359,1519,1,1,32,0.0,0.0,0.0,0.0,0.0,0.0,0.0,0.0,1.0,867.89,1.0,1.0,0.0,1,0,0
MRC004330,Grocery,Small,LOC0093,AGT00494,943,0,1,14,0.0,0.0,0.0,0.0,2.0,1826.22,2.0,2.0,3.0,2810.8199999999997,3.0,3.0,913.11,0,0,0
MRC004331,Electronics,Micro,LOC0101,AGT00039,319,1,0,3,1.0,4472.74,1.0,1.0,1.0,4472.74,1.0,1.0,5.0,9939.630000000001,5.0,5.0,4472.74,0,0,0
MRC004332,General Retail,Medium,LOC0001,AGT00123,2287,1,0,18,0.0,0.0,0.0,0.0,2.0,6146.879999999999,2.0,2.0,4.0,9230.21,4.0,4.0,3073.4399999999996,0,0,0
MRC004333,Restaurant,Micro,LOC0014,AGT00388,1802,0,0,1,1.0,1389.57,1.0,1.0,4.0,9986.52,4.0,4.0,13.0,24940.78,13.0,12.0,2496.63,0,0,0
MRC004334,Utility,Small,LOC0076,AGT00332,1562,1,0,39,0.0,0.0,0.0,0.0,0.0,0.0,0.0,0.0,6.0,6538.09,6.0,6.0,0.0,1,0,0
MRC004335,Grocery,Small,LOC0090,AGT00468,820,1,1,59,0.0,0.0,0.0,0.0,0.0,0.0,0.0,0.0,2.0,1637.68,2.0,2.0,0.0,1,0,0
MRC004336,Healthcare,Small,LOC0079,AGT00432,1834,1,1,1,1.0,250.05,1.0,1.0,7.0,5427.97,7.0,7.0,31.0,37009.35,31.0,27.0,775.4242857142857,0,0,0
MRC004337,Electronics,Small,LOC0046,AGT00718,2354,1,0,2,4.0,4834.41,4.0,3.0,11.0,13945.88,11.0,10.0,45.0,53152.979999999996,45.0,38.0,1267.8072727272727,0,0,0
MRC004338,Grocery,Small,LOC0091,AGT00169,1764,0,1,0,5.0,3707.48,5.0,4.0,16.0,14802.130000000001,16.0,13.0,53.0,86184.1,53.0,39.0,925.1331250000001,0,0,0
MRC004339,Healthcare,Small,LOC0070,AGT00297,933,1,1,33,0.0,0.0,0.0,0.0,0.0,0.0,0.0,0.0,3.0,6362.63,3.0,3.0,0.0,1,0,0
MRC004340,Healthcare,Micro,LOC0112,AGT00786,1144,1,1,0,3.0,3861.4399999999996,3.0,3.0,16.0,23463.76,16.0,14.0,56.0,72109.62,56.0,47.0,1466.485,0,0,0
MRC004341,Electronics,Micro,LOC0045,AGT00589,2317,1,1,5,1.0,1531.28,1.0,1.0,2.0,3380.8599999999997,2.0,2.0,6.0,4990.84,6.0,6.0,1690.4299999999998,0,0,0
MRC004342,Pharmacy,Small,LOC0091,AGT00158,317,0,1,5,1.0,763.34,1.0,1.0,3.0,2896.96,3.0,3.0,11.0,9863.91,11.0,11.0,965.6533333333333,0,0,0
MRC004343,Grocery,Micro,LOC0018,AGT00237,770,1,1,3,3.0,688.01,3.0,2.0,10.0,12057.14,10.0,9.0,27.0,35598.34,27.0,24.0,1205.714,0,0,0
MRC004344,General Retail,Small,LOC0088,AGT00747,520,1,1,1,2.0,1337.3,2.0,2.0,7.0,4623.54,7.0,7.0,24.0,32684.06,24.0,23.0,660.5057142857142,0,0,0
MRC004345,Transport,Micro,LOC0088,AGT00442,1688,1,1,0,1.0,1219.9,1.0,1.0,1.0,1219.9,1.0,1.0,2.0,2280.36,2.0,2.0,1219.9,0,0,0
MRC004346,Utility,Medium,LOC0031,AGT00026,1289,1,0,1,1.0,1191.24,1.0,1.0,1.0,1191.24,1.0,1.0,5.0,3871.5699999999997,5.0,5.0,1191.24,0,0,0
MRC004347,Transport,Micro,LOC0008,AGT00505,578,0,1,38,0.0,0.0,0.0,0.0,0.0,0.0,0.0,0.0,4.0,2247.2,4.0,4.0,0.0,1,0,0
MRC004348,General Retail,Small,LOC0120,AGT00694,2343,1,1,26,0.0,0.0,0.0,0.0,1.0,80.93,1.0,1.0,1.0,80.93,1.0,1.0,80.93,0,0,0
MRC004349,Grocery,Micro,LOC0010,AGT00025,1492,0,0,1,2.0,6154.700000000001,2.0,2.0,12.0,25051.16,12.0,11.0,25.0,40386.56,25.0,23.0,2087.596666666667,0,0,0
MRC004350,Fashion,Small,LOC0057,AGT00633,830,1,1,6,1.0,357.75,1.0,1.0,12.0,16458.65,12.0,10.0,37.0,76075.86,37.0,32.0,1371.5541666666668,0,0,0
MRC004351,Transport,Micro,LOC0001,AGT00170,2353,1,1,14,0.0,0.0,0.0,0.0,2.0,1295.48,2.0,2.0,11.0,17722.83,11.0,10.0,647.74,0,0,0
MRC004352,Grocery,Small,LOC0051,AGT00398,1812,0,1,6,1.0,359.94,1.0,1.0,9.0,23107.41,9.0,7.0,17.0,46195.93,17.0,15.0,2567.49,0,0,0
MRC004353,Grocery,Micro,LOC0099,AGT00546,570,1,0,4,2.0,1910.9099999999999,2.0,2.0,3.0,2517.68,3.0,3.0,8.0,10701.17,8.0,7.0,839.2266666666666,0,0,0
MRC004354,Transport,Small,LOC0061,AGT00425,2093,0,1,12,0.0,0.0,0.0,0.0,1.0,751.29,1.0,1.0,5.0,4232.7300000000005,5.0,5.0,751.29,0,0,0
MRC004355,General Retail,Small,LOC0029,AGT00383,415,1,1,2,2.0,357.73,2.0,2.0,10.0,9947.64,10.0,10.0,24.0,22290.1,24.0,21.0,994.7639999999999,0,0,0
MRC004356,Transport,Medium,LOC0048,AGT00233,2268,1,1,105,0.0,0.0,0.0,0.0,0.0,0.0,0.0,0.0,0.0,0.0,0.0,0.0,0.0,1,1,1
MRC004357,Grocery,Small,LOC0012,AGT00627,1146,1,1,4,1.0,2265.61,1.0,1.0,6.0,5352.82,6.0,5.0,14.0,10114.82,14.0,12.0,892.1366666666667,0,0,0
MRC004358,General Retail,Small,LOC0072,AGT00788,928,1,1,22,0.0,0.0,0.0,0.0,3.0,14207.66,3.0,2.0,8.0,28281.260000000002,8.0,7.0,4735.886666666666,0,0,0
MRC004359,Grocery,Medium,LOC0001,AGT00433,403,1,0,3,1.0,415.22,1.0,1.0,1.0,415.22,1.0,1.0,4.0,4035.4400000000005,4.0,4.0,415.22,0,0,0
MRC004360,Pharmacy,Micro,LOC0042,AGT00204,2321,1,1,18,0.0,0.0,0.0,0.0,2.0,7609.88,2.0,1.0,6.0,16085.66,6.0,5.0,3804.94,0,0,0
MRC004361,General Retail,Small,LOC0008,AGT00303,1509,1,1,1,2.0,9052.67,2.0,2.0,21.0,43917.54,21.0,15.0,61.0,105959.7,61.0,47.0,2091.3114285714287,0,0,0
MRC004362,Utility,Small,LOC0029,AGT00356,1615,1,1,42,0.0,0.0,0.0,0.0,0.0,0.0,0.0,0.0,3.0,1503.5900000000001,3.0,3.0,0.0,1,0,0
MRC004363,General Retail,Small,LOC0009,AGT00406,2145,0,1,10,0.0,0.0,0.0,0.0,2.0,2401.2,2.0,2.0,9.0,9293.83,9.0,8.0,1200.6,0,0,0
MRC004364,Utility,Micro,LOC0112,AGT00744,1397,0,1,0,2.0,3467.05,2.0,2.0,13.0,28746.94,13.0,8.0,39.0,71305.03,39.0,29.0,2211.303076923077,0,0,0
MRC004365,Transport,Small,LOC0093,AGT00044,920,1,1,57,0.0,0.0,0.0,0.0,0.0,0.0,0.0,0.0,1.0,331.21,1.0,1.0,0.0,1,0,0
MRC004366,Pharmacy,Small,LOC0112,AGT00674,1987,1,1,19,0.0,0.0,0.0,0.0,2.0,1992.6,2.0,2.0,4.0,6073.34,4.0,4.0,996.3,0,0,0
MRC004367,Restaurant,Small,LOC0082,AGT00459,1445,1,1,19,0.0,0.0,0.0,0.0,1.0,2604.37,1.0,1.0,2.0,2662.44,2.0,2.0,2604.37,0,0,0
MRC004368,General Retail,Micro,LOC0060,AGT00712,808,1,1,5,1.0,1204.32,1.0,1.0,6.0,5552.42,6.0,6.0,9.0,7330.32,9.0,9.0,925.4033333333333,0,0,0
MRC004369,General Retail,Small,LOC0021,AGT00708,2132,1,1,2,3.0,4913.14,3.0,3.0,5.0,16985.45,5.0,5.0,9.0,20489.760000000002,9.0,9.0,3397.09,0,0,0
MRC004370,Restaurant,Medium,LOC0116,AGT00113,2062,1,1,101,0.0,0.0,0.0,0.0,0.0,0.0,0.0,0.0,0.0,0.0,0.0,0.0,0.0,1,1,1
MRC004371,Restaurant,Micro,LOC0111,AGT00707,827,1,1,1,3.0,4617.9400000000005,3.0,3.0,11.0,17771.08,11.0,11.0,25.0,48653.97,25.0,24.0,1615.5527272727275,0,0,0
MRC004372,Restaurant,Micro,LOC0050,AGT00464,1707,1,1,18,0.0,0.0,0.0,0.0,1.0,388.06,1.0,1.0,4.0,6383.6900000000005,4.0,4.0,388.06,0,0,0
MRC004373,Restaurant,Large,LOC0028,AGT00051,2299,1,0,1,1.0,2236.42,1.0,1.0,2.0,3141.4,2.0,2.0,12.0,13140.54,12.0,12.0,1570.7,0,0,0
MRC004374,General Retail,Medium,LOC0047,AGT00390,2033,1,1,5,1.0,2866.05,1.0,1.0,6.0,5501.42,6.0,6.0,17.0,24830.14,17.0,15.0,916.9033333333333,0,0,0
MRC004375,Grocery,Micro,LOC0048,AGT00177,721,1,1,18,0.0,0.0,0.0,0.0,1.0,803.25,1.0,1.0,1.0,803.25,1.0,1.0,803.25,0,0,0
MRC004376,Fashion,Small,LOC0111,AGT00557,2156,1,0,1,2.0,4748.72,2.0,2.0,14.0,22355.62,14.0,12.0,27.0,50722.200000000004,27.0,23.0,1596.83,0,0,0
MRC004377,General Retail,Micro,LOC0009,AGT00406,410,1,1,44,0.0,0.0,0.0,0.0,0.0,0.0,0.0,0.0,5.0,5962.679999999999,5.0,5.0,0.0,1,0,0
MRC004378,Electronics,Medium,LOC0076,AGT00302,1635,1,1,1,4.0,14157.45,4.0,3.0,7.0,24428.2,7.0,6.0,21.0,61679.35,21.0,16.0,3489.7428571428572,0,0,0
MRC004379,Fashion,Small,LOC0093,AGT00386,1404,1,0,33,0.0,0.0,0.0,0.0,0.0,0.0,0.0,0.0,7.0,8324.189999999999,7.0,7.0,0.0,1,0,0
MRC004380,Restaurant,Small,LOC0092,AGT00539,367,0,1,2,5.0,9223.93,5.0,3.0,30.0,59209.86,30.0,18.0,79.0,125309.77,79.0,52.0,1973.662,0,0,0
MRC004381,Grocery,Micro,LOC0024,AGT00685,1873,0,1,12,0.0,0.0,0.0,0.0,2.0,1754.69,2.0,2.0,4.0,5636.7699999999995,4.0,4.0,877.345,0,0,0
MRC004382,Pharmacy,Small,LOC0050,AGT00464,937,1,1,2,1.0,344.34,1.0,1.0,4.0,4144.900000000001,4.0,4.0,5.0,4791.88,5.0,5.0,1036.2250000000001,0,0,0
MRC004383,Grocery,Micro,LOC0042,AGT00152,2149,1,1,27,0.0,0.0,0.0,0.0,2.0,2454.46,2.0,2.0,7.0,16762.13,7.0,7.0,1227.23,0,0,0
MRC004384,Grocery,Small,LOC0049,AGT00314,2205,1,1,153,0.0,0.0,0.0,0.0,0.0,0.0,0.0,0.0,0.0,0.0,0.0,0.0,0.0,1,1,1
MRC004385,Grocery,Small,LOC0011,AGT00207,1577,1,1,4,1.0,3932.55,1.0,1.0,6.0,11010.36,6.0,6.0,20.0,31498.620000000003,20.0,18.0,1835.0600000000002,0,0,0
MRC004386,Restaurant,Small,LOC0010,AGT00653,1656,0,1,14,0.0,0.0,0.0,0.0,1.0,996.61,1.0,1.0,4.0,2285.4300000000003,4.0,4.0,996.61,0,0,0
MRC004387,Grocery,Medium,LOC0003,AGT00264,400,0,1,6,1.0,88.48,1.0,1.0,7.0,13343.59,7.0,6.0,19.0,25875.49,19.0,18.0,1906.2271428571428,0,0,0
MRC004388,General Retail,Micro,LOC0117,AGT00785,2231,1,1,18,0.0,0.0,0.0,0.0,2.0,5106.65,2.0,2.0,9.0,11772.18,9.0,8.0,2553.325,0,0,0
MRC004389,Grocery,Micro,LOC0051,AGT00669,1776,1,1,25,0.0,0.0,0.0,0.0,1.0,1704.01,1.0,1.0,2.0,1768.71,2.0,2.0,1704.01,0,0,0
MRC004390,Restaurant,Small,LOC0028,AGT00489,1127,1,1,9,0.0,0.0,0.0,0.0,7.0,5610.85,7.0,7.0,35.0,37021.68,35.0,29.0,801.5500000000001,0,0,0
MRC004391,General Retail,Small,LOC0096,AGT00380,474,1,1,108,0.0,0.0,0.0,0.0,0.0,0.0,0.0,0.0,0.0,0.0,0.0,0.0,0.0,1,1,1
MRC004392,Grocery,Micro,LOC0060,AGT00712,1389,1,1,2,1.0,557.33,1.0,1.0,2.0,3898.2,2.0,2.0,8.0,17752.829999999998,8.0,7.0,1949.1,0,0,0
MRC004393,Fashion,Small,LOC0044,AGT00736,2255,1,1,27,0.0,0.0,0.0,0.0,2.0,5778.539999999999,2.0,2.0,8.0,26218.13,8.0,7.0,2889.2699999999995,0,0,0
MRC004394,General Retail,Small,LOC0014,AGT00680,2171,1,1,999,0.0,0.0,0.0,0.0,0.0,0.0,0.0,0.0,0.0,0.0,0.0,0.0,0.0,1,1,1
MRC004395,Electronics,Small,LOC0047,AGT00755,502,1,1,1,1.0,4123.87,1.0,1.0,8.0,14801.11,8.0,8.0,12.0,19936.59,12.0,12.0,1850.13875,0,0,0
MRC004396,Pharmacy,Small,LOC0078,AGT00189,1952,1,1,23,0.0,0.0,0.0,0.0,1.0,191.74,1.0,1.0,3.0,1875.3500000000001,3.0,3.0,191.74,0,0,0
MRC004397,Healthcare,Micro,LOC0075,AGT00156,465,1,1,19,0.0,0.0,0.0,0.0,1.0,4857.87,1.0,1.0,5.0,7300.9,5.0,4.0,4857.87,0,0,0
MRC004398,Transport,Micro,LOC0047,AGT00755,1111,1,1,5,3.0,2372.01,3.0,1.0,15.0,20724.3,15.0,11.0,41.0,57047.74,41.0,33.0,1381.62,0,0,0
MRC004399,Restaurant,Small,LOC0074,AGT00003,1264,1,1,1,1.0,886.51,1.0,1.0,4.0,2169.91,4.0,4.0,10.0,3807.21,10.0,10.0,542.4775,0,0,0
MRC004400,Grocery,Small,LOC0093,AGT00621,336,1,1,22,0.0,0.0,0.0,0.0,1.0,1503.57,1.0,1.0,5.0,7972.5,5.0,5.0,1503.57,0,0,0
MRC004401,Grocery,Small,LOC0112,AGT00587,586,1,1,2,3.0,4310.99,3.0,3.0,6.0,12472.58,6.0,6.0,12.0,34913.01,12.0,11.0,2078.7633333333333,0,0,0
MRC004402,General Retail,Medium,LOC0064,AGT00585,2210,1,1,0,4.0,6638.469999999999,4.0,2.0,27.0,44367.89,27.0,15.0,60.0,140836.71,60.0,42.0,1643.2551851851852,0,0,0
MRC004403,Restaurant,Micro,LOC0028,AGT00489,1662,1,1,3,2.0,3939.1800000000003,2.0,2.0,5.0,10436.630000000001,5.0,5.0,11.0,19160.9,11.0,11.0,2087.326,0,0,0
MRC004404,Grocery,Small,LOC0016,AGT00605,2005,1,1,15,0.0,0.0,0.0,0.0,3.0,6653.38,3.0,3.0,7.0,8219.99,7.0,7.0,2217.7933333333335,0,0,0
MRC004405,Electronics,Micro,LOC0019,AGT00182,1535,1,1,33,0.0,0.0,0.0,0.0,0.0,0.0,0.0,0.0,3.0,5640.2,3.0,3.0,0.0,1,0,0
MRC004406,General Retail,Micro,LOC0002,AGT00617,1268,1,1,1,2.0,12029.57,2.0,2.0,2.0,12029.57,2.0,2.0,5.0,13287.49,5.0,5.0,6014.785,0,0,0
MRC004407,Grocery,Medium,LOC0067,AGT00509,326,0,1,16,0.0,0.0,0.0,0.0,2.0,4139.0599999999995,2.0,2.0,5.0,6693.82,5.0,5.0,2069.5299999999997,0,0,0
MRC004408,Grocery,Large,LOC0026,AGT00162,1480,1,1,3,3.0,4849.6900000000005,3.0,2.0,10.0,12266.9,10.0,8.0,44.0,57053.409999999996,44.0,34.0,1226.69,0,0,0
MRC004409,Restaurant,Micro,LOC0028,AGT00489,1970,1,1,21,0.0,0.0,0.0,0.0,2.0,3444.8900000000003,2.0,2.0,7.0,9147.27,7.0,6.0,1722.4450000000002,0,0,0
MRC004410,Transport,Medium,LOC0087,AGT00077,733,1,1,73,0.0,0.0,0.0,0.0,0.0,0.0,0.0,0.0,3.0,7176.46,3.0,3.0,0.0,1,1,0
MRC004411,Fashion,Micro,LOC0039,AGT00726,1359,1,1,2,2.0,484.29,2.0,2.0,7.0,5084.95,7.0,7.0,16.0,105520.9,16.0,16.0,726.4214285714286,0,0,0
MRC004412,General Retail,Large,LOC0100,AGT00161,1187,0,1,4,1.0,61.94,1.0,1.0,3.0,251.78,3.0,3.0,4.0,521.98,4.0,4.0,83.92666666666666,0,0,0
MRC004413,Grocery,Medium,LOC0017,AGT00408,2190,1,0,6,1.0,852.64,1.0,1.0,7.0,22307.9,7.0,7.0,21.0,59459.13,21.0,20.0,3186.842857142857,0,0,0
MRC004414,Restaurant,Micro,LOC0041,AGT00497,643,1,1,3,1.0,295.7,1.0,1.0,1.0,295.7,1.0,1.0,8.0,3286.69,8.0,8.0,295.7,0,0,0
MRC004415,Restaurant,Small,LOC0007,AGT00157,517,1,0,0,8.0,11513.13,8.0,4.0,19.0,26918.82,19.0,14.0,44.0,64282.64,44.0,35.0,1416.78,0,0,0
MRC004416,Restaurant,Small,LOC0065,AGT00525,747,0,1,52,0.0,0.0,0.0,0.0,0.0,0.0,0.0,0.0,1.0,3016.45,1.0,1.0,0.0,1,0,0
MRC004417,Fashion,Micro,LOC0015,AGT00050,628,1,0,30,0.0,0.0,0.0,0.0,0.0,0.0,0.0,0.0,2.0,5180.35,2.0,2.0,0.0,1,0,0
MRC004418,Utility,Micro,LOC0029,AGT00467,2136,0,0,5,1.0,223.62,1.0,1.0,11.0,17079.08,11.0,7.0,21.0,28230.16,21.0,17.0,1552.6436363636365,0,0,0
MRC004419,Restaurant,Small,LOC0089,AGT00232,856,0,1,65,0.0,0.0,0.0,0.0,0.0,0.0,0.0,0.0,1.0,2471.74,1.0,1.0,0.0,1,1,0
MRC004420,Healthcare,Micro,LOC0106,AGT00316,1079,1,1,8,0.0,0.0,0.0,0.0,2.0,1917.31,2.0,2.0,5.0,5111.92,5.0,5.0,958.655,0,0,0
MRC004421,Grocery,Micro,LOC0066,AGT00292,848,1,1,15,0.0,0.0,0.0,0.0,3.0,2029.33,3.0,2.0,14.0,23494.3,14.0,13.0,676.4433333333333,0,0,0
MRC004422,Education,Micro,LOC0116,AGT00113,2067,1,1,266,0.0,0.0,0.0,0.0,0.0,0.0,0.0,0.0,0.0,0.0,0.0,0.0,0.0,1,1,1
MRC004423,Restaurant,Small,LOC0091,AGT00677,1737,1,0,9,0.0,0.0,0.0,0.0,5.0,13103.970000000001,5.0,4.0,9.0,15838.58,9.0,8.0,2620.7940000000003,0,0,0
MRC004424,Electronics,Micro,LOC0091,AGT00677,1322,0,1,111,0.0,0.0,0.0,0.0,0.0,0.0,0.0,0.0,0.0,0.0,0.0,0.0,0.0,1,1,1
MRC004425,Grocery,Small,LOC0119,AGT00553,2032,1,0,112,0.0,0.0,0.0,0.0,0.0,0.0,0.0,0.0,0.0,0.0,0.0,0.0,0.0,1,1,1
MRC004426,General Retail,Micro,LOC0011,AGT00703,441,1,1,10,0.0,0.0,0.0,0.0,1.0,417.66,1.0,1.0,3.0,3119.31,3.0,3.0,417.66,0,0,0
MRC004427,General Retail,Micro,LOC0028,AGT00051,1769,1,0,15,0.0,0.0,0.0,0.0,2.0,4952.3,2.0,2.0,6.0,7405.42,6.0,6.0,2476.15,0,0,0
MRC004428,General Retail,Small,LOC0053,AGT00252,1076,1,0,28,0.0,0.0,0.0,0.0,1.0,587.59,1.0,1.0,2.0,1425.2,2.0,2.0,587.59,0,0,0
MRC004429,General Retail,Micro,LOC0075,AGT00682,1115,1,1,1,3.0,2397.6800000000003,3.0,3.0,12.0,9442.69,12.0,10.0,33.0,53942.72,33.0,30.0,786.8908333333334,0,0,0
MRC004430,Grocery,Small,LOC0119,AGT00213,632,1,1,38,0.0,0.0,0.0,0.0,0.0,0.0,0.0,0.0,6.0,8167.88,6.0,6.0,0.0,1,0,0
MRC004431,Electronics,Small,LOC0012,AGT00646,499,0,1,1,1.0,1634.54,1.0,1.0,1.0,1634.54,1.0,1.0,2.0,2369.77,2.0,2.0,1634.54,0,0,0
MRC004432,Restaurant,Small,LOC0028,AGT00489,1802,1,1,5,1.0,1958.65,1.0,1.0,3.0,3685.2799999999997,3.0,3.0,5.0,4414.8099999999995,5.0,5.0,1228.4266666666665,0,0,0
MRC004433,General Retail,Small,LOC0036,AGT00447,2144,1,1,0,2.0,1061.54,2.0,2.0,5.0,3176.3100000000004,5.0,4.0,10.0,6693.200000000001,10.0,9.0,635.2620000000001,0,0,0
MRC004434,Grocery,Medium,LOC0081,AGT00286,2278,1,1,1,5.0,1993.92,5.0,4.0,26.0,33382.75,26.0,18.0,71.0,94213.71,71.0,48.0,1283.951923076923,0,0,0
MRC004435,Pharmacy,Micro,LOC0115,AGT00104,819,0,1,8,0.0,0.0,0.0,0.0,5.0,69254.59999999999,5.0,4.0,7.0,69980.26,7.0,6.0,13850.919999999998,0,0,0
MRC004436,Transport,Medium,LOC0113,AGT00632,1954,1,1,12,0.0,0.0,0.0,0.0,1.0,2670.94,1.0,1.0,4.0,5867.4,4.0,4.0,2670.94,0,0,0
MRC004437,Grocery,Micro,LOC0090,AGT00299,530,1,1,2,2.0,7624.719999999999,2.0,2.0,4.0,12477.68,4.0,4.0,5.0,13379.4,5.0,5.0,3119.42,0,0,0
MRC004438,Healthcare,Micro,LOC0093,AGT00295,1987,0,1,0,3.0,3139.06,3.0,2.0,8.0,5212.88,8.0,5.0,37.0,54201.3,37.0,28.0,651.61,0,0,0
MRC004439,Pharmacy,Small,LOC0050,AGT00464,1524,1,0,5,2.0,20122.07,2.0,2.0,8.0,34300.1,8.0,8.0,26.0,56384.24,26.0,23.0,4287.5125,0,0,0
MRC004440,Transport,Micro,LOC0074,AGT00668,2170,1,1,59,0.0,0.0,0.0,0.0,0.0,0.0,0.0,0.0,2.0,2623.94,2.0,2.0,0.0,1,0,0
MRC004441,General Retail,Small,LOC0021,AGT00624,434,1,1,3,2.0,490.83000000000004,2.0,1.0,2.0,490.83000000000004,2.0,1.0,4.0,958.36,4.0,3.0,245.41500000000002,0,0,0
MRC004442,Education,Medium,LOC0061,AGT00428,1984,1,1,46,0.0,0.0,0.0,0.0,0.0,0.0,0.0,0.0,2.0,1996.3200000000002,2.0,2.0,0.0,1,0,0
MRC004443,Pharmacy,Small,LOC0036,AGT00447,1307,0,1,5,1.0,1477.46,1.0,1.0,3.0,1988.4,3.0,3.0,7.0,8752.42,7.0,7.0,662.8000000000001,0,0,0
MRC004444,Grocery,Small,LOC0112,AGT00151,1529,1,1,10,0.0,0.0,0.0,0.0,7.0,13139.369999999999,7.0,6.0,24.0,28667.51,24.0,19.0,1877.052857142857,0,0,0
MRC004445,Grocery,Large,LOC0045,AGT00761,1464,1,1,5,1.0,273.46,1.0,1.0,2.0,1393.13,2.0,2.0,8.0,9475.359999999999,8.0,7.0,696.565,0,0,0
MRC004446,Grocery,Small,LOC0048,AGT00186,1847,1,1,4,3.0,4725.72,3.0,2.0,11.0,11540.61,11.0,10.0,36.0,55404.68,36.0,28.0,1049.1463636363637,0,0,0
MRC004447,Education,Micro,LOC0049,AGT00130,1595,0,0,46,0.0,0.0,0.0,0.0,0.0,0.0,0.0,0.0,5.0,2607.0200000000004,5.0,5.0,0.0,1,0,0
MRC004448,Restaurant,Medium,LOC0109,AGT00242,1195,1,1,53,0.0,0.0,0.0,0.0,0.0,0.0,0.0,0.0,1.0,342.46,1.0,1.0,0.0,1,0,0
MRC004449,Pharmacy,Micro,LOC0112,AGT00667,1238,1,1,0,10.0,11970.01,10.0,7.0,57.0,77853.76,57.0,27.0,151.0,197750.96,151.0,74.0,1365.8554385964912,0,0,0
MRC004450,Pharmacy,Micro,LOC0052,AGT00015,441,0,1,8,0.0,0.0,0.0,0.0,4.0,3723.2,4.0,3.0,9.0,8682.09,9.0,8.0,930.8,0,0,0
MRC004451,General Retail,Micro,LOC0120,AGT00436,1869,0,1,5,2.0,1349.85,2.0,2.0,6.0,5243.3099999999995,6.0,5.0,17.0,21121.05,17.0,14.0,873.8849999999999,0,0,0
MRC004452,Grocery,Micro,LOC0091,AGT00169,1828,0,0,2,1.0,244.49,1.0,1.0,1.0,244.49,1.0,1.0,2.0,2271.74,2.0,2.0,244.49,0,0,0
MRC004453,Restaurant,Micro,LOC0102,AGT00037,1525,0,1,87,0.0,0.0,0.0,0.0,0.0,0.0,0.0,0.0,1.0,437.15,1.0,1.0,0.0,1,1,0
MRC004454,Fashion,Micro,LOC0110,AGT00125,1863,1,1,8,0.0,0.0,0.0,0.0,2.0,679.8,2.0,2.0,10.0,11447.59,10.0,10.0,339.9,0,0,0
MRC004455,Grocery,Small,LOC0040,AGT00750,874,1,1,23,0.0,0.0,0.0,0.0,1.0,378.5,1.0,1.0,2.0,1239.6100000000001,2.0,2.0,378.5,0,0,0
MRC004456,General Retail,Small,LOC0067,AGT00014,775,1,1,3,1.0,110.45,1.0,1.0,2.0,1718.77,2.0,2.0,6.0,5130.69,6.0,5.0,859.385,0,0,0
MRC004457,Grocery,Medium,LOC0035,AGT00572,2307,1,1,2,2.0,2152.6800000000003,2.0,2.0,10.0,15569.95,10.0,10.0,25.0,54338.229999999996,25.0,24.0,1556.9950000000001,0,0,0
MRC004458,Transport,Micro,LOC0038,AGT00529,2371,1,1,0,2.0,6145.41,2.0,2.0,3.0,6636.18,3.0,3.0,15.0,16476.48,15.0,14.0,2212.06,0,0,0
MRC004459,Education,Micro,LOC0056,AGT00681,2150,0,1,21,0.0,0.0,0.0,0.0,1.0,1883.43,1.0,1.0,9.0,11189.2,9.0,9.0,1883.43,0,0,0
MRC004460,Utility,Small,LOC0007,AGT00452,401,0,1,0,3.0,3661.9399999999996,3.0,3.0,17.0,26006.73,17.0,12.0,51.0,97046.95999999999,51.0,37.0,1529.8076470588235,0,0,0
MRC004461,Transport,Micro,LOC0026,AGT00776,1486,0,1,11,0.0,0.0,0.0,0.0,4.0,4690.59,4.0,4.0,12.0,16347.26,12.0,12.0,1172.6475,0,0,0
MRC004462,Utility,Micro,LOC0098,AGT00333,1895,1,1,29,0.0,0.0,0.0,0.0,1.0,1163.89,1.0,1.0,1.0,1163.89,1.0,1.0,1163.89,0,0,0
MRC004463,Fashion,Small,LOC0020,AGT00028,368,1,1,37,0.0,0.0,0.0,0.0,0.0,0.0,0.0,0.0,12.0,13303.73,12.0,10.0,0.0,1,0,0
MRC004464,Fashion,Small,LOC0075,AGT00682,2403,1,1,0,9.0,17262.13,9.0,6.0,31.0,54341.48,31.0,22.0,79.0,126912.56999999999,79.0,54.0,1752.9509677419355,0,0,0
MRC004465,Transport,Micro,LOC0092,AGT00348,2006,1,1,4,1.0,169.55,1.0,1.0,3.0,1530.43,3.0,3.0,9.0,5779.29,9.0,9.0,510.1433333333334,0,0,0
MRC004466,Education,Small,LOC0032,AGT00056,962,0,1,0,5.0,10345.960000000001,5.0,5.0,20.0,33656.99,20.0,17.0,81.0,108917.15,81.0,54.0,1682.8494999999998,0,0,0
MRC004467,Electronics,Small,LOC0055,AGT00417,1393,1,1,0,1.0,990.29,1.0,1.0,12.0,18272.51,12.0,10.0,26.0,37133.7,26.0,21.0,1522.7091666666665,0,0,0
MRC004468,Pharmacy,Medium,LOC0106,AGT00175,2280,1,1,13,0.0,0.0,0.0,0.0,2.0,5349.33,2.0,2.0,7.0,16495.75,7.0,7.0,2674.665,0,0,0
MRC004469,Pharmacy,Micro,LOC0101,AGT00625,2152,1,1,3,1.0,135.73,1.0,1.0,2.0,409.45000000000005,2.0,2.0,3.0,5387.42,3.0,3.0,204.72500000000002,0,0,0
MRC004470,Restaurant,Small,LOC0111,AGT00146,2092,1,1,0,1.0,286.98,1.0,1.0,6.0,3467.1,6.0,5.0,15.0,22620.74,15.0,13.0,577.85,0,0,0
MRC004471,Grocery,Small,LOC0076,AGT00533,2437,0,1,14,0.0,0.0,0.0,0.0,5.0,6828.34,5.0,5.0,27.0,37433.51,27.0,25.0,1365.6680000000001,0,0,0
MRC004472,Restaurant,Micro,LOC0107,AGT00672,1912,1,1,103,0.0,0.0,0.0,0.0,0.0,0.0,0.0,0.0,0.0,0.0,0.0,0.0,0.0,1,1,1
MRC004473,Grocery,Small,LOC0048,AGT00177,2330,1,1,17,0.0,0.0,0.0,0.0,4.0,16197.609999999999,4.0,4.0,11.0,24801.539999999997,11.0,10.0,4049.4024999999997,0,0,0
MRC004474,Education,Small,LOC0073,AGT00357,2371,1,1,148,0.0,0.0,0.0,0.0,0.0,0.0,0.0,0.0,0.0,0.0,0.0,0.0,0.0,1,1,1
MRC004475,Transport,Micro,LOC0081,AGT00454,329,0,1,11,0.0,0.0,0.0,0.0,1.0,5788.28,1.0,1.0,7.0,15356.94,7.0,7.0,5788.28,0,0,0
MRC004476,Education,Small,LOC0118,AGT00729,1716,0,1,17,0.0,0.0,0.0,0.0,1.0,1229.7,1.0,1.0,2.0,1374.89,2.0,2.0,1229.7,0,0,0
MRC004477,Transport,Small,LOC0045,AGT00111,1016,1,1,8,0.0,0.0,0.0,0.0,7.0,6104.04,7.0,7.0,22.0,25175.45,22.0,21.0,872.0057142857142,0,0,0
MRC004478,Grocery,Small,LOC0105,AGT00117,1368,1,0,14,0.0,0.0,0.0,0.0,3.0,957.17,3.0,2.0,8.0,8224.49,8.0,7.0,319.0566666666667,0,0,0
MRC004479,Grocery,Micro,LOC0062,AGT00438,653,1,1,2,1.0,449.53,1.0,1.0,15.0,14595.74,15.0,11.0,30.0,41973.97,30.0,25.0,973.0493333333333,0,0,0
MRC004480,Transport,Small,LOC0013,AGT00439,1763,0,1,28,0.0,0.0,0.0,0.0,1.0,1035.49,1.0,1.0,2.0,2956.06,2.0,2.0,1035.49,0,0,0
MRC004481,Utility,Micro,LOC0079,AGT00793,2110,1,1,44,0.0,0.0,0.0,0.0,0.0,0.0,0.0,0.0,5.0,7728.4,5.0,5.0,0.0,1,0,0
MRC004482,Healthcare,Small,LOC0118,AGT00562,1186,1,1,4,1.0,418.09,1.0,1.0,1.0,418.09,1.0,1.0,1.0,418.09,1.0,1.0,418.09,0,0,0
MRC004483,Transport,Small,LOC0055,AGT00093,1812,1,1,5,1.0,718.51,1.0,1.0,6.0,4709.15,6.0,6.0,16.0,16381.37,16.0,15.0,784.8583333333332,0,0,0
MRC004484,Transport,Small,LOC0066,AGT00517,996,0,1,14,0.0,0.0,0.0,0.0,3.0,1882.49,3.0,3.0,15.0,14099.1,15.0,14.0,627.4966666666667,0,0,0
MRC004485,Healthcare,Small,LOC0112,AGT00151,1924,1,1,0,1.0,107.38,1.0,1.0,7.0,11151.47,7.0,6.0,18.0,41662.09,18.0,14.0,1593.0671428571427,0,0,0
MRC004486,Healthcare,Micro,LOC0111,AGT00798,466,1,1,6,1.0,4381.75,1.0,1.0,4.0,8089.29,4.0,4.0,14.0,18026.31,14.0,13.0,2022.3225,0,0,0
MRC004487,Healthcare,Micro,LOC0049,AGT00247,2210,1,1,7,0.0,0.0,0.0,0.0,1.0,5402.11,1.0,1.0,15.0,31075.24,15.0,13.0,5402.11,0,0,0
MRC004488,Grocery,Small,LOC0092,AGT00455,1112,1,1,2,2.0,3714.79,2.0,2.0,6.0,12456.67,6.0,6.0,15.0,26527.35,15.0,14.0,2076.1116666666667,0,0,0
MRC004489,Grocery,Micro,LOC0076,AGT00742,1390,1,1,10,0.0,0.0,0.0,0.0,3.0,3624.05,3.0,3.0,10.0,10817.289999999999,10.0,10.0,1208.0166666666667,0,0,0
MRC004490,Restaurant,Small,LOC0078,AGT00622,2041,0,1,6,2.0,6896.7699999999995,2.0,1.0,7.0,8738.71,7.0,5.0,20.0,17550.21,20.0,16.0,1248.3871428571426,0,0,0
MRC004491,Electronics,Small,LOC0087,AGT00077,352,1,1,14,0.0,0.0,0.0,0.0,1.0,794.71,1.0,1.0,3.0,1300.42,3.0,3.0,794.71,0,0,0
MRC004492,Utility,Medium,LOC0040,AGT00266,2352,1,1,31,0.0,0.0,0.0,0.0,0.0,0.0,0.0,0.0,6.0,10220.28,6.0,5.0,0.0,1,0,0
MRC004493,Restaurant,Micro,LOC0037,AGT00012,1629,1,0,18,0.0,0.0,0.0,0.0,1.0,5638.42,1.0,1.0,2.0,9779.720000000001,2.0,2.0,5638.42,0,0,0
MRC004494,Pharmacy,Small,LOC0004,AGT00584,2417,1,1,5,1.0,222.85,1.0,1.0,6.0,9940.13,6.0,6.0,18.0,32833.94,18.0,15.0,1656.6883333333333,0,0,0
MRC004495,Utility,Micro,LOC0103,AGT00324,1491,1,1,2,4.0,3958.15,4.0,3.0,15.0,15354.67,15.0,11.0,55.0,80250.49,55.0,39.0,1023.6446666666667,0,0,0
MRC004496,Pharmacy,Medium,LOC0034,AGT00485,738,1,0,4,1.0,2040.7,1.0,1.0,7.0,9134.2,7.0,6.0,17.0,20418.29,17.0,15.0,1304.8857142857144,0,0,0
MRC004497,General Retail,Small,LOC0081,AGT00454,1559,1,1,33,0.0,0.0,0.0,0.0,0.0,0.0,0.0,0.0,4.0,4419.11,4.0,4.0,0.0,1,0,0
MRC004498,Grocery,Small,LOC0083,AGT00430,1535,0,1,2,1.0,2472.93,1.0,1.0,4.0,4947.04,4.0,4.0,15.0,37220.22,15.0,15.0,1236.76,0,0,0
MRC004499,Restaurant,Small,LOC0085,AGT00294,2298,1,1,6,1.0,2752.87,1.0,1.0,3.0,4267.12,3.0,3.0,16.0,37003.82,16.0,15.0,1422.3733333333332,0,0,0
MRC004500,Restaurant,Micro,LOC0104,AGT00372,1545,1,1,3,1.0,473.31,1.0,1.0,2.0,1012.1700000000001,2.0,2.0,9.0,11636.65,9.0,8.0,506.08500000000004,0,0,0
MRC004501,Restaurant,Small,LOC0105,AGT00564,1174,1,0,43,0.0,0.0,0.0,0.0,0.0,0.0,0.0,0.0,2.0,11407.27,2.0,2.0,0.0,1,0,0
MRC004502,Grocery,Medium,LOC0001,AGT00123,671,1,0,1,4.0,1284.42,4.0,4.0,14.0,10836.85,14.0,13.0,34.0,40123.43,34.0,30.0,774.0607142857143,0,0,0
MRC004503,Pharmacy,Micro,LOC0101,AGT00625,999,0,1,0,1.0,590.45,1.0,1.0,1.0,590.45,1.0,1.0,2.0,1236.93,2.0,2.0,590.45,0,0,0
MRC004504,Restaurant,Medium,LOC0025,AGT00523,1557,1,1,14,0.0,0.0,0.0,0.0,1.0,726.22,1.0,1.0,4.0,1550.2,4.0,4.0,726.22,0,0,0
MRC004505,Restaurant,Medium,LOC0078,AGT00358,1093,0,1,0,2.0,9095.86,2.0,2.0,11.0,33188.77,11.0,11.0,22.0,43613.979999999996,22.0,22.0,3017.1609090909087,0,0,0
MRC004506,Utility,Large,LOC0081,AGT00286,1079,1,1,1,1.0,1734.45,1.0,1.0,2.0,3953.49,2.0,2.0,7.0,7982.44,7.0,7.0,1976.745,0,0,0
MRC004507,Grocery,Medium,LOC0007,AGT00150,318,1,1,8,0.0,0.0,0.0,0.0,2.0,4754.11,2.0,2.0,15.0,27948.16,15.0,15.0,2377.055,0,0,0
MRC004508,Restaurant,Micro,LOC0035,AGT00284,2346,1,1,5,1.0,1019.86,1.0,1.0,5.0,3001.8,5.0,5.0,12.0,10954.75,12.0,12.0,600.36,0,0,0
MRC004509,Grocery,Small,LOC0110,AGT00288,2115,0,1,14,0.0,0.0,0.0,0.0,2.0,3502.44,2.0,2.0,8.0,21068.91,8.0,8.0,1751.22,0,0,0
MRC004510,General Retail,Micro,LOC0018,AGT00237,844,1,1,15,0.0,0.0,0.0,0.0,2.0,2993.58,2.0,2.0,5.0,9160.35,5.0,5.0,1496.79,0,0,0
MRC004511,Utility,Small,LOC0028,AGT00051,587,1,1,15,0.0,0.0,0.0,0.0,3.0,2136.4300000000003,3.0,3.0,5.0,2708.8300000000004,5.0,5.0,712.1433333333334,0,0,0
MRC004512,General Retail,Micro,LOC0010,AGT00653,2111,1,1,1,1.0,2439.84,1.0,1.0,1.0,2439.84,1.0,1.0,7.0,5645.780000000001,7.0,7.0,2439.84,0,0,0
MRC004513,General Retail,Medium,LOC0021,AGT00471,2115,1,0,60,0.0,0.0,0.0,0.0,0.0,0.0,0.0,0.0,5.0,2071.79,5.0,5.0,0.0,1,1,0
MRC004514,Restaurant,Micro,LOC0077,AGT00168,2246,1,1,35,0.0,0.0,0.0,0.0,0.0,0.0,0.0,0.0,2.0,4912.6,2.0,2.0,0.0,1,0,0
MRC004515,Transport,Micro,LOC0101,AGT00625,1483,1,0,5,2.0,2431.19,2.0,2.0,5.0,6739.5599999999995,5.0,5.0,20.0,43926.08,20.0,17.0,1347.9119999999998,0,0,0
MRC004516,Restaurant,Micro,LOC0072,AGT00198,1894,0,1,0,5.0,9197.34,5.0,4.0,7.0,10614.14,7.0,6.0,24.0,41479.24,24.0,20.0,1516.3057142857142,0,0,0
MRC004517,General Retail,Small,LOC0035,AGT00167,1881,0,1,27,0.0,0.0,0.0,0.0,1.0,290.66,1.0,1.0,6.0,9169.32,6.0,6.0,290.66,0,0,0
MRC004518,Restaurant,Micro,LOC0104,AGT00372,756,0,0,1,1.0,833.92,1.0,1.0,7.0,11014.12,7.0,7.0,18.0,47510.54,18.0,18.0,1573.4457142857143,0,0,0
MRC004519,Restaurant,Micro,LOC0045,AGT00031,1431,1,1,24,0.0,0.0,0.0,0.0,1.0,419.81,1.0,1.0,4.0,1181.25,4.0,4.0,419.81,0,0,0
MRC004520,General Retail,Micro,LOC0038,AGT00529,855,1,1,27,0.0,0.0,0.0,0.0,1.0,319.91,1.0,1.0,2.0,17810.67,2.0,2.0,319.91,0,0,0
MRC004521,General Retail,Micro,LOC0061,AGT00425,1934,0,1,2,2.0,344.01,2.0,1.0,4.0,2617.36,4.0,3.0,10.0,11994.3,10.0,9.0,654.34,0,0,0
MRC004522,General Retail,Medium,LOC0017,AGT00408,2408,0,1,104,0.0,0.0,0.0,0.0,0.0,0.0,0.0,0.0,0.0,0.0,0.0,0.0,0.0,1,1,1
MRC004523,Grocery,Small,LOC0043,AGT00005,454,1,1,12,0.0,0.0,0.0,0.0,4.0,4093.57,4.0,4.0,15.0,32623.989999999998,15.0,14.0,1023.3925,0,0,0
MRC004524,Pharmacy,Micro,LOC0096,AGT00160,452,1,1,0,6.0,17720.37,6.0,5.0,15.0,33065.87,15.0,13.0,39.0,60039.51,39.0,33.0,2204.3913333333335,0,0,0
MRC004525,Restaurant,Micro,LOC0073,AGT00126,864,1,1,18,0.0,0.0,0.0,0.0,2.0,2884.21,2.0,2.0,6.0,5383.139999999999,6.0,6.0,1442.105,0,0,0
MRC004526,Fashion,Micro,LOC0119,AGT00213,542,1,0,71,0.0,0.0,0.0,0.0,0.0,0.0,0.0,0.0,1.0,608.38,1.0,1.0,0.0,1,1,0
MRC004527,Fashion,Micro,LOC0094,AGT00270,306,1,1,3,2.0,3948.89,2.0,2.0,2.0,3948.89,2.0,2.0,6.0,8458.69,6.0,6.0,1974.445,0,0,0
MRC004528,Restaurant,Micro,LOC0044,AGT00615,2425,1,1,6,1.0,514.89,1.0,1.0,3.0,2803.91,3.0,3.0,10.0,6940.42,10.0,10.0,934.6366666666667,0,0,0
MRC004529,Utility,Micro,LOC0093,AGT00621,1559,1,1,38,0.0,0.0,0.0,0.0,0.0,0.0,0.0,0.0,6.0,3320.33,6.0,6.0,0.0,1,0,0
MRC004530,Pharmacy,Micro,LOC0104,AGT00506,1984,1,1,26,0.0,0.0,0.0,0.0,1.0,369.1,1.0,1.0,1.0,369.1,1.0,1.0,369.1,0,0,0
MRC004531,Transport,Micro,LOC0076,AGT00184,1524,1,0,0,4.0,3664.63,4.0,4.0,10.0,20083.53,10.0,10.0,19.0,68437.89,19.0,19.0,2008.3529999999998,0,0,0
MRC004532,General Retail,Small,LOC0092,AGT00539,1917,1,1,0,16.0,18657.04,16.0,7.0,57.0,76738.64,57.0,26.0,171.0,300720.38,171.0,79.0,1346.2919298245613,0,0,0
MRC004533,Education,Micro,LOC0061,AGT00428,1786,1,1,0,4.0,16035.43,4.0,2.0,13.0,27267.69,13.0,9.0,35.0,43567.56,35.0,29.0,2097.5146153846154,0,0,0
MRC004534,Restaurant,Small,LOC0110,AGT00288,637,1,1,1,1.0,517.47,1.0,1.0,2.0,1700.02,2.0,2.0,6.0,5792.87,6.0,6.0,850.01,0,0,0
MRC004535,Grocery,Small,LOC0029,AGT00467,615,0,1,2,1.0,712.37,1.0,1.0,2.0,1822.06,2.0,2.0,8.0,8865.26,8.0,8.0,911.03,0,0,0
MRC004536,Grocery,Medium,LOC0051,AGT00594,1355,1,1,24,0.0,0.0,0.0,0.0,1.0,2981.74,1.0,1.0,4.0,8584.64,4.0,4.0,2981.74,0,0,0
MRC004537,Healthcare,Micro,LOC0031,AGT00520,1097,1,1,7,0.0,0.0,0.0,0.0,4.0,2380.72,4.0,4.0,7.0,8694.24,7.0,7.0,595.18,0,0,0
MRC004538,Fashion,Small,LOC0013,AGT00439,2124,1,1,2,1.0,5043.44,1.0,1.0,8.0,12879.630000000001,8.0,5.0,23.0,36046.67,23.0,19.0,1609.9537500000001,0,0,0
MRC004539,Grocery,Medium,LOC0074,AGT00668,956,1,1,2,2.0,1297.58,2.0,2.0,10.0,18148.23,10.0,10.0,32.0,48564.98,32.0,30.0,1814.8229999999999,0,0,0
MRC004540,General Retail,Large,LOC0015,AGT00050,1005,1,1,8,0.0,0.0,0.0,0.0,1.0,451.89,1.0,1.0,4.0,3806.3900000000003,4.0,4.0,451.89,0,0,0
MRC004541,Transport,Medium,LOC0028,AGT00349,1442,1,1,2,1.0,785.13,1.0,1.0,3.0,7115.96,3.0,3.0,9.0,13085.31,9.0,7.0,2371.9866666666667,0,0,0
MRC004542,General Retail,Micro,LOC0092,AGT00348,708,1,1,1,2.0,1358.6399999999999,2.0,2.0,9.0,5970.36,9.0,8.0,28.0,39207.74,28.0,26.0,663.3733333333333,0,0,0
MRC004543,Fashion,Medium,LOC0029,AGT00356,2162,0,1,14,0.0,0.0,0.0,0.0,1.0,219.9,1.0,1.0,6.0,2675.14,6.0,6.0,219.9,0,0,0
MRC004544,General Retail,Medium,LOC0104,AGT00372,310,0,0,19,0.0,0.0,0.0,0.0,1.0,546.24,1.0,1.0,4.0,3535.27,4.0,4.0,546.24,0,0,0
MRC004545,Grocery,Micro,LOC0006,AGT00045,2138,1,0,0,1.0,2444.19,1.0,1.0,3.0,4221.639999999999,3.0,3.0,24.0,33487.87,24.0,21.0,1407.2133333333331,0,0,0
MRC004546,Grocery,Micro,LOC0055,AGT00093,1647,1,1,0,3.0,2534.57,3.0,3.0,9.0,9654.27,9.0,8.0,21.0,28431.420000000002,21.0,19.0,1072.6966666666667,0,0,0
MRC004547,General Retail,Medium,LOC0009,AGT00486,2227,1,0,5,1.0,158.14,1.0,1.0,4.0,5374.42,4.0,3.0,7.0,18017.99,7.0,6.0,1343.605,0,0,0
MRC004548,General Retail,Micro,LOC0008,AGT00614,928,1,1,8,0.0,0.0,0.0,0.0,3.0,4262.6900000000005,3.0,3.0,12.0,14678.75,12.0,11.0,1420.8966666666668,0,0,0
MRC004549,Fashion,Small,LOC0095,AGT00458,2254,0,1,5,1.0,336.55,1.0,1.0,2.0,509.23,2.0,2.0,14.0,12614.199999999999,14.0,14.0,254.615,0,0,0
MRC004550,Grocery,Small,LOC0009,AGT00008,2174,1,0,1,3.0,2755.3300000000004,3.0,3.0,4.0,3021.42,4.0,4.0,8.0,10835.34,8.0,8.0,755.355,0,0,0
MRC004551,Restaurant,Small,LOC0108,AGT00235,1284,1,1,50,0.0,0.0,0.0,0.0,0.0,0.0,0.0,0.0,4.0,3318.3,4.0,4.0,0.0,1,0,0
MRC004552,Healthcare,Micro,LOC0072,AGT00619,906,1,1,68,0.0,0.0,0.0,0.0,0.0,0.0,0.0,0.0,2.0,1810.71,2.0,2.0,0.0,1,1,0
MRC004553,General Retail,Small,LOC0058,AGT00352,717,1,1,5,3.0,4157.05,3.0,2.0,8.0,11381.99,8.0,6.0,20.0,44062.58,20.0,16.0,1422.74875,0,0,0
MRC004554,Restaurant,Small,LOC0111,AGT00122,618,1,1,8,0.0,0.0,0.0,0.0,3.0,1381.29,3.0,3.0,12.0,11315.380000000001,12.0,12.0,460.43,0,0,0
MRC004555,Grocery,Medium,LOC0047,AGT00602,1561,1,1,0,1.0,393.24,1.0,1.0,5.0,5606.43,5.0,5.0,15.0,29026.829999999998,15.0,15.0,1121.286,0,0,0
MRC004556,Transport,Micro,LOC0048,AGT00177,2385,1,1,18,0.0,0.0,0.0,0.0,1.0,8601.28,1.0,1.0,4.0,12326.64,4.0,4.0,8601.28,0,0,0
MRC004557,Healthcare,Micro,LOC0050,AGT00009,1523,0,1,4,2.0,11370.1,2.0,1.0,5.0,12658.23,5.0,4.0,9.0,18674.2,9.0,8.0,2531.6459999999997,0,0,0
MRC004558,Fashion,Micro,LOC0079,AGT00570,2395,0,1,26,0.0,0.0,0.0,0.0,1.0,493.17,1.0,1.0,6.0,10853.17,6.0,6.0,493.17,0,0,0
MRC004559,Education,Micro,LOC0102,AGT00018,1938,0,1,1,4.0,18408.07,4.0,3.0,15.0,30659.109999999997,15.0,12.0,44.0,66147.5,44.0,35.0,2043.9406666666664,0,0,0
MRC004560,General Retail,Large,LOC0066,AGT00292,1783,1,1,6,1.0,708.33,1.0,1.0,6.0,2839.36,6.0,5.0,23.0,26298.29,23.0,19.0,473.2266666666667,0,0,0
MRC004561,Pharmacy,Micro,LOC0034,AGT00485,1871,1,1,59,0.0,0.0,0.0,0.0,0.0,0.0,0.0,0.0,1.0,444.86,1.0,1.0,0.0,1,0,0
MRC004562,Education,Micro,LOC0107,AGT00672,2315,1,1,9,0.0,0.0,0.0,0.0,3.0,2670.4300000000003,3.0,3.0,11.0,25709.4,11.0,10.0,890.1433333333334,0,0,0
MRC004563,Education,Medium,LOC0072,AGT00198,2161,1,1,28,0.0,0.0,0.0,0.0,1.0,41.98,1.0,1.0,3.0,3809.91,3.0,3.0,41.98,0,0,0
MRC004564,Electronics,Micro,LOC0100,AGT00420,640,0,1,188,0.0,0.0,0.0,0.0,0.0,0.0,0.0,0.0,0.0,0.0,0.0,0.0,0.0,1,1,1
MRC004565,General Retail,Micro,LOC0052,AGT00015,1565,0,1,1,5.0,3459.46,5.0,3.0,12.0,7904.03,12.0,10.0,54.0,68069.77,54.0,43.0,658.6691666666667,0,0,0
MRC004566,Education,Small,LOC0024,AGT00640,1292,1,0,2,2.0,1518.49,2.0,2.0,3.0,2307.7799999999997,3.0,3.0,7.0,9363.16,7.0,6.0,769.2599999999999,0,0,0
MRC004567,Electronics,Small,LOC0114,AGT00702,2208,1,1,0,5.0,3355.92,5.0,3.0,13.0,28807.35,13.0,11.0,30.0,44462.11,30.0,27.0,2215.95,0,0,0
MRC004568,Grocery,Medium,LOC0082,AGT00147,733,1,1,17,0.0,0.0,0.0,0.0,1.0,4649.84,1.0,1.0,6.0,7691.75,6.0,5.0,4649.84,0,0,0
MRC004569,Transport,Small,LOC0037,AGT00263,2078,1,0,1,1.0,313.33,1.0,1.0,4.0,1400.36,4.0,4.0,6.0,6140.84,6.0,6.0,350.09,0,0,0
MRC004570,Grocery,Micro,LOC0102,AGT00058,1333,1,0,14,0.0,0.0,0.0,0.0,5.0,3602.46,5.0,4.0,7.0,5757.06,7.0,6.0,720.492,0,0,0
MRC004571,Grocery,Small,LOC0002,AGT00617,2323,1,1,1,1.0,1467.35,1.0,1.0,3.0,27481.62,3.0,3.0,12.0,37672.48,12.0,11.0,9160.539999999999,0,0,0
MRC004572,Fashion,Medium,LOC0112,AGT00786,2015,1,1,3,1.0,593.96,1.0,1.0,6.0,2089.27,6.0,6.0,15.0,18320.510000000002,15.0,14.0,348.21166666666664,0,0,0
MRC004573,Education,Micro,LOC0070,AGT00421,1040,1,1,5,1.0,2086.56,1.0,1.0,3.0,9805.64,3.0,3.0,16.0,18796.11,16.0,15.0,3268.5466666666666,0,0,0
MRC004574,General Retail,Small,LOC0071,AGT00007,2133,0,1,0,1.0,260.45,1.0,1.0,1.0,260.45,1.0,1.0,4.0,6833.03,4.0,4.0,260.45,0,0,0
MRC004575,Healthcare,Small,LOC0002,AGT00617,696,1,0,62,0.0,0.0,0.0,0.0,0.0,0.0,0.0,0.0,5.0,15866.43,5.0,5.0,0.0,1,1,0
MRC004576,General Retail,Small,LOC0022,AGT00544,296,1,1,17,0.0,0.0,0.0,0.0,1.0,491.4,1.0,1.0,4.0,15153.710000000001,4.0,4.0,491.4,0,0,0
MRC004577,Restaurant,Small,LOC0087,AGT00772,1394,0,1,1,5.0,7337.219999999999,5.0,3.0,11.0,18799.83,11.0,8.0,39.0,61176.08,39.0,35.0,1709.0754545454547,0,0,0
MRC004578,Electronics,Micro,LOC0067,AGT00578,1138,0,1,12,0.0,0.0,0.0,0.0,3.0,3725.26,3.0,3.0,6.0,8321.28,6.0,6.0,1241.7533333333333,0,0,0
MRC004579,General Retail,Small,LOC0016,AGT00102,561,1,1,17,0.0,0.0,0.0,0.0,1.0,307.93,1.0,1.0,1.0,307.93,1.0,1.0,307.93,0,0,0
MRC004580,Restaurant,Micro,LOC0080,AGT00416,2459,0,1,24,0.0,0.0,0.0,0.0,2.0,1221.15,2.0,1.0,6.0,4921.98,6.0,5.0,610.575,0,0,0
MRC004581,Utility,Small,LOC0090,AGT00073,372,1,1,0,9.0,10356.34,9.0,5.0,35.0,43922.42,35.0,24.0,103.0,159167.32,103.0,65.0,1254.9262857142858,0,0,0
MRC004582,Electronics,Small,LOC0033,AGT00412,1574,1,1,2,1.0,3979.83,1.0,1.0,6.0,9878.52,6.0,5.0,21.0,20811.28,21.0,20.0,1646.42,0,0,0
MRC004583,Pharmacy,Micro,LOC0083,AGT00430,857,1,0,11,0.0,0.0,0.0,0.0,3.0,7106.22,3.0,3.0,8.0,17164.89,8.0,8.0,2368.7400000000002,0,0,0
MRC004584,Education,Micro,LOC0117,AGT00773,934,0,0,2,1.0,3142.82,1.0,1.0,8.0,12741.44,8.0,8.0,22.0,28017.4,22.0,20.0,1592.68,0,0,0
MRC004585,Pharmacy,Medium,LOC0058,AGT00630,748,1,1,4,1.0,811.38,1.0,1.0,5.0,3811.51,5.0,5.0,19.0,36245.57,19.0,18.0,762.302,0,0,0
MRC004586,Grocery,Micro,LOC0028,AGT00349,1136,1,1,4,1.0,101.81,1.0,1.0,4.0,2114.11,4.0,4.0,18.0,16630.13,18.0,17.0,528.5275,0,0,0
MRC004587,Pharmacy,Micro,LOC0116,AGT00317,1745,1,1,0,2.0,2083.4,2.0,2.0,5.0,6144.19,5.0,5.0,16.0,12401.83,16.0,15.0,1228.838,0,0,0
MRC004588,Grocery,Micro,LOC0110,AGT00338,991,1,1,3,1.0,1460.32,1.0,1.0,4.0,11763.51,4.0,4.0,10.0,23213.81,10.0,10.0,2940.8775,0,0,0
MRC004589,Restaurant,Small,LOC0055,AGT00221,1863,0,1,12,0.0,0.0,0.0,0.0,4.0,6152.04,4.0,3.0,13.0,16589.010000000002,13.0,11.0,1538.01,0,0,0
MRC004590,General Retail,Micro,LOC0052,AGT00015,1265,1,1,97,0.0,0.0,0.0,0.0,0.0,0.0,0.0,0.0,0.0,0.0,0.0,0.0,0.0,1,1,1
MRC004591,Restaurant,Medium,LOC0101,AGT00135,2002,1,1,0,7.0,4791.62,7.0,5.0,17.0,17784.05,17.0,14.0,45.0,60908.090000000004,45.0,37.0,1046.120588235294,0,0,0
MRC004592,General Retail,Small,LOC0001,AGT00123,1258,1,0,12,0.0,0.0,0.0,0.0,2.0,2125.5,2.0,1.0,4.0,6222.26,4.0,3.0,1062.75,0,0,0
MRC004593,Electronics,Micro,LOC0038,AGT00341,1085,1,1,39,0.0,0.0,0.0,0.0,0.0,0.0,0.0,0.0,1.0,784.74,1.0,1.0,0.0,1,0,0
MRC004594,Grocery,Small,LOC0066,AGT00328,1394,1,1,38,0.0,0.0,0.0,0.0,0.0,0.0,0.0,0.0,7.0,51291.05,7.0,5.0,0.0,1,0,0
MRC004595,Grocery,Micro,LOC0079,AGT00725,1787,1,1,5,2.0,1190.72,2.0,2.0,5.0,4179.99,5.0,5.0,11.0,8243.8,11.0,11.0,835.9979999999999,0,0,0
MRC004596,General Retail,Micro,LOC0076,AGT00533,1301,1,1,24,0.0,0.0,0.0,0.0,1.0,241.92,1.0,1.0,6.0,5262.69,6.0,6.0,241.92,0,0,0
MRC004597,Education,Small,LOC0045,AGT00761,2266,0,1,16,0.0,0.0,0.0,0.0,1.0,1351.06,1.0,1.0,18.0,36231.11,18.0,17.0,1351.06,0,0,0
MRC004598,General Retail,Micro,LOC0105,AGT00117,1414,1,1,8,0.0,0.0,0.0,0.0,4.0,7383.06,4.0,3.0,19.0,23387.4,19.0,17.0,1845.765,0,0,0
MRC004599,Restaurant,Medium,LOC0078,AGT00535,933,1,1,55,0.0,0.0,0.0,0.0,0.0,0.0,0.0,0.0,2.0,792.28,2.0,2.0,0.0,1,0,0
MRC004600,Healthcare,Small,LOC0065,AGT00096,348,1,1,44,0.0,0.0,0.0,0.0,0.0,0.0,0.0,0.0,5.0,5550.48,5.0,5.0,0.0,1,0,0
MRC004601,Utility,Micro,LOC0113,AGT00322,1144,1,1,4,1.0,2820.11,1.0,1.0,3.0,5666.63,3.0,3.0,5.0,9126.83,5.0,5.0,1888.8766666666668,0,0,0
MRC004602,General Retail,Large,LOC0012,AGT00256,405,1,1,15,0.0,0.0,0.0,0.0,2.0,501.94,2.0,2.0,6.0,10759.28,6.0,6.0,250.97,0,0,0
MRC004603,Grocery,Small,LOC0086,AGT00469,365,0,1,2,3.0,2710.37,3.0,3.0,16.0,34442.12,16.0,14.0,49.0,76490.02,49.0,38.0,2152.6325,0,0,0
MRC004604,General Retail,Micro,LOC0112,AGT00667,1097,0,1,10,0.0,0.0,0.0,0.0,1.0,200.93,1.0,1.0,1.0,200.93,1.0,1.0,200.93,0,0,0
MRC004605,Restaurant,Small,LOC0080,AGT00262,921,1,1,1,3.0,920.4,3.0,3.0,13.0,9798.61,13.0,11.0,57.0,84465.98,57.0,42.0,753.7392307692309,0,0,0
MRC004606,General Retail,Medium,LOC0068,AGT00778,2220,0,1,5,1.0,329.24,1.0,1.0,2.0,1429.3700000000001,2.0,2.0,7.0,21202.31,7.0,7.0,714.6850000000001,0,0,0
MRC004607,Electronics,Small,LOC0044,AGT00099,1882,0,1,1,3.0,6817.74,3.0,3.0,18.0,38105.170000000006,18.0,14.0,52.0,73796.52,52.0,39.0,2116.953888888889,0,0,0
MRC004608,Education,Small,LOC0033,AGT00507,2014,1,1,10,0.0,0.0,0.0,0.0,2.0,1506.82,2.0,2.0,5.0,3648.42,5.0,5.0,753.41,0,0,0
MRC004609,Restaurant,Small,LOC0066,AGT00293,1478,1,1,1,1.0,563.88,1.0,1.0,2.0,2693.42,2.0,2.0,5.0,3546.23,5.0,5.0,1346.71,0,0,0
MRC004610,General Retail,Micro,LOC0108,AGT00620,527,1,1,4,1.0,646.33,1.0,1.0,4.0,2990.0,4.0,4.0,10.0,14199.859999999999,10.0,9.0,747.5,0,0,0
MRC004611,Pharmacy,Micro,LOC0056,AGT00583,2146,0,1,0,2.0,3285.0499999999997,2.0,2.0,7.0,11937.58,7.0,7.0,34.0,51545.63,34.0,29.0,1705.3685714285714,0,0,0
MRC004612,Fashion,Small,LOC0015,AGT00538,1368,0,1,13,0.0,0.0,0.0,0.0,3.0,4269.88,3.0,3.0,10.0,18640.56,10.0,10.0,1423.2933333333333,0,0,0
MRC004613,Education,Medium,LOC0059,AGT00590,1224,1,1,0,1.0,410.11,1.0,1.0,5.0,3503.0,5.0,4.0,13.0,22793.999999999996,13.0,12.0,700.6,0,0,0
MRC004614,Healthcare,Small,LOC0012,AGT00440,1608,1,1,16,0.0,0.0,0.0,0.0,2.0,755.89,2.0,2.0,20.0,21386.75,20.0,16.0,377.945,0,0,0
MRC004615,Fashion,Micro,LOC0113,AGT00271,644,1,1,9,0.0,0.0,0.0,0.0,3.0,2331.4700000000003,3.0,3.0,6.0,3178.74,6.0,6.0,777.1566666666668,0,0,0
MRC004616,Transport,Small,LOC0065,AGT00313,1338,1,1,1,1.0,1549.13,1.0,1.0,5.0,9062.32,5.0,5.0,17.0,21238.96,17.0,16.0,1812.464,0,0,0
MRC004617,Fashion,Micro,LOC0026,AGT00697,1610,1,1,23,0.0,0.0,0.0,0.0,1.0,280.59,1.0,1.0,4.0,5981.25,4.0,3.0,280.59,0,0,0
MRC004618,Transport,Micro,LOC0075,AGT00400,1811,1,0,6,1.0,4006.92,1.0,1.0,8.0,12615.189999999999,8.0,7.0,32.0,46931.54,32.0,25.0,1576.8987499999998,0,0,0
MRC004619,Transport,Small,LOC0065,AGT00510,1379,1,1,3,1.0,421.96,1.0,1.0,2.0,11726.339999999998,2.0,2.0,14.0,24912.149999999998,14.0,13.0,5863.169999999999,0,0,0
MRC004620,Transport,Micro,LOC0062,AGT00240,2466,0,1,5,2.0,2116.56,2.0,1.0,5.0,7136.72,5.0,3.0,17.0,25256.190000000002,17.0,13.0,1427.344,0,0,0
MRC004621,General Retail,Medium,LOC0072,AGT00788,2450,1,1,5,1.0,71.13,1.0,1.0,1.0,71.13,1.0,1.0,1.0,71.13,1.0,1.0,71.13,0,0,0
MRC004622,Electronics,Small,LOC0112,AGT00667,497,1,0,14,0.0,0.0,0.0,0.0,4.0,1637.55,4.0,4.0,19.0,23144.36,19.0,17.0,409.3875,0,0,0
MRC004623,Grocery,Small,LOC0103,AGT00686,468,0,1,47,0.0,0.0,0.0,0.0,0.0,0.0,0.0,0.0,5.0,4491.52,5.0,4.0,0.0,1,0,0
MRC004624,Transport,Medium,LOC0032,AGT00592,1413,1,1,37,0.0,0.0,0.0,0.0,0.0,0.0,0.0,0.0,4.0,4618.42,4.0,4.0,0.0,1,0,0
MRC004625,Grocery,Small,LOC0029,AGT00356,2095,1,1,27,0.0,0.0,0.0,0.0,2.0,1494.46,2.0,2.0,9.0,16678.49,9.0,8.0,747.23,0,0,0
MRC004626,Pharmacy,Medium,LOC0119,AGT00136,1406,1,1,36,0.0,0.0,0.0,0.0,0.0,0.0,0.0,0.0,1.0,1561.69,1.0,1.0,0.0,1,0,0
MRC004627,Utility,Medium,LOC0078,AGT00358,761,1,1,0,2.0,2350.38,2.0,2.0,5.0,8136.0199999999995,5.0,5.0,15.0,25801.86,15.0,14.0,1627.204,0,0,0
MRC004628,Fashion,Small,LOC0003,AGT00264,1515,1,1,0,5.0,1952.88,5.0,5.0,12.0,7244.58,12.0,11.0,43.0,61499.4,43.0,36.0,603.715,0,0,0
MRC004629,Fashion,Micro,LOC0064,AGT00713,2347,1,1,1,1.0,170.09,1.0,1.0,1.0,170.09,1.0,1.0,1.0,170.09,1.0,1.0,170.09,0,0,0
MRC004630,General Retail,Micro,LOC0015,AGT00120,651,1,1,3,1.0,1551.46,1.0,1.0,6.0,21556.68,6.0,6.0,10.0,27863.489999999998,10.0,9.0,3592.78,0,0,0
MRC004631,Pharmacy,Medium,LOC0004,AGT00673,1260,1,1,1,1.0,278.81,1.0,1.0,3.0,2752.65,3.0,3.0,8.0,11706.869999999999,8.0,8.0,917.5500000000001,0,0,0
MRC004632,Grocery,Micro,LOC0023,AGT00559,1681,0,0,33,0.0,0.0,0.0,0.0,0.0,0.0,0.0,0.0,2.0,3297.61,2.0,2.0,0.0,1,0,0
MRC004633,Grocery,Medium,LOC0031,AGT00026,1146,0,1,12,0.0,0.0,0.0,0.0,6.0,4097.8,6.0,4.0,25.0,32312.309999999998,25.0,19.0,682.9666666666667,0,0,0
MRC004634,Pharmacy,Micro,LOC0010,AGT00025,383,0,1,9,0.0,0.0,0.0,0.0,3.0,3481.25,3.0,3.0,11.0,55258.58,11.0,10.0,1160.4166666666667,0,0,0
MRC004635,Healthcare,Small,LOC0101,AGT00382,1750,0,1,0,6.0,11008.0,6.0,4.0,22.0,23931.31,22.0,17.0,72.0,118301.92,72.0,50.0,1087.7868181818183,0,0,0
MRC004636,Utility,Micro,LOC0053,AGT00739,1906,1,1,9,0.0,0.0,0.0,0.0,3.0,1595.31,3.0,3.0,14.0,19282.15,14.0,14.0,531.77,0,0,0
MRC004637,Education,Medium,LOC0067,AGT00760,1718,1,1,34,0.0,0.0,0.0,0.0,0.0,0.0,0.0,0.0,5.0,2551.17,5.0,4.0,0.0,1,0,0
MRC004638,Pharmacy,Micro,LOC0104,AGT00372,1736,1,1,4,1.0,2195.54,1.0,1.0,2.0,3617.77,2.0,2.0,15.0,25570.95,15.0,13.0,1808.885,0,0,0
MRC004639,Electronics,Micro,LOC0101,AGT00107,1721,1,0,0,4.0,1419.35,4.0,3.0,14.0,9892.67,14.0,12.0,58.0,86269.42,58.0,42.0,706.6192857142858,0,0,0
MRC004640,Grocery,Medium,LOC0099,AGT00139,1008,0,1,7,0.0,0.0,0.0,0.0,1.0,1216.43,1.0,1.0,8.0,15290.909999999998,8.0,8.0,1216.43,0,0,0
MRC004641,Transport,Micro,LOC0024,AGT00566,323,1,1,1,2.0,1964.03,2.0,2.0,3.0,2501.89,3.0,3.0,9.0,9111.42,9.0,9.0,833.9633333333333,0,0,0
MRC004642,Education,Micro,LOC0090,AGT00346,2447,1,1,10,0.0,0.0,0.0,0.0,1.0,3139.44,1.0,1.0,2.0,6471.63,2.0,2.0,3139.44,0,0,0
MRC004643,Grocery,Medium,LOC0120,AGT00392,733,0,1,1,3.0,3779.21,3.0,3.0,19.0,19322.88,19.0,13.0,37.0,39923.66,37.0,29.0,1016.9936842105263,0,0,0
MRC004644,Utility,Medium,LOC0001,AGT00490,2097,0,1,15,0.0,0.0,0.0,0.0,7.0,6148.75,7.0,7.0,22.0,32632.86,22.0,22.0,878.3928571428571,0,0,0
MRC004645,Utility,Micro,LOC0105,AGT00117,1468,1,1,999,0.0,0.0,0.0,0.0,0.0,0.0,0.0,0.0,0.0,0.0,0.0,0.0,0.0,1,1,1
MRC004646,Restaurant,Small,LOC0104,AGT00656,1465,1,1,3,2.0,3661.17,2.0,2.0,5.0,6636.27,5.0,5.0,17.0,24458.45,17.0,17.0,1327.2540000000001,0,0,0
MRC004647,Transport,Micro,LOC0101,AGT00143,332,1,1,104,0.0,0.0,0.0,0.0,0.0,0.0,0.0,0.0,0.0,0.0,0.0,0.0,0.0,1,1,1
MRC004648,Education,Micro,LOC0048,AGT00186,2451,1,1,1,1.0,1403.32,1.0,1.0,2.0,2115.49,2.0,2.0,6.0,9459.3,6.0,6.0,1057.745,0,0,0
MRC004649,Grocery,Small,LOC0024,AGT00268,1441,1,1,0,5.0,3781.79,5.0,4.0,11.0,11666.17,11.0,8.0,23.0,25204.76,23.0,20.0,1060.560909090909,0,0,0
MRC004650,Grocery,Micro,LOC0088,AGT00192,2100,1,0,1,2.0,1610.13,2.0,1.0,2.0,1610.13,2.0,1.0,6.0,11605.189999999999,6.0,5.0,805.065,0,0,0
MRC004651,Transport,Small,LOC0075,AGT00591,1986,1,1,2,3.0,2149.66,3.0,3.0,10.0,12279.81,10.0,9.0,37.0,42817.15,37.0,31.0,1227.981,0,0,0
MRC004652,General Retail,Micro,LOC0088,AGT00442,588,1,1,35,0.0,0.0,0.0,0.0,0.0,0.0,0.0,0.0,9.0,22390.37,9.0,8.0,0.0,1,0,0
MRC004653,Education,Medium,LOC0031,AGT00026,2357,0,0,23,0.0,0.0,0.0,0.0,1.0,231.63,1.0,1.0,7.0,9974.46,7.0,7.0,231.63,0,0,0
MRC004654,Education,Small,LOC0022,AGT00321,1578,1,1,3,2.0,2447.94,2.0,2.0,5.0,13033.410000000002,5.0,5.0,20.0,36853.35,20.0,20.0,2606.6820000000002,0,0,0
MRC004655,Transport,Micro,LOC0109,AGT00461,691,1,1,42,0.0,0.0,0.0,0.0,0.0,0.0,0.0,0.0,3.0,4112.17,3.0,3.0,0.0,1,0,0
MRC004656,Fashion,Medium,LOC0062,AGT00487,1556,1,0,23,0.0,0.0,0.0,0.0,1.0,1011.9,1.0,1.0,4.0,3793.67,4.0,4.0,1011.9,0,0,0
MRC004657,Grocery,Medium,LOC0103,AGT00030,1633,1,1,1,3.0,3747.9,3.0,2.0,6.0,5230.26,6.0,5.0,19.0,29913.38,19.0,17.0,871.71,0,0,0
MRC004658,Restaurant,Micro,LOC0112,AGT00746,1713,1,0,2,2.0,946.06,2.0,2.0,6.0,3285.2999999999997,6.0,6.0,14.0,10351.72,14.0,14.0,547.55,0,0,0
MRC004659,General Retail,Large,LOC0056,AGT00639,989,1,1,9,0.0,0.0,0.0,0.0,9.0,12933.359999999999,9.0,8.0,34.0,39398.01,34.0,29.0,1437.04,0,0,0
MRC004660,Utility,Micro,LOC0032,AGT00056,2342,1,1,7,0.0,0.0,0.0,0.0,4.0,21161.199999999997,4.0,4.0,8.0,22554.04,8.0,8.0,5290.299999999999,0,0,0
MRC004661,General Retail,Micro,LOC0108,AGT00235,804,1,1,4,1.0,6015.85,1.0,1.0,2.0,11167.07,2.0,2.0,3.0,11703.560000000001,3.0,3.0,5583.535,0,0,0
MRC004662,Grocery,Small,LOC0086,AGT00068,1362,1,1,0,1.0,491.51,1.0,1.0,4.0,3028.3999999999996,4.0,4.0,5.0,3356.35,5.0,5.0,757.0999999999999,0,0,0
MRC004663,Electronics,Micro,LOC0080,AGT00262,2119,1,1,55,0.0,0.0,0.0,0.0,0.0,0.0,0.0,0.0,2.0,2585.41,2.0,2.0,0.0,1,0,0
MRC004664,Education,Small,LOC0115,AGT00563,456,1,1,1,2.0,763.55,2.0,2.0,22.0,37306.130000000005,22.0,14.0,60.0,107516.87,60.0,47.0,1695.733181818182,0,0,0
MRC004665,Pharmacy,Small,LOC0030,AGT00078,1168,1,1,2,1.0,2155.76,1.0,1.0,2.0,2529.5600000000004,2.0,2.0,4.0,15907.79,4.0,4.0,1264.7800000000002,0,0,0
MRC004666,Pharmacy,Medium,LOC0044,AGT00230,1334,1,0,0,1.0,1297.92,1.0,1.0,1.0,1297.92,1.0,1.0,9.0,42991.14,9.0,8.0,1297.92,0,0,0
MRC004667,Utility,Micro,LOC0005,AGT00377,1975,1,0,0,3.0,2112.7200000000003,3.0,3.0,15.0,15396.17,15.0,11.0,48.0,47050.95,48.0,36.0,1026.4113333333332,0,0,0
MRC004668,Transport,Micro,LOC0047,AGT00055,2008,1,1,10,0.0,0.0,0.0,0.0,3.0,2313.38,3.0,3.0,9.0,10106.44,9.0,9.0,771.1266666666667,0,0,0
MRC004669,Transport,Micro,LOC0054,AGT00214,2028,1,1,1,4.0,3260.88,4.0,4.0,13.0,25894.48,13.0,12.0,26.0,55304.09,26.0,23.0,1991.883076923077,0,0,0
MRC004670,Pharmacy,Micro,LOC0055,AGT00178,1070,1,1,82,0.0,0.0,0.0,0.0,0.0,0.0,0.0,0.0,1.0,1948.57,1.0,1.0,0.0,1,1,0
MRC004671,Electronics,Medium,LOC0019,AGT00121,1361,1,1,3,2.0,2068.73,2.0,2.0,13.0,15622.67,13.0,10.0,35.0,35188.38,35.0,30.0,1201.743846153846,0,0,0
MRC004672,Grocery,Small,LOC0098,AGT00335,346,1,1,8,0.0,0.0,0.0,0.0,3.0,14347.51,3.0,3.0,6.0,17778.61,6.0,6.0,4782.503333333333,0,0,0
MRC004673,Grocery,Small,LOC0059,AGT00472,2084,1,0,13,0.0,0.0,0.0,0.0,1.0,1256.58,1.0,1.0,6.0,19152.39,6.0,6.0,1256.58,0,0,0
MRC004674,Electronics,Small,LOC0053,AGT00098,949,1,1,13,0.0,0.0,0.0,0.0,1.0,3924.47,1.0,1.0,2.0,5825.28,2.0,2.0,3924.47,0,0,0
MRC004675,Restaurant,Micro,LOC0104,AGT00272,1308,1,1,2,8.0,6945.34,8.0,3.0,23.0,25048.53,23.0,17.0,58.0,65576.97,58.0,44.0,1089.0665217391304,0,0,0
MRC004676,General Retail,Micro,LOC0059,AGT00092,1777,1,1,38,0.0,0.0,0.0,0.0,0.0,0.0,0.0,0.0,7.0,6208.4800000000005,7.0,6.0,0.0,1,0,0
MRC004677,Fashion,Small,LOC0108,AGT00645,1983,1,1,22,0.0,0.0,0.0,0.0,1.0,190.25,1.0,1.0,2.0,2190.92,2.0,2.0,190.25,0,0,0
MRC004678,Grocery,Medium,LOC0027,AGT00473,474,1,0,0,1.0,593.89,1.0,1.0,3.0,3464.63,3.0,3.0,8.0,11881.060000000001,8.0,8.0,1154.8766666666668,0,0,0
MRC004679,Grocery,Micro,LOC0103,AGT00327,1963,1,0,26,0.0,0.0,0.0,0.0,1.0,1180.46,1.0,1.0,5.0,5260.8,5.0,5.0,1180.46,0,0,0
MRC004680,Healthcare,Micro,LOC0119,AGT00002,1108,1,1,0,1.0,986.22,1.0,1.0,3.0,6518.08,3.0,3.0,11.0,11075.480000000001,11.0,11.0,2172.693333333333,0,0,0
MRC004681,Grocery,Small,LOC0091,AGT00158,1199,1,1,6,1.0,1283.37,1.0,1.0,4.0,3343.38,4.0,4.0,12.0,17738.73,12.0,12.0,835.845,0,0,0
MRC004682,Grocery,Micro,LOC0108,AGT00645,577,1,1,0,2.0,1663.3799999999999,2.0,2.0,6.0,6567.38,6.0,6.0,14.0,14219.43,14.0,14.0,1094.5633333333333,0,0,0
MRC004683,Fashion,Small,LOC0089,AGT00574,1853,1,1,0,4.0,11321.39,4.0,4.0,10.0,18563.55,10.0,9.0,23.0,28523.86,23.0,22.0,1856.355,0,0,0
MRC004684,Pharmacy,Micro,LOC0073,AGT00357,1326,1,1,7,0.0,0.0,0.0,0.0,3.0,2061.48,3.0,3.0,10.0,18937.19,10.0,10.0,687.16,0,0,0
MRC004685,Education,Small,LOC0092,AGT00042,513,0,0,0,4.0,5848.21,4.0,4.0,29.0,50755.950000000004,29.0,17.0,79.0,106402.75,79.0,51.0,1750.2051724137932,0,0,0
MRC004686,Fashion,Small,LOC0116,AGT00113,596,1,1,27,0.0,0.0,0.0,0.0,1.0,406.96,1.0,1.0,6.0,6540.969999999999,6.0,6.0,406.96,0,0,0
MRC004687,Grocery,Medium,LOC0073,AGT00588,1863,1,1,1,1.0,1132.68,1.0,1.0,8.0,7031.98,8.0,8.0,26.0,34198.22,26.0,23.0,878.9975,0,0,0
MRC004688,Utility,Small,LOC0083,AGT00430,525,1,1,4,1.0,866.37,1.0,1.0,2.0,973.03,2.0,2.0,4.0,4182.26,4.0,4.0,486.515,0,0,0
MRC004689,Fashion,Micro,LOC0010,AGT00025,1425,0,1,37,0.0,0.0,0.0,0.0,0.0,0.0,0.0,0.0,1.0,256.81,1.0,1.0,0.0,1,0,0
MRC004690,Education,Small,LOC0116,AGT00113,1811,1,1,7,0.0,0.0,0.0,0.0,1.0,1742.48,1.0,1.0,2.0,3001.55,2.0,2.0,1742.48,0,0,0
MRC004691,Grocery,Small,LOC0094,AGT00623,2279,1,1,16,0.0,0.0,0.0,0.0,3.0,3548.0,3.0,3.0,14.0,10219.74,14.0,14.0,1182.6666666666667,0,0,0
MRC004692,Education,Small,LOC0020,AGT00607,632,1,1,4,1.0,1769.45,1.0,1.0,9.0,14851.830000000002,9.0,7.0,26.0,57566.37,26.0,22.0,1650.2033333333336,0,0,0
MRC004693,Pharmacy,Medium,LOC0035,AGT00715,933,1,1,3,1.0,1403.33,1.0,1.0,2.0,2597.0299999999997,2.0,2.0,3.0,3176.25,3.0,3.0,1298.5149999999999,0,0,0
MRC004694,Fashion,Medium,LOC0028,AGT00489,625,1,1,46,0.0,0.0,0.0,0.0,0.0,0.0,0.0,0.0,2.0,2438.07,2.0,2.0,0.0,1,0,0
MRC004695,Restaurant,Micro,LOC0039,AGT00124,2209,1,1,1,1.0,10706.13,1.0,1.0,3.0,12498.849999999999,3.0,3.0,15.0,25933.92,15.0,14.0,4166.283333333333,0,0,0
MRC004696,General Retail,Small,LOC0107,AGT00626,1581,1,1,5,1.0,1683.03,1.0,1.0,1.0,1683.03,1.0,1.0,8.0,9915.46,8.0,8.0,1683.03,0,0,0
MRC004697,Pharmacy,Micro,LOC0056,AGT00583,2435,0,1,7,0.0,0.0,0.0,0.0,1.0,117.68,1.0,1.0,6.0,7125.9800000000005,6.0,6.0,117.68,0,0,0
MRC004698,General Retail,Small,LOC0051,AGT00650,382,1,1,8,0.0,0.0,0.0,0.0,1.0,3685.22,1.0,1.0,4.0,10262.01,4.0,4.0,3685.22,0,0,0
MRC004699,General Retail,Medium,LOC0094,AGT00088,1829,0,1,9,0.0,0.0,0.0,0.0,3.0,1979.2699999999998,3.0,3.0,9.0,18870.71,9.0,9.0,659.7566666666665,0,0,0
MRC004700,Fashion,Small,LOC0045,AGT00589,359,1,1,6,1.0,368.32,1.0,1.0,3.0,1550.57,3.0,3.0,16.0,17819.76,16.0,15.0,516.8566666666667,0,0,0
MRC004701,Restaurant,Micro,LOC0107,AGT00626,525,0,1,3,1.0,1656.53,1.0,1.0,4.0,16187.48,4.0,4.0,16.0,37785.93,16.0,15.0,4046.87,0,0,0
MRC004702,Restaurant,Medium,LOC0091,AGT00677,1229,0,1,67,0.0,0.0,0.0,0.0,0.0,0.0,0.0,0.0,2.0,5593.0599999999995,2.0,2.0,0.0,1,1,0
MRC004703,General Retail,Small,LOC0031,AGT00116,1088,1,0,3,1.0,946.08,1.0,1.0,2.0,1069.25,2.0,2.0,3.0,1947.87,3.0,3.0,534.625,0,0,0
MRC004704,Education,Micro,LOC0076,AGT00533,1084,1,1,38,0.0,0.0,0.0,0.0,0.0,0.0,0.0,0.0,12.0,22935.33,12.0,11.0,0.0,1,0,0
MRC004705,Electronics,Medium,LOC0058,AGT00106,435,1,1,1,2.0,3311.53,2.0,2.0,6.0,7582.040000000001,6.0,6.0,20.0,25695.190000000002,20.0,18.0,1263.6733333333334,0,0,0
MRC004706,Grocery,Micro,LOC0042,AGT00204,1476,1,1,23,0.0,0.0,0.0,0.0,1.0,5010.86,1.0,1.0,3.0,6248.66,3.0,3.0,5010.86,0,0,0
MRC004707,General Retail,Small,LOC0109,AGT00242,1031,1,1,20,0.0,0.0,0.0,0.0,1.0,259.94,1.0,1.0,5.0,2841.89,5.0,5.0,259.94,0,0,0
MRC004708,Grocery,Small,LOC0048,AGT00186,2457,1,1,5,1.0,1692.83,1.0,1.0,3.0,2767.88,3.0,3.0,13.0,19625.54,13.0,13.0,922.6266666666667,0,0,0
MRC004709,Grocery,Medium,LOC0015,AGT00538,2012,1,1,28,0.0,0.0,0.0,0.0,1.0,1758.92,1.0,1.0,5.0,5244.59,5.0,5.0,1758.92,0,0,0
MRC004710,Pharmacy,Micro,LOC0050,AGT00738,1236,1,1,14,0.0,0.0,0.0,0.0,1.0,857.58,1.0,1.0,3.0,6924.8,3.0,3.0,857.58,0,0,0
MRC004711,Fashion,Micro,LOC0063,AGT00651,1959,0,1,8,0.0,0.0,0.0,0.0,1.0,1934.83,1.0,1.0,4.0,5338.889999999999,4.0,4.0,1934.83,0,0,0
MRC004712,General Retail,Small,LOC0016,AGT00100,1545,0,1,11,0.0,0.0,0.0,0.0,1.0,755.54,1.0,1.0,3.0,3782.62,3.0,3.0,755.54,0,0,0
MRC004713,Utility,Medium,LOC0090,AGT00577,1369,1,1,3,2.0,2539.38,2.0,2.0,4.0,5339.51,4.0,3.0,15.0,14447.73,15.0,14.0,1334.8775,0,0,0
MRC004714,Grocery,Micro,LOC0028,AGT00051,2295,0,1,0,12.0,21915.37,12.0,6.0,46.0,55587.8,46.0,24.0,134.0,191840.48,134.0,69.0,1208.4304347826087,0,0,0
MRC004715,Restaurant,Micro,LOC0012,AGT00646,1570,0,1,13,0.0,0.0,0.0,0.0,2.0,5888.24,2.0,2.0,10.0,19369.28,10.0,9.0,2944.12,0,0,0
MRC004716,Utility,Medium,LOC0065,AGT00096,1342,1,1,59,0.0,0.0,0.0,0.0,0.0,0.0,0.0,0.0,1.0,306.3,1.0,1.0,0.0,1,0,0
MRC004717,Electronics,Small,LOC0020,AGT00607,1525,1,1,25,0.0,0.0,0.0,0.0,1.0,243.45,1.0,1.0,3.0,1365.84,3.0,3.0,243.45,0,0,0
MRC004718,Grocery,Micro,LOC0094,AGT00270,1993,0,1,1,1.0,2612.27,1.0,1.0,2.0,2796.87,2.0,2.0,7.0,10964.25,7.0,7.0,1398.435,0,0,0
MRC004719,Restaurant,Micro,LOC0009,AGT00765,1907,1,0,14,0.0,0.0,0.0,0.0,4.0,5763.679999999999,4.0,3.0,19.0,22739.76,19.0,16.0,1440.9199999999998,0,0,0
MRC004720,Education,Small,LOC0051,AGT00515,1485,1,1,1,5.0,12814.710000000001,5.0,3.0,12.0,28102.16,12.0,10.0,36.0,59613.520000000004,36.0,31.0,2341.846666666667,0,0,0
MRC004721,General Retail,Small,LOC0007,AGT00488,673,1,1,1,3.0,2668.8900000000003,3.0,3.0,15.0,37331.79,15.0,11.0,34.0,64434.58,34.0,30.0,2488.786,0,0,0
MRC004722,Transport,Small,LOC0047,AGT00602,1679,1,1,1,1.0,1181.91,1.0,1.0,10.0,24541.16,10.0,9.0,22.0,52906.32,22.0,20.0,2454.116,0,0,0
MRC004723,Grocery,Small,LOC0112,AGT00402,1227,0,0,12,0.0,0.0,0.0,0.0,1.0,1163.4,1.0,1.0,5.0,3424.01,5.0,5.0,1163.4,0,0,0
MRC004724,Transport,Micro,LOC0079,AGT00498,2324,1,1,1,3.0,6173.12,3.0,2.0,12.0,15770.14,12.0,10.0,46.0,74973.59,46.0,33.0,1314.1783333333333,0,0,0
MRC004725,Pharmacy,Medium,LOC0065,AGT00484,2271,0,1,11,0.0,0.0,0.0,0.0,2.0,4817.2,2.0,2.0,7.0,15477.53,7.0,7.0,2408.6,0,0,0
MRC004726,General Retail,Micro,LOC0019,AGT00144,288,1,1,2,1.0,242.78,1.0,1.0,2.0,999.31,2.0,2.0,12.0,35288.51,12.0,11.0,499.655,0,0,0
MRC004727,Restaurant,Medium,LOC0038,AGT00341,2470,1,1,12,0.0,0.0,0.0,0.0,2.0,2800.12,2.0,2.0,10.0,16075.41,10.0,10.0,1400.06,0,0,0
MRC004728,Grocery,Micro,LOC0046,AGT00718,2255,1,1,8,0.0,0.0,0.0,0.0,1.0,340.78,1.0,1.0,1.0,340.78,1.0,1.0,340.78,0,0,0
MRC004729,Fashion,Micro,LOC0070,AGT00800,2269,0,1,3,1.0,1864.24,1.0,1.0,10.0,10412.83,10.0,7.0,40.0,51690.08,40.0,31.0,1041.283,0,0,0
MRC004730,Pharmacy,Micro,LOC0025,AGT00290,1374,1,0,1,1.0,1793.26,1.0,1.0,7.0,4417.9,7.0,7.0,19.0,23126.44,19.0,18.0,631.1285714285714,0,0,0
MRC004731,Pharmacy,Micro,LOC0120,AGT00392,878,1,1,55,0.0,0.0,0.0,0.0,0.0,0.0,0.0,0.0,1.0,279.35,1.0,1.0,0.0,1,0,0
MRC004732,Education,Small,LOC0079,AGT00793,1612,1,1,6,1.0,2275.54,1.0,1.0,4.0,5252.37,4.0,4.0,24.0,41381.15,24.0,20.0,1313.0925,0,0,0
MRC004733,Utility,Small,LOC0038,AGT00341,2216,0,1,7,0.0,0.0,0.0,0.0,2.0,7741.74,2.0,2.0,7.0,9043.52,7.0,7.0,3870.87,0,0,0
MRC004734,General Retail,Medium,LOC0014,AGT00388,1270,1,1,0,2.0,3294.95,2.0,2.0,9.0,16499.699999999997,9.0,9.0,29.0,52899.72,29.0,26.0,1833.2999999999997,0,0,0
MRC004735,Restaurant,Small,LOC0072,AGT00788,2440,1,1,18,0.0,0.0,0.0,0.0,2.0,808.1,2.0,2.0,9.0,12566.970000000001,9.0,9.0,404.05,0,0,0
MRC004736,Grocery,Small,LOC0054,AGT00331,857,0,1,17,0.0,0.0,0.0,0.0,1.0,260.67,1.0,1.0,4.0,2230.16,4.0,4.0,260.67,0,0,0
MRC004737,Fashion,Micro,LOC0081,AGT00258,2150,1,1,5,2.0,3479.04,2.0,2.0,5.0,5920.8,5.0,5.0,12.0,26586.56,12.0,12.0,1184.16,0,0,0
MRC004738,Fashion,Medium,LOC0072,AGT00198,431,0,0,9,0.0,0.0,0.0,0.0,1.0,350.26,1.0,1.0,5.0,3002.48,5.0,5.0,350.26,0,0,0
MRC004739,Grocery,Micro,LOC0077,AGT00611,2121,0,1,40,0.0,0.0,0.0,0.0,0.0,0.0,0.0,0.0,4.0,3309.57,4.0,4.0,0.0,1,0,0
MRC004740,General Retail,Micro,LOC0101,AGT00625,2352,1,1,1,2.0,1863.45,2.0,2.0,13.0,14121.5,13.0,9.0,26.0,22396.6,26.0,19.0,1086.2692307692307,0,0,0
MRC004741,General Retail,Micro,LOC0064,AGT00783,1822,1,1,0,1.0,5439.14,1.0,1.0,5.0,11892.93,5.0,5.0,11.0,22739.56,11.0,11.0,2378.5860000000002,0,0,0
MRC004742,Grocery,Micro,LOC0087,AGT00238,1650,0,1,0,8.0,13092.26,8.0,4.0,21.0,25710.12,21.0,14.0,49.0,61765.79,49.0,33.0,1224.2914285714285,0,0,0
MRC004743,Utility,Small,LOC0044,AGT00375,1186,0,1,3,1.0,1401.9,1.0,1.0,3.0,3556.13,3.0,3.0,8.0,11388.46,8.0,8.0,1185.3766666666668,0,0,0
MRC004744,Transport,Micro,LOC0114,AGT00228,2195,0,1,21,0.0,0.0,0.0,0.0,1.0,5704.67,1.0,1.0,1.0,5704.67,1.0,1.0,5704.67,0,0,0
MRC004745,Pharmacy,Micro,LOC0049,AGT00337,563,0,1,8,0.0,0.0,0.0,0.0,5.0,3924.46,5.0,4.0,20.0,26168.44,20.0,16.0,784.892,0,0,0
MRC004746,Transport,Medium,LOC0082,AGT00459,922,0,1,1,1.0,300.93,1.0,1.0,3.0,1814.9299999999998,3.0,3.0,7.0,5022.23,7.0,7.0,604.9766666666666,0,0,0
MRC004747,Grocery,Micro,LOC0120,AGT00172,573,1,1,8,0.0,0.0,0.0,0.0,1.0,690.33,1.0,1.0,4.0,9141.35,4.0,4.0,690.33,0,0,0
MRC004748,Grocery,Small,LOC0042,AGT00665,894,0,1,8,0.0,0.0,0.0,0.0,6.0,7639.35,6.0,5.0,12.0,14425.65,12.0,10.0,1273.2250000000001,0,0,0
MRC004749,General Retail,Micro,LOC0013,AGT00597,1430,1,1,3,2.0,1540.4,2.0,2.0,2.0,1540.4,2.0,2.0,7.0,4602.0,7.0,7.0,770.2,0,0,0
MRC004750,Transport,Medium,LOC0028,AGT00489,1020,1,1,2,1.0,1321.54,1.0,1.0,2.0,1659.27,2.0,2.0,4.0,3364.02,4.0,4.0,829.635,0,0,0
MRC004751,Pharmacy,Small,LOC0030,AGT00661,1205,1,1,55,0.0,0.0,0.0,0.0,0.0,0.0,0.0,0.0,1.0,387.5,1.0,1.0,0.0,1,0,0
MRC004752,Fashion,Micro,LOC0007,AGT00452,791,1,1,0,3.0,3501.8900000000003,3.0,3.0,7.0,9130.67,7.0,7.0,22.0,30313.55,22.0,21.0,1304.3814285714286,0,0,0
MRC004753,General Retail,Medium,LOC0066,AGT00022,1057,1,1,14,0.0,0.0,0.0,0.0,4.0,7249.85,4.0,3.0,7.0,11382.39,7.0,6.0,1812.4625,0,0,0
MRC004754,Fashion,Small,LOC0034,AGT00173,1375,1,1,3,2.0,637.49,2.0,2.0,4.0,3228.67,4.0,4.0,19.0,22143.59,19.0,18.0,807.1675,0,0,0
MRC004755,General Retail,Micro,LOC0012,AGT00440,754,0,1,5,4.0,7053.049999999999,4.0,2.0,8.0,8474.55,8.0,6.0,14.0,22800.58,14.0,12.0,1059.31875,0,0,0
MRC004756,General Retail,Small,LOC0017,AGT00282,2332,0,1,0,5.0,8348.11,5.0,4.0,11.0,15773.14,11.0,10.0,29.0,35238.79,29.0,26.0,1433.921818181818,0,0,0
MRC004757,Restaurant,Small,LOC0033,AGT00475,2247,0,1,0,2.0,664.15,2.0,2.0,3.0,2788.89,3.0,3.0,13.0,17895.17,13.0,12.0,929.63,0,0,0
MRC004758,Transport,Micro,LOC0045,AGT00761,2201,1,1,24,0.0,0.0,0.0,0.0,1.0,425.87,1.0,1.0,7.0,7970.79,7.0,6.0,425.87,0,0,0
MRC004759,Transport,Micro,LOC0117,AGT00773,290,1,1,29,0.0,0.0,0.0,0.0,1.0,139.55,1.0,1.0,2.0,5636.09,2.0,2.0,139.55,0,0,0
MRC004760,Utility,Micro,LOC0085,AGT00294,1368,1,1,15,0.0,0.0,0.0,0.0,3.0,11355.369999999999,3.0,2.0,3.0,11355.369999999999,3.0,2.0,3785.123333333333,0,0,0
MRC004761,Restaurant,Small,LOC0086,AGT00527,2024,1,1,1,1.0,90.89,1.0,1.0,5.0,4119.39,5.0,5.0,16.0,10824.39,16.0,16.0,823.878,0,0,0
MRC004762,Grocery,Medium,LOC0084,AGT00249,1049,1,1,32,0.0,0.0,0.0,0.0,0.0,0.0,0.0,0.0,7.0,10456.98,7.0,7.0,0.0,1,0,0
MRC004763,Grocery,Small,LOC0097,AGT00267,793,1,1,6,1.0,843.36,1.0,1.0,4.0,5422.76,4.0,4.0,13.0,14429.11,13.0,13.0,1355.69,0,0,0
MRC004764,Education,Large,LOC0039,AGT00466,1623,1,1,5,3.0,5089.15,3.0,2.0,12.0,17561.77,12.0,11.0,35.0,64823.52,35.0,30.0,1463.4808333333333,0,0,0
MRC004765,Utility,Micro,LOC0012,AGT00440,292,1,1,7,0.0,0.0,0.0,0.0,3.0,2459.11,3.0,3.0,4.0,5678.1900000000005,4.0,4.0,819.7033333333334,0,0,0
MRC004766,Healthcare,Small,LOC0062,AGT00438,1624,0,0,36,0.0,0.0,0.0,0.0,0.0,0.0,0.0,0.0,2.0,3208.36,2.0,2.0,0.0,1,0,0
MRC004767,Education,Medium,LOC0001,AGT00575,1273,1,1,28,0.0,0.0,0.0,0.0,1.0,2142.55,1.0,1.0,6.0,8412.869999999999,6.0,6.0,2142.55,0,0,0
MRC004768,Grocery,Small,LOC0027,AGT00415,1781,1,1,134,0.0,0.0,0.0,0.0,0.0,0.0,0.0,0.0,0.0,0.0,0.0,0.0,0.0,1,1,1
MRC004769,Grocery,Micro,LOC0091,AGT00223,1779,1,1,1,2.0,567.77,2.0,2.0,12.0,18932.79,12.0,10.0,45.0,63626.84,45.0,34.0,1577.7325,0,0,0
MRC004770,Utility,Micro,LOC0061,AGT00771,1457,1,1,0,2.0,3271.42,2.0,2.0,3.0,3517.1099999999997,3.0,3.0,8.0,5901.0,8.0,7.0,1172.37,0,0,0
MRC004771,Electronics,Micro,LOC0083,AGT00310,1562,1,1,18,0.0,0.0,0.0,0.0,1.0,61.88,1.0,1.0,3.0,1191.0700000000002,3.0,3.0,61.88,0,0,0
MRC004772,Utility,Small,LOC0062,AGT00438,345,1,1,25,0.0,0.0,0.0,0.0,3.0,2934.64,3.0,2.0,7.0,6972.75,7.0,6.0,978.2133333333333,0,0,0
MRC004773,Grocery,Large,LOC0066,AGT00022,2431,1,1,121,0.0,0.0,0.0,0.0,0.0,0.0,0.0,0.0,0.0,0.0,0.0,0.0,0.0,1,1,1
MRC004774,Restaurant,Micro,LOC0037,AGT00195,453,1,1,3,2.0,10293.48,2.0,2.0,6.0,15004.52,6.0,6.0,30.0,49249.37,30.0,25.0,2500.7533333333336,0,0,0
MRC004775,General Retail,Micro,LOC0027,AGT00568,2420,0,1,1,6.0,7367.7699999999995,6.0,3.0,28.0,36386.61,28.0,15.0,59.0,90292.6,59.0,42.0,1299.5217857142857,0,0,0
MRC004776,Grocery,Micro,LOC0032,AGT00666,2414,1,1,185,0.0,0.0,0.0,0.0,0.0,0.0,0.0,0.0,0.0,0.0,0.0,0.0,0.0,1,1,1
MRC004777,Grocery,Small,LOC0096,AGT00154,1855,1,1,0,5.0,2036.03,5.0,4.0,12.0,10448.99,12.0,10.0,29.0,33942.28,29.0,24.0,870.7491666666666,0,0,0
MRC004778,Transport,Small,LOC0118,AGT00729,1917,1,1,10,0.0,0.0,0.0,0.0,3.0,3320.74,3.0,3.0,5.0,4486.36,5.0,5.0,1106.9133333333332,0,0,0
MRC004779,Education,Micro,LOC0010,AGT00025,352,1,1,1,3.0,7238.93,3.0,2.0,13.0,24411.08,13.0,11.0,34.0,49128.96,34.0,31.0,1877.7753846153848,0,0,0
MRC004780,General Retail,Small,LOC0065,AGT00525,2358,0,1,29,0.0,0.0,0.0,0.0,1.0,4888.41,1.0,1.0,2.0,11241.56,2.0,2.0,4888.41,0,0,0
MRC004781,General Retail,Micro,LOC0057,AGT00633,1441,0,1,12,0.0,0.0,0.0,0.0,3.0,1406.4099999999999,3.0,3.0,11.0,10522.76,11.0,11.0,468.8033333333333,0,0,0
MRC004782,Healthcare,Small,LOC0068,AGT00610,1028,1,1,1,1.0,470.42,1.0,1.0,2.0,2732.25,2.0,2.0,8.0,6631.3099999999995,8.0,8.0,1366.125,0,0,0
MRC004783,Grocery,Small,LOC0028,AGT00051,1750,1,1,14,0.0,0.0,0.0,0.0,6.0,3474.4,6.0,5.0,21.0,24511.51,21.0,17.0,579.0666666666667,0,0,0
MRC004784,Fashion,Micro,LOC0001,AGT00123,1455,1,1,3,1.0,876.06,1.0,1.0,4.0,3160.69,4.0,4.0,12.0,15374.449999999999,12.0,11.0,790.1725,0,0,0
MRC004785,General Retail,Small,LOC0025,AGT00670,1077,0,0,1,2.0,1091.71,2.0,2.0,2.0,1091.71,2.0,2.0,10.0,6765.69,10.0,10.0,545.855,0,0,0
MRC004786,Fashion,Small,LOC0022,AGT00103,990,0,1,37,0.0,0.0,0.0,0.0,0.0,0.0,0.0,0.0,2.0,6541.98,2.0,2.0,0.0,1,0,0
MRC004787,General Retail,Small,LOC0007,AGT00679,545,1,1,0,6.0,9280.99,6.0,5.0,18.0,42465.51,18.0,14.0,49.0,75265.15,49.0,38.0,2359.195,0,0,0
MRC004788,Transport,Small,LOC0043,AGT00005,2273,1,1,5,1.0,398.34,1.0,1.0,3.0,2805.77,3.0,3.0,12.0,14725.01,12.0,11.0,935.2566666666667,0,0,0
MRC004789,Grocery,Small,LOC0083,AGT00430,1741,0,1,1,2.0,2010.95,2.0,2.0,8.0,7683.08,8.0,7.0,26.0,39460.78,26.0,21.0,960.385,0,0,0
MRC004790,Electronics,Micro,LOC0116,AGT00291,915,0,1,13,0.0,0.0,0.0,0.0,3.0,4603.960000000001,3.0,3.0,19.0,31295.06,19.0,17.0,1534.6533333333336,0,0,0
MRC004791,Transport,Medium,LOC0079,AGT00432,1867,1,1,2,4.0,2369.14,4.0,4.0,9.0,14180.49,9.0,9.0,22.0,29593.76,22.0,20.0,1575.61,0,0,0
MRC004792,Grocery,Medium,LOC0022,AGT00555,1802,0,1,16,0.0,0.0,0.0,0.0,1.0,272.73,1.0,1.0,5.0,4836.53,5.0,5.0,272.73,0,0,0
MRC004793,Restaurant,Micro,LOC0044,AGT00101,592,0,1,5,1.0,314.84,1.0,1.0,5.0,3308.42,5.0,5.0,14.0,28198.97,14.0,14.0,661.684,0,0,0
MRC004794,Healthcare,Medium,LOC0037,AGT00263,669,1,1,11,0.0,0.0,0.0,0.0,2.0,702.1800000000001,2.0,2.0,11.0,20869.79,11.0,11.0,351.09000000000003,0,0,0
MRC004795,Grocery,Small,LOC0026,AGT00618,791,1,1,44,0.0,0.0,0.0,0.0,0.0,0.0,0.0,0.0,2.0,2454.11,2.0,1.0,0.0,1,0,0
MRC004796,Restaurant,Micro,LOC0119,AGT00209,516,1,0,3,1.0,593.05,1.0,1.0,3.0,2838.49,3.0,2.0,5.0,4249.06,5.0,4.0,946.1633333333333,0,0,0
MRC004797,Transport,Small,LOC0079,AGT00197,2085,1,1,0,10.0,10907.300000000001,10.0,6.0,36.0,55752.11,36.0,21.0,114.0,151870.77,114.0,65.0,1548.6697222222222,0,0,0
MRC004798,Utility,Micro,LOC0058,AGT00106,627,1,0,19,0.0,0.0,0.0,0.0,2.0,8222.8,2.0,2.0,5.0,12048.789999999999,5.0,5.0,4111.4,0,0,0
MRC004799,Electronics,Small,LOC0053,AGT00309,2059,1,1,1,1.0,25.06,1.0,1.0,4.0,2972.42,4.0,4.0,9.0,12664.230000000001,9.0,9.0,743.105,0,0,0
MRC004800,General Retail,Medium,LOC0039,AGT00124,1443,1,1,2,1.0,384.06,1.0,1.0,5.0,2994.1,5.0,5.0,19.0,38408.19,19.0,19.0,598.8199999999999,0,0,0
MRC004801,General Retail,Micro,LOC0051,AGT00398,542,1,1,23,0.0,0.0,0.0,0.0,1.0,146.72,1.0,1.0,4.0,4127.77,4.0,4.0,146.72,0,0,0
MRC004802,Fashion,Small,LOC0077,AGT00159,2132,1,1,4,1.0,210.23,1.0,1.0,3.0,988.5,3.0,3.0,9.0,9070.11,9.0,9.0,329.5,0,0,0
MRC004803,Grocery,Micro,LOC0112,AGT00744,666,1,1,39,0.0,0.0,0.0,0.0,0.0,0.0,0.0,0.0,6.0,8998.33,6.0,6.0,0.0,1,0,0
MRC004804,Utility,Small,LOC0060,AGT00185,2470,0,1,1,1.0,140.51,1.0,1.0,5.0,3977.7799999999997,5.0,5.0,12.0,9509.619999999999,12.0,12.0,795.5559999999999,0,0,0
MRC004805,Pharmacy,Medium,LOC0023,AGT00134,317,0,1,1,2.0,2267.92,2.0,1.0,4.0,5629.4,4.0,3.0,11.0,12539.45,11.0,10.0,1407.35,0,0,0
MRC004806,General Retail,Micro,LOC0115,AGT00006,1647,1,1,0,5.0,7976.35,5.0,4.0,19.0,32899.64,19.0,15.0,73.0,83739.3,73.0,52.0,1731.56,0,0,0
MRC004807,Education,Small,LOC0038,AGT00529,972,1,1,12,0.0,0.0,0.0,0.0,3.0,936.14,3.0,3.0,10.0,9611.08,10.0,9.0,312.0466666666667,0,0,0
MRC004808,Restaurant,Micro,LOC0010,AGT00025,1452,1,1,3,1.0,237.23,1.0,1.0,3.0,5257.989999999999,3.0,3.0,9.0,11474.43,9.0,9.0,1752.663333333333,0,0,0
MRC004809,Electronics,Small,LOC0066,AGT00022,2121,0,1,0,2.0,1408.66,2.0,2.0,9.0,5455.47,9.0,9.0,21.0,21451.55,21.0,21.0,606.1633333333334,0,0,0
MRC004810,Electronics,Small,LOC0095,AGT00183,2006,1,1,124,0.0,0.0,0.0,0.0,0.0,0.0,0.0,0.0,0.0,0.0,0.0,0.0,0.0,1,1,1
MRC004811,General Retail,Small,LOC0031,AGT00116,901,0,1,0,2.0,16796.989999999998,2.0,2.0,16.0,34842.1,16.0,13.0,50.0,76877.88,50.0,41.0,2177.63125,0,0,0
MRC004812,Pharmacy,Micro,LOC0034,AGT00091,426,1,1,3,1.0,435.19,1.0,1.0,2.0,912.02,2.0,2.0,5.0,2258.81,5.0,5.0,456.01,0,0,0
MRC004813,General Retail,Small,LOC0035,AGT00371,906,1,1,4,3.0,890.47,3.0,3.0,13.0,33646.799999999996,13.0,11.0,36.0,62531.229999999996,36.0,31.0,2588.215384615384,0,0,0
MRC004814,Grocery,Small,LOC0097,AGT00709,2055,0,1,1,2.0,788.39,2.0,2.0,11.0,12912.84,11.0,10.0,43.0,73233.6,43.0,40.0,1173.8945454545456,0,0,0
MRC004815,Utility,Small,LOC0115,AGT00296,1413,1,1,13,0.0,0.0,0.0,0.0,2.0,1220.0900000000001,2.0,2.0,4.0,5456.22,4.0,4.0,610.0450000000001,0,0,0
MRC004816,General Retail,Small,LOC0102,AGT00210,1944,1,1,8,0.0,0.0,0.0,0.0,2.0,865.42,2.0,2.0,5.0,10631.88,5.0,5.0,432.71,0,0,0
MRC004817,Restaurant,Medium,LOC0028,AGT00489,1367,1,0,5,1.0,1008.98,1.0,1.0,2.0,2137.8,2.0,2.0,4.0,7062.18,4.0,4.0,1068.9,0,0,0
MRC004818,Grocery,Micro,LOC0102,AGT00058,1444,1,1,15,0.0,0.0,0.0,0.0,3.0,1100.43,3.0,3.0,23.0,23725.54,23.0,16.0,366.81,0,0,0
MRC004819,Utility,Micro,LOC0038,AGT00529,428,0,1,25,0.0,0.0,0.0,0.0,1.0,635.38,1.0,1.0,2.0,5801.4800000000005,2.0,2.0,635.38,0,0,0
MRC004820,General Retail,Large,LOC0105,AGT00279,337,0,1,5,1.0,404.64,1.0,1.0,1.0,404.64,1.0,1.0,6.0,16278.080000000002,6.0,6.0,404.64,0,0,0
MRC004821,Restaurant,Micro,LOC0119,AGT00002,1823,1,1,7,0.0,0.0,0.0,0.0,3.0,3375.47,3.0,2.0,6.0,10606.62,6.0,5.0,1125.1566666666665,0,0,0
MRC004822,Electronics,Medium,LOC0087,AGT00772,728,1,1,7,0.0,0.0,0.0,0.0,2.0,2202.24,2.0,2.0,5.0,3164.48,5.0,5.0,1101.12,0,0,0
MRC004823,Utility,Small,LOC0115,AGT00296,1075,1,1,2,1.0,773.89,1.0,1.0,2.0,1027.05,2.0,2.0,4.0,5482.15,4.0,4.0,513.525,0,0,0
MRC004824,Grocery,Medium,LOC0018,AGT00504,1094,1,1,8,0.0,0.0,0.0,0.0,2.0,1434.99,2.0,2.0,8.0,7328.860000000001,8.0,8.0,717.495,0,0,0
MRC004825,Education,Small,LOC0079,AGT00260,1670,1,1,2,1.0,310.45,1.0,1.0,3.0,5034.03,3.0,3.0,16.0,28799.05,16.0,16.0,1678.01,0,0,0
MRC004826,Fashion,Medium,LOC0007,AGT00662,2343,1,1,2,1.0,4519.42,1.0,1.0,1.0,4519.42,1.0,1.0,3.0,5212.2300000000005,3.0,3.0,4519.42,0,0,0
MRC004827,Grocery,Small,LOC0079,AGT00725,1942,0,1,0,1.0,785.01,1.0,1.0,5.0,5354.85,5.0,5.0,10.0,11250.92,10.0,10.0,1070.97,0,0,0
MRC004828,General Retail,Small,LOC0041,AGT00497,1682,1,1,12,0.0,0.0,0.0,0.0,2.0,326.75,2.0,2.0,7.0,34918.240000000005,7.0,7.0,163.375,0,0,0
MRC004829,Restaurant,Micro,LOC0117,AGT00716,2111,1,1,2,1.0,1005.12,1.0,1.0,9.0,10233.33,9.0,9.0,37.0,56077.25,37.0,32.0,1137.0366666666666,0,0,0
MRC004830,General Retail,Micro,LOC0060,AGT00714,1401,1,1,1,2.0,1530.91,2.0,2.0,7.0,11750.15,7.0,7.0,10.0,14889.710000000001,10.0,10.0,1678.5928571428572,0,0,0
MRC004831,Education,Micro,LOC0092,AGT00539,604,1,1,5,1.0,517.72,1.0,1.0,7.0,18029.68,7.0,5.0,28.0,39360.35,28.0,23.0,2575.6685714285713,0,0,0
MRC004832,Electronics,Medium,LOC0037,AGT00483,1354,1,1,10,0.0,0.0,0.0,0.0,1.0,1900.8,1.0,1.0,2.0,2502.37,2.0,2.0,1900.8,0,0,0
MRC004833,Fashion,Micro,LOC0009,AGT00406,2423,0,0,12,0.0,0.0,0.0,0.0,6.0,6109.02,6.0,5.0,16.0,27584.56,16.0,14.0,1018.1700000000001,0,0,0
MRC004834,Restaurant,Small,LOC0090,AGT00299,1991,1,1,10,0.0,0.0,0.0,0.0,2.0,2846.17,2.0,2.0,15.0,28399.15,15.0,13.0,1423.085,0,0,0
MRC004835,Utility,Small,LOC0027,AGT00368,1051,1,1,8,0.0,0.0,0.0,0.0,2.0,4849.79,2.0,2.0,5.0,8532.8,5.0,5.0,2424.895,0,0,0
MRC004836,Transport,Micro,LOC0087,AGT00305,994,0,1,33,0.0,0.0,0.0,0.0,0.0,0.0,0.0,0.0,4.0,4724.43,4.0,4.0,0.0,1,0,0
MRC004837,Utility,Large,LOC0056,AGT00448,2292,1,1,1,2.0,1616.51,2.0,2.0,6.0,3407.58,6.0,4.0,13.0,9574.32,13.0,9.0,567.93,0,0,0
MRC004838,Fashion,Micro,LOC0117,AGT00716,493,1,1,2,2.0,5145.129999999999,2.0,2.0,7.0,8358.009999999998,7.0,5.0,28.0,26877.22,28.0,22.0,1194.0014285714283,0,0,0
MRC004839,Pharmacy,Small,LOC0043,AGT00456,2325,1,1,13,0.0,0.0,0.0,0.0,1.0,6476.64,1.0,1.0,4.0,8978.54,4.0,4.0,6476.64,0,0,0
MRC004840,Grocery,Small,LOC0049,AGT00021,1766,1,1,3,2.0,853.47,2.0,2.0,8.0,8367.960000000001,8.0,7.0,28.0,37454.159999999996,28.0,26.0,1045.9950000000001,0,0,0
MRC004841,Utility,Micro,LOC0089,AGT00232,2051,1,1,18,0.0,0.0,0.0,0.0,2.0,758.3299999999999,2.0,2.0,8.0,6529.61,8.0,8.0,379.16499999999996,0,0,0
MRC004842,Restaurant,Micro,LOC0095,AGT00410,1005,0,1,33,0.0,0.0,0.0,0.0,0.0,0.0,0.0,0.0,6.0,12446.25,6.0,6.0,0.0,1,0,0
MRC004843,Electronics,Small,LOC0016,AGT00254,1703,1,1,0,3.0,6684.2,3.0,3.0,3.0,6684.2,3.0,3.0,6.0,8759.58,6.0,6.0,2228.0666666666666,0,0,0
MRC004844,Fashion,Micro,LOC0089,AGT00289,998,0,1,21,0.0,0.0,0.0,0.0,1.0,620.85,1.0,1.0,6.0,6101.83,6.0,5.0,620.85,0,0,0
MRC004845,Fashion,Medium,LOC0059,AGT00472,324,1,1,0,3.0,1423.23,3.0,2.0,14.0,14655.32,14.0,12.0,47.0,73764.73,47.0,33.0,1046.8085714285714,0,0,0
MRC004846,Transport,Small,LOC0119,AGT00209,1280,1,1,2,1.0,508.8,1.0,1.0,4.0,5463.67,4.0,3.0,13.0,14495.64,13.0,11.0,1365.9175,0,0,0
MRC004847,Education,Micro,LOC0076,AGT00533,2428,0,1,15,0.0,0.0,0.0,0.0,1.0,1034.16,1.0,1.0,2.0,2461.4300000000003,2.0,2.0,1034.16,0,0,0
MRC004848,General Retail,Micro,LOC0093,AGT00044,817,1,1,18,0.0,0.0,0.0,0.0,1.0,546.25,1.0,1.0,7.0,17184.2,7.0,6.0,546.25,0,0,0
MRC004849,Grocery,Micro,LOC0042,AGT00599,641,1,1,20,0.0,0.0,0.0,0.0,2.0,2459.35,2.0,2.0,6.0,13225.74,6.0,6.0,1229.675,0,0,0
MRC004850,Education,Small,LOC0035,AGT00215,2300,0,1,238,0.0,0.0,0.0,0.0,0.0,0.0,0.0,0.0,0.0,0.0,0.0,0.0,0.0,1,1,1
MRC004851,Grocery,Small,LOC0095,AGT00410,2275,1,1,78,0.0,0.0,0.0,0.0,0.0,0.0,0.0,0.0,1.0,3210.78,1.0,1.0,0.0,1,1,0
MRC004852,Utility,Micro,LOC0002,AGT00617,2137,1,1,13,0.0,0.0,0.0,0.0,5.0,1937.6100000000001,5.0,5.0,11.0,16894.68,11.0,10.0,387.52200000000005,0,0,0
MRC004853,Education,Small,LOC0070,AGT00297,2420,1,1,0,2.0,2667.23,2.0,2.0,8.0,9850.89,8.0,7.0,35.0,51925.96,35.0,28.0,1231.36125,0,0,0
MRC004854,Fashion,Small,LOC0117,AGT00785,2452,1,0,7,0.0,0.0,0.0,0.0,7.0,8500.11,7.0,5.0,29.0,41430.78,29.0,23.0,1214.3014285714287,0,0,0
MRC004855,Utility,Small,LOC0119,AGT00002,2293,0,1,10,0.0,0.0,0.0,0.0,1.0,1621.78,1.0,1.0,6.0,5861.68,6.0,6.0,1621.78,0,0,0
MRC004856,Fashion,Micro,LOC0086,AGT00419,2394,0,0,18,0.0,0.0,0.0,0.0,1.0,2123.14,1.0,1.0,2.0,5060.35,2.0,2.0,2123.14,0,0,0
MRC004857,Pharmacy,Micro,LOC0060,AGT00712,1913,1,1,20,0.0,0.0,0.0,0.0,1.0,102.86,1.0,1.0,2.0,907.54,2.0,2.0,102.86,0,0,0
MRC004858,Fashion,Micro,LOC0098,AGT00333,974,1,1,999,0.0,0.0,0.0,0.0,0.0,0.0,0.0,0.0,0.0,0.0,0.0,0.0,0.0,1,1,1
MRC004859,Grocery,Small,LOC0002,AGT00617,1288,1,1,12,0.0,0.0,0.0,0.0,5.0,3251.45,5.0,4.0,11.0,10420.48,11.0,10.0,650.29,0,0,0
MRC004860,General Retail,Small,LOC0096,AGT00160,1118,1,1,5,2.0,749.23,2.0,2.0,8.0,3811.93,8.0,8.0,18.0,32017.91,18.0,17.0,476.49125,0,0,0
MRC004861,Healthcare,Micro,LOC0023,AGT00065,1400,1,0,7,0.0,0.0,0.0,0.0,3.0,2867.58,3.0,3.0,10.0,10669.609999999999,10.0,10.0,955.86,0,0,0
MRC004862,Utility,Micro,LOC0089,AGT00518,1812,0,1,45,0.0,0.0,0.0,0.0,0.0,0.0,0.0,0.0,3.0,4793.75,3.0,3.0,0.0,1,0,0
MRC004863,General Retail,Small,LOC0042,AGT00204,815,1,1,25,0.0,0.0,0.0,0.0,1.0,1561.23,1.0,1.0,5.0,5099.35,5.0,5.0,1561.23,0,0,0
MRC004864,Utility,Micro,LOC0091,AGT00677,321,1,1,25,0.0,0.0,0.0,0.0,1.0,345.12,1.0,1.0,3.0,3855.59,3.0,3.0,345.12,0,0,0
MRC004865,Fashion,Small,LOC0073,AGT00126,1603,1,1,0,3.0,2430.59,3.0,2.0,6.0,5916.99,6.0,5.0,23.0,27356.89,23.0,17.0,986.165,0,0,0
MRC004866,Grocery,Small,LOC0112,AGT00151,2458,1,1,0,1.0,830.9,1.0,1.0,4.0,10721.0,4.0,4.0,10.0,16931.76,10.0,10.0,2680.25,0,0,0
MRC004867,Restaurant,Micro,LOC0095,AGT00410,2170,1,1,1,2.0,2214.88,2.0,2.0,7.0,22706.12,7.0,7.0,16.0,32478.58,16.0,15.0,3243.7314285714283,0,0,0
MRC004868,General Retail,Small,LOC0110,AGT00125,310,1,1,29,0.0,0.0,0.0,0.0,1.0,983.22,1.0,1.0,8.0,6263.74,8.0,7.0,983.22,0,0,0
MRC004869,General Retail,Micro,LOC0019,AGT00482,1595,1,1,17,0.0,0.0,0.0,0.0,3.0,543.54,3.0,3.0,9.0,12900.66,9.0,8.0,181.17999999999998,0,0,0
MRC004870,Utility,Small,LOC0046,AGT00766,1448,1,0,24,0.0,0.0,0.0,0.0,2.0,2008.83,2.0,2.0,4.0,3530.12,4.0,4.0,1004.415,0,0,0
MRC004871,Pharmacy,Micro,LOC0053,AGT00166,1215,1,1,23,0.0,0.0,0.0,0.0,1.0,866.46,1.0,1.0,2.0,937.97,2.0,2.0,866.46,0,0,0
MRC004872,Grocery,Small,LOC0004,AGT00643,1748,1,1,132,0.0,0.0,0.0,0.0,0.0,0.0,0.0,0.0,0.0,0.0,0.0,0.0,0.0,1,1,1
MRC004873,General Retail,Small,LOC0003,AGT00345,1218,1,1,7,0.0,0.0,0.0,0.0,2.0,2127.5,2.0,2.0,15.0,42749.01,15.0,14.0,1063.75,0,0,0
MRC004874,Grocery,Micro,LOC0005,AGT00377,2284,1,1,6,1.0,5551.52,1.0,1.0,1.0,5551.52,1.0,1.0,5.0,15258.55,5.0,5.0,5551.52,0,0,0
MRC004875,Education,Small,LOC0093,AGT00044,2270,1,1,131,0.0,0.0,0.0,0.0,0.0,0.0,0.0,0.0,0.0,0.0,0.0,0.0,0.0,1,1,1
MRC004876,Restaurant,Small,LOC0054,AGT00064,1694,1,0,13,0.0,0.0,0.0,0.0,2.0,3299.84,2.0,2.0,13.0,22653.47,13.0,12.0,1649.92,0,0,0
MRC004877,Restaurant,Medium,LOC0091,AGT00223,1288,1,1,9,0.0,0.0,0.0,0.0,6.0,3117.77,6.0,6.0,21.0,19114.489999999998,21.0,20.0,519.6283333333333,0,0,0
MRC004878,Transport,Micro,LOC0101,AGT00625,1591,1,1,2,1.0,10708.09,1.0,1.0,1.0,10708.09,1.0,1.0,2.0,13196.94,2.0,2.0,10708.09,0,0,0
MRC004879,General Retail,Micro,LOC0005,AGT00212,2253,1,1,3,2.0,3822.04,2.0,2.0,5.0,19765.36,5.0,5.0,11.0,23126.02,11.0,11.0,3953.072,0,0,0
MRC004880,Utility,Micro,LOC0102,AGT00323,943,1,1,2,2.0,517.51,2.0,2.0,4.0,1342.25,4.0,4.0,8.0,14332.140000000001,8.0,8.0,335.5625,0,0,0
MRC004881,Fashion,Medium,LOC0028,AGT00349,2184,0,0,21,0.0,0.0,0.0,0.0,1.0,258.27,1.0,1.0,1.0,258.27,1.0,1.0,258.27,0,0,0
MRC004882,Fashion,Small,LOC0049,AGT00698,1578,1,1,0,7.0,6214.8099999999995,7.0,4.0,24.0,21821.12,24.0,14.0,67.0,78862.41,67.0,45.0,909.2133333333333,0,0,0
MRC004883,General Retail,Micro,LOC0116,AGT00113,425,1,1,15,0.0,0.0,0.0,0.0,1.0,868.95,1.0,1.0,10.0,13441.78,10.0,9.0,868.95,0,0,0
MRC004884,Education,Small,LOC0037,AGT00641,1925,1,1,35,0.0,0.0,0.0,0.0,0.0,0.0,0.0,0.0,8.0,6570.9,8.0,8.0,0.0,1,0,0
MRC004885,Fashion,Micro,LOC0113,AGT00048,728,1,1,20,0.0,0.0,0.0,0.0,1.0,528.29,1.0,1.0,5.0,2056.31,5.0,5.0,528.29,0,0,0
MRC004886,Transport,Small,LOC0061,AGT00771,1413,0,1,1,2.0,2666.75,2.0,2.0,4.0,3554.47,4.0,4.0,9.0,9777.09,9.0,9.0,888.6175,0,0,0
MRC004887,Pharmacy,Small,LOC0002,AGT00617,2363,1,0,6,1.0,2176.84,1.0,1.0,4.0,3321.44,4.0,4.0,7.0,4158.280000000001,7.0,7.0,830.36,0,0,0
MRC004888,Grocery,Small,LOC0100,AGT00460,1990,1,1,26,0.0,0.0,0.0,0.0,1.0,4237.45,1.0,1.0,2.0,7253.1,2.0,2.0,4237.45,0,0,0
MRC004889,General Retail,Small,LOC0006,AGT00513,1815,0,1,1,5.0,11291.900000000001,5.0,5.0,19.0,28867.12,19.0,15.0,59.0,103869.26,59.0,46.0,1519.322105263158,0,0,0
MRC004890,Education,Micro,LOC0077,AGT00168,439,1,1,16,0.0,0.0,0.0,0.0,1.0,645.06,1.0,1.0,19.0,20878.61,19.0,17.0,645.06,0,0,0
MRC004891,Grocery,Small,LOC0056,AGT00639,2164,0,1,7,0.0,0.0,0.0,0.0,2.0,452.61,2.0,2.0,17.0,25310.86,17.0,16.0,226.305,0,0,0
MRC004892,Restaurant,Small,LOC0017,AGT00381,1019,1,1,10,0.0,0.0,0.0,0.0,2.0,2465.14,2.0,2.0,10.0,11590.25,10.0,9.0,1232.57,0,0,0
MRC004893,General Retail,Micro,LOC0062,AGT00240,396,1,1,40,0.0,0.0,0.0,0.0,0.0,0.0,0.0,0.0,4.0,6339.219999999999,4.0,4.0,0.0,1,0,0
MRC004894,Transport,Medium,LOC0044,AGT00230,2384,1,1,0,2.0,1086.44,2.0,2.0,5.0,8708.26,5.0,5.0,21.0,29534.76,21.0,19.0,1741.652,0,0,0
MRC004895,Transport,Small,LOC0012,AGT00768,703,1,1,0,4.0,5548.53,4.0,4.0,8.0,8511.76,8.0,8.0,17.0,23909.3,17.0,15.0,1063.97,0,0,0
MRC004896,Grocery,Medium,LOC0067,AGT00171,993,1,1,5,1.0,316.62,1.0,1.0,1.0,316.62,1.0,1.0,3.0,2231.16,3.0,3.0,316.62,0,0,0
MRC004897,General Retail,Small,LOC0006,AGT00545,597,1,1,56,0.0,0.0,0.0,0.0,0.0,0.0,0.0,0.0,2.0,8350.43,2.0,2.0,0.0,1,0,0
MRC004898,General Retail,Micro,LOC0065,AGT00096,1645,1,0,17,0.0,0.0,0.0,0.0,2.0,3430.17,2.0,2.0,2.0,3430.17,2.0,2.0,1715.085,0,0,0
MRC004899,Electronics,Small,LOC0028,AGT00051,2183,0,1,4,2.0,994.6899999999999,2.0,2.0,6.0,6844.33,6.0,6.0,11.0,10547.38,11.0,11.0,1140.7216666666666,0,0,0
MRC004900,Restaurant,Small,LOC0100,AGT00161,1422,1,1,12,0.0,0.0,0.0,0.0,1.0,618.54,1.0,1.0,5.0,9807.67,5.0,5.0,618.54,0,0,0
MRC004901,Transport,Micro,LOC0115,AGT00563,2186,1,1,6,2.0,11424.22,2.0,1.0,9.0,19652.05,9.0,7.0,35.0,99453.14,35.0,27.0,2183.561111111111,0,0,0
MRC004902,General Retail,Small,LOC0112,AGT00674,2333,1,0,0,2.0,1363.77,2.0,2.0,6.0,8604.85,6.0,5.0,20.0,37195.130000000005,20.0,17.0,1434.1416666666667,0,0,0
MRC004903,Utility,Micro,LOC0113,AGT00271,2193,0,1,10,0.0,0.0,0.0,0.0,1.0,3270.41,1.0,1.0,12.0,22316.920000000002,12.0,12.0,3270.41,0,0,0
MRC004904,General Retail,Micro,LOC0013,AGT00649,642,1,1,51,0.0,0.0,0.0,0.0,0.0,0.0,0.0,0.0,8.0,13219.75,8.0,8.0,0.0,1,0,0
MRC004905,Transport,Medium,LOC0062,AGT00487,737,1,0,27,0.0,0.0,0.0,0.0,1.0,1022.26,1.0,1.0,1.0,1022.26,1.0,1.0,1022.26,0,0,0
MRC004906,Restaurant,Micro,LOC0027,AGT00727,941,1,1,0,3.0,6329.4,3.0,2.0,14.0,31431.91,14.0,12.0,33.0,55847.39,33.0,30.0,2245.1364285714285,0,0,0
MRC004907,Fashion,Small,LOC0012,AGT00480,1681,1,1,5,1.0,1887.11,1.0,1.0,2.0,3983.66,2.0,2.0,9.0,10203.05,9.0,8.0,1991.83,0,0,0
MRC004908,Utility,Small,LOC0048,AGT00720,2171,1,1,3,2.0,4052.11,2.0,2.0,5.0,8468.560000000001,5.0,4.0,16.0,18808.63,16.0,14.0,1693.7120000000002,0,0,0
MRC004909,Pharmacy,Small,LOC0052,AGT00740,970,1,1,0,2.0,934.9000000000001,2.0,2.0,15.0,21435.6,15.0,11.0,42.0,78373.45,42.0,33.0,1429.04,0,0,0
MRC004910,Pharmacy,Micro,LOC0036,AGT00036,1742,1,1,1,1.0,645.84,1.0,1.0,5.0,4290.49,5.0,5.0,7.0,5732.01,7.0,7.0,858.098,0,0,0
MRC004911,Healthcare,Small,LOC0014,AGT00680,696,1,1,15,0.0,0.0,0.0,0.0,1.0,682.63,1.0,1.0,5.0,5249.38,5.0,5.0,682.63,0,0,0
MRC004912,Fashion,Small,LOC0049,AGT00130,1473,1,1,2,11.0,13892.48,11.0,5.0,39.0,55107.07,39.0,22.0,110.0,189865.68,110.0,66.0,1413.0017948717948,0,0,0
MRC004913,Utility,Medium,LOC0019,AGT00482,1990,1,1,3,2.0,1615.83,2.0,1.0,8.0,16361.67,8.0,6.0,21.0,41635.18,21.0,17.0,2045.20875,0,0,0
MRC004914,Grocery,Micro,LOC0005,AGT00496,1149,1,1,29,0.0,0.0,0.0,0.0,1.0,209.34,1.0,1.0,4.0,3992.1400000000003,4.0,4.0,209.34,0,0,0
MRC004915,Restaurant,Micro,LOC0055,AGT00391,643,1,1,7,0.0,0.0,0.0,0.0,5.0,7341.67,5.0,4.0,26.0,37050.340000000004,26.0,21.0,1468.334,0,0,0
MRC004916,Pharmacy,Small,LOC0008,AGT00303,1185,1,1,10,0.0,0.0,0.0,0.0,3.0,1333.44,3.0,3.0,8.0,9543.07,8.0,8.0,444.48,0,0,0
MRC004917,Transport,Micro,LOC0116,AGT00687,1952,0,1,21,0.0,0.0,0.0,0.0,3.0,8425.25,3.0,3.0,13.0,20405.61,13.0,12.0,2808.4166666666665,0,0,0
MRC004918,Healthcare,Small,LOC0101,AGT00143,2329,1,0,0,1.0,388.73,1.0,1.0,4.0,6924.610000000001,4.0,4.0,6.0,9044.26,6.0,6.0,1731.1525000000001,0,0,0
MRC004919,Fashion,Small,LOC0112,AGT00746,1633,1,1,3,1.0,365.51,1.0,1.0,3.0,19675.76,3.0,3.0,9.0,25496.399999999998,9.0,9.0,6558.586666666666,0,0,0
MRC004920,Fashion,Small,LOC0013,AGT00689,1753,1,0,28,0.0,0.0,0.0,0.0,1.0,160.9,1.0,1.0,6.0,10130.0,6.0,6.0,160.9,0,0,0
MRC004921,Grocery,Large,LOC0056,AGT00363,1203,0,1,0,1.0,299.0,1.0,1.0,1.0,299.0,1.0,1.0,2.0,2876.71,2.0,2.0,299.0,0,0,0
MRC004922,Transport,Small,LOC0099,AGT00508,2317,1,1,16,0.0,0.0,0.0,0.0,4.0,5389.46,4.0,4.0,14.0,24139.16,14.0,14.0,1347.365,0,0,0
MRC004923,General Retail,Medium,LOC0070,AGT00421,2187,1,1,7,0.0,0.0,0.0,0.0,1.0,444.12,1.0,1.0,6.0,19587.48,6.0,5.0,444.12,0,0,0
MRC004924,Utility,Small,LOC0037,AGT00012,2411,1,1,1,2.0,710.4000000000001,2.0,2.0,6.0,5243.639999999999,6.0,6.0,15.0,41494.78,15.0,15.0,873.9399999999999,0,0,0
MRC004925,Pharmacy,Micro,LOC0100,AGT00580,2173,1,1,50,0.0,0.0,0.0,0.0,0.0,0.0,0.0,0.0,1.0,86.82,1.0,1.0,0.0,1,0,0
MRC004926,Education,Small,LOC0038,AGT00341,1482,1,1,17,0.0,0.0,0.0,0.0,1.0,110.19,1.0,1.0,1.0,110.19,1.0,1.0,110.19,0,0,0
MRC004927,Restaurant,Small,LOC0117,AGT00763,2385,1,1,4,1.0,1452.7,1.0,1.0,1.0,1452.7,1.0,1.0,17.0,28501.54,17.0,15.0,1452.7,0,0,0
MRC004928,Grocery,Large,LOC0013,AGT00029,1619,1,0,1,1.0,309.47,1.0,1.0,5.0,1954.8799999999999,5.0,4.0,15.0,12432.83,15.0,14.0,390.976,0,0,0
MRC004929,Grocery,Micro,LOC0085,AGT00315,1601,1,0,0,11.0,16409.41,11.0,5.0,34.0,58570.34,34.0,21.0,104.0,198695.28,104.0,62.0,1722.6570588235293,0,0,0
MRC004930,Grocery,Micro,LOC0002,AGT00617,1721,1,1,17,0.0,0.0,0.0,0.0,1.0,1539.66,1.0,1.0,11.0,25983.4,11.0,9.0,1539.66,0,0,0
MRC004931,Grocery,Medium,LOC0110,AGT00275,693,0,1,3,1.0,61.38,1.0,1.0,2.0,363.73,2.0,2.0,11.0,10755.49,11.0,11.0,181.865,0,0,0
MRC004932,Utility,Micro,LOC0043,AGT00005,2120,1,1,3,1.0,3036.77,1.0,1.0,3.0,4677.66,3.0,3.0,9.0,10069.470000000001,9.0,9.0,1559.22,0,0,0
MRC004933,Restaurant,Small,LOC0003,AGT00264,1079,0,1,1,1.0,1399.16,1.0,1.0,6.0,7866.18,6.0,5.0,23.0,24543.78,23.0,20.0,1311.03,0,0,0
MRC004934,Healthcare,Small,LOC0101,AGT00631,1727,1,0,0,5.0,6419.9400000000005,5.0,4.0,12.0,18356.06,12.0,11.0,26.0,39778.94,26.0,24.0,1529.6716666666669,0,0,0
MRC004935,General Retail,Micro,LOC0117,AGT00763,2131,1,1,8,0.0,0.0,0.0,0.0,1.0,840.06,1.0,1.0,11.0,13508.25,11.0,11.0,840.06,0,0,0
MRC004936,Education,Micro,LOC0111,AGT00557,537,1,1,2,1.0,4563.21,1.0,1.0,2.0,5917.1,2.0,2.0,10.0,16384.17,10.0,9.0,2958.55,0,0,0
MRC004937,Fashion,Medium,LOC0059,AGT00330,944,1,1,1,3.0,3698.66,3.0,2.0,9.0,11126.119999999999,9.0,7.0,15.0,15589.16,15.0,12.0,1236.2355555555555,0,0,0
MRC004938,Healthcare,Micro,LOC0008,AGT00634,2346,1,1,2,2.0,2671.55,2.0,2.0,5.0,6348.67,5.0,5.0,6.0,8542.37,6.0,6.0,1269.734,0,0,0
MRC004939,Grocery,Small,LOC0028,AGT00051,1075,1,1,24,0.0,0.0,0.0,0.0,1.0,1458.38,1.0,1.0,4.0,4311.070000000001,4.0,4.0,1458.38,0,0,0
MRC004940,Fashion,Small,LOC0004,AGT00437,1731,1,1,32,0.0,0.0,0.0,0.0,0.0,0.0,0.0,0.0,2.0,5650.51,2.0,2.0,0.0,1,0,0
MRC004941,Fashion,Small,LOC0006,AGT00045,1514,1,0,25,0.0,0.0,0.0,0.0,1.0,8414.2,1.0,1.0,5.0,12374.900000000001,5.0,5.0,8414.2,0,0,0
MRC004942,General Retail,Small,LOC0020,AGT00543,2187,0,1,0,3.0,2853.33,3.0,3.0,5.0,3874.48,5.0,5.0,11.0,13389.97,11.0,11.0,774.896,0,0,0
MRC004943,Utility,Micro,LOC0068,AGT00778,1402,1,1,3,3.0,7950.76,3.0,2.0,28.0,81446.69,28.0,17.0,114.0,234768.38999999998,113.0,66.0,2908.8103571428574,0,0,0
MRC004944,General Retail,Medium,LOC0092,AGT00455,1215,1,1,0,2.0,2046.58,2.0,2.0,2.0,2046.58,2.0,2.0,7.0,11167.94,7.0,7.0,1023.29,0,0,0
MRC004945,Transport,Micro,LOC0071,AGT00032,322,1,1,3,1.0,780.39,1.0,1.0,4.0,13167.060000000001,4.0,4.0,9.0,22584.92,9.0,9.0,3291.7650000000003,0,0,0
MRC004946,Electronics,Micro,LOC0025,AGT00648,1324,1,1,25,0.0,0.0,0.0,0.0,1.0,889.26,1.0,1.0,5.0,10305.289999999999,5.0,5.0,889.26,0,0,0
MRC004947,General Retail,Medium,LOC0073,AGT00126,1565,1,0,5,2.0,655.87,2.0,2.0,4.0,2352.38,4.0,4.0,13.0,20631.61,13.0,13.0,588.095,0,0,0
MRC004948,General Retail,Micro,LOC0028,AGT00349,1792,1,1,16,0.0,0.0,0.0,0.0,6.0,9152.5,6.0,5.0,12.0,15211.73,12.0,11.0,1525.4166666666667,0,0,0
MRC004949,Fashion,Micro,LOC0056,AGT00528,1991,1,1,14,0.0,0.0,0.0,0.0,1.0,120.07,1.0,1.0,2.0,4086.11,2.0,2.0,120.07,0,0,0
MRC004950,General Retail,Large,LOC0107,AGT00414,1983,1,1,2,1.0,2862.04,1.0,1.0,1.0,2862.04,1.0,1.0,1.0,2862.04,1.0,1.0,2862.04,0,0,0
MRC004951,General Retail,Micro,LOC0017,AGT00069,1290,1,1,4,1.0,1089.11,1.0,1.0,5.0,3520.0,5.0,4.0,12.0,11383.61,12.0,11.0,704.0,0,0,0
MRC004952,Electronics,Micro,LOC0105,AGT00279,458,1,1,4,1.0,149.95,1.0,1.0,2.0,6502.37,2.0,2.0,7.0,13178.0,7.0,7.0,3251.185,0,0,0
MRC004953,Grocery,Small,LOC0033,AGT00412,842,1,0,5,1.0,313.7,1.0,1.0,2.0,1466.1100000000001,2.0,2.0,8.0,8066.610000000001,8.0,8.0,733.0550000000001,0,0,0
MRC004954,Pharmacy,Small,LOC0081,AGT00737,1177,1,1,7,0.0,0.0,0.0,0.0,1.0,1008.91,1.0,1.0,10.0,23170.350000000002,10.0,9.0,1008.91,0,0,0
MRC004955,Utility,Medium,LOC0032,AGT00056,2426,1,1,11,0.0,0.0,0.0,0.0,1.0,4570.41,1.0,1.0,5.0,6450.45,5.0,5.0,4570.41,0,0,0
MRC004956,Grocery,Small,LOC0020,AGT00607,1969,1,1,0,4.0,2583.1800000000003,4.0,4.0,17.0,15857.1,17.0,14.0,51.0,72166.46,51.0,35.0,932.7705882352941,0,0,0
MRC004957,Fashion,Large,LOC0055,AGT00752,2241,1,1,1,4.0,5449.16,4.0,2.0,11.0,13233.869999999999,11.0,7.0,32.0,32057.24,32.0,25.0,1203.0790909090908,0,0,0
MRC004958,Education,Micro,LOC0046,AGT00743,2455,1,1,1,1.0,3302.26,1.0,1.0,3.0,6227.31,3.0,3.0,5.0,13096.17,5.0,5.0,2075.77,0,0,0
MRC004959,General Retail,Small,LOC0061,AGT00524,578,1,1,39,0.0,0.0,0.0,0.0,0.0,0.0,0.0,0.0,3.0,2114.0299999999997,3.0,3.0,0.0,1,0,0
MRC004960,General Retail,Micro,LOC0029,AGT00383,312,1,1,48,0.0,0.0,0.0,0.0,0.0,0.0,0.0,0.0,8.0,25743.870000000003,8.0,7.0,0.0,1,0,0
MRC004961,Utility,Medium,LOC0118,AGT00444,1541,1,1,35,0.0,0.0,0.0,0.0,0.0,0.0,0.0,0.0,7.0,6470.73,7.0,6.0,0.0,1,0,0
MRC004962,Restaurant,Medium,LOC0081,AGT00454,865,0,1,2,1.0,1125.54,1.0,1.0,6.0,9091.83,6.0,4.0,14.0,22639.53,14.0,12.0,1515.305,0,0,0
MRC004963,Grocery,Micro,LOC0101,AGT00631,2185,1,0,13,0.0,0.0,0.0,0.0,3.0,3796.8200000000006,3.0,3.0,4.0,4035.0,4.0,4.0,1265.6066666666668,0,0,0
MRC004964,Transport,Medium,LOC0094,AGT00088,1302,1,1,5,1.0,5966.96,1.0,1.0,1.0,5966.96,1.0,1.0,2.0,6309.15,2.0,2.0,5966.96,0,0,0
MRC004965,Grocery,Small,LOC0087,AGT00238,307,0,0,0,1.0,27883.23,1.0,1.0,2.0,28376.75,2.0,2.0,5.0,42854.55,5.0,5.0,14188.375,0,0,0
MRC004966,Education,Micro,LOC0018,AGT00476,774,1,1,8,0.0,0.0,0.0,0.0,4.0,6502.200000000001,4.0,4.0,7.0,8585.58,7.0,7.0,1625.5500000000002,0,0,0
MRC004967,General Retail,Small,LOC0071,AGT00211,1033,0,1,1,1.0,2210.15,1.0,1.0,2.0,2328.19,2.0,2.0,5.0,11060.85,5.0,5.0,1164.095,0,0,0
MRC004968,Electronics,Large,LOC0108,AGT00235,345,0,1,1,1.0,1762.72,1.0,1.0,4.0,4032.09,4.0,3.0,10.0,10164.56,10.0,9.0,1008.0225,0,0,0
MRC004969,Transport,Micro,LOC0012,AGT00495,980,1,1,1,1.0,1693.08,1.0,1.0,3.0,3716.23,3.0,3.0,6.0,6561.8,6.0,6.0,1238.7433333333333,0,0,0
MRC004970,Transport,Micro,LOC0056,AGT00128,1465,1,1,6,1.0,904.04,1.0,1.0,2.0,4584.9,2.0,2.0,10.0,19125.48,10.0,9.0,2292.45,0,0,0
MRC004971,General Retail,Large,LOC0023,AGT00134,2238,1,0,0,2.0,1802.6000000000001,2.0,2.0,4.0,4091.46,4.0,4.0,7.0,13478.390000000001,7.0,7.0,1022.865,0,0,0
MRC004972,Fashion,Small,LOC0096,AGT00160,1705,0,1,9,0.0,0.0,0.0,0.0,5.0,3034.54,5.0,5.0,13.0,13403.369999999999,13.0,12.0,606.908,0,0,0
MRC004973,Fashion,Small,LOC0112,AGT00667,490,1,1,9,0.0,0.0,0.0,0.0,1.0,642.56,1.0,1.0,7.0,7441.55,7.0,7.0,642.56,0,0,0
MRC004974,Grocery,Small,LOC0007,AGT00157,1196,1,1,0,2.0,502.95,2.0,2.0,2.0,502.95,2.0,2.0,4.0,1765.17,4.0,4.0,251.475,0,0,0
MRC004975,Education,Small,LOC0097,AGT00741,1966,1,0,58,0.0,0.0,0.0,0.0,0.0,0.0,0.0,0.0,3.0,7586.25,3.0,3.0,0.0,1,0,0
MRC004976,Restaurant,Micro,LOC0044,AGT00736,1095,1,0,45,0.0,0.0,0.0,0.0,0.0,0.0,0.0,0.0,4.0,2274.76,4.0,4.0,0.0,1,0,0
MRC004977,Electronics,Micro,LOC0116,AGT00113,1517,1,1,52,0.0,0.0,0.0,0.0,0.0,0.0,0.0,0.0,2.0,434.55999999999995,2.0,2.0,0.0,1,0,0
MRC004978,Utility,Medium,LOC0002,AGT00617,2440,1,1,127,0.0,0.0,0.0,0.0,0.0,0.0,0.0,0.0,0.0,0.0,0.0,0.0,0.0,1,1,1
MRC004979,Grocery,Small,LOC0023,AGT00134,588,0,0,7,0.0,0.0,0.0,0.0,2.0,2551.2200000000003,2.0,2.0,12.0,13445.67,12.0,8.0,1275.6100000000001,0,0,0
MRC004980,Education,Small,LOC0087,AGT00077,1330,1,1,3,3.0,7411.88,3.0,3.0,12.0,18554.68,12.0,11.0,47.0,56058.8,47.0,38.0,1546.2233333333334,0,0,0
MRC004981,Grocery,Medium,LOC0094,AGT00270,1619,1,1,3,1.0,2259.19,1.0,1.0,3.0,4519.18,3.0,3.0,16.0,32923.69,16.0,14.0,1506.3933333333334,0,0,0
MRC004982,Pharmacy,Micro,LOC0010,AGT00025,2030,1,0,6,1.0,663.51,1.0,1.0,1.0,663.51,1.0,1.0,4.0,3158.47,4.0,3.0,663.51,0,0,0
MRC004983,Grocery,Medium,LOC0020,AGT00115,2115,1,1,17,0.0,0.0,0.0,0.0,1.0,844.07,1.0,1.0,1.0,844.07,1.0,1.0,844.07,0,0,0
MRC004984,Grocery,Small,LOC0041,AGT00074,914,1,1,8,0.0,0.0,0.0,0.0,3.0,3427.78,3.0,3.0,8.0,7629.0,8.0,8.0,1142.5933333333335,0,0,0
MRC004985,General Retail,Medium,LOC0005,AGT00496,1307,1,1,31,0.0,0.0,0.0,0.0,0.0,0.0,0.0,0.0,1.0,430.0,1.0,1.0,0.0,1,0,0
MRC004986,General Retail,Micro,LOC0094,AGT00777,2100,0,1,35,0.0,0.0,0.0,0.0,0.0,0.0,0.0,0.0,8.0,10126.02,8.0,8.0,0.0,1,0,0
MRC004987,Healthcare,Micro,LOC0081,AGT00790,2120,1,1,12,0.0,0.0,0.0,0.0,2.0,3936.85,2.0,2.0,6.0,9487.41,6.0,6.0,1968.425,0,0,0
MRC004988,Education,Small,LOC0090,AGT00299,2086,1,1,181,0.0,0.0,0.0,0.0,0.0,0.0,0.0,0.0,0.0,0.0,0.0,0.0,0.0,1,1,1
MRC004989,Utility,Medium,LOC0057,AGT00637,1745,1,1,0,2.0,1848.1599999999999,2.0,2.0,16.0,30172.350000000002,16.0,13.0,46.0,79863.59,46.0,35.0,1885.7718750000001,0,0,0
MRC004990,General Retail,Large,LOC0077,AGT00159,871,1,1,15,0.0,0.0,0.0,0.0,1.0,168.03,1.0,1.0,1.0,168.03,1.0,1.0,168.03,0,0,0
MRC004991,Electronics,Small,LOC0069,AGT00477,1091,1,1,0,2.0,1265.38,2.0,2.0,4.0,3235.03,4.0,3.0,8.0,13332.67,8.0,7.0,808.7575,0,0,0
MRC004992,Grocery,Small,LOC0084,AGT00549,1720,1,1,21,0.0,0.0,0.0,0.0,2.0,827.18,2.0,2.0,10.0,19123.289999999997,10.0,10.0,413.59,0,0,0
MRC004993,Transport,Micro,LOC0055,AGT00511,842,1,0,6,1.0,337.83,1.0,1.0,4.0,2528.86,4.0,4.0,5.0,3517.65,5.0,5.0,632.215,0,0,0
MRC004994,General Retail,Small,LOC0079,AGT00655,1777,0,1,1,1.0,221.23,1.0,1.0,4.0,4358.5,4.0,4.0,17.0,37015.22,17.0,16.0,1089.625,0,0,0
MRC004995,Pharmacy,Medium,LOC0078,AGT00189,1412,1,0,60,0.0,0.0,0.0,0.0,0.0,0.0,0.0,0.0,4.0,2439.56,4.0,4.0,0.0,1,1,0
MRC004996,Fashion,Small,LOC0077,AGT00168,1254,1,1,7,0.0,0.0,0.0,0.0,4.0,25203.99,4.0,4.0,11.0,40761.69,11.0,10.0,6300.9975,0,0,0
MRC004997,Restaurant,Micro,LOC0105,AGT00117,1063,1,1,2,1.0,430.74,1.0,1.0,3.0,2139.51,3.0,3.0,10.0,8010.620000000001,10.0,10.0,713.1700000000001,0,0,0
MRC004998,Restaurant,Large,LOC0042,AGT00501,1977,1,1,35,0.0,0.0,0.0,0.0,0.0,0.0,0.0,0.0,1.0,407.01,1.0,1.0,0.0,1,0,0
MRC004999,Healthcare,Micro,LOC0106,AGT00401,1304,1,0,41,0.0,0.0,0.0,0.0,0.0,0.0,0.0,0.0,7.0,6915.15,7.0,6.0,0.0,1,0,0
MRC005000,Restaurant,Small,LOC0004,AGT00643,957,0,1,7,0.0,0.0,0.0,0.0,1.0,562.26,1.0,1.0,4.0,6609.02,4.0,4.0,562.26,0,0,0
