merchant_category,business_size,location_id,merchant_tenure_days,qr_enabled,app_enabled,days_since_last_txn,txn_count_7d,txn_value_7d,unique_customers_7d,active_days_7d,txn_count_30d,txn_value_30d,unique_customers_30d,active_days_30d,txn_count_90d,txn_value_90d,unique_customers_90d,active_days_90d,avg_txn_value_30d,actual_churn,predicted_churn,churn_probability,risk_level
Restaurant,Medium,LOC0021,1977,1,1,47,0.0,0.0,0.0,0.0,0.0,0.0,0.0,0.0,1.0,216.45,1.0,1.0,0.0,1,1,0.9999995010472946,Critical
Utility,Micro,LOC0061,326,1,0,10,0.0,0.0,0.0,0.0,5.0,23757.64,5.0,4.0,10.0,31518.44,10.0,9.0,4751.528,0,0,4.989527298008386e-07,Low
Utility,Medium,LOC0083,2399,1,1,42,0.0,0.0,0.0,0.0,0.0,0.0,0.0,0.0,4.0,5158.37,4.0,4.0,0.0,1,1,0.9999995010472946,Critical
Restaurant,Small,LOC0068,1264,1,1,5,1.0,114.96,1.0,1.0,5.0,4788.96,5.0,5.0,22.0,34290.12,22.0,19.0,957.792,0,0,4.98952729800812e-07,Low
Grocery,Small,LOC0083,412,1,1,10,0.0,0.0,0.0,0.0,5.0,15104.75,5.0,5.0,14.0,36961.96,14.0,14.0,3020.95,0,0,4.989527298008386e-07,Low
Healthcare,Micro,LOC0006,943,1,1,202,0.0,0.0,0.0,0.0,0.0,0.0,0.0,0.0,0.0,0.0,0.0,0.0,0.0,1,1,0.9999995010472946,Critical
General Retail,Large,LOC0010,1889,1,1,20,0.0,0.0,0.0,0.0,1.0,193.09,1.0,1.0,4.0,8228.64,4.0,4.0,193.09,0,0,4.989527298009627e-07,Low
Transport,Small,LOC0027,1025,1,0,2,1.0,514.22,1.0,1.0,2.0,907.21,2.0,2.0,9.0,7836.360000000001,9.0,9.0,453.605,0,0,4.989527298008262e-07,Low
Electronics,Micro,LOC0120,927,1,1,1,5.0,11062.01,5.0,4.0,10.0,16880.82,10.0,9.0,35.0,41316.16,35.0,30.0,1688.082,0,0,4.989527298008917e-07,Low
Restaurant,Micro,LOC0087,2266,1,1,0,4.0,4932.7,4.0,3.0,6.0,6508.71,6.0,5.0,22.0,37000.05,22.0,20.0,1084.785,0,0,4.989527298011594e-07,Low
Education,Micro,LOC0001,1734,1,1,18,0.0,0.0,0.0,0.0,1.0,363.19,1.0,1.0,7.0,19986.75,7.0,6.0,363.19,0,0,4.989527298009219e-07,Low
Grocery,Micro,LOC0024,1060,1,1,18,0.0,0.0,0.0,0.0,3.0,2879.56,3.0,3.0,6.0,5283.87,6.0,6.0,959.8533333333334,0,0,4.989527298008191e-07,Low
Transport,Micro,LOC0091,1386,0,1,9,0.0,0.0,0.0,0.0,2.0,1623.45,2.0,2.0,11.0,8910.98,11.0,11.0,811.725,0,0,4.98952729800812e-07,Low
Restaurant,Micro,LOC0089,598,1,1,4,1.0,745.84,1.0,1.0,2.0,1403.63,2.0,2.0,3.0,1887.67,3.0,3.0,701.815,0,0,4.989527298008457e-07,Low
Pharmacy,Micro,LOC0116,1739,1,1,0,1.0,88.36,1.0,1.0,3.0,3640.46,3.0,3.0,13.0,21788.41,13.0,11.0,1213.486666666667,0,0,4.989527298008828e-07,Low
Grocery,Medium,LOC0084,1611,0,1,0,5.0,10103.4,5.0,4.0,16.0,29630.63,16.0,13.0,41.0,58132.35,41.0,34.0,1851.914375,0,0,4.989527298008828e-07,Low
Grocery,Small,LOC0056,1340,1,0,0,1.0,315.28,1.0,1.0,5.0,4712.84,5.0,4.0,17.0,24829.76,17.0,13.0,942.568,0,0,4.989527298008226e-07,Low
Grocery,Medium,LOC0022,1509,1,1,1,1.0,163.01,1.0,1.0,2.0,1435.5,2.0,2.0,6.0,7415.57,6.0,6.0,717.75,0,0,4.989527298008244e-07,Low
Grocery,Small,LOC0003,1058,1,1,4,1.0,3529.89,1.0,1.0,4.0,4906.84,4.0,4.0,13.0,11530.73,13.0,11.0,1226.71,0,0,4.989527298008421e-07,Low
Grocery,Medium,LOC0079,515,1,0,205,0.0,0.0,0.0,0.0,0.0,0.0,0.0,0.0,0.0,0.0,0.0,0.0,0.0,1,1,0.9999995010472946,Critical
Fashion,Micro,LOC0034,1699,1,0,0,4.0,5325.34,4.0,4.0,14.0,15791.32,14.0,12.0,44.0,58632.19,44.0,36.0,1127.9514285714286,0,0,4.98952729800867e-07,Low
Pharmacy,Small,LOC0049,1213,1,1,41,0.0,0.0,0.0,0.0,0.0,0.0,0.0,0.0,4.0,2298.91,4.0,4.0,0.0,1,1,0.9999995010472946,Critical
Transport,Small,LOC0085,1432,1,1,5,1.0,5664.36,1.0,1.0,3.0,7750.709999999999,3.0,3.0,10.0,33397.03,10.0,10.0,2583.57,0,0,4.989527298008546e-07,Low
Education,Small,LOC0111,2344,1,1,12,0.0,0.0,0.0,0.0,1.0,2269.83,1.0,1.0,4.0,8943.57,4.0,4.0,2269.83,0,0,4.989527298012853e-07,Low
Grocery,Micro,LOC0114,2208,0,1,23,0.0,0.0,0.0,0.0,1.0,2117.27,1.0,1.0,5.0,4389.3,5.0,4.0,2117.27,0,0,4.989527298011328e-07,Low
Transport,Micro,LOC0034,1860,0,1,12,0.0,0.0,0.0,0.0,1.0,504.44,1.0,1.0,4.0,6985.959999999999,4.0,4.0,504.44,0,0,4.989527298009574e-07,Low
Electronics,Small,LOC0068,895,1,1,2,3.0,3340.0,3.0,2.0,10.0,38669.03,10.0,9.0,24.0,66857.82,24.0,22.0,3866.903,0,0,4.989527298008546e-07,Low
Restaurant,Micro,LOC0005,1463,0,1,1,4.0,1985.23,4.0,4.0,14.0,22449.620000000003,14.0,13.0,41.0,74496.61,41.0,37.0,1603.544285714286,0,0,4.989527298008262e-07,Low
Restaurant,Medium,LOC0071,852,0,1,12,0.0,0.0,0.0,0.0,1.0,256.8,1.0,1.0,9.0,12995.99,9.0,9.0,256.8,0,0,4.989527298008421e-07,Low
Pharmacy,Small,LOC0094,776,0,0,4,1.0,555.5,1.0,1.0,1.0,555.5,1.0,1.0,7.0,10665.31,7.0,7.0,555.5,0,0,4.989527298008439e-07,Low
General Retail,Small,LOC0049,2219,1,1,7,0.0,0.0,0.0,0.0,1.0,271.3,1.0,1.0,5.0,3875.98,5.0,5.0,271.3,0,0,4.989527298011861e-07,Low
Pharmacy,Medium,LOC0041,396,1,1,4,2.0,2680.04,2.0,2.0,5.0,4288.29,5.0,4.0,7.0,5054.29,7.0,6.0,857.658,0,0,4.989527298008297e-07,Low
General Retail,Micro,LOC0029,1193,1,1,2,1.0,1397.65,1.0,1.0,1.0,1397.65,1.0,1.0,6.0,5199.62,6.0,6.0,1397.65,0,0,4.989527298008191e-07,Low
Healthcare,Micro,LOC0063,1257,1,1,20,0.0,0.0,0.0,0.0,2.0,4997.7,2.0,2.0,5.0,8505.7,5.0,5.0,2498.85,0,0,4.989527298008297e-07,Low
Fashion,Small,LOC0083,604,1,1,36,0.0,0.0,0.0,0.0,0.0,0.0,0.0,0.0,3.0,3962.61,3.0,3.0,0.0,1,1,0.9999995010472946,Critical
Restaurant,Small,LOC0065,747,0,1,52,0.0,0.0,0.0,0.0,0.0,0.0,0.0,0.0,1.0,3016.45,1.0,1.0,0.0,1,1,0.9999995010472946,Critical
Grocery,Micro,LOC0113,572,1,1,16,0.0,0.0,0.0,0.0,2.0,5919.5,2.0,2.0,6.0,17613.269999999997,6.0,6.0,2959.75,0,0,4.989527298008315e-07,Low
Utility,Small,LOC0053,946,1,1,3,3.0,40101.1,3.0,3.0,10.0,45939.990000000005,10.0,9.0,23.0,63291.350000000006,23.0,18.0,4593.999000000001,0,0,4.989527298008917e-07,Low
Utility,Micro,LOC0111,1440,1,1,6,1.0,1778.81,1.0,1.0,2.0,2663.38,2.0,2.0,9.0,9888.61,9.0,9.0,1331.69,0,0,4.989527298008013e-07,Low
Utility,Large,LOC0056,2292,1,1,1,2.0,1616.51,2.0,2.0,6.0,3407.58,6.0,4.0,13.0,9574.32,13.0,9.0,567.93,0,0,4.989527298011523e-07,Low
General Retail,Small,LOC0036,2144,1,1,0,2.0,1061.54,2.0,2.0,5.0,3176.3100000000004,5.0,4.0,10.0,6693.200000000001,10.0,9.0,635.2620000000001,0,0,4.989527298010212e-07,Low
Grocery,Micro,LOC0096,633,1,1,1,1.0,375.22,1.0,1.0,1.0,375.22,1.0,1.0,4.0,4305.030000000001,4.0,4.0,375.22,0,0,4.989527298008775e-07,Low
Electronics,Micro,LOC0048,911,1,1,11,0.0,0.0,0.0,0.0,6.0,6542.07,6.0,6.0,19.0,25687.95,19.0,19.0,1090.345,0,0,4.989527298008191e-07,Low
Education,Small,LOC0098,2386,1,1,37,0.0,0.0,0.0,0.0,0.0,0.0,0.0,0.0,4.0,10674.42,4.0,4.0,0.0,1,1,0.9999995010472946,Critical
Restaurant,Small,LOC0044,368,1,0,4,1.0,118.07,1.0,1.0,4.0,4448.58,4.0,4.0,11.0,7148.21,11.0,11.0,1112.145,0,0,4.989527298008315e-07,Low
General Retail,Small,LOC0112,458,1,1,3,2.0,1971.73,2.0,2.0,5.0,11308.47,5.0,5.0,14.0,23753.03,14.0,10.0,2261.694,0,0,4.98952729800835e-07,Low
Grocery,Small,LOC0022,586,1,1,13,0.0,0.0,0.0,0.0,3.0,13024.18,3.0,3.0,19.0,35689.17,19.0,18.0,4341.393333333333,0,0,4.989527298008439e-07,Low
General Retail,Micro,LOC0088,588,1,1,35,0.0,0.0,0.0,0.0,0.0,0.0,0.0,0.0,9.0,22390.37,9.0,8.0,0.0,1,1,0.9999995010472946,Critical
General Retail,Small,LOC0035,969,1,1,3,1.0,4573.07,1.0,1.0,5.0,11894.45,5.0,5.0,9.0,14557.36,9.0,9.0,2378.89,0,0,4.989527298008563e-07,Low
General Retail,Small,LOC0016,521,1,1,0,2.0,16191.12,2.0,2.0,4.0,16722.03,4.0,4.0,8.0,22984.5,8.0,8.0,4180.5075,0,0,4.989527298009041e-07,Low
Pharmacy,Small,LOC0108,1167,0,1,11,0.0,0.0,0.0,0.0,2.0,1249.66,2.0,2.0,7.0,4213.6,7.0,7.0,624.83,0,0,4.989527298008137e-07,Low
Pharmacy,Micro,LOC0019,876,1,1,5,2.0,1093.43,2.0,1.0,7.0,5098.0,7.0,5.0,16.0,25991.98,16.0,14.0,728.2857142857143,0,0,4.989527298008102e-07,Low
Healthcare,Small,LOC0010,1117,1,1,0,2.0,1325.23,2.0,2.0,13.0,11303.46,13.0,10.0,32.0,46427.02,32.0,29.0,869.496923076923,0,0,4.989527298008244e-07,Low
Utility,Micro,LOC0062,1292,1,0,6,1.0,1324.78,1.0,1.0,5.0,11118.13,5.0,4.0,8.0,13761.02,8.0,7.0,2223.626,0,0,4.989527298008173e-07,Low
Utility,Medium,LOC0067,976,1,1,0,4.0,3928.32,4.0,2.0,13.0,14227.57,13.0,10.0,38.0,66540.79,38.0,30.0,1094.4284615384615,0,0,4.989527298008528e-07,Low
General Retail,Large,LOC0043,2032,1,1,19,0.0,0.0,0.0,0.0,2.0,4980.63,2.0,2.0,4.0,8450.380000000001,4.0,4.0,2490.315,0,0,4.989527298009538e-07,Low
Grocery,Small,LOC0009,1579,1,1,0,2.0,2146.16,2.0,2.0,2.0,2146.16,2.0,2.0,4.0,3573.28,4.0,4.0,1073.08,0,0,4.989527298008439e-07,Low
Fashion,Small,LOC0036,1604,1,1,3,2.0,1529.21,2.0,2.0,5.0,4178.32,5.0,5.0,7.0,7426.84,7.0,7.0,835.664,0,0,4.989527298008226e-07,Low
Grocery,Small,LOC0051,1496,1,0,24,0.0,0.0,0.0,0.0,2.0,895.8,2.0,2.0,10.0,10571.27,10.0,10.0,447.9,0,0,4.989527298008368e-07,Low
Grocery,Small,LOC0032,1128,0,1,2,3.0,3958.56,3.0,3.0,14.0,19890.01,14.0,13.0,30.0,34173.03,30.0,26.0,1420.715,0,0,4.989527298008404e-07,Low
Education,Medium,LOC0060,1488,1,1,0,13.0,17482.62,13.0,6.0,25.0,44612.98,25.0,16.0,59.0,84220.93,59.0,41.0,1784.5191999999995,0,0,4.98952729800874e-07,Low
General Retail,Micro,LOC0099,1176,0,1,9,0.0,0.0,0.0,0.0,3.0,9702.49,3.0,3.0,8.0,15680.65,8.0,8.0,3234.1633333333334,0,0,4.989527298008137e-07,Low
Utility,Medium,LOC0019,1990,1,1,3,2.0,1615.83,2.0,1.0,8.0,16361.67,8.0,6.0,21.0,41635.18,21.0,17.0,2045.20875,0,0,4.989527298009201e-07,Low
General Retail,Micro,LOC0101,950,1,1,5,1.0,150.35,1.0,1.0,5.0,4691.2,5.0,5.0,9.0,6640.97,9.0,9.0,938.24,0,0,4.989527298008137e-07,Low
Transport,Small,LOC0014,437,1,0,11,0.0,0.0,0.0,0.0,3.0,9700.55,3.0,3.0,15.0,31481.09,15.0,14.0,3233.5166666666664,0,0,4.989527298008386e-07,Low
Transport,Micro,LOC0092,2164,1,1,4,2.0,352.99,2.0,2.0,4.0,1271.1,4.0,4.0,10.0,11656.85,10.0,10.0,317.775,0,0,4.989527298010477e-07,Low
Grocery,Micro,LOC0105,1907,0,1,0,3.0,2270.16,3.0,2.0,16.0,31751.77,16.0,11.0,51.0,74611.56999999999,51.0,40.0,1984.485625,0,0,4.98952729800913e-07,Low
Education,Micro,LOC0049,2018,0,1,64,0.0,0.0,0.0,0.0,0.0,0.0,0.0,0.0,2.0,3605.52,2.0,2.0,0.0,1,1,0.9999995010472946,Critical
Fashion,Micro,LOC0024,300,1,1,0,10.0,7231.68,10.0,5.0,27.0,33180.119999999995,27.0,17.0,69.0,117220.81,69.0,51.0,1228.8933333333332,0,0,4.989527298009165e-07,Low
Grocery,Micro,LOC0013,2439,1,1,15,0.0,0.0,0.0,0.0,1.0,1291.26,1.0,1.0,7.0,10417.04,7.0,7.0,1291.26,0,0,4.989527298016114e-07,Low
Electronics,Micro,LOC0056,2074,1,1,26,0.0,0.0,0.0,0.0,2.0,3888.05,2.0,2.0,6.0,7672.94,6.0,5.0,1944.025,0,0,4.989527298009609e-07,Low
Fashion,Small,LOC0064,875,0,1,1,2.0,2772.73,2.0,1.0,3.0,9098.55,3.0,2.0,12.0,18548.91,12.0,10.0,3032.85,0,0,4.989527298008173e-07,Low
Fashion,Medium,LOC0031,618,1,1,19,0.0,0.0,0.0,0.0,2.0,1752.62,2.0,2.0,2.0,1752.62,2.0,2.0,876.31,0,0,4.989527298008546e-07,Low
Electronics,Small,LOC0066,900,1,0,61,0.0,0.0,0.0,0.0,0.0,0.0,0.0,0.0,2.0,804.28,2.0,2.0,0.0,1,1,0.9999995010472946,Critical
Healthcare,Small,LOC0002,696,1,0,62,0.0,0.0,0.0,0.0,0.0,0.0,0.0,0.0,5.0,15866.43,5.0,5.0,0.0,1,1,0.9999995010472946,Critical
Electronics,Micro,LOC0067,1138,0,1,12,0.0,0.0,0.0,0.0,3.0,3725.26,3.0,3.0,6.0,8321.28,6.0,6.0,1241.753333333333,0,0,4.989527298007996e-07,Low
Fashion,Medium,LOC0061,1001,1,1,4,2.0,5461.86,2.0,2.0,6.0,10199.14,6.0,6.0,22.0,43109.95,22.0,20.0,1699.8566666666666,0,0,4.989527298008846e-07,Low
General Retail,Micro,LOC0023,1072,1,1,17,0.0,0.0,0.0,0.0,2.0,215.27,2.0,2.0,11.0,6186.89,11.0,9.0,107.635,0,0,4.989527298008492e-07,Low
Electronics,Medium,LOC0114,976,0,1,0,2.0,1676.04,2.0,2.0,18.0,26792.18,18.0,14.0,45.0,58069.98,45.0,38.0,1488.4544444444443,0,0,4.98952729800835e-07,Low
Grocery,Micro,LOC0066,982,0,1,0,7.0,3436.88,7.0,6.0,32.0,56473.19,32.0,20.0,86.0,149929.59,86.0,55.0,1764.7871875,0,0,4.989527298008546e-07,Low
Transport,Medium,LOC0009,1595,1,1,11,0.0,0.0,0.0,0.0,1.0,1491.5,1.0,1.0,4.0,3249.11,4.0,4.0,1491.5,0,0,4.98952729800867e-07,Low
Electronics,Medium,LOC0065,605,1,1,2,1.0,298.26,1.0,1.0,3.0,1356.82,3.0,3.0,6.0,6780.150000000001,6.0,6.0,452.2733333333333,0,0,4.989527298008386e-07,Low
Electronics,Small,LOC0038,1936,0,1,42,0.0,0.0,0.0,0.0,0.0,0.0,0.0,0.0,2.0,1752.37,2.0,2.0,0.0,1,1,0.9999995010472946,Critical
Grocery,Micro,LOC0019,2460,1,1,0,3.0,4228.77,3.0,2.0,17.0,29835.39,17.0,12.0,52.0,71830.52,52.0,35.0,1755.0229411764706,0,0,4.989527298018206e-07,Low
General Retail,Micro,LOC0087,2404,1,1,0,7.0,8586.28,7.0,4.0,28.0,47512.09,28.0,14.0,74.0,105191.99,74.0,46.0,1696.860357142857,0,0,4.989527298015104e-07,Low
Grocery,Micro,LOC0074,1532,1,1,13,0.0,0.0,0.0,0.0,2.0,4594.15,2.0,2.0,4.0,7772.22,4.0,4.0,2297.075,0,0,4.989527298008368e-07,Low
Grocery,Micro,LOC0113,339,1,1,0,1.0,3133.67,1.0,1.0,1.0,3133.67,1.0,1.0,3.0,5888.71,3.0,3.0,3133.67,0,0,4.989527298008599e-07,Low
General Retail,Medium,LOC0003,1333,1,0,23,0.0,0.0,0.0,0.0,2.0,1731.7,2.0,2.0,13.0,11208.55,13.0,13.0,865.85,0,0,4.989527298008297e-07,Low
Restaurant,Micro,LOC0083,1145,1,1,56,0.0,0.0,0.0,0.0,0.0,0.0,0.0,0.0,1.0,537.27,1.0,1.0,0.0,1,1,0.9999995010472946,Critical
Transport,Medium,LOC0083,1677,1,1,3,1.0,336.6,1.0,1.0,9.0,15611.72,9.0,8.0,24.0,49962.96,24.0,22.0,1734.6355555555556,0,0,4.989527298008421e-07,Low
Grocery,Micro,LOC0091,1681,1,1,11,0.0,0.0,0.0,0.0,4.0,19968.5,4.0,4.0,9.0,25915.85,9.0,9.0,4992.125,0,0,4.989527298008368e-07,Low
Electronics,Micro,LOC0101,2150,1,1,3,1.0,190.56,1.0,1.0,1.0,190.56,1.0,1.0,10.0,11748.21,10.0,10.0,190.56,0,0,4.989527298010779e-07,Low
Restaurant,Medium,LOC0111,2470,1,1,6,1.0,10531.72,1.0,1.0,1.0,10531.72,1.0,1.0,1.0,10531.72,1.0,1.0,10531.72,0,0,4.989527298018472e-07,Low
Education,Small,LOC0038,972,1,1,12,0.0,0.0,0.0,0.0,3.0,936.14,3.0,3.0,10.0,9611.08,10.0,9.0,312.0466666666667,0,0,4.989527298008279e-07,Low
Grocery,Micro,LOC0063,400,1,1,2,2.0,2241.46,2.0,2.0,7.0,26558.56,7.0,7.0,13.0,28870.34,13.0,13.0,3794.08,0,0,4.989527298008368e-07,Low
General Retail,Medium,LOC0109,1071,1,1,2,3.0,5011.99,3.0,2.0,14.0,28472.28,14.0,12.0,36.0,64307.19,36.0,31.0,2033.7342857142853,0,0,4.989527298008634e-07,Low
Utility,Micro,LOC0037,2115,1,1,2,1.0,45.97,1.0,1.0,3.0,10491.36,3.0,3.0,8.0,14873.5,8.0,7.0,3497.1200000000003,0,0,4.989527298009999e-07,Low
Pharmacy,Micro,LOC0112,1238,1,1,0,10.0,11970.01,10.0,7.0,57.0,77853.76,57.0,27.0,151.0,197750.96,151.0,74.0,1365.8554385964912,0,0,4.98952729800867e-07,Low
Restaurant,Small,LOC0088,1021,1,1,11,0.0,0.0,0.0,0.0,2.0,778.8,2.0,2.0,9.0,13548.48,9.0,9.0,389.4,0,0,4.989527298008279e-07,Low
Restaurant,Small,LOC0094,600,0,1,1,3.0,1158.79,3.0,2.0,3.0,1158.79,3.0,2.0,8.0,7177.37,8.0,7.0,386.2633333333333,0,0,4.989527298008368e-07,Low
Education,Medium,LOC0106,887,1,1,0,3.0,1879.76,3.0,3.0,10.0,16106.55,10.0,10.0,23.0,32764.17,23.0,23.0,1610.655,0,0,4.989527298008226e-07,Low
Healthcare,Micro,LOC0108,1631,0,1,7,0.0,0.0,0.0,0.0,7.0,12175.65,7.0,5.0,11.0,17138.36,11.0,9.0,1739.3785714285714,0,0,4.989527298008315e-07,Low
Pharmacy,Micro,LOC0055,818,1,1,2,4.0,4699.95,4.0,3.0,20.0,40084.93,20.0,15.0,57.0,88422.54000000001,57.0,44.0,2004.2465,0,0,4.989527298008634e-07,Low
Pharmacy,Small,LOC0064,822,1,0,34,0.0,0.0,0.0,0.0,0.0,0.0,0.0,0.0,1.0,1460.71,1.0,1.0,0.0,1,1,0.9999995010472946,Critical
Healthcare,Micro,LOC0077,771,1,1,11,0.0,0.0,0.0,0.0,2.0,2317.36,2.0,2.0,7.0,12067.04,7.0,7.0,1158.6799999999998,0,0,4.989527298008173e-07,Low
Fashion,Medium,LOC0013,2104,1,1,3,1.0,901.16,1.0,1.0,6.0,10004.8,6.0,5.0,16.0,19126.67,16.0,15.0,1667.466666666667,0,0,4.989527298009804e-07,Low
Electronics,Micro,LOC0002,463,1,1,21,0.0,0.0,0.0,0.0,3.0,5514.67,3.0,3.0,9.0,20393.5,9.0,9.0,1838.2233333333331,0,0,4.989527298008546e-07,Low
General Retail,Micro,LOC0057,1178,1,1,0,5.0,8169.07,5.0,3.0,34.0,53719.97,34.0,21.0,90.0,124758.19,90.0,56.0,1579.999117647059,0,0,4.989527298008652e-07,Low
Transport,Small,LOC0087,646,1,1,4,2.0,3218.67,2.0,1.0,3.0,4448.68,3.0,2.0,5.0,6002.43,5.0,4.0,1482.8933333333334,0,0,4.989527298008492e-07,Low
Education,Small,LOC0083,1239,1,1,121,0.0,0.0,0.0,0.0,0.0,0.0,0.0,0.0,0.0,0.0,0.0,0.0,0.0,1,1,0.9999995010472946,Critical
Restaurant,Micro,LOC0104,2462,1,1,2,2.0,1692.1,2.0,2.0,6.0,7746.57,6.0,6.0,19.0,34861.73,19.0,17.0,1291.095,0,0,4.989527298017762e-07,Low
Grocery,Micro,LOC0003,696,1,0,48,0.0,0.0,0.0,0.0,0.0,0.0,0.0,0.0,3.0,11923.3,3.0,3.0,0.0,1,1,0.9999995010472946,Critical
General Retail,Small,LOC0079,1118,1,1,60,0.0,0.0,0.0,0.0,0.0,0.0,0.0,0.0,1.0,839.61,1.0,1.0,0.0,1,1,0.9999995010472946,Critical
Utility,Micro,LOC0089,2051,1,1,18,0.0,0.0,0.0,0.0,2.0,758.3299999999999,2.0,2.0,8.0,6529.61,8.0,8.0,379.165,0,0,4.989527298009609e-07,Low
Electronics,Small,LOC0067,1907,1,1,18,0.0,0.0,0.0,0.0,2.0,2993.38,2.0,2.0,6.0,7820.89,6.0,6.0,1496.69,0,0,4.989527298009201e-07,Low
General Retail,Small,LOC0018,927,1,0,11,0.0,0.0,0.0,0.0,3.0,7278.9,3.0,3.0,6.0,8909.22,6.0,6.0,2426.3,0,0,4.989527298008191e-07,Low
General Retail,Medium,LOC0056,802,0,1,1,1.0,963.15,1.0,1.0,5.0,6499.34,5.0,5.0,10.0,12586.85,10.0,10.0,1299.868,0,0,4.989527298008102e-07,Low
General Retail,Medium,LOC0098,1701,1,1,10,0.0,0.0,0.0,0.0,9.0,15460.85,9.0,8.0,20.0,27609.81,20.0,18.0,1717.8722222222225,0,0,4.989527298008421e-07,Low
Fashion,Small,LOC0020,368,1,1,37,0.0,0.0,0.0,0.0,0.0,0.0,0.0,0.0,12.0,13303.73,12.0,10.0,0.0,1,1,0.9999995010472946,Critical
Grocery,Micro,LOC0109,549,1,1,1,1.0,484.45,1.0,1.0,14.0,13185.39,14.0,11.0,35.0,63078.65,35.0,29.0,941.8135714285714,0,0,4.989527298008404e-07,Low
Fashion,Small,LOC0013,1753,1,0,28,0.0,0.0,0.0,0.0,1.0,160.9,1.0,1.0,6.0,10130.0,6.0,6.0,160.9,0,0,4.989527298009219e-07,Low
Electronics,Micro,LOC0051,720,1,1,15,0.0,0.0,0.0,0.0,1.0,664.3,1.0,1.0,5.0,6529.89,5.0,4.0,664.3,0,0,4.989527298008279e-07,Low
Utility,Micro,LOC0005,2300,1,1,13,0.0,0.0,0.0,0.0,2.0,25720.07,2.0,2.0,4.0,26931.65,4.0,4.0,12860.035,0,0,4.989527298012197e-07,Low
Grocery,Micro,LOC0046,1010,0,1,2,2.0,578.39,2.0,2.0,5.0,8476.769999999999,5.0,4.0,7.0,9275.64,7.0,6.0,1695.3539999999998,0,0,4.989527298008173e-07,Low
Grocery,Medium,LOC0001,671,1,0,1,4.0,1284.42,4.0,4.0,14.0,10836.85,14.0,13.0,34.0,40123.43,34.0,30.0,774.0607142857143,0,0,4.989527298008244e-07,Low
Electronics,Small,LOC0069,1091,1,1,0,2.0,1265.38,2.0,2.0,4.0,3235.03,4.0,3.0,8.0,13332.67,8.0,7.0,808.7575,0,0,4.98952729800812e-07,Low
General Retail,Micro,LOC0041,1688,0,1,0,7.0,5167.0,7.0,5.0,28.0,26933.85,28.0,21.0,69.0,83511.07,69.0,52.0,961.9232142857144,0,0,4.989527298008686e-07,Low
Transport,Micro,LOC0045,2201,1,1,24,0.0,0.0,0.0,0.0,1.0,425.87,1.0,1.0,7.0,7970.79,7.0,6.0,425.87,0,0,4.989527298011594e-07,Low
Healthcare,Medium,LOC0117,361,0,1,0,3.0,7727.43,3.0,3.0,19.0,27240.89,19.0,14.0,40.0,51112.21,40.0,34.0,1433.731052631579,0,0,4.989527298009112e-07,Low
Pharmacy,Small,LOC0109,1513,0,1,40,0.0,0.0,0.0,0.0,0.0,0.0,0.0,0.0,1.0,1539.33,1.0,1.0,0.0,1,1,0.9999995010472946,Critical
Fashion,Medium,LOC0118,606,1,0,10,0.0,0.0,0.0,0.0,4.0,6013.75,4.0,4.0,13.0,23044.27,13.0,13.0,1503.4375,0,0,4.989527298008439e-07,Low
Restaurant,Micro,LOC0071,1869,1,1,11,0.0,0.0,0.0,0.0,3.0,1415.94,3.0,3.0,4.0,2159.3,4.0,4.0,471.98,0,0,4.989527298009308e-07,Low
Grocery,Micro,LOC0032,469,0,1,11,0.0,0.0,0.0,0.0,4.0,3726.45,4.0,3.0,15.0,19424.69,15.0,14.0,931.6125,0,0,4.989527298008315e-07,Low
Transport,Large,LOC0021,2346,1,1,16,0.0,0.0,0.0,0.0,4.0,3206.19,4.0,4.0,8.0,7432.11,8.0,7.0,801.5475,0,0,4.98952729801264e-07,Low
Pharmacy,Micro,LOC0115,1229,0,1,8,0.0,0.0,0.0,0.0,5.0,11412.67,5.0,5.0,18.0,25815.07,18.0,16.0,2282.534,0,0,4.989527298008191e-07,Low
Pharmacy,Medium,LOC0070,2283,1,1,205,0.0,0.0,0.0,0.0,0.0,0.0,0.0,0.0,0.0,0.0,0.0,0.0,0.0,1,1,0.9999995010472946,Critical
Fashion,Medium,LOC0080,354,1,1,7,0.0,0.0,0.0,0.0,3.0,1946.53,3.0,3.0,7.0,8059.21,7.0,7.0,648.8433333333334,0,0,4.989527298008404e-07,Low
Grocery,Micro,LOC0054,1020,1,1,6,1.0,717.77,1.0,1.0,3.0,3603.13,3.0,3.0,5.0,4502.74,5.0,5.0,1201.0433333333333,0,0,4.98952729800812e-07,Low
Pharmacy,Medium,LOC0074,2096,1,1,12,0.0,0.0,0.0,0.0,3.0,8597.94,3.0,3.0,5.0,10832.2,5.0,5.0,2865.98,0,0,4.989527298009822e-07,Low
Grocery,Micro,LOC0084,1850,0,1,7,0.0,0.0,0.0,0.0,4.0,7946.32,4.0,4.0,12.0,15066.65,12.0,11.0,1986.58,0,0,4.989527298009041e-07,Low
General Retail,Small,LOC0042,1942,1,1,0,12.0,20542.17,12.0,7.0,29.0,56951.83,29.0,19.0,88.0,149258.52,88.0,57.0,1963.856206896552,0,0,4.989527298009538e-07,Low
Education,Micro,LOC0070,1040,1,1,5,1.0,2086.56,1.0,1.0,3.0,9805.64,3.0,3.0,16.0,18796.11,16.0,15.0,3268.5466666666666,0,0,4.989527298008191e-07,Low
Restaurant,Medium,LOC0090,641,0,0,21,0.0,0.0,0.0,0.0,3.0,2935.57,3.0,2.0,6.0,11107.04,6.0,5.0,978.5233333333332,0,0,4.989527298008528e-07,Low
Pharmacy,Large,LOC0075,1463,1,1,8,0.0,0.0,0.0,0.0,4.0,24614.2,4.0,3.0,18.0,49665.43,18.0,15.0,6153.55,0,0,4.989527298008279e-07,Low
Grocery,Medium,LOC0098,1803,1,1,73,0.0,0.0,0.0,0.0,0.0,0.0,0.0,0.0,1.0,4741.64,1.0,1.0,0.0,1,1,0.9999995010472946,Critical
Pharmacy,Small,LOC0065,1998,0,1,0,1.0,1354.91,1.0,1.0,14.0,25440.98,14.0,11.0,35.0,52542.87,35.0,26.0,1817.212857142857,0,0,4.989527298009272e-07,Low
General Retail,Small,LOC0113,1584,1,1,227,0.0,0.0,0.0,0.0,0.0,0.0,0.0,0.0,0.0,0.0,0.0,0.0,0.0,1,1,0.9999995010472946,Critical
Pharmacy,Micro,LOC0009,2262,1,1,3,1.0,829.73,1.0,1.0,2.0,2675.1,2.0,2.0,3.0,2852.47,3.0,3.0,1337.55,0,0,4.989527298011665e-07,Low
Electronics,Small,LOC0031,1657,1,1,4,1.0,757.04,1.0,1.0,4.0,4897.88,4.0,4.0,14.0,38538.41,14.0,12.0,1224.47,0,0,4.989527298008226e-07,Low
Grocery,Micro,LOC0105,493,0,1,4,1.0,1090.59,1.0,1.0,1.0,1090.59,1.0,1.0,5.0,11356.35,5.0,5.0,1090.59,0,0,4.989527298008368e-07,Low
Restaurant,Micro,LOC0095,2170,1,1,1,2.0,2214.88,2.0,2.0,7.0,22706.12,7.0,7.0,16.0,32478.58,16.0,15.0,3243.7314285714283,0,0,4.989527298010868e-07,Low
Grocery,Small,LOC0117,1204,0,1,8,0.0,0.0,0.0,0.0,1.0,1029.12,1.0,1.0,6.0,9623.24,6.0,6.0,1029.12,0,0,4.989527298008209e-07,Low
General Retail,Small,LOC0062,2290,1,1,85,0.0,0.0,0.0,0.0,0.0,0.0,0.0,0.0,1.0,259.34,1.0,1.0,0.0,1,1,0.9999995010472946,Critical
General Retail,Small,LOC0120,1164,1,0,63,0.0,0.0,0.0,0.0,0.0,0.0,0.0,0.0,1.0,1722.67,1.0,1.0,0.0,1,1,0.9999995010472946,Critical
Restaurant,Medium,LOC0033,1877,1,1,90,0.0,0.0,0.0,0.0,0.0,0.0,0.0,0.0,0.0,0.0,0.0,0.0,0.0,1,1,0.9999995010472946,Critical
Fashion,Micro,LOC0101,1762,1,1,1,4.0,4731.639999999999,4.0,3.0,14.0,14191.13,14.0,12.0,43.0,58532.32,43.0,35.0,1013.652142857143,0,0,4.989527298009201e-07,Low
Electronics,Micro,LOC0025,777,1,1,3,2.0,1321.3,2.0,2.0,3.0,3885.88,3.0,3.0,6.0,11546.83,6.0,5.0,1295.2933333333333,0,0,4.989527298008137e-07,Low
Electronics,Micro,LOC0010,2367,1,1,12,0.0,0.0,0.0,0.0,12.0,30295.79,12.0,9.0,28.0,64328.59,28.0,24.0,2524.6491666666666,0,0,4.989527298013633e-07,Low
Utility,Medium,LOC0078,1481,0,1,19,0.0,0.0,0.0,0.0,1.0,1030.52,1.0,1.0,4.0,2505.73,4.0,4.0,1030.52,0,0,4.989527298008563e-07,Low
General Retail,Micro,LOC0081,1320,1,1,21,0.0,0.0,0.0,0.0,1.0,3583.86,1.0,1.0,3.0,19498.23,3.0,3.0,3583.86,0,0,4.989527298008492e-07,Low
Grocery,Medium,LOC0013,1717,1,1,20,0.0,0.0,0.0,0.0,1.0,1194.02,1.0,1.0,2.0,1386.72,2.0,2.0,1194.02,0,0,4.989527298008652e-07,Low
Healthcare,Small,LOC0002,2377,1,1,34,0.0,0.0,0.0,0.0,0.0,0.0,0.0,0.0,2.0,861.75,2.0,2.0,0.0,1,1,0.9999995010472946,Critical
Restaurant,Medium,LOC0014,443,1,1,24,0.0,0.0,0.0,0.0,1.0,397.07,1.0,1.0,2.0,509.85,2.0,2.0,397.07,0,0,4.98952729800897e-07,Low
Transport,Medium,LOC0063,445,1,1,2,1.0,2856.32,1.0,1.0,1.0,2856.32,1.0,1.0,1.0,2856.32,1.0,1.0,2856.32,0,0,4.989527298008386e-07,Low
Utility,Small,LOC0107,1757,1,1,7,0.0,0.0,0.0,0.0,8.0,16780.43,8.0,8.0,23.0,40974.79,23.0,22.0,2097.55375,0,0,4.989527298008953e-07,Low
Healthcare,Medium,LOC0016,2182,1,1,33,0.0,0.0,0.0,0.0,0.0,0.0,0.0,0.0,1.0,46.21,1.0,1.0,0.0,1,1,0.9999995010472946,Critical
Education,Medium,LOC0062,1092,1,1,13,0.0,0.0,0.0,0.0,2.0,625.8499999999999,2.0,2.0,5.0,3108.51,5.0,5.0,312.92499999999995,0,0,4.989527298008439e-07,Low
Education,Small,LOC0046,613,1,1,0,7.0,10642.28,7.0,4.0,30.0,36206.46,30.0,20.0,76.0,101497.18,76.0,51.0,1206.882,0,0,4.989527298009095e-07,Low
Grocery,Medium,LOC0051,2091,0,0,8,0.0,0.0,0.0,0.0,1.0,710.41,1.0,1.0,2.0,1240.83,2.0,2.0,710.41,0,0,4.989527298010194e-07,Low
Pharmacy,Small,LOC0092,1021,1,1,3,2.0,5813.85,2.0,2.0,12.0,14631.99,12.0,10.0,25.0,35042.07,25.0,23.0,1219.3325,0,0,4.989527298008846e-07,Low
Grocery,Small,LOC0120,543,1,1,6,1.0,793.92,1.0,1.0,5.0,6351.2,5.0,4.0,17.0,23477.47,17.0,15.0,1270.24,0,0,4.98952729800835e-07,Low
Grocery,Small,LOC0043,796,1,1,5,1.0,5820.29,1.0,1.0,1.0,5820.29,1.0,1.0,1.0,5820.29,1.0,1.0,5820.29,0,0,4.989527298008811e-07,Low
Transport,Micro,LOC0013,1523,0,0,9,0.0,0.0,0.0,0.0,2.0,2950.31,2.0,2.0,7.0,16265.22,7.0,7.0,1475.155,0,0,4.989527298008173e-07,Low
Healthcare,Small,LOC0008,1386,1,1,1,2.0,12070.9,2.0,2.0,8.0,17246.36,8.0,8.0,19.0,30507.04,19.0,19.0,2155.795,0,0,4.989527298008616e-07,Low
Pharmacy,Small,LOC0118,1305,1,0,5,2.0,1568.92,2.0,2.0,9.0,14336.32,9.0,8.0,21.0,28456.22,21.0,19.0,1592.9244444444444,0,0,4.989527298008297e-07,Low
Utility,Small,LOC0082,1403,1,1,2,3.0,5483.26,3.0,3.0,32.0,84686.32,32.0,19.0,104.0,190707.13,104.0,62.0,2646.4475,0,0,4.989527298008616e-07,Low
Transport,Small,LOC0037,2078,1,0,1,1.0,313.33,1.0,1.0,4.0,1400.36,4.0,4.0,6.0,6140.84,6.0,6.0,350.09,0,0,4.989527298009698e-07,Low
Restaurant,Small,LOC0098,301,0,1,13,0.0,0.0,0.0,0.0,3.0,3433.44,3.0,3.0,7.0,12790.82,7.0,7.0,1144.48,0,0,4.989527298008386e-07,Low
Pharmacy,Micro,LOC0109,1619,0,1,16,0.0,0.0,0.0,0.0,1.0,1336.46,1.0,1.0,3.0,3131.66,3.0,3.0,1336.46,0,0,4.989527298008439e-07,Low
Grocery,Small,LOC0090,820,1,1,59,0.0,0.0,0.0,0.0,0.0,0.0,0.0,0.0,2.0,1637.68,2.0,2.0,0.0,1,1,0.9999995010472946,Critical
Grocery,Micro,LOC0025,307,1,1,74,0.0,0.0,0.0,0.0,0.0,0.0,0.0,0.0,1.0,890.15,1.0,1.0,0.0,1,1,0.9999995010472946,Critical
Grocery,Medium,LOC0013,2270,1,1,8,0.0,0.0,0.0,0.0,3.0,4633.52,3.0,3.0,11.0,14100.38,11.0,10.0,1544.506666666667,0,0,4.989527298011399e-07,Low
Grocery,Micro,LOC0016,1873,1,0,6,1.0,755.64,1.0,1.0,2.0,1030.63,2.0,2.0,4.0,4239.01,4.0,4.0,515.315,0,0,4.989527298009343e-07,Low
General Retail,Micro,LOC0057,644,0,1,1,2.0,3090.31,2.0,1.0,2.0,3090.31,2.0,1.0,7.0,8145.28,7.0,6.0,1545.155,0,0,4.989527298008492e-07,Low
Grocery,Micro,LOC0043,346,1,1,6,1.0,1126.35,1.0,1.0,3.0,3277.58,3.0,3.0,13.0,11019.12,13.0,12.0,1092.5266666666666,0,0,4.989527298008297e-07,Low
Restaurant,Micro,LOC0078,1702,1,1,5,1.0,733.59,1.0,1.0,5.0,6751.09,5.0,5.0,7.0,9790.58,7.0,7.0,1350.218,0,0,4.989527298008333e-07,Low
General Retail,Micro,LOC0059,813,0,1,2,4.0,2036.6,4.0,4.0,13.0,14508.98,13.0,11.0,34.0,63124.05,34.0,26.0,1116.0753846153846,0,0,4.989527298008226e-07,Low
Education,Medium,LOC0068,1156,0,0,44,0.0,0.0,0.0,0.0,0.0,0.0,0.0,0.0,2.0,1686.26,2.0,2.0,0.0,1,1,0.9999995010472946,Critical
Grocery,Medium,LOC0039,514,1,1,6,1.0,1718.09,1.0,1.0,7.0,5873.35,7.0,7.0,29.0,37657.74,29.0,26.0,839.0500000000001,0,0,4.98952729800835e-07,Low
General Retail,Micro,LOC0021,1846,1,1,0,4.0,7343.33,4.0,3.0,21.0,46701.11,21.0,15.0,62.0,100978.54,62.0,45.0,2223.862380952381,0,0,4.989527298009556e-07,Low
General Retail,Small,LOC0045,637,1,1,0,1.0,6404.23,1.0,1.0,4.0,10493.56,4.0,4.0,7.0,11590.75,7.0,7.0,2623.39,0,0,4.989527298008953e-07,Low
Education,Small,LOC0037,1546,1,1,14,0.0,0.0,0.0,0.0,2.0,5978.35,2.0,2.0,12.0,27040.57,12.0,10.0,2989.175,0,0,4.989527298008191e-07,Low
General Retail,Small,LOC0097,1352,1,1,0,6.0,3403.52,6.0,6.0,17.0,21445.09,17.0,12.0,37.0,49211.01,37.0,28.0,1261.4758823529412,0,0,4.989527298008404e-07,Low
Healthcare,Micro,LOC0049,2210,1,1,7,0.0,0.0,0.0,0.0,1.0,5402.11,1.0,1.0,15.0,31075.24,15.0,13.0,5402.11,0,0,4.989527298011186e-07,Low
Grocery,Small,LOC0039,788,1,1,2,3.0,6105.79,3.0,2.0,29.0,49672.88,29.0,19.0,80.0,119641.6,80.0,51.0,1712.8579310344826,0,0,4.989527298008882e-07,Low
General Retail,Small,LOC0077,361,1,1,19,0.0,0.0,0.0,0.0,1.0,557.05,1.0,1.0,5.0,7776.969999999999,5.0,5.0,557.05,0,0,4.989527298008686e-07,Low
Grocery,Micro,LOC0059,683,1,0,19,0.0,0.0,0.0,0.0,2.0,1737.15,2.0,2.0,3.0,3951.04,3.0,3.0,868.575,0,0,4.989527298008368e-07,Low
Transport,Medium,LOC0079,1867,1,1,2,4.0,2369.14,4.0,4.0,9.0,14180.49,9.0,9.0,22.0,29593.76,22.0,20.0,1575.61,0,0,4.98952729800913e-07,Low
General Retail,Small,LOC0114,1544,1,0,17,0.0,0.0,0.0,0.0,5.0,1544.39,5.0,4.0,26.0,25844.14,26.0,23.0,308.878,0,0,4.989527298008386e-07,Low
Grocery,Micro,LOC0048,1795,0,1,4,1.0,2496.01,1.0,1.0,14.0,22084.33,14.0,13.0,41.0,63436.8,41.0,38.0,1577.4521428571427,0,0,4.989527298008935e-07,Low
Education,Medium,LOC0046,2457,1,1,0,42.0,75915.19,42.0,7.0,153.0,235774.35,152.0,29.0,455.0,686067.47,452.0,88.0,1541.0088235294118,0,0,4.989527298018401e-07,Low
Healthcare,Small,LOC0061,1993,1,0,2,1.0,3642.39,1.0,1.0,3.0,7464.75,3.0,3.0,9.0,12530.77,9.0,8.0,2488.25,0,0,4.989527298009325e-07,Low
Pharmacy,Medium,LOC0085,1770,1,1,47,0.0,0.0,0.0,0.0,0.0,0.0,0.0,0.0,2.0,1859.67,2.0,2.0,0.0,1,1,0.9999995010472946,Critical
Utility,Micro,LOC0073,1417,1,1,16,0.0,0.0,0.0,0.0,2.0,2847.68,2.0,2.0,2.0,2847.68,2.0,2.0,1423.84,0,0,4.989527298008137e-07,Low
Grocery,Micro,LOC0051,1776,1,1,25,0.0,0.0,0.0,0.0,1.0,1704.01,1.0,1.0,2.0,1768.71,2.0,2.0,1704.01,0,0,4.989527298009059e-07,Low
Grocery,Medium,LOC0112,1529,1,1,35,0.0,0.0,0.0,0.0,0.0,0.0,0.0,0.0,2.0,860.5999999999999,2.0,2.0,0.0,1,1,0.9999995010472946,Critical
Fashion,Small,LOC0013,2124,1,1,2,1.0,5043.44,1.0,1.0,8.0,12879.63,8.0,5.0,23.0,36046.67,23.0,19.0,1609.95375,0,0,4.989527298010336e-07,Low
Grocery,Micro,LOC0024,1873,0,1,12,0.0,0.0,0.0,0.0,2.0,1754.69,2.0,2.0,4.0,5636.77,4.0,4.0,877.345,0,0,4.989527298009308e-07,Low
Grocery,Medium,LOC0029,2086,1,1,2,1.0,158.82,1.0,1.0,1.0,158.82,1.0,1.0,3.0,1691.02,3.0,3.0,158.82,0,0,4.989527298010176e-07,Low
Restaurant,Micro,LOC0049,563,1,1,0,2.0,2569.3,2.0,2.0,5.0,7893.83,5.0,5.0,19.0,26775.61,19.0,16.0,1578.766,0,0,4.989527298008404e-07,Low
Grocery,Micro,LOC0078,2348,1,0,0,2.0,2393.74,2.0,2.0,4.0,6806.2,4.0,4.0,13.0,20835.06,13.0,12.0,1701.55,0,0,4.98952729801303e-07,Low
Pharmacy,Medium,LOC0032,563,1,1,10,0.0,0.0,0.0,0.0,1.0,491.25,1.0,1.0,2.0,2985.11,2.0,2.0,491.25,0,0,4.989527298008704e-07,Low
Fashion,Micro,LOC0056,560,1,1,1,6.0,7615.42,6.0,4.0,27.0,46835.35,27.0,12.0,85.0,166769.24,85.0,47.0,1734.6425925925926,0,0,4.989527298009112e-07,Low
Utility,Small,LOC0048,2171,1,1,3,2.0,4052.11,2.0,2.0,5.0,8468.560000000001,5.0,4.0,16.0,18808.63,16.0,14.0,1693.7120000000002,0,0,4.98952729801085e-07,Low
Transport,Micro,LOC0055,842,1,0,6,1.0,337.83,1.0,1.0,4.0,2528.86,4.0,4.0,5.0,3517.65,5.0,5.0,632.215,0,0,4.989527298008137e-07,Low
Healthcare,Small,LOC0086,2419,1,1,1,8.0,13933.02,8.0,5.0,33.0,74249.04,33.0,22.0,83.0,155234.03,83.0,55.0,2249.970909090909,0,0,4.989527298015264e-07,Low
Education,Micro,LOC0061,1393,0,0,7,0.0,0.0,0.0,0.0,4.0,5312.14,4.0,3.0,17.0,23046.11,17.0,14.0,1328.035,0,0,4.989527298008102e-07,Low
Healthcare,Small,LOC0015,2061,0,1,19,0.0,0.0,0.0,0.0,1.0,4617.07,1.0,1.0,8.0,12568.44,8.0,7.0,4617.07,0,0,4.989527298009769e-07,Low
Education,Micro,LOC0107,436,1,1,4,1.0,3950.33,1.0,1.0,1.0,3950.33,1.0,1.0,6.0,13794.39,6.0,6.0,3950.33,0,0,4.989527298008581e-07,Low
General Retail,Small,LOC0004,624,1,1,34,0.0,0.0,0.0,0.0,0.0,0.0,0.0,0.0,5.0,12663.42,5.0,5.0,0.0,1,1,0.9999995010472946,Critical
Restaurant,Small,LOC0046,509,0,1,1,1.0,973.03,1.0,1.0,4.0,31152.62,4.0,3.0,20.0,53222.880000000005,20.0,19.0,7788.155,0,0,4.989527298008404e-07,Low
Healthcare,Medium,LOC0076,453,1,1,48,0.0,0.0,0.0,0.0,0.0,0.0,0.0,0.0,5.0,17225.46,5.0,5.0,0.0,1,1,0.9999995010472946,Critical
General Retail,Small,LOC0035,412,0,1,0,1.0,5200.51,1.0,1.0,1.0,5200.51,1.0,1.0,5.0,7911.48,5.0,5.0,5200.51,0,0,4.989527298008686e-07,Low
Pharmacy,Small,LOC0015,1530,1,1,1,3.0,2244.33,3.0,2.0,7.0,7255.42,7.0,6.0,33.0,43800.59,33.0,29.0,1036.4885714285715,0,0,4.989527298008262e-07,Low
Education,Medium,LOC0031,2357,0,0,23,0.0,0.0,0.0,0.0,1.0,231.63,1.0,1.0,7.0,9974.46,7.0,7.0,231.63,0,0,4.989527298013366e-07,Low
Grocery,Micro,LOC0029,1820,1,1,3,2.0,2256.58,2.0,2.0,7.0,6295.13,7.0,6.0,17.0,19595.71,17.0,14.0,899.3042857142857,0,0,4.989527298009006e-07,Low
General Retail,Small,LOC0027,598,1,1,97,0.0,0.0,0.0,0.0,0.0,0.0,0.0,0.0,0.0,0.0,0.0,0.0,0.0,1,1,0.9999995010472946,Critical
Utility,Small,LOC0098,1429,0,1,8,0.0,0.0,0.0,0.0,5.0,4841.42,5.0,5.0,19.0,24661.77,19.0,18.0,968.284,0,0,4.989527298008102e-07,Low
Electronics,Small,LOC0061,1450,1,1,55,0.0,0.0,0.0,0.0,0.0,0.0,0.0,0.0,2.0,2444.2200000000003,2.0,2.0,0.0,1,1,0.9999995010472946,Critical
Grocery,Large,LOC0098,929,1,0,2,2.0,783.8,2.0,2.0,14.0,10893.46,14.0,12.0,26.0,32476.16,26.0,24.0,778.1042857142858,0,0,4.989527298008226e-07,Low
Utility,Large,LOC0103,1585,0,1,2,2.0,5721.73,2.0,2.0,10.0,21443.55,10.0,8.0,16.0,27531.22,16.0,13.0,2144.355,0,0,4.989527298008775e-07,Low
General Retail,Micro,LOC0058,1060,1,1,3,1.0,1584.14,1.0,1.0,2.0,4285.0,2.0,2.0,15.0,31439.85,15.0,14.0,2142.5,0,0,4.98952729800812e-07,Low
Utility,Small,LOC0046,1561,1,1,70,0.0,0.0,0.0,0.0,0.0,0.0,0.0,0.0,1.0,985.39,1.0,1.0,0.0,1,1,0.9999995010472946,Critical
Pharmacy,Medium,LOC0058,1130,1,0,13,0.0,0.0,0.0,0.0,7.0,5734.98,7.0,6.0,25.0,38898.03,25.0,23.0,819.2828571428571,0,0,4.989527298008066e-07,Low
Electronics,Small,LOC0055,1393,1,1,0,1.0,990.29,1.0,1.0,12.0,18272.51,12.0,10.0,26.0,37133.7,26.0,21.0,1522.7091666666663,0,0,4.989527298008137e-07,Low
Grocery,Small,LOC0069,1746,1,0,0,2.0,3108.99,2.0,2.0,9.0,12094.0,9.0,8.0,38.0,65149.22,38.0,30.0,1343.7777777777778,0,0,4.989527298009006e-07,Low
Utility,Small,LOC0104,1527,0,1,5,1.0,515.08,1.0,1.0,5.0,7202.8,5.0,5.0,11.0,18283.37,11.0,10.0,1440.56,0,0,4.989527298008209e-07,Low
Fashion,Micro,LOC0089,998,0,1,21,0.0,0.0,0.0,0.0,1.0,620.85,1.0,1.0,6.0,6101.83,6.0,5.0,620.85,0,0,4.989527298008652e-07,Low
General Retail,Small,LOC0053,1076,1,0,28,0.0,0.0,0.0,0.0,1.0,587.59,1.0,1.0,2.0,1425.2,2.0,2.0,587.59,0,0,4.989527298008775e-07,Low
Electronics,Micro,LOC0116,1517,1,1,52,0.0,0.0,0.0,0.0,0.0,0.0,0.0,0.0,2.0,434.56,2.0,2.0,0.0,1,1,0.9999995010472946,Critical
Grocery,Small,LOC0092,1480,1,1,19,0.0,0.0,0.0,0.0,3.0,19833.31,3.0,3.0,7.0,24979.57,7.0,7.0,6611.103333333333,0,0,4.989527298008457e-07,Low
Education,Micro,LOC0015,868,1,1,3,2.0,4355.94,2.0,2.0,2.0,4355.94,2.0,2.0,3.0,6608.280000000001,3.0,3.0,2177.97,0,0,4.98952729800851e-07,Low
Pharmacy,Small,LOC0080,879,0,1,2,2.0,2654.06,2.0,2.0,8.0,17568.93,8.0,8.0,28.0,44626.37,28.0,26.0,2196.11625,0,0,4.989527298008226e-07,Low
General Retail,Small,LOC0045,549,1,1,13,0.0,0.0,0.0,0.0,3.0,6431.45,3.0,3.0,7.0,8597.14,7.0,7.0,2143.8166666666666,0,0,4.989527298008315e-07,Low
Restaurant,Micro,LOC0045,1431,1,1,24,0.0,0.0,0.0,0.0,1.0,419.81,1.0,1.0,4.0,1181.25,4.0,4.0,419.81,0,0,4.989527298008616e-07,Low
Utility,Small,LOC0002,2123,1,1,7,0.0,0.0,0.0,0.0,2.0,1323.53,2.0,2.0,7.0,8641.18,7.0,7.0,661.765,0,0,4.989527298010016e-07,Low
Grocery,Micro,LOC0080,648,1,1,7,0.0,0.0,0.0,0.0,10.0,9999.56,10.0,8.0,23.0,59513.41,23.0,20.0,999.956,0,0,4.989527298008421e-07,Low
Transport,Small,LOC0008,746,1,1,0,2.0,913.18,2.0,2.0,3.0,3599.3,3.0,3.0,5.0,6034.32,5.0,5.0,1199.7666666666669,0,0,4.989527298008137e-07,Low
Electronics,Small,LOC0026,1158,1,1,3,1.0,67.11,1.0,1.0,2.0,6781.04,2.0,2.0,8.0,11661.12,8.0,8.0,3390.52,0,0,4.98952729800812e-07,Low
Pharmacy,Micro,LOC0015,2171,1,1,32,0.0,0.0,0.0,0.0,0.0,0.0,0.0,0.0,4.0,2412.09,4.0,4.0,0.0,1,1,0.9999995010472946,Critical
General Retail,Small,LOC0061,1952,0,1,0,6.0,4730.0,6.0,4.0,15.0,19031.32,15.0,11.0,43.0,53582.92,43.0,34.0,1268.7546666666667,0,0,4.989527298009325e-07,Low
Transport,Micro,LOC0020,634,1,1,50,0.0,0.0,0.0,0.0,0.0,0.0,0.0,0.0,2.0,2029.97,2.0,2.0,0.0,1,1,0.9999995010472946,Critical
Fashion,Micro,LOC0081,2150,1,1,5,2.0,3479.04,2.0,2.0,5.0,5920.8,5.0,5.0,12.0,26586.56,12.0,12.0,1184.16,0,0,4.989527298010584e-07,Low
Pharmacy,Micro,LOC0036,2084,0,1,26,0.0,0.0,0.0,0.0,2.0,2076.6,2.0,2.0,5.0,5348.570000000001,5.0,5.0,1038.3,0,0,4.98952729800968e-07,Low
Transport,Micro,LOC0048,2385,1,1,18,0.0,0.0,0.0,0.0,1.0,8601.28,1.0,1.0,4.0,12326.64,4.0,4.0,8601.28,0,0,4.989527298014059e-07,Low
Grocery,Micro,LOC0064,1963,1,1,0,1.0,328.24,1.0,1.0,4.0,4812.22,4.0,4.0,8.0,6396.21,8.0,8.0,1203.055,0,0,4.98952729800897e-07,Low
Education,Small,LOC0017,1692,1,1,31,0.0,0.0,0.0,0.0,0.0,0.0,0.0,0.0,2.0,1984.6,2.0,2.0,0.0,1,1,0.9999995010472946,Critical
Grocery,Micro,LOC0026,1143,1,1,52,0.0,0.0,0.0,0.0,0.0,0.0,0.0,0.0,2.0,271.46,2.0,2.0,0.0,1,1,0.9999995010472946,Critical
Utility,Medium,LOC0039,2153,1,1,3,3.0,1199.96,3.0,1.0,10.0,8934.2,10.0,6.0,19.0,22221.47,19.0,14.0,893.4200000000001,0,0,4.989527298010513e-07,Low
Grocery,Medium,LOC0018,405,0,1,10,0.0,0.0,0.0,0.0,2.0,1486.96,2.0,2.0,10.0,8810.869999999999,10.0,10.0,743.48,0,0,4.989527298008404e-07,Low
Grocery,Large,LOC0001,1110,1,0,2,1.0,3894.71,1.0,1.0,6.0,6969.56,6.0,6.0,15.0,19890.88,15.0,14.0,1161.5933333333332,0,0,4.989527298008475e-07,Low
Electronics,Micro,LOC0100,640,0,1,188,0.0,0.0,0.0,0.0,0.0,0.0,0.0,0.0,0.0,0.0,0.0,0.0,0.0,1,1,0.9999995010472946,Critical
General Retail,Large,LOC0014,2409,1,0,4,2.0,2057.43,2.0,2.0,2.0,2057.43,2.0,2.0,3.0,2371.72,3.0,3.0,1028.715,0,0,4.98952729801459e-07,Low
Grocery,Micro,LOC0092,303,1,1,17,0.0,0.0,0.0,0.0,1.0,3396.72,1.0,1.0,2.0,3893.33,2.0,2.0,3396.72,0,0,4.989527298008704e-07,Low
Pharmacy,Micro,LOC0049,563,0,1,8,0.0,0.0,0.0,0.0,5.0,3924.46,5.0,4.0,20.0,26168.44,20.0,16.0,784.892,0,0,4.989527298008368e-07,Low
Restaurant,Micro,LOC0076,2458,1,1,42,0.0,0.0,0.0,0.0,0.0,0.0,0.0,0.0,2.0,1928.39,2.0,2.0,0.0,1,1,0.9999995010472946,Critical
Healthcare,Small,LOC0046,398,1,1,19,0.0,0.0,0.0,0.0,2.0,2252.75,2.0,2.0,4.0,4480.12,4.0,4.0,1126.375,0,0,4.989527298008581e-07,Low
Healthcare,Small,LOC0075,945,1,0,5,1.0,1627.39,1.0,1.0,12.0,13354.39,12.0,11.0,46.0,67584.96,46.0,40.0,1112.8658333333333,0,0,4.989527298008226e-07,Low
Grocery,Small,LOC0092,1296,1,1,12,0.0,0.0,0.0,0.0,2.0,2055.54,2.0,2.0,9.0,15361.19,9.0,9.0,1027.77,0,0,4.989527298008155e-07,Low
Transport,Micro,LOC0089,2099,0,1,23,0.0,0.0,0.0,0.0,1.0,1460.07,1.0,1.0,11.0,43358.35,11.0,10.0,1460.07,0,0,4.98952729800991e-07,Low
Grocery,Micro,LOC0010,1492,0,0,1,2.0,6154.700000000001,2.0,2.0,12.0,25051.16,12.0,11.0,25.0,40386.56,25.0,23.0,2087.596666666667,0,0,4.98952729800874e-07,Low
Transport,Small,LOC0006,1135,1,1,0,5.0,8251.99,5.0,4.0,13.0,19934.04,13.0,12.0,33.0,55833.45,33.0,29.0,1533.3876923076923,0,0,4.989527298008793e-07,Low
Fashion,Small,LOC0044,2255,1,1,27,0.0,0.0,0.0,0.0,2.0,5778.539999999999,2.0,2.0,8.0,26218.13,8.0,7.0,2889.2699999999995,0,0,4.989527298011559e-07,Low
Restaurant,Small,LOC0116,1949,1,1,0,2.0,657.3000000000001,2.0,2.0,9.0,10135.14,9.0,7.0,28.0,27000.84,28.0,23.0,1126.1266666666666,0,0,4.989527298009059e-07,Low
Education,Small,LOC0034,1004,1,1,3,2.0,9956.24,2.0,2.0,8.0,17635.72,8.0,8.0,26.0,39293.02,26.0,25.0,2204.465,0,0,4.989527298008935e-07,Low
General Retail,Small,LOC0026,1669,1,1,8,0.0,0.0,0.0,0.0,7.0,9679.82,7.0,5.0,19.0,26224.56,19.0,16.0,1382.8314285714284,0,0,4.989527298008421e-07,Low
Restaurant,Micro,LOC0007,1971,0,1,7,0.0,0.0,0.0,0.0,7.0,9596.26,7.0,7.0,11.0,12947.86,11.0,11.0,1370.8942857142858,0,0,4.989527298009041e-07,Low
General Retail,Micro,LOC0031,2356,1,1,70,0.0,0.0,0.0,0.0,0.0,0.0,0.0,0.0,4.0,1488.43,4.0,4.0,0.0,1,1,0.9999995010472946,Critical
Grocery,Micro,LOC0074,334,0,1,4,1.0,122.7,1.0,1.0,2.0,3748.27,2.0,2.0,5.0,6502.53,5.0,5.0,1874.135,0,0,4.989527298008315e-07,Low
Transport,Micro,LOC0051,540,1,1,1,1.0,7945.96,1.0,1.0,6.0,11897.67,6.0,5.0,12.0,18319.87,12.0,10.0,1982.945,0,0,4.989527298009041e-07,Low
Utility,Micro,LOC0117,1792,0,1,18,0.0,0.0,0.0,0.0,1.0,515.33,1.0,1.0,1.0,515.33,1.0,1.0,515.33,0,0,4.989527298009343e-07,Low
Grocery,Medium,LOC0027,2237,0,1,49,0.0,0.0,0.0,0.0,0.0,0.0,0.0,0.0,3.0,3951.25,3.0,2.0,0.0,1,1,0.9999995010472946,Critical
Restaurant,Small,LOC0101,2108,1,1,9,0.0,0.0,0.0,0.0,3.0,2269.09,3.0,3.0,6.0,12979.49,6.0,5.0,756.3633333333333,0,0,4.989527298009945e-07,Low
Grocery,Micro,LOC0052,716,1,0,13,0.0,0.0,0.0,0.0,1.0,528.34,1.0,1.0,2.0,1345.36,2.0,2.0,528.34,0,0,4.989527298008563e-07,Low
Restaurant,Small,LOC0028,2334,0,1,1,1.0,271.79,1.0,1.0,2.0,870.1700000000001,2.0,2.0,4.0,2351.7,4.0,4.0,435.085,0,0,4.989527298012569e-07,Low
Utility,Medium,LOC0074,1431,1,0,2,3.0,3422.34,3.0,3.0,15.0,9549.81,15.0,13.0,29.0,24392.24,29.0,26.0,636.654,0,0,4.989527298008315e-07,Low
Fashion,Large,LOC0086,2357,1,1,1,2.0,3513.03,2.0,2.0,8.0,11675.54,8.0,8.0,28.0,41814.32,28.0,26.0,1459.4425,0,0,4.98952729801342e-07,Low
General Retail,Medium,LOC0079,912,1,1,27,0.0,0.0,0.0,0.0,1.0,93.36,1.0,1.0,4.0,12197.06,4.0,4.0,93.36,0,0,4.989527298008864e-07,Low
Electronics,Small,LOC0020,1117,1,1,5,1.0,1587.88,1.0,1.0,1.0,1587.88,1.0,1.0,1.0,1587.88,1.0,1.0,1587.88,0,0,4.989527298008297e-07,Low
Grocery,Large,LOC0027,1955,0,1,7,0.0,0.0,0.0,0.0,9.0,9342.57,9.0,8.0,21.0,25064.18,21.0,20.0,1038.0633333333333,0,0,4.989527298009077e-07,Low
General Retail,Small,LOC0003,1494,1,0,1,1.0,388.76,1.0,1.0,1.0,388.76,1.0,1.0,5.0,14294.67,5.0,5.0,388.76,0,0,4.989527298008492e-07,Low
Transport,Small,LOC0097,836,1,1,0,5.0,4362.17,5.0,4.0,19.0,25568.01,19.0,14.0,55.0,89179.03,55.0,38.0,1345.6847368421052,0,0,4.989527298008634e-07,Low
Restaurant,Small,LOC0028,1127,1,1,9,0.0,0.0,0.0,0.0,7.0,5610.85,7.0,7.0,35.0,37021.68,35.0,29.0,801.5500000000001,0,0,4.989527298008066e-07,Low
General Retail,Medium,LOC0095,2242,1,1,7,0.0,0.0,0.0,0.0,3.0,3724.48,3.0,3.0,6.0,5323.219999999999,6.0,6.0,1241.493333333333,0,0,4.989527298011328e-07,Low
General Retail,Small,LOC0116,820,1,1,50,0.0,0.0,0.0,0.0,0.0,0.0,0.0,0.0,1.0,1443.43,1.0,1.0,0.0,1,1,0.9999995010472946,Critical
Utility,Small,LOC0039,1197,1,1,14,0.0,0.0,0.0,0.0,3.0,872.98,3.0,3.0,7.0,10249.03,7.0,7.0,290.99333333333334,0,0,4.989527298008209e-07,Low
Grocery,Micro,LOC0003,934,1,1,7,0.0,0.0,0.0,0.0,1.0,341.97,1.0,1.0,1.0,341.97,1.0,1.0,341.97,0,0,4.989527298008546e-07,Low
Pharmacy,Small,LOC0092,1524,0,1,2,4.0,21589.53,4.0,3.0,16.0,35022.64,16.0,12.0,36.0,74517.03,36.0,31.0,2188.915,0,0,4.98952729800874e-07,Low
Restaurant,Small,LOC0034,1178,1,1,11,0.0,0.0,0.0,0.0,2.0,5262.62,2.0,2.0,6.0,7847.33,6.0,6.0,2631.31,0,0,4.989527298008066e-07,Low
Grocery,Micro,LOC0076,1390,1,1,10,0.0,0.0,0.0,0.0,3.0,3624.05,3.0,3.0,10.0,10817.29,10.0,10.0,1208.0166666666669,0,0,4.989527298008031e-07,Low
Pharmacy,Micro,LOC0042,2321,1,1,18,0.0,0.0,0.0,0.0,2.0,7609.88,2.0,1.0,6.0,16085.66,6.0,5.0,3804.94,0,0,4.989527298012321e-07,Low
Grocery,Medium,LOC0105,1140,0,1,4,1.0,175.46,1.0,1.0,5.0,3303.95,5.0,5.0,16.0,46841.7,16.0,14.0,660.79,0,0,4.989527298007996e-07,Low
Transport,Micro,LOC0105,2154,1,1,6,1.0,499.22,1.0,1.0,5.0,3917.18,5.0,5.0,28.0,55667.95,28.0,27.0,783.436,0,0,4.98952729801046e-07,Low
Grocery,Medium,LOC0100,2273,0,0,5,2.0,1458.41,2.0,2.0,5.0,12908.01,5.0,5.0,19.0,31240.95,19.0,18.0,2581.602,0,0,4.989527298011506e-07,Low
Education,Small,LOC0035,2300,0,1,238,0.0,0.0,0.0,0.0,0.0,0.0,0.0,0.0,0.0,0.0,0.0,0.0,0.0,1,1,0.9999995010472946,Critical
Restaurant,Small,LOC0035,1895,0,0,8,0.0,0.0,0.0,0.0,2.0,1064.37,2.0,2.0,7.0,14076.47,7.0,7.0,532.185,0,0,4.989527298009112e-07,Low
Restaurant,Micro,LOC0087,512,0,1,48,0.0,0.0,0.0,0.0,0.0,0.0,0.0,0.0,4.0,8495.49,4.0,4.0,0.0,1,1,0.9999995010472946,Critical
Grocery,Micro,LOC0107,1259,0,1,5,2.0,1410.85,2.0,1.0,11.0,7280.53,11.0,9.0,27.0,36180.17,27.0,24.0,661.8663636363636,0,0,4.989527298008155e-07,Low
Utility,Small,LOC0039,2136,1,1,4,2.0,2283.92,2.0,2.0,3.0,2817.16,3.0,3.0,13.0,20205.57,13.0,11.0,939.0533333333332,0,0,4.989527298009999e-07,Low
Healthcare,Micro,LOC0047,2108,0,1,1,3.0,6673.1900000000005,3.0,3.0,7.0,13156.57,7.0,7.0,24.0,66107.39,24.0,20.0,1879.51,0,0,4.989527298010726e-07,Low
Pharmacy,Micro,LOC0071,2466,1,1,29,0.0,0.0,0.0,0.0,1.0,500.02,1.0,1.0,1.0,500.02,1.0,1.0,500.02,0,0,4.989527298018171e-07,Low
Restaurant,Medium,LOC0058,2390,1,1,3,2.0,5008.92,2.0,2.0,3.0,7283.81,3.0,3.0,9.0,11639.76,9.0,8.0,2427.936666666667,0,0,4.989527298014147e-07,Low
Transport,Medium,LOC0025,2120,1,1,6,1.0,484.05,1.0,1.0,11.0,17023.350000000002,11.0,10.0,46.0,76800.17,46.0,35.0,1547.5772727272729,0,0,4.989527298010229e-07,Low
Transport,Small,LOC0006,1663,1,1,10,0.0,0.0,0.0,0.0,3.0,2169.07,3.0,3.0,6.0,9086.79,6.0,6.0,723.0233333333332,0,0,4.989527298008297e-07,Low
General Retail,Small,LOC0035,1881,0,1,27,0.0,0.0,0.0,0.0,1.0,290.66,1.0,1.0,6.0,9169.32,6.0,6.0,290.66,0,0,4.989527298009432e-07,Low
General Retail,Micro,LOC0011,441,1,1,10,0.0,0.0,0.0,0.0,1.0,417.66,1.0,1.0,3.0,3119.31,3.0,3.0,417.66,0,0,4.989527298008722e-07,Low
Electronics,Large,LOC0090,428,1,1,7,0.0,0.0,0.0,0.0,1.0,475.27,1.0,1.0,3.0,2102.09,3.0,3.0,475.27,0,0,4.989527298008722e-07,Low
Utility,Micro,LOC0103,1491,1,1,2,4.0,3958.15,4.0,3.0,15.0,15354.67,15.0,11.0,55.0,80250.49,55.0,39.0,1023.6446666666668,0,0,4.989527298008439e-07,Low
Grocery,Small,LOC0086,1942,0,1,1,6.0,5651.650000000001,6.0,3.0,33.0,44214.65,33.0,15.0,94.0,143076.91,94.0,55.0,1339.837878787879,0,0,4.989527298009538e-07,Low
General Retail,Medium,LOC0035,2094,1,1,0,2.0,721.8599999999999,2.0,2.0,6.0,10032.36,6.0,6.0,8.0,11971.54,8.0,8.0,1672.0600000000002,0,0,4.989527298009804e-07,Low
Education,Small,LOC0023,344,1,0,8,0.0,0.0,0.0,0.0,5.0,8767.99,5.0,4.0,15.0,17869.55,15.0,14.0,1753.598,0,0,4.989527298008386e-07,Low
Utility,Small,LOC0099,920,1,1,15,0.0,0.0,0.0,0.0,2.0,793.23,2.0,2.0,3.0,3895.12,3.0,3.0,396.615,0,0,4.989527298008368e-07,Low
Transport,Micro,LOC0014,1107,1,1,4,1.0,359.22,1.0,1.0,6.0,4012.52,6.0,5.0,21.0,33502.630000000005,21.0,20.0,668.7533333333334,0,0,4.989527298008173e-07,Low
Restaurant,Small,LOC0056,1020,1,1,6,1.0,228.53,1.0,1.0,3.0,2580.41,3.0,3.0,4.0,2681.54,4.0,4.0,860.1366666666667,0,0,4.98952729800835e-07,Low
Utility,Small,LOC0104,1412,0,1,9,0.0,0.0,0.0,0.0,5.0,7606.45,5.0,5.0,21.0,26636.92,21.0,20.0,1521.29,0,0,4.989527298008155e-07,Low
Utility,Small,LOC0042,1548,1,1,21,0.0,0.0,0.0,0.0,1.0,520.6,1.0,1.0,2.0,28664.15,2.0,2.0,520.6,0,0,4.989527298008686e-07,Low
Grocery,Small,LOC0106,329,1,1,10,0.0,0.0,0.0,0.0,5.0,6940.49,5.0,5.0,11.0,15043.39,11.0,11.0,1388.098,0,0,4.989527298008386e-07,Low
Restaurant,Micro,LOC0116,1059,1,1,16,0.0,0.0,0.0,0.0,2.0,952.21,2.0,2.0,2.0,952.21,2.0,2.0,476.105,0,0,4.989527298008404e-07,Low
Electronics,Medium,LOC0015,1235,0,1,1,1.0,634.33,1.0,1.0,4.0,5273.13,4.0,4.0,10.0,11921.85,10.0,10.0,1318.2825,0,0,4.989527298008049e-07,Low
Fashion,Micro,LOC0075,1199,1,1,999,0.0,0.0,0.0,0.0,0.0,0.0,0.0,0.0,0.0,0.0,0.0,0.0,0.0,1,1,0.9999995010472946,Critical
General Retail,Medium,LOC0078,622,0,1,0,1.0,816.51,1.0,1.0,2.0,1301.74,2.0,2.0,12.0,11117.65,12.0,12.0,650.87,0,0,4.989527298008368e-07,Low
General Retail,Micro,LOC0064,1868,1,1,119,0.0,0.0,0.0,0.0,0.0,0.0,0.0,0.0,0.0,0.0,0.0,0.0,0.0,1,1,0.9999995010472946,Critical
Education,Medium,LOC0028,2215,1,1,32,0.0,0.0,0.0,0.0,0.0,0.0,0.0,0.0,4.0,6872.23,4.0,4.0,0.0,1,1,0.9999995010472946,Critical
General Retail,Small,LOC0076,2377,1,1,3,1.0,7090.41,1.0,1.0,3.0,7770.25,3.0,3.0,11.0,21026.46,11.0,11.0,2590.083333333333,0,0,4.989527298014183e-07,Low
Grocery,Small,LOC0087,1886,1,1,5,1.0,783.48,1.0,1.0,9.0,5738.1,9.0,8.0,24.0,28849.93,24.0,22.0,637.5666666666667,0,0,4.989527298009059e-07,Low
Restaurant,Micro,LOC0013,577,1,1,10,0.0,0.0,0.0,0.0,4.0,6188.75,4.0,3.0,13.0,17780.75,13.0,11.0,1547.1875,0,0,4.989527298008315e-07,Low
Restaurant,Medium,LOC0099,387,1,0,0,7.0,17817.37,7.0,5.0,24.0,35759.37,24.0,20.0,79.0,115210.55,79.0,52.0,1489.97375,0,0,4.989527298009237e-07,Low
Pharmacy,Small,LOC0030,1556,0,0,4,1.0,5850.59,1.0,1.0,2.0,6986.6,2.0,2.0,4.0,11172.98,4.0,4.0,3493.3,0,0,4.989527298008917e-07,Low
Transport,Medium,LOC0095,319,1,1,3,3.0,9816.43,3.0,3.0,8.0,14218.71,8.0,8.0,11.0,18447.02,11.0,11.0,1777.33875,0,0,4.989527298009041e-07,Low
Electronics,Small,LOC0053,1589,1,1,13,0.0,0.0,0.0,0.0,1.0,114.11,1.0,1.0,8.0,8355.44,8.0,8.0,114.11,0,0,4.989527298008599e-07,Low
Pharmacy,Micro,LOC0042,1920,1,1,3,4.0,8604.57,4.0,2.0,16.0,19913.1,16.0,10.0,44.0,54661.41,44.0,33.0,1244.56875,0,0,4.989527298009538e-07,Low
Restaurant,Micro,LOC0013,775,1,1,0,2.0,4572.52,2.0,2.0,10.0,12930.38,10.0,10.0,35.0,43369.7,35.0,33.0,1293.038,0,0,4.98952729800867e-07,Low
Grocery,Micro,LOC0014,471,1,1,10,0.0,0.0,0.0,0.0,4.0,1848.54,4.0,3.0,8.0,25414.27,8.0,7.0,462.135,0,0,4.989527298008386e-07,Low
General Retail,Micro,LOC0017,1192,1,1,1,2.0,1670.23,2.0,2.0,3.0,1863.71,3.0,3.0,13.0,19320.67,13.0,12.0,621.2366666666667,0,0,4.98952729800812e-07,Low
Electronics,Micro,LOC0041,1049,0,1,17,0.0,0.0,0.0,0.0,2.0,898.0899999999999,2.0,1.0,7.0,6901.740000000001,7.0,6.0,449.045,0,0,4.98952729800835e-07,Low
Fashion,Small,LOC0077,2132,1,1,4,1.0,210.23,1.0,1.0,3.0,988.5,3.0,3.0,9.0,9070.11,9.0,9.0,329.5,0,0,4.989527298010176e-07,Low
General Retail,Small,LOC0070,750,0,1,35,0.0,0.0,0.0,0.0,0.0,0.0,0.0,0.0,2.0,3663.53,2.0,2.0,0.0,1,1,0.9999995010472946,Critical
Pharmacy,Micro,LOC0020,390,1,1,50,0.0,0.0,0.0,0.0,0.0,0.0,0.0,0.0,3.0,2065.9,3.0,3.0,0.0,1,1,0.9999995010472946,Critical
Transport,Micro,LOC0014,861,1,1,0,1.0,828.59,1.0,1.0,1.0,828.59,1.0,1.0,2.0,2735.75,2.0,2.0,828.59,0,0,4.98952729800835e-07,Low
Transport,Micro,LOC0001,2353,1,1,14,0.0,0.0,0.0,0.0,2.0,1295.48,2.0,2.0,11.0,17722.83,11.0,10.0,647.74,0,0,4.989527298012747e-07,Low
Pharmacy,Micro,LOC0105,1189,1,1,9,0.0,0.0,0.0,0.0,3.0,1227.66,3.0,3.0,10.0,11755.51,10.0,10.0,409.22,0,0,4.989527298008155e-07,Low
Pharmacy,Micro,LOC0056,2435,0,1,7,0.0,0.0,0.0,0.0,1.0,117.68,1.0,1.0,6.0,7125.9800000000005,6.0,6.0,117.68,0,0,4.989527298015671e-07,Low
Grocery,Small,LOC0033,1659,1,1,8,0.0,0.0,0.0,0.0,5.0,10663.0,5.0,5.0,14.0,26380.89,14.0,12.0,2132.6,0,0,4.989527298008315e-07,Low
General Retail,Micro,LOC0008,928,1,1,8,0.0,0.0,0.0,0.0,3.0,4262.6900000000005,3.0,3.0,12.0,14678.75,12.0,11.0,1420.8966666666668,0,0,4.989527298008137e-07,Low
Healthcare,Micro,LOC0064,2209,1,1,3,1.0,6406.05,1.0,1.0,1.0,6406.05,1.0,1.0,8.0,25927.25,8.0,8.0,6406.05,0,0,4.989527298011754e-07,Low
Education,Micro,LOC0069,1898,1,1,5,1.0,1013.34,1.0,1.0,3.0,5160.599999999999,3.0,3.0,6.0,6838.52,6.0,6.0,1720.1999999999998,0,0,4.989527298009006e-07,Low
Fashion,Large,LOC0110,1734,1,1,12,0.0,0.0,0.0,0.0,1.0,1200.93,1.0,1.0,5.0,8690.130000000001,5.0,5.0,1200.93,0,0,4.989527298008899e-07,Low
Education,Micro,LOC0049,1595,0,0,46,0.0,0.0,0.0,0.0,0.0,0.0,0.0,0.0,5.0,2607.0200000000004,5.0,5.0,0.0,1,1,0.9999995010472946,Critical
Fashion,Micro,LOC0099,2284,1,1,13,0.0,0.0,0.0,0.0,3.0,2331.65,3.0,3.0,9.0,8930.42,9.0,9.0,777.2166666666667,0,0,4.989527298011417e-07,Low
Pharmacy,Micro,LOC0052,1159,1,1,3,1.0,6602.07,1.0,1.0,3.0,8942.96,3.0,3.0,10.0,16941.67,10.0,9.0,2980.986666666666,0,0,4.989527298008581e-07,Low
Pharmacy,Micro,LOC0116,491,1,1,0,1.0,7076.24,1.0,1.0,2.0,7352.46,2.0,2.0,4.0,10023.26,4.0,4.0,3676.23,0,0,4.989527298009237e-07,Low
Grocery,Medium,LOC0039,1610,1,1,2,1.0,175.15,1.0,1.0,5.0,1664.48,5.0,5.0,11.0,5752.75,11.0,11.0,332.896,0,0,4.989527298008333e-07,Low
Restaurant,Micro,LOC0028,1754,1,1,3,1.0,926.78,1.0,1.0,2.0,2155.85,2.0,2.0,10.0,8556.91,10.0,10.0,1077.925,0,0,4.989527298008811e-07,Low
Grocery,Medium,LOC0052,2006,1,1,41,0.0,0.0,0.0,0.0,0.0,0.0,0.0,0.0,4.0,4476.360000000001,4.0,3.0,0.0,1,1,0.9999995010472946,Critical
Pharmacy,Micro,LOC0099,939,1,1,17,0.0,0.0,0.0,0.0,1.0,466.16,1.0,1.0,6.0,3754.24,6.0,6.0,466.16,0,0,4.989527298008475e-07,Low
Education,Micro,LOC0021,1559,1,1,6,1.0,1633.74,1.0,1.0,2.0,6505.08,2.0,2.0,15.0,55257.36,15.0,13.0,3252.54,0,0,4.989527298008173e-07,Low
Grocery,Micro,LOC0105,1214,1,1,1,6.0,15853.99,6.0,4.0,22.0,37265.33,22.0,17.0,69.0,98092.89,69.0,49.0,1693.8786363636364,0,0,4.989527298008652e-07,Low
Grocery,Small,LOC0043,1229,1,1,4,1.0,5645.14,1.0,1.0,3.0,7299.610000000001,3.0,3.0,4.0,8733.62,4.0,4.0,2433.2033333333334,0,0,4.989527298008793e-07,Low
Fashion,Medium,LOC0056,745,1,1,9,0.0,0.0,0.0,0.0,1.0,13842.82,1.0,1.0,1.0,13842.82,1.0,1.0,13842.82,0,0,4.989527298008333e-07,Low
Grocery,Medium,LOC0066,1477,1,1,1,3.0,1929.6,3.0,3.0,16.0,29436.36,16.0,12.0,33.0,49757.38,33.0,27.0,1839.7725,0,0,4.989527298008279e-07,Low
Healthcare,Micro,LOC0008,2346,1,1,2,2.0,2671.55,2.0,2.0,5.0,6348.67,5.0,5.0,6.0,8542.37,6.0,6.0,1269.734,0,0,4.98952729801296e-07,Low
Grocery,Medium,LOC0099,1615,1,0,1,1.0,887.27,1.0,1.0,1.0,887.27,1.0,1.0,4.0,3781.65,4.0,4.0,887.27,0,0,4.989527298008581e-07,Low
Utility,Micro,LOC0080,1381,1,1,3,1.0,1434.33,1.0,1.0,2.0,3899.47,2.0,2.0,5.0,6521.01,5.0,5.0,1949.735,0,0,4.989527298008013e-07,Low
Pharmacy,Medium,LOC0073,2162,1,1,9,0.0,0.0,0.0,0.0,4.0,6478.73,4.0,4.0,8.0,13488.14,8.0,8.0,1619.6825,0,0,4.989527298010424e-07,Low
Pharmacy,Micro,LOC0119,1930,0,1,0,10.0,9433.8,10.0,6.0,29.0,41187.79,29.0,20.0,80.0,106318.28,80.0,53.0,1420.268620689655,0,0,4.989527298009538e-07,Low
Utility,Medium,LOC0057,905,1,1,2,3.0,1053.1799999999998,3.0,3.0,13.0,11068.43,13.0,11.0,43.0,61295.76,43.0,36.0,851.4176923076923,0,0,4.989527298008226e-07,Low
Grocery,Small,LOC0030,503,1,0,11,0.0,0.0,0.0,0.0,3.0,3379.83,3.0,3.0,10.0,9691.12,10.0,10.0,1126.61,0,0,4.989527298008315e-07,Low
Grocery,Micro,LOC0074,1648,1,1,1,3.0,4082.34,3.0,3.0,14.0,18297.59,14.0,10.0,22.0,30520.32,22.0,18.0,1306.9707142857144,0,0,4.989527298008528e-07,Low
Restaurant,Small,LOC0066,1954,1,1,6,1.0,1191.81,1.0,1.0,3.0,10498.2,3.0,3.0,11.0,20077.19,11.0,10.0,3499.4,0,0,4.989527298008988e-07,Low
Grocery,Small,LOC0012,1146,1,1,4,1.0,2265.61,1.0,1.0,6.0,5352.82,6.0,5.0,14.0,10114.82,14.0,12.0,892.1366666666667,0,0,4.989527298007978e-07,Low
Fashion,Small,LOC0091,2247,1,1,10,0.0,0.0,0.0,0.0,3.0,4654.63,3.0,2.0,12.0,12723.86,12.0,11.0,1551.5433333333333,0,0,4.989527298011328e-07,Low
Restaurant,Small,LOC0074,2452,1,1,6,1.0,477.84,1.0,1.0,2.0,3748.62,2.0,2.0,9.0,14118.59,9.0,9.0,1874.31,0,0,4.989527298016381e-07,Low
General Retail,Small,LOC0111,2326,1,1,43,0.0,0.0,0.0,0.0,0.0,0.0,0.0,0.0,2.0,5688.76,2.0,2.0,0.0,1,1,0.9999995010472946,Critical
Restaurant,Large,LOC0028,2299,1,0,1,1.0,2236.42,1.0,1.0,2.0,3141.4,2.0,2.0,12.0,13140.54,12.0,12.0,1570.7,0,0,4.9895272980117e-07,Low
Electronics,Micro,LOC0051,592,0,1,44,0.0,0.0,0.0,0.0,0.0,0.0,0.0,0.0,8.0,10681.41,8.0,7.0,0.0,1,1,0.9999995010472946,Critical
Pharmacy,Small,LOC0004,2108,1,1,3,2.0,3780.8,2.0,2.0,7.0,10758.34,7.0,6.0,31.0,37850.37,31.0,29.0,1536.9057142857143,0,0,4.989527298010229e-07,Low
General Retail,Micro,LOC0031,675,1,1,0,3.0,1746.88,3.0,2.0,5.0,2939.82,5.0,4.0,10.0,5243.12,10.0,9.0,587.964,0,0,4.98952729800812e-07,Low
Electronics,Micro,LOC0017,484,1,1,3,3.0,1132.9299999999998,3.0,2.0,12.0,22649.31,12.0,8.0,39.0,46321.33,39.0,29.0,1887.4425,0,0,4.989527298008404e-07,Low
Grocery,Micro,LOC0108,1822,1,1,6,1.0,621.41,1.0,1.0,6.0,15951.68,6.0,6.0,17.0,26337.36,17.0,17.0,2658.613333333333,0,0,4.989527298009059e-07,Low
Grocery,Small,LOC0027,1781,1,1,134,0.0,0.0,0.0,0.0,0.0,0.0,0.0,0.0,0.0,0.0,0.0,0.0,0.0,1,1,0.9999995010472946,Critical
Grocery,Micro,LOC0093,1419,1,1,13,0.0,0.0,0.0,0.0,4.0,2698.15,4.0,4.0,15.0,17225.94,15.0,13.0,674.5375,0,0,4.989527298008049e-07,Low
Utility,Small,LOC0015,1678,1,1,18,0.0,0.0,0.0,0.0,1.0,399.67,1.0,1.0,4.0,3909.39,4.0,3.0,399.67,0,0,4.989527298008899e-07,Low
Fashion,Small,LOC0019,1364,0,1,17,0.0,0.0,0.0,0.0,2.0,3880.06,2.0,2.0,5.0,5099.05,5.0,5.0,1940.03,0,0,4.989527298008173e-07,Low
Pharmacy,Small,LOC0050,937,1,1,2,1.0,344.34,1.0,1.0,4.0,4144.900000000001,4.0,4.0,5.0,4791.88,5.0,5.0,1036.225,0,0,4.989527298008137e-07,Low
Grocery,Micro,LOC0085,1485,1,1,16,0.0,0.0,0.0,0.0,2.0,930.08,2.0,2.0,13.0,15898.02,13.0,13.0,465.04,0,0,4.989527298008315e-07,Low
Electronics,Small,LOC0034,2249,0,1,5,1.0,570.5,1.0,1.0,9.0,11499.69,9.0,9.0,25.0,31112.67,25.0,24.0,1277.743333333333,0,0,4.989527298011435e-07,Low
General Retail,Small,LOC0106,1921,1,1,46,0.0,0.0,0.0,0.0,0.0,0.0,0.0,0.0,7.0,12749.4,7.0,7.0,0.0,1,1,0.9999995010472946,Critical
Restaurant,Small,LOC0033,1157,0,1,1,4.0,1866.56,4.0,3.0,27.0,32796.32,27.0,16.0,89.0,128097.76,89.0,53.0,1214.6785185185186,0,0,4.989527298008173e-07,Low
General Retail,Small,LOC0003,2159,1,1,9,0.0,0.0,0.0,0.0,4.0,6637.429999999999,4.0,4.0,12.0,19830.51,12.0,12.0,1659.3574999999998,0,0,4.989527298010495e-07,Low
Fashion,Micro,LOC0012,2394,1,1,5,3.0,3058.83,3.0,1.0,22.0,25481.81,22.0,15.0,68.0,103248.35,68.0,45.0,1158.2640909090908,0,0,4.989527298014253e-07,Low
Pharmacy,Small,LOC0111,1958,1,1,0,1.0,228.86,1.0,1.0,2.0,2039.24,2.0,2.0,10.0,17538.65,10.0,10.0,1019.62,0,0,4.98952729800897e-07,Low
General Retail,Small,LOC0025,1014,1,1,1,2.0,556.3299999999999,2.0,2.0,10.0,9916.44,10.0,9.0,26.0,42349.42,26.0,25.0,991.644,0,0,4.989527298008244e-07,Low
Transport,Small,LOC0069,1032,1,1,0,2.0,4569.18,2.0,2.0,3.0,5243.29,3.0,3.0,15.0,32888.590000000004,15.0,13.0,1747.763333333333,0,0,4.989527298008528e-07,Low
Utility,Micro,LOC0078,1066,0,1,2,1.0,517.94,1.0,1.0,2.0,2122.12,2.0,2.0,11.0,23275.84,11.0,11.0,1061.06,0,0,4.98952729800812e-07,Low
Education,Micro,LOC0018,2349,1,1,32,0.0,0.0,0.0,0.0,0.0,0.0,0.0,0.0,3.0,11290.14,3.0,3.0,0.0,1,1,0.9999995010472946,Critical
Grocery,Small,LOC0030,1353,1,1,8,0.0,0.0,0.0,0.0,2.0,541.75,2.0,2.0,14.0,16405.07,14.0,13.0,270.875,0,0,4.989527298008404e-07,Low
General Retail,Medium,LOC0008,2258,1,1,2,2.0,1752.64,2.0,2.0,7.0,7765.73,7.0,7.0,56.0,81125.25,56.0,37.0,1109.39,0,0,4.989527298011452e-07,Low
Pharmacy,Micro,LOC0010,2030,1,0,6,1.0,663.51,1.0,1.0,1.0,663.51,1.0,1.0,4.0,3158.47,4.0,3.0,663.51,0,0,4.989527298009503e-07,Low
Restaurant,Small,LOC0043,1235,1,1,8,0.0,0.0,0.0,0.0,2.0,780.55,2.0,2.0,5.0,31741.4,5.0,5.0,390.275,0,0,4.989527298008209e-07,Low
Restaurant,Medium,LOC0026,376,1,1,9,0.0,0.0,0.0,0.0,4.0,3356.03,4.0,3.0,8.0,12422.05,8.0,7.0,839.0074999999999,0,0,4.989527298008315e-07,Low
Grocery,Micro,LOC0043,1095,0,1,7,0.0,0.0,0.0,0.0,9.0,11276.47,9.0,6.0,22.0,28250.26,22.0,19.0,1252.941111111111,0,0,4.989527298008262e-07,Low
Restaurant,Small,LOC0101,924,0,1,16,0.0,0.0,0.0,0.0,1.0,152.27,1.0,1.0,3.0,2861.0200000000004,3.0,3.0,152.27,0,0,4.989527298008528e-07,Low
General Retail,Micro,LOC0013,333,1,0,17,0.0,0.0,0.0,0.0,1.0,1296.61,1.0,1.0,6.0,12597.71,6.0,6.0,1296.61,0,0,4.989527298008457e-07,Low
General Retail,Small,LOC0025,1395,1,0,0,5.0,5617.33,5.0,4.0,14.0,20885.25,14.0,13.0,42.0,44844.75,42.0,33.0,1491.803571428571,0,0,4.98952729800874e-07,Low
General Retail,Medium,LOC0087,1011,1,1,19,0.0,0.0,0.0,0.0,10.0,17013.760000000002,10.0,7.0,28.0,35193.17,28.0,22.0,1701.3760000000002,0,0,4.989527298008315e-07,Low
Transport,Small,LOC0113,724,1,0,7,0.0,0.0,0.0,0.0,5.0,3211.3,5.0,5.0,8.0,5750.28,8.0,8.0,642.26,0,0,4.989527298008137e-07,Low
Education,Micro,LOC0073,1237,1,1,0,4.0,12094.6,4.0,4.0,7.0,14114.8,7.0,7.0,17.0,25429.67,17.0,16.0,2016.4,0,0,4.989527298008652e-07,Low
General Retail,Small,LOC0009,1177,1,1,2,4.0,3710.24,4.0,3.0,17.0,19941.31,17.0,14.0,35.0,58856.19,35.0,29.0,1173.0182352941174,0,0,4.98952729800835e-07,Low
Grocery,Small,LOC0052,877,1,1,4,1.0,748.5,1.0,1.0,11.0,6741.03,11.0,8.0,27.0,37013.6,27.0,23.0,612.820909090909,0,0,4.989527298008226e-07,Low
Restaurant,Small,LOC0113,2148,1,1,3,1.0,1707.52,1.0,1.0,2.0,2006.96,2.0,2.0,7.0,5933.26,7.0,6.0,1003.48,0,0,4.989527298010212e-07,Low
Education,Micro,LOC0007,2260,1,1,2,3.0,3479.09,3.0,3.0,4.0,3636.83,4.0,4.0,12.0,14294.83,12.0,11.0,909.2075,0,0,4.989527298011541e-07,Low
Transport,Small,LOC0003,1991,1,1,3,1.0,216.9,1.0,1.0,8.0,3622.64,8.0,6.0,28.0,44627.39,28.0,24.0,452.83,0,0,4.989527298009165e-07,Low
General Retail,Small,LOC0110,1823,1,1,6,1.0,9878.96,1.0,1.0,2.0,9917.06,2.0,2.0,8.0,22503.86,8.0,7.0,4958.53,0,0,4.989527298009485e-07,Low
Grocery,Medium,LOC0018,651,0,1,3,1.0,141.02,1.0,1.0,2.0,459.48,2.0,2.0,4.0,1004.82,4.0,4.0,229.74,0,0,4.989527298008811e-07,Low
Grocery,Micro,LOC0049,2465,1,0,30,0.0,0.0,0.0,0.0,0.0,0.0,0.0,0.0,6.0,7243.389999999999,6.0,6.0,0.0,1,1,0.9999995010472946,Critical
Education,Micro,LOC0018,1864,1,1,70,0.0,0.0,0.0,0.0,0.0,0.0,0.0,0.0,2.0,5356.92,2.0,2.0,0.0,1,1,0.9999995010472946,Critical
Pharmacy,Micro,LOC0050,1236,1,1,14,0.0,0.0,0.0,0.0,1.0,857.58,1.0,1.0,3.0,6924.8,3.0,3.0,857.58,0,0,4.989527298008315e-07,Low
Electronics,Micro,LOC0108,783,1,1,3,2.0,1021.07,2.0,2.0,4.0,2728.76,4.0,4.0,28.0,43840.51,28.0,24.0,682.1899999999999,0,0,4.989527298008209e-07,Low
Restaurant,Small,LOC0084,2097,1,1,23,0.0,0.0,0.0,0.0,1.0,315.63,1.0,1.0,3.0,2566.94,3.0,3.0,315.63,0,0,4.989527298010389e-07,Low
Transport,Micro,LOC0059,1680,1,0,2,3.0,1667.72,3.0,3.0,5.0,2284.4,5.0,5.0,7.0,6537.0,7.0,7.0,456.88,0,0,4.989527298008279e-07,Low
Pharmacy,Micro,LOC0005,1979,1,1,2,2.0,3994.95,2.0,2.0,5.0,6790.75,5.0,5.0,10.0,23145.34,10.0,10.0,1358.15,0,0,4.989527298009183e-07,Low
Utility,Micro,LOC0103,638,1,1,0,5.0,4315.0,5.0,2.0,39.0,49771.97,39.0,20.0,105.0,149763.91,105.0,60.0,1276.204358974359,0,0,4.989527298008722e-07,Low
Grocery,Small,LOC0020,1660,0,1,26,0.0,0.0,0.0,0.0,1.0,2544.91,1.0,1.0,12.0,14477.75,12.0,12.0,2544.91,0,0,4.98952729800851e-07,Low
Restaurant,Small,LOC0092,1013,1,0,4,2.0,678.56,2.0,2.0,7.0,16415.82,7.0,7.0,14.0,28812.870000000003,14.0,13.0,2345.117142857143,0,0,4.989527298008173e-07,Low
Transport,Small,LOC0076,933,0,1,16,0.0,0.0,0.0,0.0,5.0,3380.74,5.0,5.0,12.0,10951.7,12.0,12.0,676.148,0,0,4.989527298008137e-07,Low
Healthcare,Small,LOC0022,973,0,1,11,0.0,0.0,0.0,0.0,2.0,5249.01,2.0,2.0,13.0,16248.29,13.0,12.0,2624.505,0,0,4.989527298008137e-07,Low
Education,Small,LOC0115,2455,1,1,13,0.0,0.0,0.0,0.0,5.0,4036.18,5.0,4.0,10.0,11065.35,10.0,9.0,807.236,0,0,4.98952729801631e-07,Low
Healthcare,Small,LOC0080,2441,1,1,15,0.0,0.0,0.0,0.0,5.0,8586.95,5.0,4.0,10.0,12602.71,10.0,9.0,1717.39,0,0,4.989527298016061e-07,Low
Grocery,Small,LOC0104,359,1,1,5,1.0,123.97,1.0,1.0,3.0,2381.1,3.0,3.0,5.0,5597.93,5.0,5.0,793.6999999999999,0,0,4.989527298008333e-07,Low
Education,Micro,LOC0120,481,1,0,10,0.0,0.0,0.0,0.0,1.0,4527.28,1.0,1.0,2.0,5450.96,2.0,2.0,4527.28,0,0,4.989527298008404e-07,Low
General Retail,Micro,LOC0017,1269,0,1,0,3.0,1547.36,3.0,3.0,6.0,3374.55,6.0,6.0,19.0,27464.07,19.0,18.0,562.4250000000001,0,0,4.98952729800812e-07,Low
Education,Micro,LOC0107,2438,1,1,0,1.0,986.9,1.0,1.0,2.0,1161.32,2.0,2.0,4.0,5019.259999999999,4.0,4.0,580.66,0,0,4.989527298016451e-07,Low
General Retail,Micro,LOC0098,574,0,1,1,4.0,5349.27,4.0,3.0,10.0,15117.94,10.0,8.0,65.0,103843.85,64.0,46.0,1511.794,0,0,4.989527298008811e-07,Low
Transport,Micro,LOC0035,2067,0,1,13,0.0,0.0,0.0,0.0,3.0,7461.13,3.0,3.0,6.0,13551.31,6.0,6.0,2487.043333333333,0,0,4.989527298009609e-07,Low
Fashion,Small,LOC0009,334,1,1,0,2.0,1821.16,2.0,2.0,5.0,3378.38,5.0,4.0,17.0,16476.07,17.0,15.0,675.676,0,0,4.98952729800835e-07,Low
Healthcare,Micro,LOC0030,978,1,1,4,1.0,6004.28,1.0,1.0,2.0,7081.56,2.0,2.0,6.0,16818.27,6.0,6.0,3540.78,0,0,4.989527298008775e-07,Low
Transport,Micro,LOC0092,1655,1,1,2,2.0,7792.92,2.0,1.0,4.0,8450.17,4.0,3.0,5.0,8641.29,5.0,4.0,2112.5425,0,0,4.989527298008775e-07,Low
Education,Micro,LOC0077,439,1,1,16,0.0,0.0,0.0,0.0,1.0,645.06,1.0,1.0,19.0,20878.61,19.0,17.0,645.06,0,0,4.989527298008686e-07,Low
Education,Micro,LOC0054,407,1,0,2,1.0,293.91,1.0,1.0,4.0,8269.67,4.0,4.0,9.0,12420.07,9.0,9.0,2067.4175,0,0,4.989527298008386e-07,Low
Restaurant,Small,LOC0084,867,1,1,0,2.0,1636.14,2.0,2.0,7.0,6961.04,7.0,6.0,16.0,16731.46,16.0,15.0,994.4342857142856,0,0,4.989527298008173e-07,Low
Fashion,Small,LOC0011,950,1,1,18,0.0,0.0,0.0,0.0,3.0,3857.72,3.0,3.0,18.0,22238.38,18.0,16.0,1285.9066666666663,0,0,4.989527298008244e-07,Low
Grocery,Large,LOC0096,1011,1,1,3,3.0,3940.05,3.0,1.0,14.0,28244.2,14.0,10.0,41.0,63597.64,40.0,31.0,2017.4428571428573,0,0,4.989527298008546e-07,Low
Restaurant,Micro,LOC0114,393,1,1,7,0.0,0.0,0.0,0.0,5.0,14513.63,5.0,5.0,19.0,35872.57,19.0,18.0,2902.726,0,0,4.989527298008439e-07,Low
Grocery,Medium,LOC0022,1802,0,1,16,0.0,0.0,0.0,0.0,1.0,272.73,1.0,1.0,5.0,4836.53,5.0,5.0,272.73,0,0,4.989527298009165e-07,Low
Fashion,Small,LOC0113,2120,1,1,15,0.0,0.0,0.0,0.0,2.0,2008.01,2.0,2.0,8.0,15197.12,8.0,8.0,1004.005,0,0,4.989527298009945e-07,Low
Grocery,Small,LOC0040,2353,1,1,12,0.0,0.0,0.0,0.0,2.0,1804.64,2.0,2.0,4.0,2959.05,4.0,4.0,902.32,0,0,4.989527298012995e-07,Low
Transport,Micro,LOC0010,1187,1,1,112,0.0,0.0,0.0,0.0,0.0,0.0,0.0,0.0,0.0,0.0,0.0,0.0,0.0,1,1,0.9999995010472946,Critical
Pharmacy,Medium,LOC0034,738,1,0,4,1.0,2040.7,1.0,1.0,7.0,9134.2,7.0,6.0,17.0,20418.29,17.0,15.0,1304.8857142857144,0,0,4.989527298008262e-07,Low
Electronics,Micro,LOC0002,2357,1,1,10,0.0,0.0,0.0,0.0,5.0,21730.34,5.0,5.0,16.0,34491.88,16.0,14.0,4346.068,0,0,4.989527298013119e-07,Low
General Retail,Small,LOC0078,1339,0,1,3,1.0,4635.43,1.0,1.0,3.0,14992.35,3.0,3.0,11.0,29787.25,11.0,11.0,4997.45,0,0,4.98952729800851e-07,Low
Electronics,Micro,LOC0090,2104,1,1,2,1.0,1584.22,1.0,1.0,6.0,5030.28,6.0,6.0,12.0,17626.02,12.0,11.0,838.38,0,0,4.989527298009733e-07,Low
Electronics,Small,LOC0045,931,1,1,64,0.0,0.0,0.0,0.0,0.0,0.0,0.0,0.0,7.0,11089.06,7.0,7.0,0.0,1,1,0.9999995010472946,Critical
Fashion,Micro,LOC0064,1414,1,1,35,0.0,0.0,0.0,0.0,0.0,0.0,0.0,0.0,4.0,2287.66,4.0,4.0,0.0,1,1,0.9999995010472946,Critical
General Retail,Small,LOC0065,943,1,1,12,0.0,0.0,0.0,0.0,1.0,211.93,1.0,1.0,4.0,2997.81,4.0,4.0,211.93,0,0,4.989527298008634e-07,Low
Transport,Small,LOC0073,541,0,1,0,3.0,3601.0600000000004,3.0,2.0,11.0,9238.86,11.0,10.0,33.0,46241.62,33.0,27.0,839.8963636363637,0,0,4.989527298008704e-07,Low
Fashion,Small,LOC0075,2228,1,1,2,1.0,673.74,1.0,1.0,10.0,8833.7,10.0,8.0,23.0,36581.72,23.0,21.0,883.3700000000001,0,0,4.989527298011435e-07,Low
Restaurant,Medium,LOC0105,1951,0,1,14,0.0,0.0,0.0,0.0,1.0,2243.62,1.0,1.0,2.0,3308.16,2.0,2.0,2243.62,0,0,4.989527298009112e-07,Low
Pharmacy,Small,LOC0022,975,1,1,3,1.0,143.22,1.0,1.0,2.0,329.67,2.0,2.0,7.0,6316.51,7.0,7.0,164.83499999999998,0,0,4.989527298008421e-07,Low
Grocery,Small,LOC0023,1553,1,1,11,0.0,0.0,0.0,0.0,1.0,2496.85,1.0,1.0,1.0,2496.85,1.0,1.0,2496.85,0,0,4.989527298008297e-07,Low
Fashion,Micro,LOC0102,2409,1,1,12,0.0,0.0,0.0,0.0,5.0,4231.55,5.0,5.0,10.0,9595.94,10.0,10.0,846.3100000000001,0,0,4.989527298014041e-07,Low
General Retail,Small,LOC0118,933,1,1,3,1.0,3939.34,1.0,1.0,7.0,21372.1,7.0,6.0,24.0,48604.07,24.0,21.0,3053.157142857143,0,0,4.989527298008528e-07,Low
Grocery,Medium,LOC0001,2403,1,1,45,0.0,0.0,0.0,0.0,0.0,0.0,0.0,0.0,5.0,6426.0,5.0,5.0,0.0,1,1,0.9999995010472946,Critical
Grocery,Small,LOC0038,1752,1,1,26,0.0,0.0,0.0,0.0,1.0,335.49,1.0,1.0,10.0,13368.53,10.0,10.0,335.49,0,0,4.989527298009219e-07,Low
General Retail,Medium,LOC0090,716,1,1,5,1.0,1877.03,1.0,1.0,1.0,1877.03,1.0,1.0,3.0,2720.62,3.0,3.0,1877.03,0,0,4.989527298008297e-07,Low
Restaurant,Micro,LOC0096,1836,1,1,4,1.0,2700.42,1.0,1.0,1.0,2700.42,1.0,1.0,5.0,14410.95,5.0,4.0,2700.42,0,0,4.989527298008953e-07,Low
General Retail,Micro,LOC0106,633,1,0,2,1.0,510.6,1.0,1.0,2.0,1018.7,2.0,2.0,9.0,11059.49,9.0,9.0,509.35,0,0,4.989527298008421e-07,Low
Restaurant,Medium,LOC0110,907,0,1,0,2.0,2878.7,2.0,2.0,8.0,4961.91,8.0,6.0,20.0,32681.67,20.0,18.0,620.23875,0,0,4.989527298008173e-07,Low
Education,Micro,LOC0106,1207,1,1,19,0.0,0.0,0.0,0.0,5.0,4733.88,5.0,3.0,20.0,23810.08,20.0,16.0,946.776,0,0,4.989527298008191e-07,Low
General Retail,Micro,LOC0058,920,1,1,0,1.0,273.04,1.0,1.0,4.0,7236.6,4.0,3.0,11.0,18405.960000000003,11.0,10.0,1809.15,0,0,4.989527298008191e-07,Low
Education,Micro,LOC0044,1502,1,1,33,0.0,0.0,0.0,0.0,0.0,0.0,0.0,0.0,2.0,2162.48,2.0,2.0,0.0,1,1,0.9999995010472946,Critical
Healthcare,Micro,LOC0010,808,1,1,0,1.0,591.08,1.0,1.0,2.0,1909.1,2.0,2.0,9.0,15523.78,9.0,8.0,954.55,0,0,4.989527298008191e-07,Low
Transport,Medium,LOC0013,2078,1,1,3,1.0,1188.87,1.0,1.0,4.0,2213.68,4.0,4.0,30.0,108584.9,30.0,25.0,553.42,0,0,4.989527298009662e-07,Low
Grocery,Micro,LOC0018,770,1,1,3,3.0,688.01,3.0,2.0,10.0,12057.14,10.0,9.0,27.0,35598.34,27.0,24.0,1205.714,0,0,4.989527298008262e-07,Low
General Retail,Small,LOC0035,1000,1,1,0,1.0,474.86,1.0,1.0,1.0,474.86,1.0,1.0,1.0,474.86,1.0,1.0,474.86,0,0,4.98952729800851e-07,Low
Grocery,Micro,LOC0038,661,0,1,23,0.0,0.0,0.0,0.0,1.0,2913.58,1.0,1.0,2.0,4245.47,2.0,2.0,2913.58,0,0,4.989527298008634e-07,Low
Transport,Micro,LOC0068,2156,1,1,1,4.0,4249.94,4.0,3.0,14.0,28844.87,14.0,12.0,30.0,62698.5,30.0,27.0,2060.3478571428573,0,0,4.989527298010903e-07,Low
Utility,Small,LOC0068,1912,1,1,1,2.0,5589.429999999999,2.0,2.0,3.0,11002.14,3.0,3.0,16.0,30265.08,16.0,15.0,3667.38,0,0,4.989527298009556e-07,Low
Pharmacy,Micro,LOC0119,1295,1,1,4,2.0,1625.46,2.0,2.0,9.0,5546.28,9.0,8.0,25.0,24774.5,25.0,21.0,616.2533333333333,0,0,4.989527298008173e-07,Low
Grocery,Medium,LOC0055,1858,1,1,0,10.0,18068.68,10.0,5.0,44.0,71587.89,44.0,25.0,107.0,154369.29,107.0,61.0,1626.9975,0,0,4.989527298009627e-07,Low
Pharmacy,Small,LOC0073,716,1,0,72,0.0,0.0,0.0,0.0,0.0,0.0,0.0,0.0,1.0,15558.8,1.0,1.0,0.0,1,1,0.9999995010472946,Critical
Electronics,Small,LOC0017,1611,1,1,7,0.0,0.0,0.0,0.0,5.0,10201.84,5.0,4.0,15.0,17485.86,15.0,13.0,2040.368,0,0,4.989527298008315e-07,Low
Fashion,Micro,LOC0019,326,0,1,55,0.0,0.0,0.0,0.0,0.0,0.0,0.0,0.0,3.0,2192.02,3.0,3.0,0.0,1,1,0.9999995010472946,Critical
General Retail,Large,LOC0105,337,0,1,5,1.0,404.64,1.0,1.0,1.0,404.64,1.0,1.0,6.0,16278.080000000002,6.0,6.0,404.64,0,0,4.989527298008599e-07,Low
Fashion,Small,LOC0073,2299,1,1,3,1.0,1231.42,1.0,1.0,1.0,1231.42,1.0,1.0,4.0,3528.27,4.0,4.0,1231.42,0,0,4.989527298012073e-07,Low
Restaurant,Small,LOC0108,1406,0,1,7,0.0,0.0,0.0,0.0,5.0,5882.64,5.0,5.0,8.0,23462.79,8.0,8.0,1176.528,0,0,4.989527298008031e-07,Low
Grocery,Micro,LOC0055,1175,1,1,6,1.0,105.19,1.0,1.0,3.0,1640.28,3.0,3.0,9.0,7341.66,9.0,9.0,546.76,0,0,4.989527298008155e-07,Low
Grocery,Large,LOC0087,1595,1,1,0,2.0,1359.22,2.0,2.0,21.0,35781.7,21.0,16.0,68.0,99753.66,68.0,50.0,1703.890476190476,0,0,4.989527298008421e-07,Low
Transport,Small,LOC0118,1879,1,0,1,1.0,382.16,1.0,1.0,1.0,382.16,1.0,1.0,5.0,5595.4,5.0,4.0,382.16,0,0,4.989527298009343e-07,Low
General Retail,Medium,LOC0098,447,0,1,4,2.0,577.07,2.0,2.0,5.0,5142.17,5.0,5.0,17.0,18721.32,17.0,16.0,1028.434,0,0,4.98952729800835e-07,Low
General Retail,Micro,LOC0055,446,0,1,2,3.0,4864.93,3.0,3.0,26.0,39934.06,26.0,19.0,74.0,161126.89,74.0,57.0,1535.9253846153845,0,0,4.989527298008811e-07,Low
Education,Micro,LOC0107,1807,1,1,57,0.0,0.0,0.0,0.0,0.0,0.0,0.0,0.0,4.0,2031.29,4.0,4.0,0.0,1,1,0.9999995010472946,Critical
General Retail,Medium,LOC0033,1671,1,0,48,0.0,0.0,0.0,0.0,0.0,0.0,0.0,0.0,3.0,1751.65,3.0,3.0,0.0,1,1,0.9999995010472946,Critical
Grocery,Small,LOC0106,1128,1,1,7,0.0,0.0,0.0,0.0,2.0,4321.85,2.0,2.0,6.0,14468.15,6.0,6.0,2160.925,0,0,4.989527298007996e-07,Low
General Retail,Small,LOC0025,2018,1,1,72,0.0,0.0,0.0,0.0,0.0,0.0,0.0,0.0,2.0,1403.09,2.0,2.0,0.0,1,1,0.9999995010472946,Critical
Grocery,Micro,LOC0085,1601,1,0,0,11.0,16409.41,11.0,5.0,34.0,58570.34,34.0,21.0,104.0,198695.28,104.0,62.0,1722.6570588235293,0,0,4.989527298008846e-07,Low
Restaurant,Micro,LOC0049,1370,0,1,26,0.0,0.0,0.0,0.0,1.0,1777.33,1.0,1.0,5.0,9636.22,5.0,5.0,1777.33,0,0,4.989527298008173e-07,Low
Fashion,Micro,LOC0074,2166,1,1,5,1.0,808.42,1.0,1.0,4.0,13464.63,4.0,4.0,8.0,18493.17,8.0,8.0,3366.1575000000003,0,0,4.989527298010655e-07,Low
General Retail,Micro,LOC0048,470,1,1,84,0.0,0.0,0.0,0.0,0.0,0.0,0.0,0.0,1.0,2201.8,1.0,1.0,0.0,1,1,0.9999995010472946,Critical
General Retail,Micro,LOC0059,2335,1,1,33,0.0,0.0,0.0,0.0,0.0,0.0,0.0,0.0,2.0,1037.91,2.0,2.0,0.0,1,1,0.9999995010472946,Critical
Grocery,Medium,LOC0072,2069,1,1,0,4.0,7917.73,4.0,3.0,12.0,15146.8,12.0,11.0,35.0,36307.37,35.0,32.0,1262.2333333333331,0,0,4.989527298010336e-07,Low
Fashion,Micro,LOC0003,1585,1,1,18,0.0,0.0,0.0,0.0,5.0,9606.240000000002,5.0,5.0,26.0,33868.3,26.0,23.0,1921.2480000000005,0,0,4.989527298008439e-07,Low
Transport,Micro,LOC0087,422,1,1,72,0.0,0.0,0.0,0.0,0.0,0.0,0.0,0.0,1.0,2191.53,1.0,1.0,0.0,1,1,0.9999995010472946,Critical
General Retail,Large,LOC0020,1786,1,1,9,0.0,0.0,0.0,0.0,1.0,1932.18,1.0,1.0,2.0,9921.73,2.0,2.0,1932.18,0,0,4.989527298009006e-07,Low
General Retail,Micro,LOC0037,441,1,1,62,0.0,0.0,0.0,0.0,0.0,0.0,0.0,0.0,5.0,3353.36,5.0,4.0,0.0,1,1,0.9999995010472946,Critical
Transport,Micro,LOC0097,2159,0,1,127,0.0,0.0,0.0,0.0,0.0,0.0,0.0,0.0,0.0,0.0,0.0,0.0,0.0,1,1,0.9999995010472946,Critical
Electronics,Medium,LOC0041,1856,1,1,52,0.0,0.0,0.0,0.0,0.0,0.0,0.0,0.0,2.0,680.34,2.0,2.0,0.0,1,1,0.9999995010472946,Critical
Transport,Small,LOC0043,1167,1,1,9,0.0,0.0,0.0,0.0,1.0,8452.59,1.0,1.0,8.0,14267.33,8.0,8.0,8452.59,0,0,4.98952729800812e-07,Low
Restaurant,Small,LOC0046,1163,1,1,1,1.0,1543.41,1.0,1.0,4.0,4390.38,4.0,4.0,12.0,17503.8,12.0,12.0,1097.595,0,0,4.989527298008031e-07,Low
Grocery,Small,LOC0034,836,0,1,9,0.0,0.0,0.0,0.0,6.0,6087.01,6.0,6.0,20.0,30653.71,20.0,19.0,1014.5016666666668,0,0,4.989527298008191e-07,Low
Electronics,Medium,LOC0074,687,1,1,21,0.0,0.0,0.0,0.0,1.0,1191.32,1.0,1.0,10.0,9706.23,10.0,10.0,1191.32,0,0,4.989527298008439e-07,Low
General Retail,Medium,LOC0072,2450,1,1,5,1.0,71.13,1.0,1.0,1.0,71.13,1.0,1.0,1.0,71.13,1.0,1.0,71.13,0,0,4.989527298016948e-07,Low
General Retail,Micro,LOC0057,324,1,0,1,1.0,395.94,1.0,1.0,1.0,395.94,1.0,1.0,7.0,7985.34,7.0,7.0,395.94,0,0,4.989527298008599e-07,Low
Grocery,Small,LOC0003,2109,0,1,1,3.0,2407.39,3.0,3.0,11.0,9771.38,11.0,9.0,35.0,43724.61,35.0,27.0,888.3072727272727,0,0,4.989527298010034e-07,Low
Restaurant,Small,LOC0079,1074,1,1,1,1.0,3512.66,1.0,1.0,2.0,3819.51,2.0,2.0,5.0,7039.5,5.0,5.0,1909.755,0,0,4.989527298008421e-07,Low
Restaurant,Micro,LOC0064,437,0,1,4,1.0,435.14,1.0,1.0,1.0,435.14,1.0,1.0,7.0,17266.27,7.0,6.0,435.14,0,0,4.989527298008599e-07,Low
Transport,Large,LOC0113,415,1,1,5,1.0,1730.56,1.0,1.0,4.0,9703.69,4.0,4.0,7.0,12484.8,7.0,7.0,2425.9225,0,0,4.98952729800835e-07,Low
General Retail,Small,LOC0005,1395,1,1,1,2.0,1312.34,2.0,2.0,8.0,12217.71,8.0,8.0,20.0,39027.01,20.0,15.0,1527.21375,0,0,4.989527298008137e-07,Low
Transport,Micro,LOC0115,2186,1,1,6,2.0,11424.22,2.0,1.0,9.0,19652.05,9.0,7.0,35.0,99453.14,35.0,27.0,2183.561111111111,0,0,4.989527298011789e-07,Low
Grocery,Micro,LOC0079,1787,1,1,5,2.0,1190.72,2.0,2.0,5.0,4179.99,5.0,5.0,11.0,8243.8,11.0,11.0,835.9979999999999,0,0,4.989527298008793e-07,Low
Electronics,Small,LOC0066,2403,1,1,2,1.0,2120.54,1.0,1.0,3.0,6623.27,3.0,3.0,7.0,7959.52,7.0,7.0,2207.7566666666667,0,0,4.989527298014448e-07,Low
Transport,Small,LOC0111,1238,1,1,37,0.0,0.0,0.0,0.0,0.0,0.0,0.0,0.0,4.0,3120.09,4.0,4.0,0.0,1,1,0.9999995010472946,Critical
Electronics,Small,LOC0100,2151,0,1,0,7.0,16214.88,7.0,6.0,24.0,41387.71,24.0,20.0,60.0,98673.76,60.0,46.0,1724.4879166666667,0,0,4.989527298011257e-07,Low
Grocery,Small,LOC0117,2349,0,1,36,0.0,0.0,0.0,0.0,0.0,0.0,0.0,0.0,10.0,29469.17,10.0,8.0,0.0,1,1,0.9999995010472946,Critical
Restaurant,Small,LOC0097,1033,0,0,83,0.0,0.0,0.0,0.0,0.0,0.0,0.0,0.0,1.0,867.52,1.0,1.0,0.0,1,1,0.9999995010472946,Critical
Grocery,Micro,LOC0075,1044,1,1,9,0.0,0.0,0.0,0.0,4.0,7457.73,4.0,4.0,16.0,28868.78,16.0,14.0,1864.4325,0,0,4.989527298008209e-07,Low
Restaurant,Micro,LOC0014,1013,1,1,1,1.0,2038.77,1.0,1.0,3.0,4960.54,3.0,3.0,13.0,16284.62,13.0,13.0,1653.513333333333,0,0,4.98952729800812e-07,Low
Education,Small,LOC0116,1811,1,1,7,0.0,0.0,0.0,0.0,1.0,1742.48,1.0,1.0,2.0,3001.55,2.0,2.0,1742.48,0,0,4.989527298009006e-07,Low
Transport,Small,LOC0059,1342,1,1,1,5.0,8900.75,5.0,4.0,9.0,19099.7,9.0,8.0,26.0,37604.54,26.0,23.0,2122.188888888889,0,0,4.989527298008775e-07,Low
General Retail,Small,LOC0051,382,1,1,8,0.0,0.0,0.0,0.0,1.0,3685.22,1.0,1.0,4.0,10262.01,4.0,4.0,3685.22,0,0,4.989527298008528e-07,Low
Fashion,Micro,LOC0070,2269,0,1,3,1.0,1864.24,1.0,1.0,10.0,10412.83,10.0,7.0,40.0,51690.08,40.0,31.0,1041.283,0,0,4.989527298011541e-07,Low
Healthcare,Small,LOC0093,940,1,1,0,1.0,7318.85,1.0,1.0,8.0,22532.07,8.0,7.0,19.0,31876.92,19.0,16.0,2816.50875,0,0,4.989527298008917e-07,Low
General Retail,Small,LOC0057,1278,1,1,0,4.0,8253.36,4.0,4.0,24.0,30526.13,24.0,16.0,62.0,104210.21,62.0,46.0,1271.9220833333331,0,0,4.989527298008722e-07,Low
Utility,Medium,LOC0020,508,1,1,16,0.0,0.0,0.0,0.0,2.0,3612.11,2.0,2.0,8.0,13192.3,8.0,8.0,1806.055,0,0,4.989527298008315e-07,Low
Pharmacy,Medium,LOC0079,892,1,1,56,0.0,0.0,0.0,0.0,0.0,0.0,0.0,0.0,2.0,859.34,2.0,2.0,0.0,1,1,0.9999995010472946,Critical
Restaurant,Small,LOC0087,1517,1,1,1,3.0,5432.34,3.0,3.0,15.0,24471.61,15.0,12.0,44.0,71362.24,44.0,32.0,1631.4406666666666,0,0,4.98952729800874e-07,Low
Pharmacy,Small,LOC0091,317,0,1,5,1.0,763.34,1.0,1.0,3.0,2896.96,3.0,3.0,11.0,9863.91,11.0,11.0,965.6533333333332,0,0,4.989527298008297e-07,Low
General Retail,Micro,LOC0071,2195,1,0,6,1.0,1832.37,1.0,1.0,2.0,1981.21,2.0,2.0,4.0,3155.13,4.0,4.0,990.605,0,0,4.989527298011293e-07,Low
Education,Medium,LOC0067,1718,1,1,34,0.0,0.0,0.0,0.0,0.0,0.0,0.0,0.0,5.0,2551.17,5.0,4.0,0.0,1,1,0.9999995010472946,Critical
Utility,Medium,LOC0001,1757,0,1,3,3.0,2357.26,3.0,3.0,8.0,8015.55,8.0,8.0,27.0,36064.25,27.0,24.0,1001.94375,0,0,4.989527298008917e-07,Low
Healthcare,Small,LOC0036,1129,1,0,3,1.0,448.77,1.0,1.0,8.0,28421.59,8.0,8.0,21.0,47137.24,21.0,19.0,3552.69875,0,0,4.989527298008102e-07,Low
Electronics,Medium,LOC0045,1136,1,1,0,7.0,6373.25,7.0,4.0,29.0,31446.81,29.0,19.0,83.0,165516.68,83.0,55.0,1084.3727586206896,0,0,4.989527298008704e-07,Low
Fashion,Medium,LOC0056,546,0,1,2,1.0,206.99,1.0,1.0,3.0,1757.62,3.0,2.0,12.0,26968.38,12.0,11.0,585.8733333333333,0,0,4.989527298008386e-07,Low
Pharmacy,Micro,LOC0111,2334,0,1,2,3.0,4524.93,3.0,3.0,14.0,17268.35,14.0,11.0,29.0,38153.42,29.0,25.0,1233.4535714285714,0,0,4.989527298012604e-07,Low
Utility,Micro,LOC0085,1172,1,1,1,5.0,5625.97,5.0,3.0,16.0,29010.73,16.0,11.0,41.0,64745.71,41.0,30.0,1813.170625,0,0,4.989527298008634e-07,Low
Grocery,Small,LOC0029,615,0,1,2,1.0,712.37,1.0,1.0,2.0,1822.06,2.0,2.0,8.0,8865.26,8.0,8.0,911.03,0,0,4.989527298008368e-07,Low
General Retail,Small,LOC0053,1215,1,1,20,0.0,0.0,0.0,0.0,1.0,1269.96,1.0,1.0,1.0,1269.96,1.0,1.0,1269.96,0,0,4.989527298008333e-07,Low
Grocery,Small,LOC0043,1354,1,1,8,0.0,0.0,0.0,0.0,3.0,4649.63,3.0,3.0,7.0,7472.34,7.0,7.0,1549.8766666666668,0,0,4.98952729800812e-07,Low
Grocery,Micro,LOC0007,2182,1,1,19,0.0,0.0,0.0,0.0,1.0,2835.01,1.0,1.0,6.0,5948.360000000001,6.0,6.0,2835.01,0,0,4.989527298011204e-07,Low
Utility,Large,LOC0081,1079,1,1,1,1.0,1734.45,1.0,1.0,2.0,3953.49,2.0,2.0,7.0,7982.44,7.0,7.0,1976.745,0,0,4.98952729800812e-07,Low
Fashion,Micro,LOC0078,666,1,1,86,0.0,0.0,0.0,0.0,0.0,0.0,0.0,0.0,1.0,157.81,1.0,1.0,0.0,1,1,0.9999995010472946,Critical
Restaurant,Small,LOC0073,665,1,0,3,3.0,3284.15,3.0,3.0,10.0,11787.05,10.0,10.0,26.0,35446.24,26.0,24.0,1178.705,0,0,4.989527298008546e-07,Low
Pharmacy,Large,LOC0013,2401,1,1,13,0.0,0.0,0.0,0.0,2.0,539.8,2.0,2.0,11.0,9476.72,11.0,8.0,269.9,0,0,4.989527298014519e-07,Low
Pharmacy,Micro,LOC0032,2269,1,1,103,0.0,0.0,0.0,0.0,0.0,0.0,0.0,0.0,0.0,0.0,0.0,0.0,0.0,1,1,0.9999995010472946,Critical
Healthcare,Micro,LOC0064,1825,1,1,1,2.0,6335.69,2.0,2.0,8.0,11913.38,8.0,8.0,17.0,29937.0,17.0,16.0,1489.1725,0,0,4.989527298009662e-07,Low
General Retail,Small,LOC0102,790,1,1,1,1.0,270.75,1.0,1.0,6.0,6351.51,6.0,6.0,26.0,40395.05,26.0,21.0,1058.585,0,0,4.989527298008226e-07,Low
Healthcare,Micro,LOC0013,456,1,1,43,0.0,0.0,0.0,0.0,0.0,0.0,0.0,0.0,1.0,929.03,1.0,1.0,0.0,1,1,0.9999995010472946,Critical
Grocery,Micro,LOC0013,1741,1,0,32,0.0,0.0,0.0,0.0,0.0,0.0,0.0,0.0,6.0,6179.35,6.0,4.0,0.0,1,1,0.9999995010472946,Critical
Utility,Micro,LOC0038,428,0,1,25,0.0,0.0,0.0,0.0,1.0,635.38,1.0,1.0,2.0,5801.4800000000005,2.0,2.0,635.38,0,0,4.989527298008988e-07,Low
Utility,Micro,LOC0113,1144,1,1,4,1.0,2820.11,1.0,1.0,3.0,5666.63,3.0,3.0,5.0,9126.83,5.0,5.0,1888.8766666666668,0,0,4.989527298007978e-07,Low
Utility,Micro,LOC0054,1432,1,1,4,2.0,822.59,2.0,2.0,15.0,35433.85,15.0,11.0,45.0,71858.56999999999,45.0,36.0,2362.2566666666667,0,0,4.989527298008137e-07,Low
Grocery,Micro,LOC0034,436,0,1,13,0.0,0.0,0.0,0.0,2.0,1434.8,2.0,2.0,3.0,4652.51,3.0,3.0,717.4,0,0,4.989527298008492e-07,Low
Utility,Small,LOC0100,1540,0,1,0,5.0,5102.65,5.0,5.0,12.0,20368.01,12.0,10.0,33.0,60939.05,33.0,27.0,1697.3341666666668,0,0,4.989527298008563e-07,Low
Transport,Small,LOC0111,1929,1,1,3,1.0,453.11,1.0,1.0,1.0,453.11,1.0,1.0,4.0,4544.7,4.0,4.0,453.11,0,0,4.989527298009485e-07,Low
Utility,Micro,LOC0004,1244,1,1,44,0.0,0.0,0.0,0.0,0.0,0.0,0.0,0.0,2.0,8305.07,2.0,2.0,0.0,1,1,0.9999995010472946,Critical
Restaurant,Small,LOC0075,671,1,1,12,0.0,0.0,0.0,0.0,3.0,6079.64,3.0,3.0,7.0,7464.26,7.0,7.0,2026.5466666666669,0,0,4.989527298008137e-07,Low
Pharmacy,Micro,LOC0106,1402,1,1,1,5.0,14936.48,5.0,5.0,18.0,37351.4,18.0,15.0,55.0,89178.22,55.0,42.0,2075.0777777777776,0,0,4.989527298008616e-07,Low
Grocery,Micro,LOC0005,2284,1,1,6,1.0,5551.52,1.0,1.0,1.0,5551.52,1.0,1.0,5.0,15258.55,5.0,5.0,5551.52,0,0,4.989527298011789e-07,Low
Fashion,Small,LOC0034,1238,1,0,14,0.0,0.0,0.0,0.0,1.0,461.16,1.0,1.0,2.0,1368.47,2.0,2.0,461.16,0,0,4.989527298008475e-07,Low
Restaurant,Small,LOC0117,2385,1,1,4,1.0,1452.7,1.0,1.0,1.0,1452.7,1.0,1.0,17.0,28501.54,17.0,15.0,1452.7,0,0,4.989527298013934e-07,Low
General Retail,Small,LOC0079,1477,1,1,7,0.0,0.0,0.0,0.0,3.0,8623.970000000001,3.0,3.0,9.0,21037.9,9.0,8.0,2874.656666666667,0,0,4.989527298008226e-07,Low
Pharmacy,Small,LOC0006,2155,1,1,3,2.0,1167.36,2.0,1.0,3.0,10340.09,3.0,2.0,14.0,36621.26,14.0,13.0,3446.6966666666667,0,0,4.98952729801046e-07,Low
General Retail,Micro,LOC0084,536,0,1,2,2.0,748.97,2.0,2.0,5.0,7374.98,5.0,5.0,9.0,17639.2,9.0,9.0,1474.996,0,0,4.98952729800835e-07,Low
Transport,Small,LOC0018,919,1,1,2,2.0,2005.21,2.0,2.0,10.0,19195.57,10.0,9.0,30.0,44686.49,30.0,26.0,1919.557,0,0,4.989527298008226e-07,Low
Electronics,Micro,LOC0032,1833,1,0,13,0.0,0.0,0.0,0.0,2.0,616.93,2.0,1.0,3.0,1692.28,3.0,2.0,308.465,0,0,4.989527298009414e-07,Low
Healthcare,Micro,LOC0090,888,0,1,1,1.0,2306.26,1.0,1.0,7.0,21804.09,7.0,6.0,26.0,68495.35,26.0,22.0,3114.87,0,0,4.989527298008244e-07,Low
Grocery,Small,LOC0091,1311,1,1,9,0.0,0.0,0.0,0.0,10.0,11295.75,10.0,7.0,29.0,30337.53,29.0,21.0,1129.575,0,0,4.989527298008279e-07,Low
Education,Small,LOC0097,1966,1,0,58,0.0,0.0,0.0,0.0,0.0,0.0,0.0,0.0,3.0,7586.25,3.0,3.0,0.0,1,1,0.9999995010472946,Critical
Restaurant,Small,LOC0034,2098,1,1,13,0.0,0.0,0.0,0.0,1.0,792.79,1.0,1.0,1.0,792.79,1.0,1.0,792.79,0,0,4.989527298010176e-07,Low
Education,Small,LOC0055,1697,1,1,2,1.0,1269.13,1.0,1.0,4.0,4007.46,4.0,3.0,6.0,5201.18,6.0,5.0,1001.865,0,0,4.989527298008262e-07,Low
Restaurant,Small,LOC0035,2299,1,1,0,4.0,4104.82,4.0,4.0,19.0,64785.030000000006,19.0,15.0,52.0,125599.66,52.0,42.0,3409.738421052632,0,0,4.989527298012249e-07,Low
Pharmacy,Small,LOC0090,1794,0,1,44,0.0,0.0,0.0,0.0,0.0,0.0,0.0,0.0,1.0,568.55,1.0,1.0,0.0,1,1,0.9999995010472946,Critical
Pharmacy,Small,LOC0043,1540,1,0,2,9.0,10754.48,9.0,5.0,28.0,33762.04,28.0,18.0,78.0,103639.75,78.0,57.0,1205.787142857143,0,0,4.989527298008775e-07,Low
General Retail,Small,LOC0079,957,1,1,4,1.0,10155.12,1.0,1.0,8.0,23840.86,8.0,8.0,20.0,51470.79,20.0,20.0,2980.1075,0,0,4.989527298008917e-07,Low
Utility,Small,LOC0076,1629,1,0,7,0.0,0.0,0.0,0.0,2.0,5234.4800000000005,2.0,2.0,7.0,8893.73,7.0,7.0,2617.24,0,0,4.989527298008262e-07,Low
Grocery,Small,LOC0051,509,1,1,13,0.0,0.0,0.0,0.0,1.0,370.57,1.0,1.0,4.0,3963.64,4.0,4.0,370.57,0,0,4.989527298008811e-07,Low
Electronics,Medium,LOC0049,1425,1,1,11,0.0,0.0,0.0,0.0,5.0,10270.84,5.0,5.0,10.0,18516.57,10.0,10.0,2054.168,0,0,4.989527298008102e-07,Low
General Retail,Large,LOC0015,1005,1,1,8,0.0,0.0,0.0,0.0,1.0,451.89,1.0,1.0,4.0,3806.39,4.0,4.0,451.89,0,0,4.989527298008634e-07,Low
Education,Micro,LOC0010,352,1,1,1,3.0,7238.93,3.0,2.0,13.0,24411.08,13.0,11.0,34.0,49128.96,34.0,31.0,1877.7753846153848,0,0,4.989527298009112e-07,Low
Healthcare,Small,LOC0055,1196,0,1,7,0.0,0.0,0.0,0.0,1.0,70.77,1.0,1.0,4.0,5869.56,4.0,4.0,70.77,0,0,4.989527298008563e-07,Low
Education,Medium,LOC0067,1725,0,1,118,0.0,0.0,0.0,0.0,0.0,0.0,0.0,0.0,0.0,0.0,0.0,0.0,0.0,1,1,0.9999995010472946,Critical
General Retail,Small,LOC0119,407,0,1,10,0.0,0.0,0.0,0.0,1.0,387.51,1.0,1.0,3.0,1545.12,3.0,3.0,387.51,0,0,4.989527298008722e-07,Low
Restaurant,Large,LOC0039,2335,1,1,1,4.0,4300.99,4.0,4.0,11.0,12129.39,11.0,11.0,31.0,103830.72,31.0,28.0,1102.671818181818,0,0,4.989527298012622e-07,Low
Pharmacy,Small,LOC0114,1921,1,1,17,0.0,0.0,0.0,0.0,2.0,5400.05,2.0,2.0,12.0,18032.79,12.0,11.0,2700.025,0,0,4.989527298009183e-07,Low
Restaurant,Micro,LOC0050,677,1,0,21,0.0,0.0,0.0,0.0,2.0,2674.67,2.0,2.0,8.0,6907.48,8.0,8.0,1337.335,0,0,4.989527298008368e-07,Low
Grocery,Small,LOC0033,549,1,1,0,2.0,5839.21,2.0,2.0,10.0,27270.15,10.0,10.0,34.0,66887.04,34.0,30.0,2727.0150000000003,0,0,4.989527298009006e-07,Low
Grocery,Micro,LOC0034,1289,1,1,71,0.0,0.0,0.0,0.0,0.0,0.0,0.0,0.0,2.0,1397.71,2.0,2.0,0.0,1,1,0.9999995010472946,Critical
Electronics,Micro,LOC0091,880,0,1,2,3.0,16462.15,3.0,2.0,7.0,23766.92,7.0,6.0,16.0,37695.03,16.0,15.0,3395.274285714286,0,0,4.989527298008864e-07,Low
Grocery,Small,LOC0095,2275,1,1,78,0.0,0.0,0.0,0.0,0.0,0.0,0.0,0.0,1.0,3210.78,1.0,1.0,0.0,1,1,0.9999995010472946,Critical
Pharmacy,Medium,LOC0086,1805,1,1,4,2.0,5248.73,2.0,2.0,10.0,15975.67,10.0,9.0,29.0,40801.86,29.0,27.0,1597.567,0,0,4.989527298009201e-07,Low
Grocery,Micro,LOC0113,1049,1,0,9,0.0,0.0,0.0,0.0,3.0,6394.099999999999,3.0,3.0,11.0,17375.05,11.0,9.0,2131.3666666666663,0,0,4.989527298008155e-07,Low
Restaurant,Small,LOC0053,1250,1,1,13,0.0,0.0,0.0,0.0,2.0,1367.17,2.0,2.0,7.0,6190.34,7.0,7.0,683.585,0,0,4.989527298008137e-07,Low
Education,Small,LOC0037,2380,1,1,7,0.0,0.0,0.0,0.0,8.0,14786.21,8.0,7.0,23.0,34714.06,23.0,19.0,1848.27625,0,0,4.989527298013686e-07,Low
Grocery,Small,LOC0002,2104,0,1,0,2.0,822.3,2.0,2.0,5.0,4173.03,5.0,5.0,12.0,9646.25,12.0,11.0,834.606,0,0,4.989527298009733e-07,Low
Education,Micro,LOC0088,901,1,0,52,0.0,0.0,0.0,0.0,0.0,0.0,0.0,0.0,3.0,1203.04,3.0,3.0,0.0,1,1,0.9999995010472946,Critical
Pharmacy,Small,LOC0043,1849,1,1,27,0.0,0.0,0.0,0.0,1.0,538.37,1.0,1.0,6.0,4570.48,6.0,6.0,538.37,0,0,4.989527298009378e-07,Low
Fashion,Small,LOC0115,1481,0,1,11,0.0,0.0,0.0,0.0,2.0,4416.36,2.0,2.0,3.0,4997.63,3.0,3.0,2208.18,0,0,4.989527298008262e-07,Low
Grocery,Large,LOC0056,1203,0,1,0,1.0,299.0,1.0,1.0,1.0,299.0,1.0,1.0,2.0,2876.71,2.0,2.0,299.0,0,0,4.989527298008457e-07,Low
Transport,Medium,LOC0011,1596,1,1,5,1.0,2006.02,1.0,1.0,5.0,7003.48,5.0,5.0,11.0,9854.63,11.0,11.0,1400.696,0,0,4.989527298008297e-07,Low
Transport,Medium,LOC0107,711,0,1,1,5.0,15952.15,5.0,4.0,27.0,55114.14,27.0,17.0,58.0,86877.78,58.0,43.0,2041.2644444444445,0,0,4.989527298008935e-07,Low
Restaurant,Micro,LOC0107,525,0,1,3,1.0,1656.53,1.0,1.0,4.0,16187.48,4.0,4.0,16.0,37785.93,16.0,15.0,4046.87,0,0,4.98952729800835e-07,Low
Pharmacy,Small,LOC0058,1794,1,1,0,1.0,408.94,1.0,1.0,3.0,1099.13,3.0,3.0,13.0,12229.97,13.0,13.0,366.3766666666667,0,0,4.989527298008882e-07,Low
Grocery,Small,LOC0080,2235,1,1,6,2.0,1267.36,2.0,1.0,9.0,11735.65,9.0,8.0,32.0,38897.69,32.0,27.0,1303.9611111111112,0,0,4.98952729801147e-07,Low
Restaurant,Micro,LOC0002,1081,1,1,3,1.0,64.6,1.0,1.0,5.0,2846.33,5.0,5.0,23.0,35797.3,23.0,20.0,569.266,0,0,4.989527298008209e-07,Low
Pharmacy,Micro,LOC0097,1413,1,1,2,2.0,1162.22,2.0,2.0,9.0,9419.4,9.0,9.0,21.0,21673.16,21.0,21.0,1046.6,0,0,4.989527298008137e-07,Low
General Retail,Micro,LOC0071,1351,1,1,2,1.0,317.98,1.0,1.0,5.0,12579.13,5.0,5.0,20.0,32076.0,20.0,19.0,2515.826,0,0,4.989527298008244e-07,Low
General Retail,Small,LOC0101,2331,0,1,0,2.0,8212.83,2.0,2.0,4.0,8597.900000000001,4.0,4.0,9.0,18432.61,9.0,9.0,2149.4750000000004,0,0,4.989527298012747e-07,Low
General Retail,Micro,LOC0108,1079,0,1,1,2.0,2070.97,2.0,2.0,3.0,2238.58,3.0,3.0,13.0,19531.94,13.0,13.0,746.1933333333333,0,0,4.98952729800812e-07,Low
Fashion,Small,LOC0096,1909,1,1,1,1.0,1791.07,1.0,1.0,4.0,5407.77,4.0,3.0,7.0,7909.8,7.0,6.0,1351.9425,0,0,4.989527298009006e-07,Low
Electronics,Medium,LOC0073,1175,1,1,7,0.0,0.0,0.0,0.0,2.0,1366.77,2.0,1.0,4.0,12176.42,4.0,3.0,683.385,0,0,4.98952729800835e-07,Low
Fashion,Micro,LOC0026,1647,1,1,0,2.0,6982.48,2.0,1.0,8.0,12243.57,8.0,6.0,14.0,17562.940000000002,14.0,12.0,1530.44625,0,0,4.989527298008775e-07,Low
Electronics,Medium,LOC0076,1635,1,1,1,4.0,14157.45,4.0,3.0,7.0,24428.2,7.0,6.0,21.0,61679.35,21.0,16.0,3489.742857142857,0,0,4.989527298008828e-07,Low
Fashion,Micro,LOC0056,1958,1,1,0,1.0,708.58,1.0,1.0,3.0,1680.13,3.0,3.0,9.0,7126.17,9.0,8.0,560.0433333333334,0,0,4.989527298009024e-07,Low
Restaurant,Micro,LOC0081,1136,1,1,3,1.0,802.78,1.0,1.0,5.0,7292.059999999999,5.0,5.0,11.0,9781.99,11.0,10.0,1458.4119999999998,0,0,4.989527298008031e-07,Low
General Retail,Small,LOC0097,1906,1,1,3,1.0,1343.69,1.0,1.0,6.0,9345.87,6.0,6.0,25.0,42426.0,25.0,21.0,1557.6449999999998,0,0,4.98952729800913e-07,Low
Grocery,Small,LOC0030,1332,0,1,1,3.0,2665.99,3.0,3.0,16.0,34918.95,16.0,12.0,38.0,65061.54,38.0,29.0,2182.434375,0,0,4.989527298008297e-07,Low
Healthcare,Small,LOC0089,1842,1,1,8,0.0,0.0,0.0,0.0,1.0,1499.54,1.0,1.0,2.0,1950.24,2.0,2.0,1499.54,0,0,4.989527298009272e-07,Low
Transport,Small,LOC0065,1338,1,1,1,1.0,1549.13,1.0,1.0,5.0,9062.32,5.0,5.0,17.0,21238.96,17.0,16.0,1812.464,0,0,4.989527298008297e-07,Low
Grocery,Small,LOC0058,740,0,1,6,1.0,516.33,1.0,1.0,5.0,22802.28,5.0,5.0,29.0,59713.57,29.0,27.0,4560.456,0,0,4.989527298008262e-07,Low
General Retail,Micro,LOC0065,1668,0,1,1,1.0,2237.25,1.0,1.0,2.0,4288.93,2.0,2.0,12.0,22175.29,12.0,11.0,2144.465,0,0,4.989527298008262e-07,Low
Electronics,Small,LOC0035,438,1,1,9,0.0,0.0,0.0,0.0,1.0,735.21,1.0,1.0,14.0,12008.86,14.0,12.0,735.21,0,0,4.989527298008475e-07,Low
Healthcare,Micro,LOC0059,836,1,1,45,0.0,0.0,0.0,0.0,0.0,0.0,0.0,0.0,2.0,2113.53,2.0,2.0,0.0,1,1,0.9999995010472946,Critical
Restaurant,Micro,LOC0083,2061,1,0,0,1.0,280.84,1.0,1.0,4.0,4447.62,4.0,4.0,9.0,13452.04,9.0,9.0,1111.905,0,0,4.989527298009538e-07,Low
Pharmacy,Small,LOC0016,1204,0,1,0,2.0,1848.59,2.0,2.0,12.0,20290.23,12.0,12.0,34.0,54268.3,34.0,30.0,1690.8525,0,0,4.989527298008173e-07,Low
General Retail,Medium,LOC0107,1160,1,1,71,0.0,0.0,0.0,0.0,0.0,0.0,0.0,0.0,2.0,2593.9700000000003,2.0,2.0,0.0,1,1,0.9999995010472946,Critical
Restaurant,Small,LOC0036,2119,0,1,0,14.0,27981.03,14.0,7.0,37.0,62514.88,37.0,23.0,95.0,144583.15,95.0,60.0,1689.5913513513512,0,0,4.989527298010797e-07,Low
Grocery,Micro,LOC0002,599,0,1,5,2.0,1234.47,2.0,1.0,5.0,2600.4,5.0,4.0,11.0,7563.03,11.0,10.0,520.08,0,0,4.989527298008297e-07,Low
Electronics,Small,LOC0092,600,1,1,4,1.0,235.15,1.0,1.0,2.0,513.98,2.0,2.0,5.0,2883.19,5.0,5.0,256.99,0,0,4.989527298008599e-07,Low
Grocery,Micro,LOC0042,502,1,1,0,2.0,10187.8,2.0,2.0,4.0,12608.21,4.0,4.0,15.0,34004.04,15.0,14.0,3152.0525,0,0,4.989527298009041e-07,Low
Grocery,Small,LOC0100,1623,1,1,2,2.0,1002.62,2.0,1.0,4.0,3540.4300000000003,4.0,3.0,14.0,12297.88,14.0,13.0,885.1075000000001,0,0,4.989527298008226e-07,Low
Electronics,Small,LOC0057,1234,1,1,11,0.0,0.0,0.0,0.0,13.0,14869.25,13.0,11.0,38.0,55991.810000000005,38.0,30.0,1143.7884615384614,0,0,4.989527298008191e-07,Low
Restaurant,Large,LOC0034,419,1,0,50,0.0,0.0,0.0,0.0,0.0,0.0,0.0,0.0,1.0,200.83,1.0,1.0,0.0,1,1,0.9999995010472946,Critical
Grocery,Small,LOC0008,2456,1,1,999,0.0,0.0,0.0,0.0,0.0,0.0,0.0,0.0,0.0,0.0,0.0,0.0,0.0,1,1,0.9999995010472946,Critical
Transport,Small,LOC0020,634,1,1,0,1.0,1297.42,1.0,1.0,2.0,2119.1,2.0,2.0,7.0,11524.4,7.0,7.0,1059.55,0,0,4.989527298008297e-07,Low
Pharmacy,Medium,LOC0049,1841,1,1,14,0.0,0.0,0.0,0.0,4.0,7151.900000000001,4.0,4.0,6.0,19842.09,6.0,6.0,1787.975,0,0,4.989527298009041e-07,Low
Electronics,Small,LOC0033,1198,1,0,15,0.0,0.0,0.0,0.0,11.0,11710.38,11.0,6.0,26.0,37143.29,26.0,19.0,1064.5800000000002,0,0,4.989527298008191e-07,Low
Utility,Small,LOC0044,384,1,1,12,0.0,0.0,0.0,0.0,5.0,6292.98,5.0,4.0,16.0,17801.25,16.0,14.0,1258.596,0,0,4.989527298008315e-07,Low
Electronics,Medium,LOC0054,1260,0,1,11,0.0,0.0,0.0,0.0,4.0,1949.73,4.0,4.0,11.0,15222.73,11.0,10.0,487.4325,0,0,4.989527298008137e-07,Low
Grocery,Small,LOC0085,345,1,1,0,6.0,6951.48,6.0,5.0,11.0,12908.73,11.0,10.0,20.0,33552.2,20.0,19.0,1173.520909090909,0,0,4.989527298009112e-07,Low
Fashion,Small,LOC0032,2026,1,1,44,0.0,0.0,0.0,0.0,0.0,0.0,0.0,0.0,5.0,4183.49,5.0,5.0,0.0,1,1,0.9999995010472946,Critical
General Retail,Large,LOC0061,1270,1,1,22,0.0,0.0,0.0,0.0,5.0,3497.55,5.0,3.0,11.0,17101.9,11.0,9.0,699.51,0,0,4.989527298008137e-07,Low
Education,Micro,LOC0062,1612,1,1,8,0.0,0.0,0.0,0.0,2.0,402.54,2.0,2.0,4.0,4360.2,4.0,4.0,201.27,0,0,4.989527298008811e-07,Low
Utility,Medium,LOC0092,1940,1,1,12,0.0,0.0,0.0,0.0,5.0,13962.69,5.0,5.0,11.0,21895.18,11.0,11.0,2792.538,0,0,4.989527298009024e-07,Low
General Retail,Micro,LOC0071,908,1,1,2,1.0,4602.85,1.0,1.0,2.0,6395.860000000001,2.0,2.0,5.0,10634.37,5.0,5.0,3197.9300000000003,0,0,4.98952729800851e-07,Low
Education,Medium,LOC0040,467,1,1,1,3.0,16463.39,3.0,3.0,8.0,22114.69,8.0,7.0,23.0,36434.86,23.0,21.0,2764.3362500000003,0,0,4.989527298009095e-07,Low
Grocery,Micro,LOC0008,2288,1,1,24,0.0,0.0,0.0,0.0,1.0,178.08,1.0,1.0,1.0,178.08,1.0,1.0,178.08,0,0,4.989527298012321e-07,Low
Education,Medium,LOC0035,297,1,0,0,6.0,8571.63,6.0,4.0,15.0,31406.96,15.0,9.0,49.0,105071.78,49.0,36.0,2093.7973333333334,0,0,4.989527298009165e-07,Low
General Retail,Small,LOC0009,2145,0,1,10,0.0,0.0,0.0,0.0,2.0,2401.2,2.0,2.0,9.0,9293.83,9.0,8.0,1200.6,0,0,4.989527298010247e-07,Low
Utility,Large,LOC0051,2408,1,1,0,5.0,6082.74,5.0,5.0,24.0,29141.25,24.0,19.0,65.0,96461.38,65.0,45.0,1214.21875,0,0,4.989527298015086e-07,Low
Electronics,Micro,LOC0031,2228,1,1,8,0.0,0.0,0.0,0.0,9.0,16057.6,9.0,8.0,17.0,30645.74,17.0,15.0,1784.177777777778,0,0,4.989527298011648e-07,Low
Grocery,Micro,LOC0060,690,1,1,14,0.0,0.0,0.0,0.0,2.0,6761.370000000001,2.0,2.0,4.0,7584.39,4.0,4.0,3380.6850000000004,0,0,4.989527298008404e-07,Low
Education,Small,LOC0060,1636,0,1,1,1.0,537.66,1.0,1.0,6.0,11270.12,6.0,5.0,26.0,43642.02,26.0,23.0,1878.3533333333332,0,0,4.98952729800835e-07,Low
Utility,Micro,LOC0118,1144,0,1,22,0.0,0.0,0.0,0.0,1.0,26.23,1.0,1.0,1.0,26.23,1.0,1.0,26.23,0,0,4.989527298008634e-07,Low
Utility,Micro,LOC0026,1989,1,1,39,0.0,0.0,0.0,0.0,0.0,0.0,0.0,0.0,4.0,9508.79,4.0,4.0,0.0,1,1,0.9999995010472946,Critical
Utility,Small,LOC0115,1075,1,1,2,1.0,773.89,1.0,1.0,2.0,1027.05,2.0,2.0,4.0,5482.15,4.0,4.0,513.525,0,0,4.989527298008457e-07,Low
Fashion,Small,LOC0048,445,1,1,1,4.0,2439.35,4.0,3.0,10.0,7714.21,10.0,8.0,23.0,21809.52,23.0,21.0,771.421,0,0,4.989527298008404e-07,Low
Electronics,Small,LOC0028,952,1,0,114,0.0,0.0,0.0,0.0,0.0,0.0,0.0,0.0,0.0,0.0,0.0,0.0,0.0,1,1,0.9999995010472946,Critical
Restaurant,Small,LOC0067,1022,0,1,268,0.0,0.0,0.0,0.0,0.0,0.0,0.0,0.0,0.0,0.0,0.0,0.0,0.0,1,1,0.9999995010472946,Critical
Grocery,Micro,LOC0097,1346,1,1,8,0.0,0.0,0.0,0.0,2.0,1015.63,2.0,2.0,8.0,15979.2,8.0,6.0,507.815,0,0,4.989527298008333e-07,Low
Restaurant,Small,LOC0114,309,0,1,13,0.0,0.0,0.0,0.0,2.0,18516.76,2.0,2.0,12.0,32282.58,12.0,12.0,9258.38,0,0,4.989527298008439e-07,Low
Utility,Medium,LOC0073,1317,1,1,26,0.0,0.0,0.0,0.0,1.0,270.25,1.0,1.0,7.0,12232.88,7.0,7.0,270.25,0,0,4.98952729800851e-07,Low
General Retail,Small,LOC0065,2358,0,1,29,0.0,0.0,0.0,0.0,1.0,4888.41,1.0,1.0,2.0,11241.56,2.0,2.0,4888.41,0,0,4.989527298013313e-07,Low
Grocery,Micro,LOC0041,2385,1,1,49,0.0,0.0,0.0,0.0,0.0,0.0,0.0,0.0,1.0,2344.83,1.0,1.0,0.0,1,1,0.9999995010472946,Critical
General Retail,Micro,LOC0092,1038,1,1,0,2.0,4254.27,2.0,2.0,7.0,9138.67,7.0,7.0,14.0,29079.88,14.0,14.0,1305.5242857142855,0,0,4.989527298008492e-07,Low
General Retail,Micro,LOC0054,1649,1,1,2,4.0,5730.18,4.0,3.0,9.0,11382.39,9.0,7.0,21.0,52959.06,21.0,18.0,1264.71,0,0,4.989527298008828e-07,Low
Electronics,Medium,LOC0037,1354,1,1,10,0.0,0.0,0.0,0.0,1.0,1900.8,1.0,1.0,2.0,2502.37,2.0,2.0,1900.8,0,0,4.989527298008297e-07,Low
General Retail,Small,LOC0025,769,1,1,0,8.0,15406.28,8.0,5.0,25.0,32315.45,25.0,17.0,73.0,125005.65,73.0,51.0,1292.618,0,0,4.989527298008953e-07,Low
Grocery,Small,LOC0011,1993,1,1,0,21.0,20875.83,21.0,6.0,93.0,169848.01,93.0,28.0,247.0,384278.64,246.0,81.0,1826.3226881720432,0,0,4.989527298009715e-07,Low
Restaurant,Small,LOC0090,2378,0,1,9,0.0,0.0,0.0,0.0,4.0,7796.44,4.0,4.0,12.0,13801.86,12.0,12.0,1949.11,0,0,4.989527298013313e-07,Low
Education,Micro,LOC0102,1127,1,1,53,0.0,0.0,0.0,0.0,0.0,0.0,0.0,0.0,4.0,4679.13,4.0,3.0,0.0,1,1,0.9999995010472946,Critical
Utility,Large,LOC0004,1352,0,1,3,1.0,1461.78,1.0,1.0,6.0,8962.91,6.0,6.0,15.0,27891.89,15.0,15.0,1493.8183333333334,0,0,4.989527298008279e-07,Low
Grocery,Micro,LOC0004,1953,1,1,6,1.0,1368.59,1.0,1.0,2.0,2566.71,2.0,2.0,6.0,10442.28,6.0,6.0,1283.355,0,0,4.989527298009006e-07,Low
Healthcare,Small,LOC0088,1546,1,1,6,1.0,1044.66,1.0,1.0,12.0,13788.01,12.0,9.0,19.0,24704.44,19.0,15.0,1149.0008333333333,0,0,4.989527298008297e-07,Low
Utility,Small,LOC0059,1985,1,1,0,5.0,8856.240000000002,5.0,4.0,21.0,30907.410000000003,21.0,16.0,66.0,84513.02,66.0,50.0,1471.7814285714287,0,0,4.989527298009556e-07,Low
Restaurant,Micro,LOC0022,2455,1,1,30,0.0,0.0,0.0,0.0,0.0,0.0,0.0,0.0,7.0,4668.0,7.0,7.0,0.0,1,1,0.9999995010472946,Critical
Pharmacy,Medium,LOC0118,419,1,1,5,1.0,2222.64,1.0,1.0,4.0,6679.66,4.0,4.0,8.0,11599.78,8.0,8.0,1669.915,0,0,4.98952729800835e-07,Low
Restaurant,Medium,LOC0105,1118,1,1,10,0.0,0.0,0.0,0.0,2.0,1312.41,2.0,2.0,3.0,3324.79,3.0,3.0,656.205,0,0,4.989527298008315e-07,Low
Electronics,Medium,LOC0086,1995,1,0,0,3.0,6776.27,3.0,3.0,6.0,11007.81,6.0,6.0,19.0,21918.73,19.0,15.0,1834.635,0,0,4.98952729800968e-07,Low
Pharmacy,Micro,LOC0043,909,0,1,0,5.0,8257.15,5.0,4.0,8.0,16983.51,8.0,7.0,12.0,38626.98,12.0,11.0,2122.93875,0,0,4.989527298008864e-07,Low
Healthcare,Micro,LOC0106,1304,1,0,41,0.0,0.0,0.0,0.0,0.0,0.0,0.0,0.0,7.0,6915.15,7.0,6.0,0.0,1,1,0.9999995010472946,Critical
General Retail,Medium,LOC0078,2169,1,0,5,1.0,6265.36,1.0,1.0,2.0,7273.07,2.0,2.0,4.0,9531.5,4.0,4.0,3636.535,0,0,4.989527298011541e-07,Low
Education,Micro,LOC0094,1800,1,1,61,0.0,0.0,0.0,0.0,0.0,0.0,0.0,0.0,2.0,2670.81,2.0,2.0,0.0,1,1,0.9999995010472946,Critical
Restaurant,Small,LOC0014,1429,1,1,22,0.0,0.0,0.0,0.0,1.0,719.28,1.0,1.0,6.0,8031.46,6.0,6.0,719.28,0,0,4.989527298008226e-07,Low
General Retail,Micro,LOC0058,1987,1,1,19,0.0,0.0,0.0,0.0,1.0,1585.93,1.0,1.0,11.0,21900.89,11.0,11.0,1585.93,0,0,4.989527298009112e-07,Low
General Retail,Micro,LOC0064,1393,0,1,15,0.0,0.0,0.0,0.0,2.0,4530.34,2.0,2.0,5.0,6854.33,5.0,5.0,2265.17,0,0,4.989527298008031e-07,Low
General Retail,Micro,LOC0026,718,1,0,33,0.0,0.0,0.0,0.0,0.0,0.0,0.0,0.0,3.0,5383.11,3.0,3.0,0.0,1,1,0.9999995010472946,Critical
Fashion,Small,LOC0093,2243,1,1,18,0.0,0.0,0.0,0.0,2.0,939.26,2.0,2.0,6.0,6563.1900000000005,6.0,6.0,469.63,0,0,4.989527298011523e-07,Low
Transport,Medium,LOC0111,1703,1,1,6,1.0,959.57,1.0,1.0,2.0,981.5,2.0,2.0,9.0,10792.74,9.0,9.0,490.75,0,0,4.989527298008404e-07,Low
Pharmacy,Small,LOC0108,655,1,0,0,2.0,1547.35,2.0,2.0,8.0,9933.36,8.0,7.0,21.0,25094.79,21.0,20.0,1241.67,0,0,4.989527298008404e-07,Low
Pharmacy,Micro,LOC0073,1326,1,1,7,0.0,0.0,0.0,0.0,3.0,2061.48,3.0,3.0,10.0,18937.19,10.0,10.0,687.16,0,0,4.989527298008173e-07,Low
Pharmacy,Small,LOC0067,1502,1,1,226,0.0,0.0,0.0,0.0,0.0,0.0,0.0,0.0,0.0,0.0,0.0,0.0,0.0,1,1,0.9999995010472946,Critical
General Retail,Small,LOC0042,815,1,1,25,0.0,0.0,0.0,0.0,1.0,1561.23,1.0,1.0,5.0,5099.35,5.0,5.0,1561.23,0,0,4.989527298008457e-07,Low
Grocery,Small,LOC0048,688,1,1,0,1.0,290.31,1.0,1.0,3.0,1715.67,3.0,3.0,11.0,11446.72,11.0,11.0,571.89,0,0,4.989527298008226e-07,Low
General Retail,Medium,LOC0095,687,1,1,18,0.0,0.0,0.0,0.0,3.0,7700.07,3.0,3.0,10.0,16278.86,10.0,10.0,2566.69,0,0,4.989527298008439e-07,Low
Grocery,Small,LOC0087,2300,1,1,53,0.0,0.0,0.0,0.0,0.0,0.0,0.0,0.0,3.0,2178.9700000000003,3.0,3.0,0.0,1,1,0.9999995010472946,Critical
Education,Micro,LOC0058,712,0,0,2,2.0,6091.6,2.0,2.0,5.0,11702.76,5.0,5.0,9.0,15211.94,9.0,9.0,2340.552,0,0,4.989527298008775e-07,Low
Transport,Small,LOC0055,1812,1,1,5,1.0,718.51,1.0,1.0,6.0,4709.15,6.0,6.0,16.0,16381.37,16.0,15.0,784.8583333333332,0,0,4.989527298008793e-07,Low
Electronics,Micro,LOC0016,481,1,1,7,0.0,0.0,0.0,0.0,1.0,680.17,1.0,1.0,4.0,1419.88,4.0,3.0,680.17,0,0,4.98952729800867e-07,Low
Fashion,Small,LOC0108,1983,1,1,22,0.0,0.0,0.0,0.0,1.0,190.25,1.0,1.0,2.0,2190.92,2.0,2.0,190.25,0,0,4.98952729800952e-07,Low
Grocery,Micro,LOC0017,1257,1,0,24,0.0,0.0,0.0,0.0,1.0,324.66,1.0,1.0,3.0,5705.41,3.0,3.0,324.66,0,0,4.98952729800851e-07,Low
Grocery,Micro,LOC0043,1941,1,0,2,2.0,2106.93,2.0,2.0,5.0,25563.99,5.0,5.0,18.0,36016.08,18.0,18.0,5112.798,0,0,4.989527298009059e-07,Low
General Retail,Small,LOC0074,1250,1,1,0,1.0,654.68,1.0,1.0,4.0,2368.8,4.0,3.0,11.0,11115.54,11.0,9.0,592.2,0,0,4.989527298008049e-07,Low
Electronics,Medium,LOC0110,1184,1,1,0,3.0,6043.24,3.0,3.0,6.0,8690.59,6.0,6.0,13.0,15617.69,13.0,12.0,1448.4316666666666,0,0,4.989527298008581e-07,Low
Education,Micro,LOC0019,2465,1,0,35,0.0,0.0,0.0,0.0,0.0,0.0,0.0,0.0,3.0,7760.23,3.0,3.0,0.0,1,1,0.9999995010472946,Critical
Education,Small,LOC0080,1907,1,0,16,0.0,0.0,0.0,0.0,1.0,1135.18,1.0,1.0,3.0,3523.5600000000004,3.0,3.0,1135.18,0,0,4.989527298009201e-07,Low
Transport,Small,LOC0053,2206,1,1,14,0.0,0.0,0.0,0.0,2.0,996.87,2.0,2.0,5.0,6627.18,5.0,5.0,498.435,0,0,4.989527298011328e-07,Low
Transport,Small,LOC0118,1917,1,1,10,0.0,0.0,0.0,0.0,3.0,3320.74,3.0,3.0,5.0,4486.36,5.0,5.0,1106.9133333333332,0,0,4.989527298009041e-07,Low
Education,Small,LOC0050,2393,1,1,8,0.0,0.0,0.0,0.0,5.0,4992.6,5.0,4.0,12.0,20358.11,12.0,11.0,998.52,0,0,4.989527298013561e-07,Low
Restaurant,Small,LOC0108,630,0,1,22,0.0,0.0,0.0,0.0,1.0,886.09,1.0,1.0,6.0,6552.39,6.0,5.0,886.09,0,0,4.98952729800867e-07,Low
Fashion,Small,LOC0039,880,1,1,12,0.0,0.0,0.0,0.0,2.0,2299.76,2.0,2.0,8.0,13860.79,8.0,7.0,1149.88,0,0,4.989527298008137e-07,Low
Education,Micro,LOC0075,1154,1,1,5,2.0,3977.08,2.0,2.0,8.0,11249.88,8.0,8.0,19.0,30297.23,19.0,16.0,1406.235,0,0,4.989527298008333e-07,Low
Pharmacy,Micro,LOC0067,1147,1,1,9,0.0,0.0,0.0,0.0,3.0,2214.59,3.0,3.0,9.0,6376.24,9.0,8.0,738.1966666666667,0,0,4.989527298008013e-07,Low
Transport,Medium,LOC0069,1129,0,1,29,0.0,0.0,0.0,0.0,1.0,380.27,1.0,1.0,3.0,1132.1,3.0,3.0,380.27,0,0,4.989527298008652e-07,Low
Transport,Micro,LOC0060,1766,1,1,2,1.0,226.21,1.0,1.0,3.0,3355.33,3.0,3.0,6.0,4898.13,6.0,6.0,1118.4433333333334,0,0,4.989527298008828e-07,Low
Grocery,Small,LOC0083,1601,1,1,9,0.0,0.0,0.0,0.0,2.0,902.91,2.0,2.0,3.0,1165.64,3.0,3.0,451.455,0,0,4.989527298008528e-07,Low
Restaurant,Small,LOC0070,2251,0,0,20,0.0,0.0,0.0,0.0,1.0,1107.99,1.0,1.0,6.0,7194.6900000000005,6.0,5.0,1107.99,0,0,4.98952729801147e-07,Low
Restaurant,Small,LOC0100,821,1,1,12,0.0,0.0,0.0,0.0,2.0,6741.299999999999,2.0,2.0,12.0,19172.11,12.0,12.0,3370.65,0,0,4.989527298008191e-07,Low
Pharmacy,Small,LOC0072,1686,1,1,88,0.0,0.0,0.0,0.0,0.0,0.0,0.0,0.0,1.0,3174.29,1.0,1.0,0.0,1,1,0.9999995010472946,Critical
Electronics,Medium,LOC0001,1046,1,1,65,0.0,0.0,0.0,0.0,0.0,0.0,0.0,0.0,3.0,5424.62,3.0,3.0,0.0,1,1,0.9999995010472946,Critical
General Retail,Micro,LOC0062,1763,1,0,4,1.0,1100.46,1.0,1.0,2.0,1372.34,2.0,2.0,4.0,6266.1900000000005,4.0,4.0,686.1700000000001,0,0,4.989527298009077e-07,Low
Transport,Micro,LOC0046,1857,1,1,1,2.0,2753.49,2.0,2.0,11.0,15532.44,11.0,11.0,26.0,46568.69,26.0,23.0,1412.04,0,0,4.989527298009077e-07,Low
Restaurant,Small,LOC0086,1541,1,1,1,1.0,202.01,1.0,1.0,6.0,16369.53,6.0,5.0,13.0,33204.67,13.0,12.0,2728.255,0,0,4.989527298008262e-07,Low
Transport,Small,LOC0005,671,0,1,5,1.0,610.03,1.0,1.0,3.0,1567.28,3.0,3.0,6.0,3606.75,6.0,6.0,522.4266666666666,0,0,4.989527298008191e-07,Low
Transport,Small,LOC0033,567,1,1,5,1.0,199.01,1.0,1.0,7.0,9055.74,7.0,7.0,15.0,23466.15,15.0,15.0,1293.6771428571428,0,0,4.989527298008368e-07,Low
Grocery,Micro,LOC0062,653,1,1,2,1.0,449.53,1.0,1.0,15.0,14595.74,15.0,11.0,30.0,41973.97,30.0,25.0,973.0493333333332,0,0,4.989527298008404e-07,Low
Fashion,Micro,LOC0015,2333,1,1,28,0.0,0.0,0.0,0.0,1.0,2800.91,1.0,1.0,4.0,7673.98,4.0,4.0,2800.91,0,0,4.989527298012516e-07,Low
Electronics,Micro,LOC0083,1562,1,1,18,0.0,0.0,0.0,0.0,1.0,61.88,1.0,1.0,3.0,1191.0700000000002,3.0,3.0,61.88,0,0,4.989527298008722e-07,Low
Restaurant,Small,LOC0058,1651,1,1,0,6.0,15492.22,6.0,2.0,24.0,36624.79,24.0,13.0,69.0,106324.12,69.0,42.0,1526.0329166666668,0,0,4.989527298008846e-07,Low
General Retail,Small,LOC0020,2187,0,1,0,3.0,2853.33,3.0,3.0,5.0,3874.48,5.0,5.0,11.0,13389.97,11.0,11.0,774.896,0,0,4.989527298010939e-07,Low
Fashion,Small,LOC0066,2471,1,1,8,0.0,0.0,0.0,0.0,1.0,1612.32,1.0,1.0,6.0,20424.23,6.0,6.0,1612.32,0,0,4.989527298017515e-07,Low
General Retail,Small,LOC0021,1002,1,1,25,0.0,0.0,0.0,0.0,1.0,1257.82,1.0,1.0,5.0,7024.58,5.0,5.0,1257.82,0,0,4.989527298008457e-07,Low
Fashion,Micro,LOC0058,1636,0,0,17,0.0,0.0,0.0,0.0,4.0,3798.07,4.0,4.0,17.0,20615.5,17.0,16.0,949.5175,0,0,4.989527298008368e-07,Low
Electronics,Medium,LOC0031,1596,1,0,0,7.0,28540.28,7.0,6.0,27.0,45786.81,27.0,19.0,102.0,138548.21,102.0,66.0,1695.8077777777778,0,0,4.989527298008846e-07,Low
Grocery,Micro,LOC0083,959,1,1,3,4.0,3963.51,4.0,4.0,6.0,4789.219999999999,6.0,6.0,18.0,17664.96,18.0,16.0,798.2033333333333,0,0,4.989527298008475e-07,Low
General Retail,Small,LOC0055,2216,1,1,6,1.0,1325.13,1.0,1.0,3.0,1875.8,3.0,3.0,6.0,6388.400000000001,6.0,6.0,625.2666666666668,0,0,4.989527298011381e-07,Low
General Retail,Large,LOC0104,2438,1,1,15,0.0,0.0,0.0,0.0,5.0,6682.26,5.0,4.0,14.0,16983.62,14.0,13.0,1336.452,0,0,4.989527298016168e-07,Low
Fashion,Small,LOC0109,1930,1,1,71,0.0,0.0,0.0,0.0,0.0,0.0,0.0,0.0,1.0,1551.79,1.0,1.0,0.0,1,1,0.9999995010472946,Critical
Restaurant,Small,LOC0032,1823,1,1,0,2.0,942.13,2.0,2.0,9.0,27425.39,9.0,9.0,23.0,69922.9,23.0,21.0,3047.265555555556,0,0,4.989527298009059e-07,Low
Transport,Micro,LOC0044,2020,0,1,0,14.0,24142.73,14.0,6.0,69.0,119682.75,68.0,28.0,166.0,302509.4,165.0,74.0,1734.5326086956522,0,0,4.989527298009715e-07,Low
Grocery,Medium,LOC0106,1876,1,0,58,0.0,0.0,0.0,0.0,0.0,0.0,0.0,0.0,1.0,96.72,1.0,1.0,0.0,1,1,0.9999995010472946,Critical
Restaurant,Small,LOC0074,1264,1,1,1,1.0,886.51,1.0,1.0,4.0,2169.91,4.0,4.0,10.0,3807.21,10.0,10.0,542.4775,0,0,4.989527298008049e-07,Low
Education,Small,LOC0051,1717,1,1,5,1.0,11847.31,1.0,1.0,4.0,13870.2,4.0,4.0,20.0,37046.99,20.0,15.0,3467.55,0,0,4.989527298008988e-07,Low
Pharmacy,Small,LOC0088,1111,1,1,12,0.0,0.0,0.0,0.0,3.0,12352.77,3.0,3.0,8.0,17543.499999999996,8.0,8.0,4117.589999999999,0,0,4.989527298008209e-07,Low
General Retail,Large,LOC0053,325,1,0,0,9.0,13836.27,9.0,6.0,25.0,34447.83,25.0,19.0,80.0,133827.63,80.0,53.0,1377.9132,0,0,4.989527298009112e-07,Low
General Retail,Micro,LOC0103,2241,1,0,7,0.0,0.0,0.0,0.0,7.0,6361.280000000001,7.0,6.0,23.0,24043.32,23.0,19.0,908.754285714286,0,0,4.989527298011399e-07,Low
Utility,Micro,LOC0066,1752,1,1,12,0.0,0.0,0.0,0.0,1.0,371.01,1.0,1.0,8.0,7293.099999999999,8.0,7.0,371.01,0,0,4.989527298009165e-07,Low
Education,Small,LOC0022,2104,1,1,0,2.0,1301.17,2.0,2.0,7.0,3913.75,7.0,7.0,14.0,12801.17,14.0,14.0,559.1071428571429,0,0,4.989527298009733e-07,Low
Education,Medium,LOC0071,1042,0,1,5,1.0,356.59,1.0,1.0,4.0,2731.3900000000003,4.0,4.0,15.0,10553.13,15.0,14.0,682.8475000000001,0,0,4.989527298008137e-07,Low
Restaurant,Small,LOC0034,2138,1,1,0,9.0,5871.4,9.0,4.0,28.0,24654.23,28.0,17.0,76.0,81492.67,76.0,51.0,880.5082142857143,0,0,4.989527298011044e-07,Low
Grocery,Medium,LOC0110,693,0,1,3,1.0,61.38,1.0,1.0,2.0,363.73,2.0,2.0,11.0,10755.49,11.0,11.0,181.865,0,0,4.989527298008439e-07,Low
Fashion,Small,LOC0117,641,1,1,0,2.0,1698.07,2.0,2.0,6.0,3491.25,6.0,6.0,18.0,17826.59,18.0,18.0,581.875,0,0,4.98952729800835e-07,Low
Transport,Micro,LOC0113,1989,1,1,10,0.0,0.0,0.0,0.0,9.0,10137.99,9.0,8.0,26.0,24050.94,26.0,22.0,1126.4433333333334,0,0,4.989527298009237e-07,Low
Grocery,Small,LOC0115,2318,1,1,28,0.0,0.0,0.0,0.0,1.0,270.83,1.0,1.0,2.0,1198.62,2.0,2.0,270.83,0,0,4.989527298012711e-07,Low
Transport,Micro,LOC0030,1894,1,1,3,2.0,3254.68,2.0,2.0,3.0,3670.6,3.0,3.0,11.0,16616.3,11.0,11.0,1223.5333333333333,0,0,4.989527298009095e-07,Low
Education,Micro,LOC0105,1903,0,1,0,9.0,9548.46,9.0,6.0,25.0,47803.08,25.0,18.0,70.0,134554.6,70.0,53.0,1912.1232,0,0,4.989527298009609e-07,Low
Grocery,Medium,LOC0042,2365,0,1,28,0.0,0.0,0.0,0.0,1.0,320.53,1.0,1.0,4.0,1233.3,4.0,4.0,320.53,0,0,4.989527298014111e-07,Low
General Retail,Micro,LOC0081,1378,1,1,53,0.0,0.0,0.0,0.0,0.0,0.0,0.0,0.0,1.0,378.78,1.0,1.0,0.0,1,1,0.9999995010472946,Critical
General Retail,Medium,LOC0001,2287,1,0,18,0.0,0.0,0.0,0.0,2.0,6146.879999999999,2.0,2.0,4.0,9230.21,4.0,4.0,3073.44,0,0,4.989527298011985e-07,Low
Fashion,Small,LOC0089,2230,1,1,4,2.0,3721.49,2.0,2.0,7.0,10002.59,7.0,7.0,11.0,23706.65,11.0,11.0,1428.9414285714286,0,0,4.989527298011559e-07,Low
Education,Micro,LOC0032,2461,0,0,5,1.0,1659.52,1.0,1.0,3.0,5398.45,3.0,3.0,12.0,14731.55,12.0,11.0,1799.4833333333331,0,0,4.989527298017639e-07,Low
Grocery,Large,LOC0075,1970,0,1,7,0.0,0.0,0.0,0.0,10.0,11870.64,10.0,7.0,22.0,42603.75,22.0,17.0,1187.064,0,0,4.989527298009095e-07,Low
Restaurant,Medium,LOC0078,1093,0,1,0,2.0,9095.86,2.0,2.0,11.0,33188.77,11.0,11.0,22.0,43613.98,22.0,22.0,3017.1609090909087,0,0,4.989527298008935e-07,Low
Pharmacy,Small,LOC0087,1615,1,1,10,0.0,0.0,0.0,0.0,2.0,2106.07,2.0,2.0,7.0,6011.120000000001,7.0,7.0,1053.035,0,0,4.989527298008262e-07,Low
Grocery,Small,LOC0049,1766,1,1,3,2.0,853.47,2.0,2.0,8.0,8367.960000000001,8.0,7.0,28.0,37454.16,28.0,26.0,1045.995,0,0,4.989527298008917e-07,Low
Restaurant,Micro,LOC0097,2189,1,1,12,0.0,0.0,0.0,0.0,3.0,4530.24,3.0,3.0,7.0,7026.91,7.0,7.0,1510.08,0,0,4.989527298011098e-07,Low
Restaurant,Small,LOC0064,1549,1,1,19,0.0,0.0,0.0,0.0,1.0,13371.74,1.0,1.0,3.0,20405.64,3.0,3.0,13371.74,0,0,4.989527298008581e-07,Low
Restaurant,Medium,LOC0093,554,1,1,18,0.0,0.0,0.0,0.0,1.0,121.03,1.0,1.0,9.0,15272.8,9.0,9.0,121.03,0,0,4.989527298008652e-07,Low
Utility,Medium,LOC0090,1369,1,1,3,2.0,2539.38,2.0,2.0,4.0,5339.51,4.0,3.0,15.0,14447.73,15.0,14.0,1334.8775,0,0,4.989527298008013e-07,Low
General Retail,Micro,LOC0115,1647,1,1,0,5.0,7976.35,5.0,4.0,19.0,32899.64,19.0,15.0,73.0,83739.3,73.0,52.0,1731.56,0,0,4.989527298008828e-07,Low
Restaurant,Micro,LOC0017,1337,1,1,0,9.0,16070.73,9.0,5.0,40.0,58302.86,40.0,24.0,114.0,159035.69,114.0,64.0,1457.5715,0,0,4.989527298008793e-07,Low
Grocery,Micro,LOC0014,1065,0,1,0,1.0,9036.5,1.0,1.0,7.0,19215.79,7.0,6.0,18.0,26651.27,18.0,17.0,2745.112857142857,0,0,4.989527298008935e-07,Low
Pharmacy,Micro,LOC0057,858,1,1,0,2.0,1925.02,2.0,2.0,5.0,6228.639999999999,5.0,5.0,11.0,17273.16,11.0,11.0,1245.7279999999998,0,0,4.989527298008102e-07,Low
Grocery,Small,LOC0007,1194,1,0,27,0.0,0.0,0.0,0.0,1.0,673.57,1.0,1.0,5.0,6434.99,5.0,5.0,673.57,0,0,4.989527298008262e-07,Low
General Retail,Small,LOC0109,1236,0,0,1,1.0,1126.21,1.0,1.0,2.0,2083.28,2.0,2.0,11.0,12954.14,11.0,11.0,1041.64,0,0,4.989527298008049e-07,Low
Transport,Micro,LOC0111,1733,0,1,4,1.0,3486.58,1.0,1.0,1.0,3486.58,1.0,1.0,2.0,8503.16,2.0,2.0,3486.58,0,0,4.989527298009077e-07,Low
Restaurant,Small,LOC0087,1394,0,1,1,5.0,7337.219999999999,5.0,3.0,11.0,18799.83,11.0,8.0,39.0,61176.08,39.0,35.0,1709.0754545454547,0,0,4.989527298008616e-07,Low
General Retail,Small,LOC0029,1687,1,1,0,4.0,9491.36,4.0,4.0,13.0,20075.58,13.0,11.0,52.0,66439.25,52.0,42.0,1544.2753846153848,0,0,4.989527298008882e-07,Low
Grocery,Micro,LOC0046,1421,1,1,1,2.0,1340.5,2.0,2.0,4.0,6709.83,4.0,4.0,14.0,40956.34,14.0,14.0,1677.4575,0,0,4.989527298008066e-07,Low
General Retail,Small,LOC0044,1442,1,1,11,0.0,0.0,0.0,0.0,2.0,4193.43,2.0,2.0,9.0,21026.27,9.0,9.0,2096.715,0,0,4.989527298008155e-07,Low
General Retail,Medium,LOC0113,2268,1,1,3,2.0,1146.24,2.0,1.0,8.0,9130.83,8.0,7.0,19.0,16354.11,19.0,16.0,1141.35375,0,0,4.989527298011506e-07,Low
Education,Small,LOC0055,1777,1,1,13,0.0,0.0,0.0,0.0,4.0,21998.52,4.0,4.0,8.0,25658.08,8.0,8.0,5499.63,0,0,4.989527298008882e-07,Low
Grocery,Micro,LOC0095,1833,1,1,2,1.0,2580.33,1.0,1.0,1.0,2580.33,1.0,1.0,5.0,6462.18,5.0,5.0,2580.33,0,0,4.989527298008953e-07,Low
Education,Small,LOC0065,2188,1,0,9,0.0,0.0,0.0,0.0,2.0,658.6800000000001,2.0,2.0,4.0,2667.05,4.0,4.0,329.34000000000003,0,0,4.989527298011399e-07,Low
General Retail,Micro,LOC0101,2352,1,1,1,2.0,1863.45,2.0,2.0,13.0,14121.5,13.0,9.0,26.0,22396.6,26.0,19.0,1086.2692307692307,0,0,4.989527298012995e-07,Low
Utility,Small,LOC0007,1846,1,0,2,1.0,7092.54,1.0,1.0,1.0,7092.54,1.0,1.0,4.0,17157.489999999998,4.0,4.0,7092.54,0,0,4.989527298009698e-07,Low
Pharmacy,Micro,LOC0064,2293,0,1,0,1.0,3841.17,1.0,1.0,1.0,3841.17,1.0,1.0,3.0,4842.8,3.0,3.0,3841.17,0,0,4.98952729801202e-07,Low
Transport,Micro,LOC0068,2039,0,1,14,0.0,0.0,0.0,0.0,1.0,2096.1,1.0,1.0,3.0,3590.85,3.0,3.0,2096.1,0,0,4.989527298009645e-07,Low
Restaurant,Micro,LOC0036,2374,1,1,5,3.0,2633.69,3.0,2.0,12.0,35118.07,12.0,10.0,26.0,76335.36,26.0,22.0,2926.505833333333,0,0,4.989527298013828e-07,Low
General Retail,Medium,LOC0081,584,1,0,0,5.0,5868.18,5.0,5.0,26.0,33034.38,26.0,21.0,81.0,109433.55,81.0,60.0,1270.5530769230768,0,0,4.989527298009006e-07,Low
Grocery,Small,LOC0066,1394,1,1,38,0.0,0.0,0.0,0.0,0.0,0.0,0.0,0.0,7.0,51291.05,7.0,5.0,0.0,1,1,0.9999995010472946,Critical
Utility,Micro,LOC0032,2342,1,1,7,0.0,0.0,0.0,0.0,4.0,21161.2,4.0,4.0,8.0,22554.04,8.0,8.0,5290.299999999999,0,0,4.989527298012569e-07,Low
General Retail,Medium,LOC0060,979,1,1,2,2.0,699.69,2.0,1.0,3.0,1042.7,3.0,2.0,7.0,5457.860000000001,7.0,6.0,347.56666666666666,0,0,4.989527298008244e-07,Low
Grocery,Small,LOC0065,581,1,1,4,2.0,661.75,2.0,2.0,3.0,10206.4,3.0,3.0,15.0,32701.52,15.0,14.0,3402.133333333333,0,0,4.98952729800835e-07,Low
Pharmacy,Small,LOC0051,1812,1,0,0,3.0,5801.26,3.0,3.0,6.0,8012.89,6.0,6.0,19.0,26561.56,19.0,18.0,1335.4816666666668,0,0,4.989527298009396e-07,Low
Transport,Micro,LOC0098,954,1,1,2,3.0,2006.81,3.0,2.0,13.0,22614.4,13.0,11.0,22.0,38614.54,22.0,20.0,1739.569230769231,0,0,4.989527298008244e-07,Low
Pharmacy,Small,LOC0008,1106,1,1,7,0.0,0.0,0.0,0.0,4.0,4672.98,4.0,3.0,8.0,7368.79,8.0,7.0,1168.245,0,0,4.989527298008137e-07,Low
Utility,Small,LOC0102,354,1,1,80,0.0,0.0,0.0,0.0,0.0,0.0,0.0,0.0,2.0,2202.86,2.0,2.0,0.0,1,1,0.9999995010472946,Critical
General Retail,Small,LOC0056,1544,0,1,6,1.0,1775.04,1.0,1.0,2.0,2002.11,2.0,2.0,3.0,5454.16,3.0,3.0,1001.055,0,0,4.989527298008279e-07,Low
Transport,Micro,LOC0012,914,1,1,58,0.0,0.0,0.0,0.0,0.0,0.0,0.0,0.0,2.0,1336.3,2.0,2.0,0.0,1,1,0.9999995010472946,Critical
Fashion,Small,LOC0075,2403,1,1,0,9.0,17262.13,9.0,6.0,31.0,54341.48,31.0,22.0,79.0,126912.57,79.0,54.0,1752.9509677419355,0,0,4.989527298015104e-07,Low
Grocery,Medium,LOC0020,1249,0,1,2,1.0,272.58,1.0,1.0,4.0,4844.21,4.0,3.0,14.0,22992.55,14.0,13.0,1211.0525,0,0,4.989527298008066e-07,Low
Transport,Small,LOC0088,1888,1,0,7,0.0,0.0,0.0,0.0,4.0,2589.9700000000003,4.0,4.0,8.0,6431.84,8.0,8.0,647.4925000000001,0,0,4.989527298009041e-07,Low
Pharmacy,Small,LOC0059,857,0,0,0,7.0,18655.98,7.0,4.0,39.0,84294.15,39.0,22.0,115.0,207862.79,115.0,62.0,2161.3884615384613,0,0,4.989527298008935e-07,Low
Transport,Micro,LOC0066,1378,1,1,17,0.0,0.0,0.0,0.0,1.0,611.71,1.0,1.0,2.0,936.55,2.0,2.0,611.71,0,0,4.989527298008492e-07,Low
Transport,Micro,LOC0023,833,0,1,16,0.0,0.0,0.0,0.0,1.0,3052.3,1.0,1.0,6.0,18697.29,6.0,6.0,3052.3,0,0,4.989527298008137e-07,Low
Education,Medium,LOC0067,440,0,1,5,2.0,3275.01,2.0,1.0,8.0,10590.95,8.0,6.0,21.0,34664.44,21.0,18.0,1323.86875,0,0,4.989527298008704e-07,Low
Pharmacy,Micro,LOC0078,581,1,1,19,0.0,0.0,0.0,0.0,1.0,250.8,1.0,1.0,2.0,1429.02,2.0,2.0,250.8,0,0,4.989527298008758e-07,Low
Healthcare,Micro,LOC0117,1318,0,0,9,0.0,0.0,0.0,0.0,2.0,4375.74,2.0,2.0,6.0,9799.6,6.0,6.0,2187.87,0,0,4.989527298008155e-07,Low
Grocery,Medium,LOC0081,518,1,1,0,1.0,515.98,1.0,1.0,6.0,11292.92,6.0,6.0,34.0,37973.2,34.0,27.0,1882.1533333333332,0,0,4.989527298008404e-07,Low
Education,Medium,LOC0007,2257,1,1,20,0.0,0.0,0.0,0.0,1.0,600.07,1.0,1.0,4.0,4281.87,4.0,4.0,600.07,0,0,4.989527298012002e-07,Low
Grocery,Micro,LOC0032,2414,1,1,185,0.0,0.0,0.0,0.0,0.0,0.0,0.0,0.0,0.0,0.0,0.0,0.0,0.0,1,1,0.9999995010472946,Critical
Utility,Micro,LOC0105,1499,1,1,3,1.0,864.17,1.0,1.0,4.0,4355.089999999999,4.0,4.0,11.0,8339.98,11.0,11.0,1088.7724999999998,0,0,4.989527298008137e-07,Low
General Retail,Micro,LOC0075,1360,1,1,9,0.0,0.0,0.0,0.0,2.0,3664.63,2.0,2.0,8.0,9702.92,8.0,8.0,1832.315,0,0,4.98952729800812e-07,Low
Electronics,Medium,LOC0111,1774,1,0,21,0.0,0.0,0.0,0.0,2.0,1257.47,2.0,2.0,11.0,34342.67,11.0,11.0,628.735,0,0,4.989527298008953e-07,Low
General Retail,Medium,LOC0048,1728,1,1,28,0.0,0.0,0.0,0.0,1.0,1181.04,1.0,1.0,7.0,6455.73,7.0,7.0,1181.04,0,0,4.989527298008846e-07,Low
Pharmacy,Large,LOC0100,1066,1,1,0,12.0,53695.65,12.0,6.0,51.0,118144.14,50.0,26.0,148.0,283642.83,147.0,74.0,2316.5517647058823,0,0,4.989527298008953e-07,Low
Healthcare,Small,LOC0044,653,1,1,41,0.0,0.0,0.0,0.0,0.0,0.0,0.0,0.0,2.0,4912.0,2.0,2.0,0.0,1,1,0.9999995010472946,Critical
Transport,Micro,LOC0071,322,1,1,3,1.0,780.39,1.0,1.0,4.0,13167.06,4.0,4.0,9.0,22584.92,9.0,9.0,3291.7650000000003,0,0,4.98952729800835e-07,Low
Restaurant,Micro,LOC0112,1713,1,0,2,2.0,946.06,2.0,2.0,6.0,3285.3,6.0,6.0,14.0,10351.72,14.0,14.0,547.55,0,0,4.989527298008262e-07,Low
Restaurant,Medium,LOC0075,713,1,0,1,1.0,705.09,1.0,1.0,8.0,20910.7,8.0,8.0,15.0,28029.82,15.0,14.0,2613.8375,0,0,4.989527298008173e-07,Low
General Retail,Micro,LOC0120,1949,1,1,20,0.0,0.0,0.0,0.0,3.0,4698.25,3.0,2.0,9.0,16017.87,9.0,8.0,1566.0833333333333,0,0,4.989527298009006e-07,Low
General Retail,Medium,LOC0022,487,1,1,2,1.0,2426.7,1.0,1.0,1.0,2426.7,1.0,1.0,8.0,13354.53,8.0,8.0,2426.7,0,0,4.989527298008297e-07,Low
Pharmacy,Medium,LOC0051,1269,1,1,0,2.0,1749.33,2.0,2.0,16.0,25409.17,16.0,14.0,40.0,55779.14,40.0,33.0,1588.073125,0,0,4.989527298008173e-07,Low
Restaurant,Small,LOC0054,2453,0,1,25,0.0,0.0,0.0,0.0,2.0,1722.76,2.0,2.0,4.0,2495.9,4.0,4.0,861.38,0,0,4.989527298016752e-07,Low
Grocery,Small,LOC0114,1177,1,1,58,0.0,0.0,0.0,0.0,0.0,0.0,0.0,0.0,2.0,413.34,2.0,2.0,0.0,1,1,0.9999995010472946,Critical
Restaurant,Small,LOC0118,1153,1,1,12,0.0,0.0,0.0,0.0,2.0,4723.46,2.0,2.0,9.0,23507.85,9.0,9.0,2361.73,0,0,4.989527298008066e-07,Low
General Retail,Small,LOC0089,1414,1,1,2,1.0,5566.54,1.0,1.0,17.0,26785.18,17.0,14.0,49.0,75049.47,49.0,39.0,1575.5988235294117,0,0,4.989527298008616e-07,Low
Healthcare,Micro,LOC0116,2035,1,1,15,0.0,0.0,0.0,0.0,2.0,2306.0,2.0,2.0,12.0,18104.12,12.0,11.0,1153.0,0,0,4.989527298009414e-07,Low
Restaurant,Small,LOC0099,546,1,1,7,0.0,0.0,0.0,0.0,5.0,8408.91,5.0,3.0,11.0,10599.82,11.0,9.0,1681.782,0,0,4.989527298008368e-07,Low
Grocery,Micro,LOC0116,881,1,0,6,1.0,3338.26,1.0,1.0,1.0,3338.26,1.0,1.0,4.0,9918.490000000002,4.0,4.0,3338.26,0,0,4.989527298008616e-07,Low
Fashion,Small,LOC0101,1563,1,1,6,1.0,2194.12,1.0,1.0,7.0,16661.34,7.0,7.0,10.0,17571.66,10.0,9.0,2380.191428571429,0,0,4.989527298008226e-07,Low
Pharmacy,Micro,LOC0072,2464,1,1,10,0.0,0.0,0.0,0.0,3.0,2100.85,3.0,3.0,10.0,7631.269999999999,10.0,9.0,700.2833333333333,0,0,4.989527298017444e-07,Low
Restaurant,Medium,LOC0097,2152,1,1,8,0.0,0.0,0.0,0.0,3.0,3795.2,3.0,3.0,3.0,3795.2,3.0,3.0,1265.0666666666666,0,0,4.989527298010637e-07,Low
Education,Micro,LOC0107,2311,0,1,4,1.0,133.16,1.0,1.0,5.0,7242.160000000001,5.0,4.0,10.0,13175.03,10.0,9.0,1448.4320000000002,0,0,4.989527298011967e-07,Low
Restaurant,Small,LOC0036,736,1,1,7,0.0,0.0,0.0,0.0,3.0,1013.71,3.0,3.0,15.0,21567.83,15.0,12.0,337.90333333333336,0,0,4.989527298008315e-07,Low
Restaurant,Small,LOC0098,668,1,0,5,1.0,1250.36,1.0,1.0,3.0,3258.66,3.0,3.0,8.0,9228.8,8.0,8.0,1086.22,0,0,4.98952729800812e-07,Low
Restaurant,Small,LOC0110,637,1,1,1,1.0,517.47,1.0,1.0,2.0,1700.02,2.0,2.0,6.0,5792.87,6.0,6.0,850.01,0,0,4.989527298008368e-07,Low
General Retail,Medium,LOC0104,310,0,0,19,0.0,0.0,0.0,0.0,1.0,546.24,1.0,1.0,4.0,3535.27,4.0,4.0,546.24,0,0,4.989527298008953e-07,Low
Fashion,Micro,LOC0080,1091,1,1,0,2.0,966.19,2.0,2.0,8.0,6242.92,8.0,8.0,19.0,18693.08,19.0,17.0,780.365,0,0,4.989527298008173e-07,Low
Fashion,Small,LOC0020,2280,1,1,58,0.0,0.0,0.0,0.0,0.0,0.0,0.0,0.0,2.0,7388.99,2.0,2.0,0.0,1,1,0.9999995010472946,Critical
Grocery,Small,LOC0059,1650,1,1,15,0.0,0.0,0.0,0.0,1.0,789.27,1.0,1.0,6.0,5927.04,6.0,5.0,789.27,0,0,4.989527298008404e-07,Low
General Retail,Small,LOC0092,1917,1,1,0,16.0,18657.04,16.0,7.0,57.0,76738.64,57.0,26.0,171.0,300720.38,171.0,79.0,1346.2919298245613,0,0,4.989527298009645e-07,Low
General Retail,Small,LOC0117,367,1,0,6,1.0,1846.96,1.0,1.0,3.0,4891.6900000000005,3.0,3.0,8.0,24325.14,8.0,8.0,1630.5633333333335,0,0,4.989527298008297e-07,Low
Electronics,Small,LOC0033,1574,1,1,2,1.0,3979.83,1.0,1.0,6.0,9878.52,6.0,5.0,21.0,20811.28,21.0,20.0,1646.42,0,0,4.989527298008528e-07,Low
Electronics,Small,LOC0083,657,1,1,5,1.0,2887.5,1.0,1.0,5.0,12400.05,5.0,4.0,12.0,24034.18,12.0,10.0,2480.01,0,0,4.989527298008173e-07,Low
General Retail,Micro,LOC0029,312,1,1,48,0.0,0.0,0.0,0.0,0.0,0.0,0.0,0.0,8.0,25743.870000000003,8.0,7.0,0.0,1,1,0.9999995010472946,Critical
Restaurant,Micro,LOC0022,501,1,1,0,2.0,10105.99,2.0,2.0,6.0,25236.7,6.0,6.0,11.0,36173.96,11.0,10.0,4206.116666666667,0,0,4.989527298009041e-07,Low
Restaurant,Medium,LOC0032,1470,1,1,26,0.0,0.0,0.0,0.0,2.0,1073.84,2.0,2.0,9.0,10598.09,9.0,9.0,536.92,0,0,4.989527298008297e-07,Low
Education,Small,LOC0012,321,0,1,16,0.0,0.0,0.0,0.0,1.0,1992.58,1.0,1.0,4.0,5043.27,4.0,4.0,1992.58,0,0,4.989527298008546e-07,Low
Fashion,Medium,LOC0098,1551,0,1,0,1.0,4142.84,1.0,1.0,3.0,12404.5,3.0,3.0,7.0,31131.5,7.0,7.0,4134.833333333333,0,0,4.989527298008404e-07,Low
Fashion,Small,LOC0047,1945,1,1,0,8.0,9827.13,8.0,4.0,19.0,27612.52,19.0,12.0,64.0,111516.32,64.0,44.0,1453.2905263157895,0,0,4.989527298009538e-07,Low
Electronics,Micro,LOC0047,1949,0,1,0,3.0,3625.94,3.0,3.0,8.0,11766.23,8.0,7.0,28.0,36904.91,28.0,24.0,1470.77875,0,0,4.989527298009237e-07,Low
General Retail,Small,LOC0066,2337,1,1,7,0.0,0.0,0.0,0.0,1.0,2752.82,1.0,1.0,11.0,13994.27,11.0,11.0,2752.82,0,0,4.989527298012303e-07,Low
Transport,Small,LOC0059,650,1,0,2,1.0,2499.76,1.0,1.0,6.0,13163.9,6.0,6.0,17.0,22907.57,17.0,16.0,2193.9833333333336,0,0,4.989527298008404e-07,Low
Grocery,Large,LOC0030,597,0,1,3,1.0,983.16,1.0,1.0,2.0,7614.349999999999,2.0,2.0,4.0,9226.01,4.0,4.0,3807.175,0,0,4.989527298008546e-07,Low
General Retail,Small,LOC0014,2297,1,1,37,0.0,0.0,0.0,0.0,0.0,0.0,0.0,0.0,2.0,3788.36,2.0,2.0,0.0,1,1,0.9999995010472946,Critical
General Retail,Small,LOC0068,697,1,1,24,0.0,0.0,0.0,0.0,2.0,1914.05,2.0,2.0,9.0,5201.83,9.0,9.0,957.025,0,0,4.989527298008439e-07,Low
Restaurant,Micro,LOC0039,2042,1,1,3,1.0,1307.07,1.0,1.0,7.0,5062.639999999999,7.0,7.0,10.0,11213.35,10.0,10.0,723.2342857142856,0,0,4.989527298009378e-07,Low
Education,Medium,LOC0023,630,1,1,2,2.0,1614.75,2.0,2.0,11.0,14166.13,11.0,10.0,25.0,25411.64,25.0,23.0,1287.83,0,0,4.989527298008404e-07,Low
Grocery,Small,LOC0077,2407,1,0,3,2.0,6437.12,2.0,2.0,10.0,17216.88,10.0,8.0,26.0,56533.97,26.0,21.0,1721.688,0,0,4.989527298015015e-07,Low
Restaurant,Micro,LOC0015,524,1,1,33,0.0,0.0,0.0,0.0,0.0,0.0,0.0,0.0,6.0,2752.9700000000003,6.0,6.0,0.0,1,1,0.9999995010472946,Critical
Utility,Small,LOC0120,843,1,1,6,1.0,465.74,1.0,1.0,4.0,14540.64,4.0,4.0,8.0,17258.99,8.0,8.0,3635.16,0,0,4.989527298008173e-07,Low
Transport,Micro,LOC0076,1671,1,1,0,3.0,5407.95,3.0,3.0,10.0,18965.18,10.0,9.0,26.0,30726.55,26.0,22.0,1896.518,0,0,4.989527298008864e-07,Low
Restaurant,Micro,LOC0029,1505,1,0,9,0.0,0.0,0.0,0.0,4.0,9001.41,4.0,4.0,15.0,24332.5,15.0,13.0,2250.3525,0,0,4.989527298008226e-07,Low
Restaurant,Micro,LOC0113,1491,1,1,5,1.0,107.58,1.0,1.0,3.0,1528.51,3.0,3.0,17.0,95110.84,17.0,17.0,509.5033333333333,0,0,4.989527298008315e-07,Low
General Retail,Small,LOC0071,1033,0,1,1,1.0,2210.15,1.0,1.0,2.0,2328.19,2.0,2.0,5.0,11060.85,5.0,5.0,1164.095,0,0,4.989527298008137e-07,Low
General Retail,Micro,LOC0111,1316,1,1,9,0.0,0.0,0.0,0.0,6.0,5274.25,6.0,5.0,13.0,16791.77,13.0,12.0,879.0416666666666,0,0,4.989527298008155e-07,Low
General Retail,Micro,LOC0002,1268,1,1,1,2.0,12029.57,2.0,2.0,2.0,12029.57,2.0,2.0,5.0,13287.49,5.0,5.0,6014.785,0,0,4.989527298008599e-07,Low
Pharmacy,Micro,LOC0042,2161,0,1,0,2.0,630.3900000000001,2.0,2.0,7.0,4261.48,7.0,6.0,15.0,15833.19,15.0,14.0,608.7828571428571,0,0,4.989527298010407e-07,Low
Grocery,Micro,LOC0087,1461,1,1,1,1.0,510.71,1.0,1.0,14.0,27757.51,14.0,9.0,38.0,54350.03,38.0,29.0,1982.6792857142857,0,0,4.989527298008262e-07,Low
Grocery,Small,LOC0097,1121,1,1,3,2.0,3199.8900000000003,2.0,1.0,11.0,25857.82,11.0,9.0,48.0,84630.09,48.0,38.0,2350.710909090909,0,0,4.989527298008457e-07,Low
Transport,Small,LOC0069,1674,1,1,0,2.0,7336.809999999999,2.0,2.0,10.0,13156.53,10.0,9.0,31.0,40247.98,31.0,28.0,1315.653,0,0,4.989527298008864e-07,Low
Pharmacy,Micro,LOC0082,337,1,1,17,0.0,0.0,0.0,0.0,1.0,918.28,1.0,1.0,4.0,4300.12,4.0,4.0,918.28,0,0,4.98952729800874e-07,Low
Education,Large,LOC0017,2335,1,1,3,2.0,4855.469999999999,2.0,1.0,5.0,6807.27,5.0,4.0,11.0,29200.57,11.0,10.0,1361.454,0,0,4.98952729801264e-07,Low
Grocery,Medium,LOC0071,1773,0,1,2,5.0,6195.41,5.0,4.0,12.0,13986.52,12.0,10.0,28.0,34725.8,28.0,25.0,1165.5433333333333,0,0,4.989527298009396e-07,Low
General Retail,Small,LOC0066,873,1,0,2,1.0,980.13,1.0,1.0,7.0,5888.98,7.0,6.0,21.0,33849.53,21.0,16.0,841.2828571428571,0,0,4.989527298008173e-07,Low
Fashion,Small,LOC0068,872,1,1,3,2.0,2447.87,2.0,1.0,11.0,10278.47,11.0,8.0,38.0,71362.75,38.0,32.0,934.4063636363636,0,0,4.989527298008226e-07,Low
Grocery,Large,LOC0009,745,1,1,9,0.0,0.0,0.0,0.0,1.0,242.19,1.0,1.0,9.0,11896.6,9.0,8.0,242.19,0,0,4.989527298008457e-07,Low
Grocery,Micro,LOC0026,1153,1,0,1,4.0,1792.52,4.0,2.0,20.0,42640.49,20.0,16.0,45.0,96626.42,45.0,36.0,2132.0245,0,0,4.989527298008155e-07,Low
Grocery,Medium,LOC0091,1205,0,1,6,1.0,1738.35,1.0,1.0,1.0,1738.35,1.0,1.0,2.0,4085.27,2.0,2.0,1738.35,0,0,4.989527298008226e-07,Low
Grocery,Micro,LOC0094,931,1,1,0,1.0,769.22,1.0,1.0,1.0,769.22,1.0,1.0,3.0,2612.45,3.0,3.0,769.22,0,0,4.98952729800835e-07,Low
General Retail,Small,LOC0022,296,1,1,17,0.0,0.0,0.0,0.0,1.0,491.4,1.0,1.0,4.0,15153.71,4.0,4.0,491.4,0,0,4.989527298008953e-07,Low
Transport,Small,LOC0032,1248,1,0,3,2.0,538.54,2.0,1.0,8.0,3590.21,8.0,7.0,17.0,11548.19,17.0,15.0,448.77625,0,0,4.989527298008102e-07,Low
Utility,Medium,LOC0058,1307,1,1,7,0.0,0.0,0.0,0.0,2.0,2126.59,2.0,2.0,2.0,2126.59,2.0,2.0,1063.295,0,0,4.989527298008262e-07,Low
General Retail,Small,LOC0082,1053,0,1,24,0.0,0.0,0.0,0.0,2.0,1754.92,2.0,2.0,6.0,8222.05,6.0,6.0,877.46,0,0,4.989527298008457e-07,Low
General Retail,Micro,LOC0020,2457,0,1,5,1.0,211.95,1.0,1.0,3.0,4009.03,3.0,3.0,5.0,8595.17,5.0,5.0,1336.3433333333337,0,0,4.989527298017533e-07,Low
Restaurant,Medium,LOC0104,1626,0,1,3,2.0,1622.5,2.0,2.0,8.0,4236.93,8.0,6.0,21.0,16641.03,21.0,16.0,529.61625,0,0,4.989527298008297e-07,Low
Pharmacy,Small,LOC0115,2381,1,1,13,0.0,0.0,0.0,0.0,3.0,5612.02,3.0,3.0,13.0,25437.88,13.0,13.0,1870.6733333333332,0,0,4.989527298013561e-07,Low
Restaurant,Small,LOC0007,517,1,0,0,8.0,11513.13,8.0,4.0,19.0,26918.82,19.0,14.0,44.0,64282.64,44.0,35.0,1416.78,0,0,4.989527298009095e-07,Low
General Retail,Micro,LOC0097,1783,1,0,0,3.0,4184.66,3.0,3.0,7.0,9686.59,7.0,7.0,17.0,17839.899999999998,17.0,15.0,1383.7985714285714,0,0,4.989527298009095e-07,Low
General Retail,Micro,LOC0045,1848,1,1,0,2.0,3623.81,2.0,2.0,5.0,4974.16,5.0,5.0,10.0,14376.26,10.0,10.0,994.832,0,0,4.98952729800913e-07,Low
Pharmacy,Micro,LOC0115,1983,0,1,24,0.0,0.0,0.0,0.0,1.0,2754.84,1.0,1.0,5.0,4818.93,5.0,5.0,2754.84,0,0,4.989527298009219e-07,Low
Restaurant,Small,LOC0053,1376,1,1,4,1.0,889.12,1.0,1.0,5.0,7573.769999999999,5.0,4.0,9.0,9937.56,9.0,7.0,1514.754,0,0,4.989527298008066e-07,Low
General Retail,Small,LOC0056,2425,1,1,0,5.0,3321.57,5.0,4.0,22.0,30270.28,22.0,15.0,53.0,91416.91,53.0,38.0,1375.921818181818,0,0,4.989527298015282e-07,Low
Electronics,Micro,LOC0009,325,0,0,39,0.0,0.0,0.0,0.0,0.0,0.0,0.0,0.0,1.0,8387.46,1.0,1.0,0.0,1,1,0.9999995010472946,Critical
Restaurant,Small,LOC0034,1757,1,1,108,0.0,0.0,0.0,0.0,0.0,0.0,0.0,0.0,0.0,0.0,0.0,0.0,0.0,1,1,0.9999995010472946,Critical
Fashion,Micro,LOC0089,1457,0,1,16,0.0,0.0,0.0,0.0,3.0,8935.66,3.0,3.0,6.0,15647.06,6.0,6.0,2978.5533333333333,0,0,4.989527298008226e-07,Low
Pharmacy,Micro,LOC0034,1871,1,1,59,0.0,0.0,0.0,0.0,0.0,0.0,0.0,0.0,1.0,444.86,1.0,1.0,0.0,1,1,0.9999995010472946,Critical
General Retail,Micro,LOC0059,1777,1,1,38,0.0,0.0,0.0,0.0,0.0,0.0,0.0,0.0,7.0,6208.4800000000005,7.0,6.0,0.0,1,1,0.9999995010472946,Critical
Fashion,Micro,LOC0001,332,1,1,6,1.0,1333.0,1.0,1.0,2.0,1476.18,2.0,2.0,3.0,2071.77,3.0,3.0,738.09,0,0,4.989527298008475e-07,Low
Grocery,Micro,LOC0011,1800,1,1,23,0.0,0.0,0.0,0.0,1.0,213.1,1.0,1.0,4.0,1955.36,4.0,4.0,213.1,0,0,4.989527298009432e-07,Low
General Retail,Small,LOC0082,2407,1,1,20,0.0,0.0,0.0,0.0,1.0,142.59,1.0,1.0,4.0,2777.28,4.0,4.0,142.59,0,0,4.989527298014856e-07,Low
Fashion,Micro,LOC0116,1732,0,0,9,0.0,0.0,0.0,0.0,4.0,2486.09,4.0,4.0,9.0,5491.57,9.0,9.0,621.5225,0,0,4.989527298008828e-07,Low
Grocery,Micro,LOC0018,777,0,1,10,0.0,0.0,0.0,0.0,3.0,2455.84,3.0,3.0,9.0,13611.58,9.0,9.0,818.6133333333333,0,0,4.989527298008173e-07,Low
Grocery,Large,LOC0109,1878,1,1,1,2.0,2804.36,2.0,2.0,9.0,6029.4400000000005,9.0,9.0,24.0,38913.38,24.0,20.0,669.9377777777778,0,0,4.989527298009059e-07,Low
Transport,Small,LOC0081,380,1,1,4,1.0,3741.3,1.0,1.0,8.0,10168.54,8.0,8.0,23.0,35788.39,23.0,21.0,1271.0675,0,0,4.989527298008722e-07,Low
General Retail,Small,LOC0099,826,1,0,1,3.0,7076.03,3.0,3.0,15.0,41507.84,15.0,12.0,37.0,63993.04,37.0,31.0,2767.1893333333337,0,0,4.989527298008917e-07,Low
Transport,Micro,LOC0078,753,1,1,5,2.0,5203.620000000001,2.0,2.0,6.0,11403.27,6.0,6.0,17.0,26649.49,17.0,17.0,1900.545,0,0,4.98952729800867e-07,Low
Transport,Micro,LOC0038,2371,1,1,0,2.0,6145.41,2.0,2.0,3.0,6636.18,3.0,3.0,15.0,16476.48,15.0,14.0,2212.06,0,0,4.989527298014253e-07,Low
Restaurant,Micro,LOC0104,1545,1,1,3,1.0,473.31,1.0,1.0,2.0,1012.17,2.0,2.0,9.0,11636.65,9.0,8.0,506.085,0,0,4.989527298008315e-07,Low
Transport,Micro,LOC0018,2462,1,1,22,0.0,0.0,0.0,0.0,1.0,360.04,1.0,1.0,4.0,6410.28,4.0,4.0,360.04,0,0,4.989527298018188e-07,Low
Transport,Small,LOC0118,1325,1,1,4,2.0,1156.85,2.0,2.0,3.0,1668.8200000000002,3.0,3.0,12.0,17277.32,12.0,11.0,556.2733333333334,0,0,4.989527298008209e-07,Low
Restaurant,Micro,LOC0010,2388,1,1,13,0.0,0.0,0.0,0.0,3.0,3758.61,3.0,3.0,9.0,16114.98,9.0,9.0,1252.87,0,0,4.989527298013561e-07,Low
Education,Micro,LOC0089,418,1,1,1,1.0,3366.93,1.0,1.0,3.0,6918.13,3.0,3.0,13.0,30904.26,13.0,13.0,2306.043333333333,0,0,4.989527298008652e-07,Low
Restaurant,Small,LOC0017,1715,1,1,5,1.0,2804.15,1.0,1.0,3.0,5735.46,3.0,3.0,17.0,32617.69,17.0,17.0,1911.82,0,0,4.989527298008439e-07,Low
Pharmacy,Small,LOC0052,2302,1,1,1,3.0,1542.81,3.0,2.0,21.0,17512.04,21.0,16.0,68.0,76997.92,68.0,52.0,833.9066666666668,0,0,4.989527298012249e-07,Low
Fashion,Small,LOC0002,969,1,0,6,1.0,508.59,1.0,1.0,4.0,4932.19,4.0,4.0,11.0,11737.45,11.0,11.0,1233.0475,0,0,4.989527298008102e-07,Low
Pharmacy,Small,LOC0018,350,1,1,2,2.0,39665.11,2.0,2.0,12.0,47001.95,12.0,11.0,39.0,98240.59,39.0,33.0,3916.8291666666655,0,0,4.989527298009112e-07,Low
Transport,Micro,LOC0065,1091,1,1,1,8.0,4821.27,8.0,5.0,17.0,20907.53,17.0,12.0,49.0,65575.14,49.0,32.0,1229.8547058823528,0,0,4.989527298008634e-07,Low
Grocery,Micro,LOC0112,666,1,1,39,0.0,0.0,0.0,0.0,0.0,0.0,0.0,0.0,6.0,8998.33,6.0,6.0,0.0,1,1,0.9999995010472946,Critical
Fashion,Small,LOC0093,1404,1,0,33,0.0,0.0,0.0,0.0,0.0,0.0,0.0,0.0,7.0,8324.189999999999,7.0,7.0,0.0,1,1,0.9999995010472946,Critical
Utility,Micro,LOC0102,1264,1,1,7,0.0,0.0,0.0,0.0,1.0,1748.99,1.0,1.0,1.0,1748.99,1.0,1.0,1748.99,0,0,4.989527298008244e-07,Low
Grocery,Small,LOC0006,647,1,1,8,0.0,0.0,0.0,0.0,8.0,16049.07,8.0,8.0,13.0,19063.54,13.0,13.0,2006.13375,0,0,4.989527298008368e-07,Low
Utility,Small,LOC0077,1526,0,1,72,0.0,0.0,0.0,0.0,0.0,0.0,0.0,0.0,1.0,548.47,1.0,1.0,0.0,1,1,0.9999995010472946,Critical
Grocery,Small,LOC0049,1096,1,1,17,0.0,0.0,0.0,0.0,1.0,3659.04,1.0,1.0,12.0,15110.32,12.0,11.0,3659.04,0,0,4.989527298008368e-07,Low
Fashion,Micro,LOC0049,1266,0,1,0,1.0,1729.86,1.0,1.0,2.0,2346.29,2.0,2.0,7.0,13163.3,7.0,7.0,1173.145,0,0,4.989527298008066e-07,Low
Transport,Small,LOC0060,479,1,1,9,0.0,0.0,0.0,0.0,1.0,704.62,1.0,1.0,2.0,1125.25,2.0,2.0,704.62,0,0,4.989527298008581e-07,Low
Education,Large,LOC0006,1402,1,1,7,0.0,0.0,0.0,0.0,3.0,7886.24,3.0,3.0,6.0,10738.48,6.0,6.0,2628.7466666666664,0,0,4.989527298008102e-07,Low
General Retail,Micro,LOC0018,2166,1,0,76,0.0,0.0,0.0,0.0,0.0,0.0,0.0,0.0,2.0,2487.14,2.0,2.0,0.0,1,1,0.9999995010472946,Critical
Transport,Micro,LOC0040,1325,0,1,20,0.0,0.0,0.0,0.0,1.0,182.59,1.0,1.0,4.0,5155.21,4.0,4.0,182.59,0,0,4.989527298008704e-07,Low
Fashion,Small,LOC0015,1368,0,1,13,0.0,0.0,0.0,0.0,3.0,4269.88,3.0,3.0,10.0,18640.56,10.0,10.0,1423.2933333333333,0,0,4.98952729800812e-07,Low
Healthcare,Micro,LOC0044,1739,1,1,20,0.0,0.0,0.0,0.0,1.0,382.02,1.0,1.0,7.0,9971.4,7.0,7.0,382.02,0,0,4.989527298009219e-07,Low
Grocery,Micro,LOC0104,2239,1,1,32,0.0,0.0,0.0,0.0,0.0,0.0,0.0,0.0,5.0,5719.31,5.0,5.0,0.0,1,1,0.9999995010472946,Critical
Healthcare,Medium,LOC0047,1610,1,1,3,1.0,726.39,1.0,1.0,3.0,6526.33,3.0,3.0,6.0,11232.89,6.0,6.0,2175.443333333333,0,0,4.989527298008226e-07,Low
General Retail,Micro,LOC0118,1821,1,0,1,1.0,327.49,1.0,1.0,3.0,1059.86,3.0,3.0,8.0,6314.67,8.0,8.0,353.28666666666663,0,0,4.989527298009041e-07,Low
Grocery,Medium,LOC0096,546,1,1,6,1.0,311.72,1.0,1.0,7.0,6811.09,7.0,5.0,26.0,32867.06,26.0,22.0,973.0128571428572,0,0,4.989527298008439e-07,Low
Restaurant,Micro,LOC0018,1997,0,1,49,0.0,0.0,0.0,0.0,0.0,0.0,0.0,0.0,3.0,3178.0,3.0,3.0,0.0,1,1,0.9999995010472946,Critical
Transport,Small,LOC0097,1789,0,1,0,1.0,1517.83,1.0,1.0,5.0,29476.24,5.0,5.0,17.0,41300.59,17.0,14.0,5895.248,0,0,4.989527298008917e-07,Low
Grocery,Small,LOC0084,1720,1,1,21,0.0,0.0,0.0,0.0,2.0,827.18,2.0,2.0,10.0,19123.29,10.0,10.0,413.59,0,0,4.989527298008599e-07,Low
Transport,Small,LOC0114,1384,1,1,8,0.0,0.0,0.0,0.0,1.0,286.47,1.0,1.0,7.0,17392.850000000002,7.0,7.0,286.47,0,0,4.989527298008333e-07,Low
Pharmacy,Medium,LOC0024,1017,1,1,21,0.0,0.0,0.0,0.0,4.0,5026.96,4.0,4.0,4.0,5026.96,4.0,4.0,1256.74,0,0,4.989527298008563e-07,Low
Fashion,Small,LOC0077,955,1,1,4,1.0,165.33,1.0,1.0,4.0,3113.79,4.0,4.0,12.0,9488.7,12.0,12.0,778.4475,0,0,4.989527298008137e-07,Low
Pharmacy,Micro,LOC0104,1984,1,1,26,0.0,0.0,0.0,0.0,1.0,369.1,1.0,1.0,1.0,369.1,1.0,1.0,369.1,0,0,4.989527298009574e-07,Low
Pharmacy,Micro,LOC0041,2279,1,1,2,2.0,3505.75,2.0,2.0,4.0,4476.51,4.0,4.0,11.0,9998.86,11.0,11.0,1119.1275,0,0,4.989527298011576e-07,Low
Transport,Small,LOC0007,646,1,1,0,8.0,12523.86,8.0,5.0,29.0,32800.19,29.0,19.0,102.0,155242.76,102.0,62.0,1131.0410344827587,0,0,4.989527298009095e-07,Low
General Retail,Micro,LOC0025,1842,1,1,0,5.0,5051.94,5.0,2.0,26.0,27106.25,26.0,16.0,79.0,88637.19,79.0,52.0,1042.548076923077,0,0,4.989527298009361e-07,Low
Utility,Micro,LOC0012,292,1,1,7,0.0,0.0,0.0,0.0,3.0,2459.11,3.0,3.0,4.0,5678.1900000000005,4.0,4.0,819.7033333333334,0,0,4.989527298008599e-07,Low
Transport,Micro,LOC0112,2385,1,1,16,0.0,0.0,0.0,0.0,4.0,3933.87,4.0,4.0,7.0,8256.18,7.0,7.0,983.4675,0,0,4.989527298013561e-07,Low
Transport,Micro,LOC0088,2115,0,1,2,5.0,6262.34,5.0,4.0,42.0,51885.45,42.0,21.0,106.0,124575.07,106.0,60.0,1235.367857142857,0,0,4.989527298010762e-07,Low
Grocery,Medium,LOC0036,1898,0,1,116,0.0,0.0,0.0,0.0,0.0,0.0,0.0,0.0,0.0,0.0,0.0,0.0,0.0,1,1,0.9999995010472946,Critical
Grocery,Small,LOC0117,497,1,0,28,0.0,0.0,0.0,0.0,1.0,2493.62,1.0,1.0,6.0,6640.73,6.0,6.0,2493.62,0,0,4.98952729800874e-07,Low
Utility,Small,LOC0083,2335,0,1,0,1.0,67.19,1.0,1.0,4.0,6267.4,4.0,4.0,8.0,10632.14,8.0,8.0,1566.85,0,0,4.989527298012392e-07,Low
General Retail,Small,LOC0051,2215,1,1,3,5.0,9391.07,5.0,3.0,29.0,49658.01,29.0,20.0,80.0,150968.13,80.0,54.0,1712.345172413793,0,0,4.989527298012109e-07,Low
Fashion,Small,LOC0072,1034,1,1,0,5.0,6606.1,5.0,3.0,35.0,70451.86,35.0,17.0,89.0,210448.35,89.0,53.0,2012.9102857142857,0,0,4.989527298008864e-07,Low
Pharmacy,Micro,LOC0096,452,1,1,0,6.0,17720.37,6.0,5.0,15.0,33065.87,15.0,13.0,39.0,60039.51,39.0,33.0,2204.391333333333,0,0,4.989527298009095e-07,Low
General Retail,Small,LOC0022,1221,1,1,0,10.0,20091.31,10.0,5.0,51.0,63357.74,51.0,25.0,145.0,244443.44,145.0,75.0,1242.3086274509803,0,0,4.98952729800867e-07,Low
General Retail,Small,LOC0021,2438,1,1,3,4.0,4534.31,4.0,3.0,10.0,13076.34,10.0,8.0,31.0,46697.12,31.0,25.0,1307.634,0,0,4.989527298016594e-07,Low
General Retail,Micro,LOC0026,1548,1,1,62,0.0,0.0,0.0,0.0,0.0,0.0,0.0,0.0,1.0,473.37,1.0,1.0,0.0,1,1,0.9999995010472946,Critical
Grocery,Small,LOC0077,2225,1,1,8,0.0,0.0,0.0,0.0,2.0,333.98,2.0,2.0,11.0,11232.99,11.0,10.0,166.98999999999998,0,0,4.989527298011789e-07,Low
Healthcare,Micro,LOC0075,993,0,1,184,0.0,0.0,0.0,0.0,0.0,0.0,0.0,0.0,0.0,0.0,0.0,0.0,0.0,1,1,0.9999995010472946,Critical
Restaurant,Medium,LOC0102,1481,1,1,5,1.0,392.86,1.0,1.0,7.0,7909.87,7.0,7.0,28.0,19052.41,28.0,23.0,1129.9814285714283,0,0,4.989527298008262e-07,Low
General Retail,Small,LOC0036,1799,1,0,4,4.0,9023.37,4.0,2.0,15.0,34341.59,15.0,10.0,39.0,70351.04,39.0,27.0,2289.4393333333333,0,0,4.989527298009396e-07,Low
Electronics,Small,LOC0002,1866,1,1,5,1.0,134.68,1.0,1.0,1.0,134.68,1.0,1.0,6.0,6792.21,6.0,6.0,134.68,0,0,4.989527298009378e-07,Low
Grocery,Small,LOC0118,1647,1,1,2,2.0,6637.129999999999,2.0,2.0,6.0,16006.22,6.0,6.0,13.0,31722.44,13.0,13.0,2667.7033333333334,0,0,4.989527298008775e-07,Low
Fashion,Micro,LOC0051,1935,1,1,5,1.0,682.46,1.0,1.0,2.0,2212.1000000000004,2.0,2.0,4.0,5206.58,4.0,4.0,1106.0500000000002,0,0,4.989527298009148e-07,Low
Transport,Small,LOC0061,1413,0,1,1,2.0,2666.75,2.0,2.0,4.0,3554.47,4.0,4.0,9.0,9777.09,9.0,9.0,888.6175,0,0,4.989527298008013e-07,Low
Grocery,Small,LOC0009,1635,1,1,201,0.0,0.0,0.0,0.0,0.0,0.0,0.0,0.0,0.0,0.0,0.0,0.0,0.0,1,1,0.9999995010472946,Critical
General Retail,Small,LOC0016,1464,1,1,2,2.0,3973.62,2.0,2.0,5.0,10379.56,5.0,5.0,13.0,23635.16,13.0,12.0,2075.912,0,0,4.989527298008368e-07,Low
Fashion,Medium,LOC0028,2184,0,0,21,0.0,0.0,0.0,0.0,1.0,258.27,1.0,1.0,1.0,258.27,1.0,1.0,258.27,0,0,4.989527298011648e-07,Low
Education,Micro,LOC0082,956,1,1,0,2.0,5140.46,2.0,2.0,2.0,5140.46,2.0,2.0,7.0,8390.41,7.0,7.0,2570.23,0,0,4.98952729800851e-07,Low
Electronics,Small,LOC0061,952,1,1,13,0.0,0.0,0.0,0.0,1.0,394.39,1.0,1.0,4.0,1942.18,4.0,4.0,394.39,0,0,4.989527298008634e-07,Low
General Retail,Small,LOC0095,1690,1,1,16,0.0,0.0,0.0,0.0,5.0,2685.38,5.0,5.0,19.0,19413.53,19.0,18.0,537.076,0,0,4.989527298008368e-07,Low
Transport,Micro,LOC0042,1793,1,1,8,0.0,0.0,0.0,0.0,5.0,5091.320000000001,5.0,4.0,24.0,43530.61,24.0,22.0,1018.264,0,0,4.989527298008882e-07,Low
General Retail,Micro,LOC0019,1945,0,1,0,5.0,4940.85,5.0,4.0,20.0,16011.0,20.0,14.0,55.0,67136.87,55.0,38.0,800.55,0,0,4.989527298009325e-07,Low
Utility,Micro,LOC0092,2053,0,1,3,1.0,1111.36,1.0,1.0,6.0,12934.63,6.0,5.0,15.0,32659.89,15.0,14.0,2155.7716666666665,0,0,4.989527298009449e-07,Low
Pharmacy,Small,LOC0077,418,1,1,1,1.0,159.55,1.0,1.0,4.0,3565.21,4.0,4.0,10.0,18574.42,10.0,10.0,891.3025,0,0,4.989527298008315e-07,Low
Transport,Small,LOC0047,687,1,1,16,0.0,0.0,0.0,0.0,1.0,347.13,1.0,1.0,4.0,7301.26,4.0,4.0,347.13,0,0,4.989527298008634e-07,Low
Restaurant,Medium,LOC0063,801,1,1,1,2.0,2351.96,2.0,2.0,9.0,16239.39,9.0,9.0,22.0,36415.71,22.0,21.0,1804.3766666666668,0,0,4.989527298008226e-07,Low
Grocery,Small,LOC0056,2433,0,1,6,1.0,382.21,1.0,1.0,7.0,8486.02,7.0,7.0,12.0,11214.11,12.0,12.0,1212.2885714285717,0,0,4.989527298015335e-07,Low
Transport,Micro,LOC0009,1794,1,1,52,0.0,0.0,0.0,0.0,0.0,0.0,0.0,0.0,1.0,374.33,1.0,1.0,0.0,1,1,0.9999995010472946,Critical
General Retail,Micro,LOC0016,2066,1,1,0,4.0,11774.17,4.0,3.0,15.0,26158.83,15.0,10.0,47.0,74673.75,47.0,32.0,1743.922,0,0,4.98952729801014e-07,Low
